--
-- PostgreSQL database dump
--

-- Dumped from database version 9.5.0
-- Dumped by pg_dump version 9.5.2

SET statement_timeout = 0;
SET lock_timeout = 0;
SET client_encoding = 'UTF8';
SET standard_conforming_strings = on;
SET check_function_bodies = false;
SET client_min_messages = warning;
SET row_security = off;

--
-- Name: plpgsql; Type: EXTENSION; Schema: -; Owner: 
--

CREATE EXTENSION IF NOT EXISTS plpgsql WITH SCHEMA pg_catalog;


--
-- Name: EXTENSION plpgsql; Type: COMMENT; Schema: -; Owner: 
--

COMMENT ON EXTENSION plpgsql IS 'PL/pgSQL procedural language';


SET search_path = public, pg_catalog;

SET default_tablespace = '';

SET default_with_oids = false;

--
-- Name: categories; Type: TABLE; Schema: public; Owner: postgres
--

CREATE TABLE categories (
    id integer NOT NULL,
    name character varying(255),
    active boolean DEFAULT true NOT NULL,
    image_url character varying(255),
    inscription_init_at timestamp with time zone,
    inscription_ends_at timestamp with time zone,
    other_minimum_participant integer DEFAULT 0,
    other_maximum_participant integer DEFAULT 0,
    player_minimum_participant integer DEFAULT 0,
    player_maximum_participant integer DEFAULT 0,
    coach_minimum_participant integer DEFAULT 0,
    coach_maximum_participant integer DEFAULT 0,
    team_quantity integer DEFAULT 0,
    participant_minimum integer,
    participant_maximum integer,
    gender_id integer,
    season_id integer,
    category_type_id integer,
    classification_type_id integer,
    is_published boolean DEFAULT false,
    created_at timestamp with time zone DEFAULT now(),
    updated_at timestamp with time zone DEFAULT now(),
    player_maximum_summoned integer,
    player_minimum_summoned integer,
    meta text
);


ALTER TABLE categories OWNER TO postgres;

--
-- Name: categories_groups_phases_teams; Type: TABLE; Schema: public; Owner: postgres
--

CREATE TABLE categories_groups_phases_teams (
    id integer NOT NULL,
    active boolean DEFAULT true NOT NULL,
    created_at timestamp with time zone DEFAULT now(),
    updated_at timestamp with time zone DEFAULT now(),
    team_id integer,
    category_id integer,
    group_id integer,
    phase_id integer,
    payment boolean DEFAULT false,
    roster boolean DEFAULT false,
    document boolean DEFAULT false,
    status_id integer
);


ALTER TABLE categories_groups_phases_teams OWNER TO postgres;

--
-- Name: categories_groups_phases_teams_id_seq; Type: SEQUENCE; Schema: public; Owner: postgres
--

CREATE SEQUENCE categories_groups_phases_teams_id_seq
    START WITH 1
    INCREMENT BY 1
    NO MINVALUE
    NO MAXVALUE
    CACHE 1;


ALTER TABLE categories_groups_phases_teams_id_seq OWNER TO postgres;

--
-- Name: categories_groups_phases_teams_id_seq; Type: SEQUENCE OWNED BY; Schema: public; Owner: postgres
--

ALTER SEQUENCE categories_groups_phases_teams_id_seq OWNED BY categories_groups_phases_teams.id;


--
-- Name: categories_id_seq; Type: SEQUENCE; Schema: public; Owner: postgres
--

CREATE SEQUENCE categories_id_seq
    START WITH 1
    INCREMENT BY 1
    NO MINVALUE
    NO MAXVALUE
    CACHE 1;


ALTER TABLE categories_id_seq OWNER TO postgres;

--
-- Name: categories_id_seq; Type: SEQUENCE OWNED BY; Schema: public; Owner: postgres
--

ALTER SEQUENCE categories_id_seq OWNED BY categories.id;


--
-- Name: categories_pre_registrations; Type: TABLE; Schema: public; Owner: postgres
--

CREATE TABLE categories_pre_registrations (
    id integer NOT NULL,
    category_id integer,
    team_id integer,
    active boolean DEFAULT true NOT NULL,
    payment boolean DEFAULT false,
    roster boolean DEFAULT false,
    document boolean DEFAULT false,
    status_id integer,
    created_by integer,
    created_at timestamp with time zone DEFAULT now(),
    updated_at timestamp with time zone DEFAULT now()
);


ALTER TABLE categories_pre_registrations OWNER TO postgres;

--
-- Name: categories_pre_registrations_id_seq; Type: SEQUENCE; Schema: public; Owner: postgres
--

CREATE SEQUENCE categories_pre_registrations_id_seq
    START WITH 1
    INCREMENT BY 1
    NO MINVALUE
    NO MAXVALUE
    CACHE 1;


ALTER TABLE categories_pre_registrations_id_seq OWNER TO postgres;

--
-- Name: categories_pre_registrations_id_seq; Type: SEQUENCE OWNED BY; Schema: public; Owner: postgres
--

ALTER SEQUENCE categories_pre_registrations_id_seq OWNED BY categories_pre_registrations.id;


--
-- Name: categories_teams_players_old; Type: TABLE; Schema: public; Owner: postgres
--

CREATE TABLE categories_teams_players_old (
    id integer NOT NULL,
    active boolean DEFAULT true NOT NULL,
    created_at timestamp with time zone DEFAULT now(),
    updated_at timestamp with time zone DEFAULT now(),
    team_id integer,
    player_id integer,
    category_id integer,
    present_in_field boolean DEFAULT false
);


ALTER TABLE categories_teams_players_old OWNER TO postgres;

--
-- Name: categories_teams_players_id_seq; Type: SEQUENCE; Schema: public; Owner: postgres
--

CREATE SEQUENCE categories_teams_players_id_seq
    START WITH 1
    INCREMENT BY 1
    NO MINVALUE
    NO MAXVALUE
    CACHE 1;


ALTER TABLE categories_teams_players_id_seq OWNER TO postgres;

--
-- Name: categories_teams_players_id_seq; Type: SEQUENCE OWNED BY; Schema: public; Owner: postgres
--

ALTER SEQUENCE categories_teams_players_id_seq OWNED BY categories_teams_players_old.id;


--
-- Name: categories_types; Type: TABLE; Schema: public; Owner: postgres
--

CREATE TABLE categories_types (
    id integer NOT NULL,
    name character varying(255),
    description text,
    active boolean DEFAULT true NOT NULL,
    image_url character varying(255),
    minimum_value integer,
    maximum_value integer,
    created_at timestamp with time zone DEFAULT now(),
    updated_at timestamp with time zone DEFAULT now(),
    name_en character varying(255),
    name_es character varying(255)
);


ALTER TABLE categories_types OWNER TO postgres;

--
-- Name: categories_types_id_seq; Type: SEQUENCE; Schema: public; Owner: postgres
--

CREATE SEQUENCE categories_types_id_seq
    START WITH 1
    INCREMENT BY 1
    NO MINVALUE
    NO MAXVALUE
    CACHE 1;


ALTER TABLE categories_types_id_seq OWNER TO postgres;

--
-- Name: categories_types_id_seq; Type: SEQUENCE OWNED BY; Schema: public; Owner: postgres
--

ALTER SEQUENCE categories_types_id_seq OWNED BY categories_types.id;


--
-- Name: classifications_types; Type: TABLE; Schema: public; Owner: postgres
--

CREATE TABLE classifications_types (
    id integer NOT NULL,
    name character varying(255),
    description text,
    active boolean DEFAULT true NOT NULL,
    image_url character varying(255),
    created_at timestamp with time zone DEFAULT now(),
    updated_at timestamp with time zone DEFAULT now()
);


ALTER TABLE classifications_types OWNER TO postgres;

--
-- Name: classifications_types_id_seq; Type: SEQUENCE; Schema: public; Owner: postgres
--

CREATE SEQUENCE classifications_types_id_seq
    START WITH 1
    INCREMENT BY 1
    NO MINVALUE
    NO MAXVALUE
    CACHE 1;


ALTER TABLE classifications_types_id_seq OWNER TO postgres;

--
-- Name: classifications_types_id_seq; Type: SEQUENCE OWNED BY; Schema: public; Owner: postgres
--

ALTER SEQUENCE classifications_types_id_seq OWNED BY classifications_types.id;


--
-- Name: clubs; Type: TABLE; Schema: public; Owner: postgres
--

CREATE TABLE clubs (
    id integer NOT NULL,
    name character varying(255),
    short_name character varying(255),
    logo_url character varying(255),
    portrait_url character varying(255),
    description text,
    organization_id integer,
    active boolean DEFAULT true NOT NULL,
    created_at timestamp with time zone DEFAULT now(),
    updated_at timestamp with time zone DEFAULT now()
);


ALTER TABLE clubs OWNER TO postgres;

--
-- Name: clubs_id_seq; Type: SEQUENCE; Schema: public; Owner: postgres
--

CREATE SEQUENCE clubs_id_seq
    START WITH 1
    INCREMENT BY 1
    NO MINVALUE
    NO MAXVALUE
    CACHE 1;


ALTER TABLE clubs_id_seq OWNER TO postgres;

--
-- Name: clubs_id_seq; Type: SEQUENCE OWNED BY; Schema: public; Owner: postgres
--

ALTER SEQUENCE clubs_id_seq OWNED BY clubs.id;


--
-- Name: comments; Type: TABLE; Schema: public; Owner: postgres
--

CREATE TABLE comments (
    id integer NOT NULL,
    comment text,
    active boolean DEFAULT true NOT NULL,
    created_at timestamp with time zone DEFAULT now(),
    updated_at timestamp with time zone DEFAULT now()
);


ALTER TABLE comments OWNER TO postgres;

--
-- Name: comments_id_seq; Type: SEQUENCE; Schema: public; Owner: postgres
--

CREATE SEQUENCE comments_id_seq
    START WITH 1
    INCREMENT BY 1
    NO MINVALUE
    NO MAXVALUE
    CACHE 1;


ALTER TABLE comments_id_seq OWNER TO postgres;

--
-- Name: comments_id_seq; Type: SEQUENCE OWNED BY; Schema: public; Owner: postgres
--

ALTER SEQUENCE comments_id_seq OWNED BY comments.id;


--
-- Name: competitions; Type: TABLE; Schema: public; Owner: postgres
--

CREATE TABLE competitions (
    id integer NOT NULL,
    name character varying(255),
    description text,
    img_url character varying(255),
    portrait_url character varying(255),
    is_published boolean DEFAULT false,
    active boolean DEFAULT true NOT NULL,
    discipline_id integer,
    subdiscipline_id integer,
    competition_type_id integer,
    created_at timestamp with time zone DEFAULT now(),
    updated_at timestamp with time zone DEFAULT now(),
    created_by_id integer,
    meta text
);


ALTER TABLE competitions OWNER TO postgres;

--
-- Name: competitions_id_seq; Type: SEQUENCE; Schema: public; Owner: postgres
--

CREATE SEQUENCE competitions_id_seq
    START WITH 1
    INCREMENT BY 1
    NO MINVALUE
    NO MAXVALUE
    CACHE 1;


ALTER TABLE competitions_id_seq OWNER TO postgres;

--
-- Name: competitions_id_seq; Type: SEQUENCE OWNED BY; Schema: public; Owner: postgres
--

ALTER SEQUENCE competitions_id_seq OWNED BY competitions.id;


--
-- Name: competitions_roles_organizations; Type: TABLE; Schema: public; Owner: postgres
--

CREATE TABLE competitions_roles_organizations (
    id integer NOT NULL,
    competition_id integer,
    organization_id integer,
    rol_id integer,
    active boolean DEFAULT true NOT NULL,
    created_at timestamp with time zone DEFAULT now(),
    updated_at timestamp with time zone DEFAULT now()
);


ALTER TABLE competitions_roles_organizations OWNER TO postgres;

--
-- Name: competitions_roles_organizations_id_seq; Type: SEQUENCE; Schema: public; Owner: postgres
--

CREATE SEQUENCE competitions_roles_organizations_id_seq
    START WITH 1
    INCREMENT BY 1
    NO MINVALUE
    NO MAXVALUE
    CACHE 1;


ALTER TABLE competitions_roles_organizations_id_seq OWNER TO postgres;

--
-- Name: competitions_roles_organizations_id_seq; Type: SEQUENCE OWNED BY; Schema: public; Owner: postgres
--

ALTER SEQUENCE competitions_roles_organizations_id_seq OWNED BY competitions_roles_organizations.id;


--
-- Name: competitions_types; Type: TABLE; Schema: public; Owner: postgres
--

CREATE TABLE competitions_types (
    id integer NOT NULL,
    name character varying(255) NOT NULL,
    image_url character varying(255),
    active boolean DEFAULT true NOT NULL,
    created_at timestamp with time zone DEFAULT now(),
    updated_at timestamp with time zone DEFAULT now()
);


ALTER TABLE competitions_types OWNER TO postgres;

--
-- Name: competitions_types_id_seq; Type: SEQUENCE; Schema: public; Owner: postgres
--

CREATE SEQUENCE competitions_types_id_seq
    START WITH 1
    INCREMENT BY 1
    NO MINVALUE
    NO MAXVALUE
    CACHE 1;


ALTER TABLE competitions_types_id_seq OWNER TO postgres;

--
-- Name: competitions_types_id_seq; Type: SEQUENCE OWNED BY; Schema: public; Owner: postgres
--

ALTER SEQUENCE competitions_types_id_seq OWNED BY competitions_types.id;


--
-- Name: competitions_users; Type: TABLE; Schema: public; Owner: postgres
--

CREATE TABLE competitions_users (
    id integer NOT NULL,
    active boolean DEFAULT true NOT NULL,
    created_at timestamp with time zone DEFAULT now(),
    updated_at timestamp with time zone DEFAULT now(),
    competition_id integer,
    user_id integer
);


ALTER TABLE competitions_users OWNER TO postgres;

--
-- Name: competitions_users_id_seq; Type: SEQUENCE; Schema: public; Owner: postgres
--

CREATE SEQUENCE competitions_users_id_seq
    START WITH 1
    INCREMENT BY 1
    NO MINVALUE
    NO MAXVALUE
    CACHE 1;


ALTER TABLE competitions_users_id_seq OWNER TO postgres;

--
-- Name: competitions_users_id_seq; Type: SEQUENCE OWNED BY; Schema: public; Owner: postgres
--

ALTER SEQUENCE competitions_users_id_seq OWNED BY competitions_users.id;


--
-- Name: conctacts_types; Type: TABLE; Schema: public; Owner: postgres
--

CREATE TABLE conctacts_types (
    id integer NOT NULL,
    name character varying(255),
    active boolean DEFAULT true NOT NULL,
    created_at timestamp with time zone DEFAULT now(),
    updated_at timestamp with time zone DEFAULT now()
);


ALTER TABLE conctacts_types OWNER TO postgres;

--
-- Name: conctacts_types_id_seq; Type: SEQUENCE; Schema: public; Owner: postgres
--

CREATE SEQUENCE conctacts_types_id_seq
    START WITH 1
    INCREMENT BY 1
    NO MINVALUE
    NO MAXVALUE
    CACHE 1;


ALTER TABLE conctacts_types_id_seq OWNER TO postgres;

--
-- Name: conctacts_types_id_seq; Type: SEQUENCE OWNED BY; Schema: public; Owner: postgres
--

ALTER SEQUENCE conctacts_types_id_seq OWNED BY conctacts_types.id;


--
-- Name: contacts; Type: TABLE; Schema: public; Owner: postgres
--

CREATE TABLE contacts (
    id integer NOT NULL,
    country character varying(255),
    state character varying(255),
    city character varying(255),
    zip_code integer,
    phone character varying(255),
    email character varying(255),
    website_url character varying(255),
    active boolean DEFAULT true NOT NULL,
    organization_id integer,
    created_at timestamp with time zone DEFAULT now(),
    updated_at timestamp with time zone DEFAULT now()
);


ALTER TABLE contacts OWNER TO postgres;

--
-- Name: contacts_id_seq; Type: SEQUENCE; Schema: public; Owner: postgres
--

CREATE SEQUENCE contacts_id_seq
    START WITH 1
    INCREMENT BY 1
    NO MINVALUE
    NO MAXVALUE
    CACHE 1;


ALTER TABLE contacts_id_seq OWNER TO postgres;

--
-- Name: contacts_id_seq; Type: SEQUENCE OWNED BY; Schema: public; Owner: postgres
--

ALTER SEQUENCE contacts_id_seq OWNED BY contacts.id;


--
-- Name: contacts_types; Type: TABLE; Schema: public; Owner: postgres
--

CREATE TABLE contacts_types (
    id integer NOT NULL,
    name character varying(255),
    active boolean DEFAULT true NOT NULL,
    created_at timestamp with time zone DEFAULT now(),
    updated_at timestamp with time zone DEFAULT now()
);


ALTER TABLE contacts_types OWNER TO postgres;

--
-- Name: contacts_types_id_seq; Type: SEQUENCE; Schema: public; Owner: postgres
--

CREATE SEQUENCE contacts_types_id_seq
    START WITH 1
    INCREMENT BY 1
    NO MINVALUE
    NO MAXVALUE
    CACHE 1;


ALTER TABLE contacts_types_id_seq OWNER TO postgres;

--
-- Name: contacts_types_id_seq; Type: SEQUENCE OWNED BY; Schema: public; Owner: postgres
--

ALTER SEQUENCE contacts_types_id_seq OWNED BY contacts_types.id;


--
-- Name: countries; Type: TABLE; Schema: public; Owner: postgres
--

CREATE TABLE countries (
    name character varying(255) NOT NULL,
    active boolean DEFAULT true NOT NULL,
    created_at timestamp with time zone DEFAULT now(),
    updated_at timestamp with time zone DEFAULT now()
);


ALTER TABLE countries OWNER TO postgres;

--
-- Name: disciplines; Type: TABLE; Schema: public; Owner: postgres
--

CREATE TABLE disciplines (
    id integer NOT NULL,
    name character varying(255) NOT NULL,
    description text NOT NULL,
    image_url text,
    active boolean DEFAULT true NOT NULL,
    created_at timestamp with time zone DEFAULT now(),
    updated_at timestamp with time zone DEFAULT now()
);


ALTER TABLE disciplines OWNER TO postgres;

--
-- Name: disciplines_id_seq; Type: SEQUENCE; Schema: public; Owner: postgres
--

CREATE SEQUENCE disciplines_id_seq
    START WITH 1
    INCREMENT BY 1
    NO MINVALUE
    NO MAXVALUE
    CACHE 1;


ALTER TABLE disciplines_id_seq OWNER TO postgres;

--
-- Name: disciplines_id_seq; Type: SEQUENCE OWNED BY; Schema: public; Owner: postgres
--

ALTER SEQUENCE disciplines_id_seq OWNED BY disciplines.id;


--
-- Name: entities; Type: TABLE; Schema: public; Owner: postgres
--

CREATE TABLE entities (
    id integer NOT NULL,
    object_id integer,
    active boolean DEFAULT true NOT NULL,
    created_at timestamp with time zone DEFAULT now(),
    updated_at timestamp with time zone DEFAULT now(),
    object_type character varying(255)
);


ALTER TABLE entities OWNER TO postgres;

--
-- Name: entities_id_seq; Type: SEQUENCE; Schema: public; Owner: postgres
--

CREATE SEQUENCE entities_id_seq
    START WITH 1
    INCREMENT BY 1
    NO MINVALUE
    NO MAXVALUE
    CACHE 1;


ALTER TABLE entities_id_seq OWNER TO postgres;

--
-- Name: entities_id_seq; Type: SEQUENCE OWNED BY; Schema: public; Owner: postgres
--

ALTER SEQUENCE entities_id_seq OWNED BY entities.id;


--
-- Name: entities_relationships; Type: TABLE; Schema: public; Owner: postgres
--

CREATE TABLE entities_relationships (
    id integer NOT NULL,
    ent_ref_from_id integer,
    ent_ref_to_id integer,
    relationship_type_id integer,
    comment text,
    active boolean DEFAULT true NOT NULL,
    created_at timestamp with time zone DEFAULT now(),
    updated_at timestamp with time zone DEFAULT now()
);


ALTER TABLE entities_relationships OWNER TO postgres;

--
-- Name: entities_relationships_id_seq; Type: SEQUENCE; Schema: public; Owner: postgres
--

CREATE SEQUENCE entities_relationships_id_seq
    START WITH 1
    INCREMENT BY 1
    NO MINVALUE
    NO MAXVALUE
    CACHE 1;


ALTER TABLE entities_relationships_id_seq OWNER TO postgres;

--
-- Name: entities_relationships_id_seq; Type: SEQUENCE OWNED BY; Schema: public; Owner: postgres
--

ALTER SEQUENCE entities_relationships_id_seq OWNED BY entities_relationships.id;


--
-- Name: entities_requests; Type: TABLE; Schema: public; Owner: postgres
--

CREATE TABLE entities_requests (
    id integer NOT NULL,
    ent_ref_from_id integer,
    ent_ref_to_id integer,
    active boolean DEFAULT true NOT NULL,
    created_by integer,
    created_at timestamp with time zone DEFAULT now(),
    updated_at timestamp with time zone DEFAULT now(),
    status_id integer
);


ALTER TABLE entities_requests OWNER TO postgres;

--
-- Name: entities_requests_id_seq; Type: SEQUENCE; Schema: public; Owner: postgres
--

CREATE SEQUENCE entities_requests_id_seq
    START WITH 1
    INCREMENT BY 1
    NO MINVALUE
    NO MAXVALUE
    CACHE 1;


ALTER TABLE entities_requests_id_seq OWNER TO postgres;

--
-- Name: entities_requests_id_seq; Type: SEQUENCE OWNED BY; Schema: public; Owner: postgres
--

ALTER SEQUENCE entities_requests_id_seq OWNED BY entities_requests.id;


--
-- Name: entities_types; Type: TABLE; Schema: public; Owner: postgres
--

CREATE TABLE entities_types (
    id integer NOT NULL,
    active boolean DEFAULT true NOT NULL,
    created_at timestamp with time zone DEFAULT now(),
    updated_at timestamp with time zone DEFAULT now(),
    description text
);


ALTER TABLE entities_types OWNER TO postgres;

--
-- Name: entities_types_id_seq; Type: SEQUENCE; Schema: public; Owner: postgres
--

CREATE SEQUENCE entities_types_id_seq
    START WITH 1
    INCREMENT BY 1
    NO MINVALUE
    NO MAXVALUE
    CACHE 1;


ALTER TABLE entities_types_id_seq OWNER TO postgres;

--
-- Name: entities_types_id_seq; Type: SEQUENCE OWNED BY; Schema: public; Owner: postgres
--

ALTER SEQUENCE entities_types_id_seq OWNED BY entities_types.id;


--
-- Name: events; Type: TABLE; Schema: public; Owner: postgres
--

CREATE TABLE events (
    id integer NOT NULL,
    active boolean DEFAULT true NOT NULL,
    img_url character varying(255),
    name character varying(255),
    description character varying(255),
    level integer,
    increments_by integer,
    code character varying(255),
    created_at timestamp with time zone DEFAULT now(),
    updated_at timestamp with time zone DEFAULT now(),
    subdiscipline_id integer
);


ALTER TABLE events OWNER TO postgres;

--
-- Name: events_calendars; Type: TABLE; Schema: public; Owner: postgres
--

CREATE TABLE events_calendars (
    id integer NOT NULL,
    title character varying(255),
    "startsAt" timestamp with time zone DEFAULT now(),
    "endsAt" timestamp with time zone DEFAULT now(),
    place character varying(255),
    comment text,
    events_calendars_types_id integer,
    active boolean DEFAULT true NOT NULL,
    created_at timestamp with time zone DEFAULT now(),
    updated_at timestamp with time zone DEFAULT now()
);


ALTER TABLE events_calendars OWNER TO postgres;

--
-- Name: events_calendars_comments; Type: TABLE; Schema: public; Owner: postgres
--

CREATE TABLE events_calendars_comments (
    id integer NOT NULL,
    comment text,
    user_id integer,
    event_id integer,
    active boolean DEFAULT true NOT NULL,
    created_at timestamp with time zone DEFAULT now(),
    updated_at timestamp with time zone DEFAULT now()
);


ALTER TABLE events_calendars_comments OWNER TO postgres;

--
-- Name: events_calendars_comments_id_seq; Type: SEQUENCE; Schema: public; Owner: postgres
--

CREATE SEQUENCE events_calendars_comments_id_seq
    START WITH 1
    INCREMENT BY 1
    NO MINVALUE
    NO MAXVALUE
    CACHE 1;


ALTER TABLE events_calendars_comments_id_seq OWNER TO postgres;

--
-- Name: events_calendars_comments_id_seq; Type: SEQUENCE OWNED BY; Schema: public; Owner: postgres
--

ALTER SEQUENCE events_calendars_comments_id_seq OWNED BY events_calendars_comments.id;


--
-- Name: events_calendars_id_seq; Type: SEQUENCE; Schema: public; Owner: postgres
--

CREATE SEQUENCE events_calendars_id_seq
    START WITH 1
    INCREMENT BY 1
    NO MINVALUE
    NO MAXVALUE
    CACHE 1;


ALTER TABLE events_calendars_id_seq OWNER TO postgres;

--
-- Name: events_calendars_id_seq; Type: SEQUENCE OWNED BY; Schema: public; Owner: postgres
--

ALTER SEQUENCE events_calendars_id_seq OWNED BY events_calendars.id;


--
-- Name: events_calendars_types; Type: TABLE; Schema: public; Owner: postgres
--

CREATE TABLE events_calendars_types (
    id integer NOT NULL,
    code character varying(255),
    img_url boolean DEFAULT true NOT NULL,
    created_at timestamp with time zone DEFAULT now(),
    updated_at timestamp with time zone DEFAULT now()
);


ALTER TABLE events_calendars_types OWNER TO postgres;

--
-- Name: events_calendars_types_id_seq; Type: SEQUENCE; Schema: public; Owner: postgres
--

CREATE SEQUENCE events_calendars_types_id_seq
    START WITH 1
    INCREMENT BY 1
    NO MINVALUE
    NO MAXVALUE
    CACHE 1;


ALTER TABLE events_calendars_types_id_seq OWNER TO postgres;

--
-- Name: events_calendars_types_id_seq; Type: SEQUENCE OWNED BY; Schema: public; Owner: postgres
--

ALTER SEQUENCE events_calendars_types_id_seq OWNED BY events_calendars_types.id;


--
-- Name: events_id_seq; Type: SEQUENCE; Schema: public; Owner: postgres
--

CREATE SEQUENCE events_id_seq
    START WITH 1
    INCREMENT BY 1
    NO MINVALUE
    NO MAXVALUE
    CACHE 1;


ALTER TABLE events_id_seq OWNER TO postgres;

--
-- Name: events_id_seq; Type: SEQUENCE OWNED BY; Schema: public; Owner: postgres
--

ALTER SEQUENCE events_id_seq OWNED BY events.id;


--
-- Name: events_matches; Type: TABLE; Schema: public; Owner: postgres
--

CREATE TABLE events_matches (
    id integer NOT NULL,
    active boolean DEFAULT true NOT NULL,
    img_url character varying(255),
    name character varying(255),
    description character varying(255),
    level integer,
    increments_by integer,
    created_at timestamp with time zone DEFAULT now(),
    updated_at timestamp with time zone DEFAULT now(),
    subdiscipline_id integer
);


ALTER TABLE events_matches OWNER TO postgres;

--
-- Name: events_matches_id_seq; Type: SEQUENCE; Schema: public; Owner: postgres
--

CREATE SEQUENCE events_matches_id_seq
    START WITH 1
    INCREMENT BY 1
    NO MINVALUE
    NO MAXVALUE
    CACHE 1;


ALTER TABLE events_matches_id_seq OWNER TO postgres;

--
-- Name: events_matches_id_seq; Type: SEQUENCE OWNED BY; Schema: public; Owner: postgres
--

ALTER SEQUENCE events_matches_id_seq OWNED BY events_matches.id;


--
-- Name: events_matches_players; Type: TABLE; Schema: public; Owner: postgres
--

CREATE TABLE events_matches_players (
    id integer NOT NULL,
    active boolean DEFAULT true NOT NULL,
    created_at timestamp with time zone DEFAULT now(),
    updated_at timestamp with time zone DEFAULT now(),
    instant integer DEFAULT 0,
    player_in integer,
    player_out integer,
    match_id integer,
    event_id integer,
    team_id integer
);


ALTER TABLE events_matches_players OWNER TO postgres;

--
-- Name: events_matches_players_id_seq; Type: SEQUENCE; Schema: public; Owner: postgres
--

CREATE SEQUENCE events_matches_players_id_seq
    START WITH 1
    INCREMENT BY 1
    NO MINVALUE
    NO MAXVALUE
    CACHE 1;


ALTER TABLE events_matches_players_id_seq OWNER TO postgres;

--
-- Name: events_matches_players_id_seq; Type: SEQUENCE OWNED BY; Schema: public; Owner: postgres
--

ALTER SEQUENCE events_matches_players_id_seq OWNED BY events_matches_players.id;


--
-- Name: feed_items; Type: TABLE; Schema: public; Owner: postgres
--

CREATE TABLE feed_items (
    id integer NOT NULL,
    message_en text,
    message_es text,
    active boolean DEFAULT true NOT NULL,
    created_at timestamp with time zone DEFAULT now(),
    updated_at timestamp with time zone DEFAULT now()
);


ALTER TABLE feed_items OWNER TO postgres;

--
-- Name: feed_items_id_seq; Type: SEQUENCE; Schema: public; Owner: postgres
--

CREATE SEQUENCE feed_items_id_seq
    START WITH 1
    INCREMENT BY 1
    NO MINVALUE
    NO MAXVALUE
    CACHE 1;


ALTER TABLE feed_items_id_seq OWNER TO postgres;

--
-- Name: feed_items_id_seq; Type: SEQUENCE OWNED BY; Schema: public; Owner: postgres
--

ALTER SEQUENCE feed_items_id_seq OWNED BY feed_items.id;


--
-- Name: genders; Type: TABLE; Schema: public; Owner: postgres
--

CREATE TABLE genders (
    id integer NOT NULL,
    name character varying(255),
    image_url character varying(255),
    active boolean DEFAULT true NOT NULL,
    created_at timestamp with time zone DEFAULT now(),
    updated_at timestamp with time zone DEFAULT now(),
    name_en character varying(255),
    name_es character varying(255)
);


ALTER TABLE genders OWNER TO postgres;

--
-- Name: genders_id_seq; Type: SEQUENCE; Schema: public; Owner: postgres
--

CREATE SEQUENCE genders_id_seq
    START WITH 1
    INCREMENT BY 1
    NO MINVALUE
    NO MAXVALUE
    CACHE 1;


ALTER TABLE genders_id_seq OWNER TO postgres;

--
-- Name: genders_id_seq; Type: SEQUENCE OWNED BY; Schema: public; Owner: postgres
--

ALTER SEQUENCE genders_id_seq OWNED BY genders.id;


--
-- Name: groups; Type: TABLE; Schema: public; Owner: postgres
--

CREATE TABLE groups (
    id integer NOT NULL,
    name character varying(255),
    active boolean DEFAULT true NOT NULL,
    participant_team integer,
    classified_team integer,
    phase_id integer,
    created_at timestamp with time zone DEFAULT now(),
    updated_at timestamp with time zone DEFAULT now()
);


ALTER TABLE groups OWNER TO postgres;

--
-- Name: groups_id_seq; Type: SEQUENCE; Schema: public; Owner: postgres
--

CREATE SEQUENCE groups_id_seq
    START WITH 1
    INCREMENT BY 1
    NO MINVALUE
    NO MAXVALUE
    CACHE 1;


ALTER TABLE groups_id_seq OWNER TO postgres;

--
-- Name: groups_id_seq; Type: SEQUENCE OWNED BY; Schema: public; Owner: postgres
--

ALTER SEQUENCE groups_id_seq OWNED BY groups.id;


--
-- Name: matches; Type: TABLE; Schema: public; Owner: postgres
--

CREATE TABLE matches (
    id integer NOT NULL,
    location text,
    number integer,
    home_team_id integer,
    home_team_score integer,
    visitor_team_id integer,
    visitor_team_score integer,
    round_id integer,
    played boolean DEFAULT false NOT NULL,
    date timestamp with time zone,
    active boolean DEFAULT true NOT NULL,
    created_at timestamp with time zone DEFAULT now(),
    updated_at timestamp with time zone DEFAULT now(),
    placeholder_home_team_group integer,
    placeholder_home_team_position integer,
    placeholder_visitor_team_group integer,
    placeholder_visitor_team_position integer,
    group_id integer,
    club_id integer
);


ALTER TABLE matches OWNER TO postgres;

--
-- Name: matches_id_seq; Type: SEQUENCE; Schema: public; Owner: postgres
--

CREATE SEQUENCE matches_id_seq
    START WITH 1
    INCREMENT BY 1
    NO MINVALUE
    NO MAXVALUE
    CACHE 1;


ALTER TABLE matches_id_seq OWNER TO postgres;

--
-- Name: matches_id_seq; Type: SEQUENCE OWNED BY; Schema: public; Owner: postgres
--

ALTER SEQUENCE matches_id_seq OWNED BY matches.id;


--
-- Name: matches_referees; Type: TABLE; Schema: public; Owner: postgres
--

CREATE TABLE matches_referees (
    id integer NOT NULL,
    active boolean DEFAULT true NOT NULL,
    created_at timestamp with time zone DEFAULT now(),
    updated_at timestamp with time zone DEFAULT now(),
    referee_id integer,
    match_id integer
);


ALTER TABLE matches_referees OWNER TO postgres;

--
-- Name: matches_referees_id_seq; Type: SEQUENCE; Schema: public; Owner: postgres
--

CREATE SEQUENCE matches_referees_id_seq
    START WITH 1
    INCREMENT BY 1
    NO MINVALUE
    NO MAXVALUE
    CACHE 1;


ALTER TABLE matches_referees_id_seq OWNER TO postgres;

--
-- Name: matches_referees_id_seq; Type: SEQUENCE OWNED BY; Schema: public; Owner: postgres
--

ALTER SEQUENCE matches_referees_id_seq OWNED BY matches_referees.id;


--
-- Name: matches_teams_players; Type: TABLE; Schema: public; Owner: postgres
--

CREATE TABLE matches_teams_players (
    id integer NOT NULL,
    active boolean DEFAULT true NOT NULL,
    created_at timestamp with time zone DEFAULT now(),
    updated_at timestamp with time zone DEFAULT now(),
    number integer,
    "position" character varying(255),
    team_id integer,
    player_id integer,
    match_id integer,
    is_initial boolean DEFAULT false
);


ALTER TABLE matches_teams_players OWNER TO postgres;

--
-- Name: matches_teams_players_id_seq; Type: SEQUENCE; Schema: public; Owner: postgres
--

CREATE SEQUENCE matches_teams_players_id_seq
    START WITH 1
    INCREMENT BY 1
    NO MINVALUE
    NO MAXVALUE
    CACHE 1;


ALTER TABLE matches_teams_players_id_seq OWNER TO postgres;

--
-- Name: matches_teams_players_id_seq; Type: SEQUENCE OWNED BY; Schema: public; Owner: postgres
--

ALTER SEQUENCE matches_teams_players_id_seq OWNED BY matches_teams_players.id;


--
-- Name: organizations; Type: TABLE; Schema: public; Owner: postgres
--

CREATE TABLE organizations (
    id integer NOT NULL,
    name character varying(255) NOT NULL,
    description text,
    foundation_date timestamp with time zone,
    organization_type_id integer,
    active boolean DEFAULT true NOT NULL,
    created_at timestamp with time zone DEFAULT now(),
    updated_at timestamp with time zone DEFAULT now()
);


ALTER TABLE organizations OWNER TO postgres;

--
-- Name: organizations_id_seq; Type: SEQUENCE; Schema: public; Owner: postgres
--

CREATE SEQUENCE organizations_id_seq
    START WITH 1
    INCREMENT BY 1
    NO MINVALUE
    NO MAXVALUE
    CACHE 1;


ALTER TABLE organizations_id_seq OWNER TO postgres;

--
-- Name: organizations_id_seq; Type: SEQUENCE OWNED BY; Schema: public; Owner: postgres
--

ALTER SEQUENCE organizations_id_seq OWNED BY organizations.id;


--
-- Name: organizations_roles_users; Type: TABLE; Schema: public; Owner: postgres
--

CREATE TABLE organizations_roles_users (
    id integer NOT NULL,
    user_id integer,
    organization_id integer,
    rol_id integer,
    active boolean DEFAULT true NOT NULL,
    created_at timestamp with time zone DEFAULT now(),
    updated_at timestamp with time zone DEFAULT now()
);


ALTER TABLE organizations_roles_users OWNER TO postgres;

--
-- Name: organizations_roles_users_id_seq; Type: SEQUENCE; Schema: public; Owner: postgres
--

CREATE SEQUENCE organizations_roles_users_id_seq
    START WITH 1
    INCREMENT BY 1
    NO MINVALUE
    NO MAXVALUE
    CACHE 1;


ALTER TABLE organizations_roles_users_id_seq OWNER TO postgres;

--
-- Name: organizations_roles_users_id_seq; Type: SEQUENCE OWNED BY; Schema: public; Owner: postgres
--

ALTER SEQUENCE organizations_roles_users_id_seq OWNED BY organizations_roles_users.id;


--
-- Name: organizations_types; Type: TABLE; Schema: public; Owner: postgres
--

CREATE TABLE organizations_types (
    id integer NOT NULL,
    name character varying(255) NOT NULL,
    description text,
    active boolean DEFAULT true NOT NULL,
    created_at timestamp with time zone DEFAULT now(),
    updated_at timestamp with time zone DEFAULT now()
);


ALTER TABLE organizations_types OWNER TO postgres;

--
-- Name: organizations_types_id_seq; Type: SEQUENCE; Schema: public; Owner: postgres
--

CREATE SEQUENCE organizations_types_id_seq
    START WITH 1
    INCREMENT BY 1
    NO MINVALUE
    NO MAXVALUE
    CACHE 1;


ALTER TABLE organizations_types_id_seq OWNER TO postgres;

--
-- Name: organizations_types_id_seq; Type: SEQUENCE OWNED BY; Schema: public; Owner: postgres
--

ALTER SEQUENCE organizations_types_id_seq OWNED BY organizations_types.id;


--
-- Name: phases; Type: TABLE; Schema: public; Owner: postgres
--

CREATE TABLE phases (
    id integer NOT NULL,
    name character varying(255),
    "position" integer,
    participant_team integer,
    classified_team integer,
    active boolean DEFAULT true NOT NULL,
    category_id integer,
    created_at timestamp with time zone DEFAULT now(),
    updated_at timestamp with time zone DEFAULT now()
);


ALTER TABLE phases OWNER TO postgres;

--
-- Name: phases_id_seq; Type: SEQUENCE; Schema: public; Owner: postgres
--

CREATE SEQUENCE phases_id_seq
    START WITH 1
    INCREMENT BY 1
    NO MINVALUE
    NO MAXVALUE
    CACHE 1;


ALTER TABLE phases_id_seq OWNER TO postgres;

--
-- Name: phases_id_seq; Type: SEQUENCE OWNED BY; Schema: public; Owner: postgres
--

ALTER SEQUENCE phases_id_seq OWNED BY phases.id;


--
-- Name: players; Type: TABLE; Schema: public; Owner: postgres
--

CREATE TABLE players (
    id integer NOT NULL,
    first_name character varying(255),
    last_name character varying(255),
    img_url character varying(255),
    portrait_url character varying(255),
    document_number character varying(255),
    nickname character varying(255),
    birthday date,
    status_id integer DEFAULT 1 NOT NULL,
    email character varying(255),
    active boolean DEFAULT true NOT NULL,
    created_at timestamp with time zone DEFAULT now(),
    updated_at timestamp with time zone DEFAULT now(),
    gender_id integer,
    document_img_url character varying(255)
);


ALTER TABLE players OWNER TO postgres;

--
-- Name: players_id_seq; Type: SEQUENCE; Schema: public; Owner: postgres
--

CREATE SEQUENCE players_id_seq
    START WITH 1
    INCREMENT BY 1
    NO MINVALUE
    NO MAXVALUE
    CACHE 1;


ALTER TABLE players_id_seq OWNER TO postgres;

--
-- Name: players_id_seq; Type: SEQUENCE OWNED BY; Schema: public; Owner: postgres
--

ALTER SEQUENCE players_id_seq OWNED BY players.id;


--
-- Name: players_teams; Type: TABLE; Schema: public; Owner: postgres
--

CREATE TABLE players_teams (
    id integer NOT NULL,
    active boolean DEFAULT true NOT NULL,
    number integer,
    "position" character varying(255),
    registered_at date,
    unregistered_at date,
    player_id integer,
    team_id integer,
    position_id integer,
    created_at timestamp with time zone DEFAULT now(),
    updated_at timestamp with time zone DEFAULT now(),
    person_id integer
);


ALTER TABLE players_teams OWNER TO postgres;

--
-- Name: players_teams_id_seq; Type: SEQUENCE; Schema: public; Owner: postgres
--

CREATE SEQUENCE players_teams_id_seq
    START WITH 1
    INCREMENT BY 1
    NO MINVALUE
    NO MAXVALUE
    CACHE 1;


ALTER TABLE players_teams_id_seq OWNER TO postgres;

--
-- Name: players_teams_id_seq; Type: SEQUENCE OWNED BY; Schema: public; Owner: postgres
--

ALTER SEQUENCE players_teams_id_seq OWNED BY players_teams.id;


--
-- Name: positions; Type: TABLE; Schema: public; Owner: postgres
--

CREATE TABLE positions (
    id integer NOT NULL,
    subdiscipline_id integer,
    name_en character varying(255),
    short_name_en character varying(255),
    name_es character varying(255),
    short_name_es character varying(255),
    active boolean DEFAULT true NOT NULL,
    created_at timestamp with time zone DEFAULT now(),
    updated_at timestamp with time zone DEFAULT now()
);


ALTER TABLE positions OWNER TO postgres;

--
-- Name: positions_id_seq; Type: SEQUENCE; Schema: public; Owner: postgres
--

CREATE SEQUENCE positions_id_seq
    START WITH 1
    INCREMENT BY 1
    NO MINVALUE
    NO MAXVALUE
    CACHE 1;


ALTER TABLE positions_id_seq OWNER TO postgres;

--
-- Name: positions_id_seq; Type: SEQUENCE OWNED BY; Schema: public; Owner: postgres
--

ALTER SEQUENCE positions_id_seq OWNED BY positions.id;


--
-- Name: relationships_types; Type: TABLE; Schema: public; Owner: postgres
--

CREATE TABLE relationships_types (
    id integer NOT NULL,
    name text,
    description text,
    active boolean DEFAULT true NOT NULL,
    created_at timestamp with time zone DEFAULT now(),
    updated_at timestamp with time zone DEFAULT now()
);


ALTER TABLE relationships_types OWNER TO postgres;

--
-- Name: relationships_types_id_seq; Type: SEQUENCE; Schema: public; Owner: postgres
--

CREATE SEQUENCE relationships_types_id_seq
    START WITH 1
    INCREMENT BY 1
    NO MINVALUE
    NO MAXVALUE
    CACHE 1;


ALTER TABLE relationships_types_id_seq OWNER TO postgres;

--
-- Name: relationships_types_id_seq; Type: SEQUENCE OWNED BY; Schema: public; Owner: postgres
--

ALTER SEQUENCE relationships_types_id_seq OWNED BY relationships_types.id;


--
-- Name: roles; Type: TABLE; Schema: public; Owner: postgres
--

CREATE TABLE roles (
    id integer NOT NULL,
    description character varying(255) NOT NULL,
    active boolean DEFAULT true NOT NULL,
    created_at timestamp with time zone DEFAULT now(),
    updated_at timestamp with time zone DEFAULT now()
);


ALTER TABLE roles OWNER TO postgres;

--
-- Name: roles_id_seq; Type: SEQUENCE; Schema: public; Owner: postgres
--

CREATE SEQUENCE roles_id_seq
    START WITH 1
    INCREMENT BY 1
    NO MINVALUE
    NO MAXVALUE
    CACHE 1;


ALTER TABLE roles_id_seq OWNER TO postgres;

--
-- Name: roles_id_seq; Type: SEQUENCE OWNED BY; Schema: public; Owner: postgres
--

ALTER SEQUENCE roles_id_seq OWNED BY roles.id;


--
-- Name: roles_users; Type: TABLE; Schema: public; Owner: postgres
--

CREATE TABLE roles_users (
    rol_id integer,
    users_id integer,
    active boolean DEFAULT true NOT NULL,
    created_at timestamp with time zone DEFAULT now(),
    updated_at timestamp with time zone DEFAULT now()
);


ALTER TABLE roles_users OWNER TO postgres;

--
-- Name: rounds; Type: TABLE; Schema: public; Owner: postgres
--

CREATE TABLE rounds (
    id integer NOT NULL,
    name character varying(255),
    start_date timestamp with time zone,
    end_date timestamp with time zone,
    active boolean DEFAULT true NOT NULL,
    group_id integer,
    created_at timestamp with time zone DEFAULT now(),
    updated_at timestamp with time zone DEFAULT now()
);


ALTER TABLE rounds OWNER TO postgres;

--
-- Name: rounds_id_seq; Type: SEQUENCE; Schema: public; Owner: postgres
--

CREATE SEQUENCE rounds_id_seq
    START WITH 1
    INCREMENT BY 1
    NO MINVALUE
    NO MAXVALUE
    CACHE 1;


ALTER TABLE rounds_id_seq OWNER TO postgres;

--
-- Name: rounds_id_seq; Type: SEQUENCE OWNED BY; Schema: public; Owner: postgres
--

ALTER SEQUENCE rounds_id_seq OWNED BY rounds.id;


--
-- Name: rules; Type: TABLE; Schema: public; Owner: postgres
--

CREATE TABLE rules (
    id integer NOT NULL,
    name character varying(255),
    value integer,
    short_name character varying(255),
    active boolean DEFAULT true NOT NULL,
    created_at timestamp with time zone DEFAULT now(),
    updated_at timestamp with time zone DEFAULT now()
);


ALTER TABLE rules OWNER TO postgres;

--
-- Name: rules_id_seq; Type: SEQUENCE; Schema: public; Owner: postgres
--

CREATE SEQUENCE rules_id_seq
    START WITH 1
    INCREMENT BY 1
    NO MINVALUE
    NO MAXVALUE
    CACHE 1;


ALTER TABLE rules_id_seq OWNER TO postgres;

--
-- Name: rules_id_seq; Type: SEQUENCE OWNED BY; Schema: public; Owner: postgres
--

ALTER SEQUENCE rules_id_seq OWNED BY rules.id;


--
-- Name: rules_rulesets; Type: TABLE; Schema: public; Owner: postgres
--

CREATE TABLE rules_rulesets (
    id integer NOT NULL,
    rule_id integer,
    ruleset_id integer,
    active boolean DEFAULT true NOT NULL,
    created_at timestamp with time zone DEFAULT now(),
    updated_at timestamp with time zone DEFAULT now()
);


ALTER TABLE rules_rulesets OWNER TO postgres;

--
-- Name: rules_rulesets_id_seq; Type: SEQUENCE; Schema: public; Owner: postgres
--

CREATE SEQUENCE rules_rulesets_id_seq
    START WITH 1
    INCREMENT BY 1
    NO MINVALUE
    NO MAXVALUE
    CACHE 1;


ALTER TABLE rules_rulesets_id_seq OWNER TO postgres;

--
-- Name: rules_rulesets_id_seq; Type: SEQUENCE OWNED BY; Schema: public; Owner: postgres
--

ALTER SEQUENCE rules_rulesets_id_seq OWNED BY rules_rulesets.id;


--
-- Name: rulesets; Type: TABLE; Schema: public; Owner: postgres
--

CREATE TABLE rulesets (
    id integer NOT NULL,
    name character varying(255),
    short_name character varying(255),
    active boolean DEFAULT true NOT NULL,
    created_at timestamp with time zone DEFAULT now(),
    updated_at timestamp with time zone DEFAULT now()
);


ALTER TABLE rulesets OWNER TO postgres;

--
-- Name: rulesets_id_seq; Type: SEQUENCE; Schema: public; Owner: postgres
--

CREATE SEQUENCE rulesets_id_seq
    START WITH 1
    INCREMENT BY 1
    NO MINVALUE
    NO MAXVALUE
    CACHE 1;


ALTER TABLE rulesets_id_seq OWNER TO postgres;

--
-- Name: rulesets_id_seq; Type: SEQUENCE OWNED BY; Schema: public; Owner: postgres
--

ALTER SEQUENCE rulesets_id_seq OWNED BY rulesets.id;


--
-- Name: schema_info; Type: TABLE; Schema: public; Owner: postgres
--

CREATE TABLE schema_info (
    id integer NOT NULL,
    name character varying(255),
    batch integer,
    migration_time timestamp with time zone
);


ALTER TABLE schema_info OWNER TO postgres;

--
-- Name: schema_info_id_seq; Type: SEQUENCE; Schema: public; Owner: postgres
--

CREATE SEQUENCE schema_info_id_seq
    START WITH 1
    INCREMENT BY 1
    NO MINVALUE
    NO MAXVALUE
    CACHE 1;


ALTER TABLE schema_info_id_seq OWNER TO postgres;

--
-- Name: schema_info_id_seq; Type: SEQUENCE OWNED BY; Schema: public; Owner: postgres
--

ALTER SEQUENCE schema_info_id_seq OWNED BY schema_info.id;


--
-- Name: seasons; Type: TABLE; Schema: public; Owner: postgres
--

CREATE TABLE seasons (
    id integer NOT NULL,
    name character varying(255) NOT NULL,
    description character varying(255),
    game_title character varying(255),
    active boolean DEFAULT true NOT NULL,
    init_at timestamp with time zone,
    ends_at timestamp with time zone,
    competition_id integer,
    created_at timestamp with time zone DEFAULT now(),
    updated_at timestamp with time zone DEFAULT now(),
    meta text
);


ALTER TABLE seasons OWNER TO postgres;

--
-- Name: seasons_id_seq; Type: SEQUENCE; Schema: public; Owner: postgres
--

CREATE SEQUENCE seasons_id_seq
    START WITH 1
    INCREMENT BY 1
    NO MINVALUE
    NO MAXVALUE
    CACHE 1;


ALTER TABLE seasons_id_seq OWNER TO postgres;

--
-- Name: seasons_id_seq; Type: SEQUENCE OWNED BY; Schema: public; Owner: postgres
--

ALTER SEQUENCE seasons_id_seq OWNED BY seasons.id;


--
-- Name: standing_tables; Type: TABLE; Schema: public; Owner: postgres
--

CREATE TABLE standing_tables (
    id integer NOT NULL,
    active boolean DEFAULT true NOT NULL,
    created_at timestamp with time zone DEFAULT now(),
    updated_at timestamp with time zone DEFAULT now(),
    team_id integer,
    category_id integer,
    phase_id integer,
    group_id integer,
    points integer,
    goals_in_favor integer,
    goals_against integer,
    matches_count integer,
    matches_won integer,
    matches_lost integer,
    matches_draw integer
);


ALTER TABLE standing_tables OWNER TO postgres;

--
-- Name: standing_tables_id_seq; Type: SEQUENCE; Schema: public; Owner: postgres
--

CREATE SEQUENCE standing_tables_id_seq
    START WITH 1
    INCREMENT BY 1
    NO MINVALUE
    NO MAXVALUE
    CACHE 1;


ALTER TABLE standing_tables_id_seq OWNER TO postgres;

--
-- Name: standing_tables_id_seq; Type: SEQUENCE OWNED BY; Schema: public; Owner: postgres
--

ALTER SEQUENCE standing_tables_id_seq OWNED BY standing_tables.id;


--
-- Name: status_types; Type: TABLE; Schema: public; Owner: postgres
--

CREATE TABLE status_types (
    id integer NOT NULL,
    description text,
    active boolean DEFAULT true NOT NULL,
    created_at timestamp with time zone DEFAULT now(),
    updated_at timestamp with time zone DEFAULT now(),
    type character varying(255),
    code character varying(255),
    description_en character varying(255),
    description_es character varying(255)
);


ALTER TABLE status_types OWNER TO postgres;

--
-- Name: status_types_id_seq; Type: SEQUENCE; Schema: public; Owner: postgres
--

CREATE SEQUENCE status_types_id_seq
    START WITH 1
    INCREMENT BY 1
    NO MINVALUE
    NO MAXVALUE
    CACHE 1;


ALTER TABLE status_types_id_seq OWNER TO postgres;

--
-- Name: status_types_id_seq; Type: SEQUENCE OWNED BY; Schema: public; Owner: postgres
--

ALTER SEQUENCE status_types_id_seq OWNED BY status_types.id;


--
-- Name: subdisciplines; Type: TABLE; Schema: public; Owner: postgres
--

CREATE TABLE subdisciplines (
    id integer NOT NULL,
    name character varying(255) NOT NULL,
    description text NOT NULL,
    image_url text,
    discipline_id integer,
    active boolean DEFAULT true NOT NULL,
    created_at timestamp with time zone DEFAULT now(),
    updated_at timestamp with time zone DEFAULT now()
);


ALTER TABLE subdisciplines OWNER TO postgres;

--
-- Name: subdisciplines_id_seq; Type: SEQUENCE; Schema: public; Owner: postgres
--

CREATE SEQUENCE subdisciplines_id_seq
    START WITH 1
    INCREMENT BY 1
    NO MINVALUE
    NO MAXVALUE
    CACHE 1;


ALTER TABLE subdisciplines_id_seq OWNER TO postgres;

--
-- Name: subdisciplines_id_seq; Type: SEQUENCE OWNED BY; Schema: public; Owner: postgres
--

ALTER SEQUENCE subdisciplines_id_seq OWNED BY subdisciplines.id;


--
-- Name: teams; Type: TABLE; Schema: public; Owner: postgres
--

CREATE TABLE teams (
    id integer NOT NULL,
    name character varying(255),
    logo_url character varying(255),
    short_name character varying(255),
    description text,
    category_type_id integer,
    organization_id integer,
    subdiscipline_id integer,
    gender_id integer,
    active boolean DEFAULT true NOT NULL,
    created_at timestamp with time zone DEFAULT now(),
    updated_at timestamp with time zone DEFAULT now(),
    meta text,
    portrait_url character varying(255),
    club_id integer
);


ALTER TABLE teams OWNER TO postgres;

--
-- Name: teams_id_seq; Type: SEQUENCE; Schema: public; Owner: postgres
--

CREATE SEQUENCE teams_id_seq
    START WITH 1
    INCREMENT BY 1
    NO MINVALUE
    NO MAXVALUE
    CACHE 1;


ALTER TABLE teams_id_seq OWNER TO postgres;

--
-- Name: teams_id_seq; Type: SEQUENCE OWNED BY; Schema: public; Owner: postgres
--

ALTER SEQUENCE teams_id_seq OWNED BY teams.id;


--
-- Name: terms_conditions; Type: TABLE; Schema: public; Owner: postgres
--

CREATE TABLE terms_conditions (
    id integer NOT NULL,
    user_id integer,
    active boolean DEFAULT true NOT NULL,
    created_at timestamp with time zone DEFAULT now(),
    updated_at timestamp with time zone DEFAULT now()
);


ALTER TABLE terms_conditions OWNER TO postgres;

--
-- Name: terms_conditions_id_seq; Type: SEQUENCE; Schema: public; Owner: postgres
--

CREATE SEQUENCE terms_conditions_id_seq
    START WITH 1
    INCREMENT BY 1
    NO MINVALUE
    NO MAXVALUE
    CACHE 1;


ALTER TABLE terms_conditions_id_seq OWNER TO postgres;

--
-- Name: terms_conditions_id_seq; Type: SEQUENCE OWNED BY; Schema: public; Owner: postgres
--

ALTER SEQUENCE terms_conditions_id_seq OWNED BY terms_conditions.id;


--
-- Name: tmp_categories_players; Type: TABLE; Schema: public; Owner: postgres
--

CREATE TABLE tmp_categories_players (
    id integer NOT NULL,
    team_player_id integer,
    present_in_field boolean,
    team_id integer,
    player_id integer,
    category_id integer,
    active boolean,
    created_at timestamp with time zone DEFAULT now(),
    updated_at timestamp with time zone DEFAULT now()
);


ALTER TABLE tmp_categories_players OWNER TO postgres;

--
-- Name: tmp_categories_players_id_seq; Type: SEQUENCE; Schema: public; Owner: postgres
--

CREATE SEQUENCE tmp_categories_players_id_seq
    START WITH 1
    INCREMENT BY 1
    NO MINVALUE
    NO MAXVALUE
    CACHE 1;


ALTER TABLE tmp_categories_players_id_seq OWNER TO postgres;

--
-- Name: tmp_categories_players_id_seq; Type: SEQUENCE OWNED BY; Schema: public; Owner: postgres
--

ALTER SEQUENCE tmp_categories_players_id_seq OWNED BY tmp_categories_players.id;


--
-- Name: tmp_events_matches_players; Type: TABLE; Schema: public; Owner: postgres
--

CREATE TABLE tmp_events_matches_players (
    id integer NOT NULL,
    active boolean,
    instant integer DEFAULT 0,
    player_in integer,
    player_out integer,
    match_id integer,
    event_id integer,
    events_matches_players_id integer,
    team_id integer,
    created_at timestamp with time zone,
    updated_at timestamp with time zone
);


ALTER TABLE tmp_events_matches_players OWNER TO postgres;

--
-- Name: tmp_events_matches_players_id_seq; Type: SEQUENCE; Schema: public; Owner: postgres
--

CREATE SEQUENCE tmp_events_matches_players_id_seq
    START WITH 1
    INCREMENT BY 1
    NO MINVALUE
    NO MAXVALUE
    CACHE 1;


ALTER TABLE tmp_events_matches_players_id_seq OWNER TO postgres;

--
-- Name: tmp_events_matches_players_id_seq; Type: SEQUENCE OWNED BY; Schema: public; Owner: postgres
--

ALTER SEQUENCE tmp_events_matches_players_id_seq OWNED BY tmp_events_matches_players.id;


--
-- Name: tmp_matches_players; Type: TABLE; Schema: public; Owner: postgres
--

CREATE TABLE tmp_matches_players (
    id integer NOT NULL,
    number integer,
    position_id integer,
    team_player_id integer,
    is_initial boolean DEFAULT true NOT NULL,
    active boolean DEFAULT true NOT NULL,
    match_id integer,
    team_id integer,
    player_id integer,
    matches_players_id integer,
    created_at timestamp with time zone DEFAULT now(),
    updated_at timestamp with time zone DEFAULT now()
);


ALTER TABLE tmp_matches_players OWNER TO postgres;

--
-- Name: tmp_matches_players_id_seq; Type: SEQUENCE; Schema: public; Owner: postgres
--

CREATE SEQUENCE tmp_matches_players_id_seq
    START WITH 1
    INCREMENT BY 1
    NO MINVALUE
    NO MAXVALUE
    CACHE 1;


ALTER TABLE tmp_matches_players_id_seq OWNER TO postgres;

--
-- Name: tmp_matches_players_id_seq; Type: SEQUENCE OWNED BY; Schema: public; Owner: postgres
--

ALTER SEQUENCE tmp_matches_players_id_seq OWNED BY tmp_matches_players.id;


--
-- Name: tmp_persons; Type: TABLE; Schema: public; Owner: postgres
--

CREATE TABLE tmp_persons (
    id integer NOT NULL,
    name character varying(255),
    last_name character varying(255),
    nickname character varying(255),
    birthday date,
    email character varying(255),
    gender_id integer,
    height character varying(255),
    weight character varying(255),
    status_type_id integer,
    img_url character varying(255),
    document_number character varying(255),
    document_img_url character varying(255),
    country character varying(255),
    player_id integer,
    claimed timestamp with time zone,
    active boolean DEFAULT true NOT NULL,
    created_at timestamp with time zone DEFAULT now(),
    updated_at timestamp with time zone DEFAULT now()
);


ALTER TABLE tmp_persons OWNER TO postgres;

--
-- Name: tmp_persons_id_seq; Type: SEQUENCE; Schema: public; Owner: postgres
--

CREATE SEQUENCE tmp_persons_id_seq
    START WITH 1
    INCREMENT BY 1
    NO MINVALUE
    NO MAXVALUE
    CACHE 1;


ALTER TABLE tmp_persons_id_seq OWNER TO postgres;

--
-- Name: tmp_persons_id_seq; Type: SEQUENCE OWNED BY; Schema: public; Owner: postgres
--

ALTER SEQUENCE tmp_persons_id_seq OWNED BY tmp_persons.id;


--
-- Name: tmp_players_teams; Type: TABLE; Schema: public; Owner: postgres
--

CREATE TABLE tmp_players_teams (
    id integer NOT NULL,
    active boolean DEFAULT true NOT NULL,
    number integer,
    registered_at date,
    unregistered_at date,
    player_id integer,
    team_player_id integer,
    person_id integer,
    team_id integer,
    position_id integer,
    created_at timestamp with time zone DEFAULT now(),
    updated_at timestamp with time zone DEFAULT now()
);


ALTER TABLE tmp_players_teams OWNER TO postgres;

--
-- Name: tmp_players_teams_id_seq; Type: SEQUENCE; Schema: public; Owner: postgres
--

CREATE SEQUENCE tmp_players_teams_id_seq
    START WITH 1
    INCREMENT BY 1
    NO MINVALUE
    NO MAXVALUE
    CACHE 1;


ALTER TABLE tmp_players_teams_id_seq OWNER TO postgres;

--
-- Name: tmp_players_teams_id_seq; Type: SEQUENCE OWNED BY; Schema: public; Owner: postgres
--

ALTER SEQUENCE tmp_players_teams_id_seq OWNED BY tmp_players_teams.id;


--
-- Name: users; Type: TABLE; Schema: public; Owner: postgres
--

CREATE TABLE users (
    id integer NOT NULL,
    username character varying(255) NOT NULL,
    email character varying(255) NOT NULL,
    password character varying(255) NOT NULL,
    active boolean DEFAULT true NOT NULL,
    created_at timestamp with time zone DEFAULT now(),
    updated_at timestamp with time zone DEFAULT now(),
    lang text
);


ALTER TABLE users OWNER TO postgres;

--
-- Name: users_id_seq; Type: SEQUENCE; Schema: public; Owner: postgres
--

CREATE SEQUENCE users_id_seq
    START WITH 1
    INCREMENT BY 1
    NO MINVALUE
    NO MAXVALUE
    CACHE 1;


ALTER TABLE users_id_seq OWNER TO postgres;

--
-- Name: users_id_seq; Type: SEQUENCE OWNED BY; Schema: public; Owner: postgres
--

ALTER SEQUENCE users_id_seq OWNED BY users.id;


--
-- Name: id; Type: DEFAULT; Schema: public; Owner: postgres
--

ALTER TABLE ONLY categories ALTER COLUMN id SET DEFAULT nextval('categories_id_seq'::regclass);


--
-- Name: id; Type: DEFAULT; Schema: public; Owner: postgres
--

ALTER TABLE ONLY categories_groups_phases_teams ALTER COLUMN id SET DEFAULT nextval('categories_groups_phases_teams_id_seq'::regclass);


--
-- Name: id; Type: DEFAULT; Schema: public; Owner: postgres
--

ALTER TABLE ONLY categories_pre_registrations ALTER COLUMN id SET DEFAULT nextval('categories_pre_registrations_id_seq'::regclass);


--
-- Name: id; Type: DEFAULT; Schema: public; Owner: postgres
--

ALTER TABLE ONLY categories_teams_players_old ALTER COLUMN id SET DEFAULT nextval('categories_teams_players_id_seq'::regclass);


--
-- Name: id; Type: DEFAULT; Schema: public; Owner: postgres
--

ALTER TABLE ONLY categories_types ALTER COLUMN id SET DEFAULT nextval('categories_types_id_seq'::regclass);


--
-- Name: id; Type: DEFAULT; Schema: public; Owner: postgres
--

ALTER TABLE ONLY classifications_types ALTER COLUMN id SET DEFAULT nextval('classifications_types_id_seq'::regclass);


--
-- Name: id; Type: DEFAULT; Schema: public; Owner: postgres
--

ALTER TABLE ONLY clubs ALTER COLUMN id SET DEFAULT nextval('clubs_id_seq'::regclass);


--
-- Name: id; Type: DEFAULT; Schema: public; Owner: postgres
--

ALTER TABLE ONLY comments ALTER COLUMN id SET DEFAULT nextval('comments_id_seq'::regclass);


--
-- Name: id; Type: DEFAULT; Schema: public; Owner: postgres
--

ALTER TABLE ONLY competitions ALTER COLUMN id SET DEFAULT nextval('competitions_id_seq'::regclass);


--
-- Name: id; Type: DEFAULT; Schema: public; Owner: postgres
--

ALTER TABLE ONLY competitions_roles_organizations ALTER COLUMN id SET DEFAULT nextval('competitions_roles_organizations_id_seq'::regclass);


--
-- Name: id; Type: DEFAULT; Schema: public; Owner: postgres
--

ALTER TABLE ONLY competitions_types ALTER COLUMN id SET DEFAULT nextval('competitions_types_id_seq'::regclass);


--
-- Name: id; Type: DEFAULT; Schema: public; Owner: postgres
--

ALTER TABLE ONLY competitions_users ALTER COLUMN id SET DEFAULT nextval('competitions_users_id_seq'::regclass);


--
-- Name: id; Type: DEFAULT; Schema: public; Owner: postgres
--

ALTER TABLE ONLY conctacts_types ALTER COLUMN id SET DEFAULT nextval('conctacts_types_id_seq'::regclass);


--
-- Name: id; Type: DEFAULT; Schema: public; Owner: postgres
--

ALTER TABLE ONLY contacts ALTER COLUMN id SET DEFAULT nextval('contacts_id_seq'::regclass);


--
-- Name: id; Type: DEFAULT; Schema: public; Owner: postgres
--

ALTER TABLE ONLY contacts_types ALTER COLUMN id SET DEFAULT nextval('contacts_types_id_seq'::regclass);


--
-- Name: id; Type: DEFAULT; Schema: public; Owner: postgres
--

ALTER TABLE ONLY disciplines ALTER COLUMN id SET DEFAULT nextval('disciplines_id_seq'::regclass);


--
-- Name: id; Type: DEFAULT; Schema: public; Owner: postgres
--

ALTER TABLE ONLY entities ALTER COLUMN id SET DEFAULT nextval('entities_id_seq'::regclass);


--
-- Name: id; Type: DEFAULT; Schema: public; Owner: postgres
--

ALTER TABLE ONLY entities_relationships ALTER COLUMN id SET DEFAULT nextval('entities_relationships_id_seq'::regclass);


--
-- Name: id; Type: DEFAULT; Schema: public; Owner: postgres
--

ALTER TABLE ONLY entities_requests ALTER COLUMN id SET DEFAULT nextval('entities_requests_id_seq'::regclass);


--
-- Name: id; Type: DEFAULT; Schema: public; Owner: postgres
--

ALTER TABLE ONLY entities_types ALTER COLUMN id SET DEFAULT nextval('entities_types_id_seq'::regclass);


--
-- Name: id; Type: DEFAULT; Schema: public; Owner: postgres
--

ALTER TABLE ONLY events ALTER COLUMN id SET DEFAULT nextval('events_id_seq'::regclass);


--
-- Name: id; Type: DEFAULT; Schema: public; Owner: postgres
--

ALTER TABLE ONLY events_calendars ALTER COLUMN id SET DEFAULT nextval('events_calendars_id_seq'::regclass);


--
-- Name: id; Type: DEFAULT; Schema: public; Owner: postgres
--

ALTER TABLE ONLY events_calendars_comments ALTER COLUMN id SET DEFAULT nextval('events_calendars_comments_id_seq'::regclass);


--
-- Name: id; Type: DEFAULT; Schema: public; Owner: postgres
--

ALTER TABLE ONLY events_calendars_types ALTER COLUMN id SET DEFAULT nextval('events_calendars_types_id_seq'::regclass);


--
-- Name: id; Type: DEFAULT; Schema: public; Owner: postgres
--

ALTER TABLE ONLY events_matches ALTER COLUMN id SET DEFAULT nextval('events_matches_id_seq'::regclass);


--
-- Name: id; Type: DEFAULT; Schema: public; Owner: postgres
--

ALTER TABLE ONLY events_matches_players ALTER COLUMN id SET DEFAULT nextval('events_matches_players_id_seq'::regclass);


--
-- Name: id; Type: DEFAULT; Schema: public; Owner: postgres
--

ALTER TABLE ONLY feed_items ALTER COLUMN id SET DEFAULT nextval('feed_items_id_seq'::regclass);


--
-- Name: id; Type: DEFAULT; Schema: public; Owner: postgres
--

ALTER TABLE ONLY genders ALTER COLUMN id SET DEFAULT nextval('genders_id_seq'::regclass);


--
-- Name: id; Type: DEFAULT; Schema: public; Owner: postgres
--

ALTER TABLE ONLY groups ALTER COLUMN id SET DEFAULT nextval('groups_id_seq'::regclass);


--
-- Name: id; Type: DEFAULT; Schema: public; Owner: postgres
--

ALTER TABLE ONLY matches ALTER COLUMN id SET DEFAULT nextval('matches_id_seq'::regclass);


--
-- Name: id; Type: DEFAULT; Schema: public; Owner: postgres
--

ALTER TABLE ONLY matches_referees ALTER COLUMN id SET DEFAULT nextval('matches_referees_id_seq'::regclass);


--
-- Name: id; Type: DEFAULT; Schema: public; Owner: postgres
--

ALTER TABLE ONLY matches_teams_players ALTER COLUMN id SET DEFAULT nextval('matches_teams_players_id_seq'::regclass);


--
-- Name: id; Type: DEFAULT; Schema: public; Owner: postgres
--

ALTER TABLE ONLY organizations ALTER COLUMN id SET DEFAULT nextval('organizations_id_seq'::regclass);


--
-- Name: id; Type: DEFAULT; Schema: public; Owner: postgres
--

ALTER TABLE ONLY organizations_roles_users ALTER COLUMN id SET DEFAULT nextval('organizations_roles_users_id_seq'::regclass);


--
-- Name: id; Type: DEFAULT; Schema: public; Owner: postgres
--

ALTER TABLE ONLY organizations_types ALTER COLUMN id SET DEFAULT nextval('organizations_types_id_seq'::regclass);


--
-- Name: id; Type: DEFAULT; Schema: public; Owner: postgres
--

ALTER TABLE ONLY phases ALTER COLUMN id SET DEFAULT nextval('phases_id_seq'::regclass);


--
-- Name: id; Type: DEFAULT; Schema: public; Owner: postgres
--

ALTER TABLE ONLY players ALTER COLUMN id SET DEFAULT nextval('players_id_seq'::regclass);


--
-- Name: id; Type: DEFAULT; Schema: public; Owner: postgres
--

ALTER TABLE ONLY players_teams ALTER COLUMN id SET DEFAULT nextval('players_teams_id_seq'::regclass);


--
-- Name: id; Type: DEFAULT; Schema: public; Owner: postgres
--

ALTER TABLE ONLY positions ALTER COLUMN id SET DEFAULT nextval('positions_id_seq'::regclass);


--
-- Name: id; Type: DEFAULT; Schema: public; Owner: postgres
--

ALTER TABLE ONLY relationships_types ALTER COLUMN id SET DEFAULT nextval('relationships_types_id_seq'::regclass);


--
-- Name: id; Type: DEFAULT; Schema: public; Owner: postgres
--

ALTER TABLE ONLY roles ALTER COLUMN id SET DEFAULT nextval('roles_id_seq'::regclass);


--
-- Name: id; Type: DEFAULT; Schema: public; Owner: postgres
--

ALTER TABLE ONLY rounds ALTER COLUMN id SET DEFAULT nextval('rounds_id_seq'::regclass);


--
-- Name: id; Type: DEFAULT; Schema: public; Owner: postgres
--

ALTER TABLE ONLY rules ALTER COLUMN id SET DEFAULT nextval('rules_id_seq'::regclass);


--
-- Name: id; Type: DEFAULT; Schema: public; Owner: postgres
--

ALTER TABLE ONLY rules_rulesets ALTER COLUMN id SET DEFAULT nextval('rules_rulesets_id_seq'::regclass);


--
-- Name: id; Type: DEFAULT; Schema: public; Owner: postgres
--

ALTER TABLE ONLY rulesets ALTER COLUMN id SET DEFAULT nextval('rulesets_id_seq'::regclass);


--
-- Name: id; Type: DEFAULT; Schema: public; Owner: postgres
--

ALTER TABLE ONLY schema_info ALTER COLUMN id SET DEFAULT nextval('schema_info_id_seq'::regclass);


--
-- Name: id; Type: DEFAULT; Schema: public; Owner: postgres
--

ALTER TABLE ONLY seasons ALTER COLUMN id SET DEFAULT nextval('seasons_id_seq'::regclass);


--
-- Name: id; Type: DEFAULT; Schema: public; Owner: postgres
--

ALTER TABLE ONLY standing_tables ALTER COLUMN id SET DEFAULT nextval('standing_tables_id_seq'::regclass);


--
-- Name: id; Type: DEFAULT; Schema: public; Owner: postgres
--

ALTER TABLE ONLY status_types ALTER COLUMN id SET DEFAULT nextval('status_types_id_seq'::regclass);


--
-- Name: id; Type: DEFAULT; Schema: public; Owner: postgres
--

ALTER TABLE ONLY subdisciplines ALTER COLUMN id SET DEFAULT nextval('subdisciplines_id_seq'::regclass);


--
-- Name: id; Type: DEFAULT; Schema: public; Owner: postgres
--

ALTER TABLE ONLY teams ALTER COLUMN id SET DEFAULT nextval('teams_id_seq'::regclass);


--
-- Name: id; Type: DEFAULT; Schema: public; Owner: postgres
--

ALTER TABLE ONLY terms_conditions ALTER COLUMN id SET DEFAULT nextval('terms_conditions_id_seq'::regclass);


--
-- Name: id; Type: DEFAULT; Schema: public; Owner: postgres
--

ALTER TABLE ONLY tmp_categories_players ALTER COLUMN id SET DEFAULT nextval('tmp_categories_players_id_seq'::regclass);


--
-- Name: id; Type: DEFAULT; Schema: public; Owner: postgres
--

ALTER TABLE ONLY tmp_events_matches_players ALTER COLUMN id SET DEFAULT nextval('tmp_events_matches_players_id_seq'::regclass);


--
-- Name: id; Type: DEFAULT; Schema: public; Owner: postgres
--

ALTER TABLE ONLY tmp_matches_players ALTER COLUMN id SET DEFAULT nextval('tmp_matches_players_id_seq'::regclass);


--
-- Name: id; Type: DEFAULT; Schema: public; Owner: postgres
--

ALTER TABLE ONLY tmp_persons ALTER COLUMN id SET DEFAULT nextval('tmp_persons_id_seq'::regclass);


--
-- Name: id; Type: DEFAULT; Schema: public; Owner: postgres
--

ALTER TABLE ONLY tmp_players_teams ALTER COLUMN id SET DEFAULT nextval('tmp_players_teams_id_seq'::regclass);


--
-- Name: id; Type: DEFAULT; Schema: public; Owner: postgres
--

ALTER TABLE ONLY users ALTER COLUMN id SET DEFAULT nextval('users_id_seq'::regclass);


--
-- Data for Name: categories; Type: TABLE DATA; Schema: public; Owner: postgres
--

COPY categories (id, name, active, image_url, inscription_init_at, inscription_ends_at, other_minimum_participant, other_maximum_participant, player_minimum_participant, player_maximum_participant, coach_minimum_participant, coach_maximum_participant, team_quantity, participant_minimum, participant_maximum, gender_id, season_id, category_type_id, classification_type_id, is_published, created_at, updated_at, player_maximum_summoned, player_minimum_summoned, meta) FROM stdin;
1	U-15 Girls	f		2016-11-19 23:30:00-04:30	2016-12-02 23:25:00-04:30	1	1	9	11	1	1	8	0	15	2	3	10	2	t	2016-11-18 16:47:58.399-04:30	2016-11-18 16:47:58.399-04:30	25	9	{\n  "description": "2001-2002* * JUGADORES DEBERN HABER NACIDO EN ESTE RANGO DE EDAD PARA PODER PARTICIPAR EN ESTA CATEGORIA",\n  "price": "325$"\n}
3	Open	t		2016-11-19 23:30:00-04:30	2016-12-02 23:25:00-04:30	1	1	9	11	1	1	24	0	99	1	2	1	2	t	2016-11-18 17:14:11.866-04:30	2016-11-18 17:14:11.866-04:30	25	9	{\n  "description": "Torneo Adultos"\n}
2	U-15 Boys	t		2016-11-20 23:25:00-04:30	2016-12-02 23:25:00-04:30	1	1	9	11	1	1	16	0	15	1	1	10	2	t	2016-11-18 16:49:38.971-04:30	2016-11-18 16:49:38.971-04:30	25	9	{\n  "description": "2001-2002* * Jugadores debern haber nacido en este rango de edad para poder participar en esta categora"\n}
4	U18	t		2016-11-26 23:30:00-04:30	2016-11-29 23:30:00-04:30	1	1	9	11	1	1	8	0	18	1	4	7	2	t	2016-12-25 20:45:00.814-04:30	2016-12-25 20:45:00.814-04:30	100	9	{\n  "description": "2001-2002* *Jugadores debern haber nacido en este rango de edad para poder participar en esta categora",\n  "description_es": "2001-2002* *Jugadores debern haber nacido en este rango de edad para poder participar en esta categora",\n  "description_en": "This is an FYSA Sanctioned Tournament, which is open to all USSF affiliated organizations for boys in age groups: U18. Open to state cup or higher level teams.",\n  "price": "$1575"\n}
7	U16 	t		2016-11-26 23:30:00-04:30	2016-11-29 23:30:00-04:30	0	0	0	0	0	0	4	0	16	1	3	9	\N	f	2016-12-25 22:50:13.36-04:30	2016-12-25 22:50:13.36-04:30	25	9	{\n  "description": "2001-2002* *Jugadores debern haber nacido en este rango de edad para poder participar en esta categora",\n  "description_es": "2001-2002* *Jugadores debern haber nacido en este rango de edad para poder participar en esta categora",\n  "description_en": "This is an FYSA Sanctioned Tournament, which is open to all USSF affiliated organizations for boys in age groups: U16. Open to state cup or higher level teams.",\n  "price": "$1575"\n}
6	U17 	t		2016-11-26 23:30:00-04:30	2016-11-29 23:30:00-04:30	0	0	0	0	0	0	4	0	17	1	3	8	\N	f	2016-12-25 22:49:54.451-04:30	2016-12-25 22:49:54.451-04:30	25	9	{\n  "description": "2001-2002* *Jugadores debern haber nacido en este rango de edad para poder participar en esta categora",\n  "description_es": "2001-2002* *Jugadores debern haber nacido en este rango de edad para poder participar en esta categora",\n  "description_en": "This is an FYSA Sanctioned Tournament, which is open to all USSF affiliated organizations for boys in age groups: U17. Open to state cup or higher level teams.",\n  "price": "$1575"\n}
8	PRO	t		2016-12-29 23:30:00-04:30	2017-01-27 23:30:00-04:30	1	3	9	11	3	6	8	0	99	1	5	1	1	t	2017-01-30 13:41:33.88-04:30	2017-01-30 13:41:33.88-04:30	25	9	\N
5	U15	t		2016-11-26 23:30:00-04:30	2016-11-29 23:30:00-04:30	0	0	0	0	0	0	4	0	15	1	3	10	2	f	2016-12-25 22:48:41.819-04:30	2016-12-25 22:48:41.819-04:30	25	9	{\n  "description": "2001-2002* *Jugadores debern haber nacido en este rango de edad para poder participar en esta categora",\n  "description_es": "2001-2002* *Jugadores debern haber nacido en este rango de edad para poder participar en esta categora",\n  "description_en": "This is an FYSA Sanctioned Tournament, which is open to all USSF affiliated organizations for boys in age groups: U15. Open to state cup or higher level teams.",\n  "price": "$1575"\n}
\.


--
-- Data for Name: categories_groups_phases_teams; Type: TABLE DATA; Schema: public; Owner: postgres
--

COPY categories_groups_phases_teams (id, active, created_at, updated_at, team_id, category_id, group_id, phase_id, payment, roster, document, status_id) FROM stdin;
2	t	2016-11-23 23:31:19.497-04:30	2016-11-23 23:31:19.497-04:30	2	2	\N	\N	f	f	f	1
3	t	2016-11-24 01:28:34.715-04:30	2016-11-24 01:28:34.715-04:30	3	3	\N	\N	f	f	f	1
4	t	2016-11-24 01:56:06.632-04:30	2016-11-24 01:56:06.632-04:30	4	3	\N	\N	f	f	f	1
5	t	2016-11-24 11:24:36.415-04:30	2016-11-24 11:24:36.415-04:30	5	3	\N	\N	f	f	f	1
6	t	2016-11-24 11:27:08.477-04:30	2016-11-24 11:27:08.477-04:30	7	2	\N	\N	f	f	f	1
7	t	2016-11-24 14:10:06.417-04:30	2016-11-24 14:10:06.417-04:30	8	2	\N	\N	f	f	f	1
8	t	2016-11-24 17:04:05.656-04:30	2016-11-24 17:04:05.656-04:30	9	2	\N	\N	f	f	f	1
9	t	2016-11-25 15:16:00.105-04:30	2016-11-25 15:16:00.105-04:30	10	2	\N	\N	f	f	f	1
10	t	2016-11-25 15:26:12.356-04:30	2016-11-25 15:26:12.356-04:30	11	3	\N	\N	f	f	f	1
11	t	2016-11-25 15:40:16.498-04:30	2016-11-25 15:53:04.192-04:30	12	2	\N	1	f	f	f	2
12	t	2016-11-25 15:41:16.795-04:30	2016-11-25 15:53:22.623-04:30	13	2	\N	\N	t	t	t	3
13	t	2016-11-25 21:03:47.487-04:30	2016-11-25 21:03:47.487-04:30	14	2	\N	\N	f	f	f	1
14	t	2016-11-26 02:24:22.175-04:30	2016-11-26 02:24:22.175-04:30	15	2	\N	\N	f	f	f	1
15	t	2016-11-28 10:55:30.808-04:30	2016-11-28 10:55:30.808-04:30	16	3	\N	\N	f	f	f	1
16	t	2016-11-28 11:36:58.249-04:30	2016-11-28 11:36:58.249-04:30	17	3	\N	\N	f	f	f	1
17	t	2016-11-28 11:41:14.357-04:30	2016-11-28 11:41:14.357-04:30	18	2	\N	\N	f	f	f	1
18	t	2016-11-28 11:53:08.96-04:30	2016-11-28 11:53:08.96-04:30	19	2	\N	\N	f	f	f	1
19	t	2016-12-26 16:15:30.936-04:30	2016-12-26 23:49:10.745-04:30	20	4	23	11	f	f	f	1
25	t	2016-12-26 16:15:34.014-04:30	2016-12-26 23:49:21.973-04:30	26	4	24	11	f	f	f	1
22	t	2016-12-26 16:15:33.959-04:30	2016-12-26 23:49:23.294-04:30	22	4	23	11	f	f	f	1
26	t	2016-12-26 16:15:34.022-04:30	2016-12-26 23:49:26.731-04:30	27	4	24	11	f	f	f	1
21	t	2016-12-26 16:15:33.947-04:30	2016-12-26 23:49:28.398-04:30	21	4	23	11	f	f	f	1
27	t	2016-12-27 12:25:34.057-04:30	2016-12-27 12:25:34.057-04:30	29	4	\N	\N	f	f	f	1
29	t	2017-01-30 13:44:56.473-04:30	2017-01-30 13:44:56.473-04:30	3	8	\N	\N	f	f	f	1
30	t	2017-01-30 13:44:56.489-04:30	2017-01-30 13:44:56.489-04:30	4	8	\N	\N	f	f	f	1
31	t	2017-01-30 13:44:56.507-04:30	2017-01-30 13:44:56.507-04:30	5	8	\N	\N	f	f	f	1
33	t	2017-01-30 13:44:57.722-04:30	2017-01-30 13:44:57.722-04:30	16	8	\N	\N	f	f	f	1
34	t	2017-01-30 13:44:58.129-04:30	2017-01-30 13:44:58.129-04:30	11	8	\N	\N	f	f	f	1
32	t	2017-01-30 13:44:57.721-04:30	2017-02-10 14:35:29.522-04:30	17	8	\N	12	f	f	f	8
20	t	2016-12-26 16:15:31.882-04:30	2017-03-07 15:17:27.451-04:30	28	4	24	11	f	f	f	3
24	t	2016-12-26 16:15:33.988-04:30	2017-03-07 15:17:30.152-04:30	24	4	24	11	f	f	f	2
23	t	2016-12-26 16:15:33.979-04:30	2017-03-07 15:17:34.076-04:30	23	4	23	11	f	f	f	7
28	t	2016-12-28 11:49:20.831-04:30	2017-03-07 15:17:36.866-04:30	30	4	\N	\N	f	f	f	8
\.


--
-- Name: categories_groups_phases_teams_id_seq; Type: SEQUENCE SET; Schema: public; Owner: postgres
--

SELECT pg_catalog.setval('categories_groups_phases_teams_id_seq', 34, true);


--
-- Name: categories_id_seq; Type: SEQUENCE SET; Schema: public; Owner: postgres
--

SELECT pg_catalog.setval('categories_id_seq', 8, true);


--
-- Data for Name: categories_pre_registrations; Type: TABLE DATA; Schema: public; Owner: postgres
--

COPY categories_pre_registrations (id, category_id, team_id, active, payment, roster, document, status_id, created_by, created_at, updated_at) FROM stdin;
\.


--
-- Name: categories_pre_registrations_id_seq; Type: SEQUENCE SET; Schema: public; Owner: postgres
--

SELECT pg_catalog.setval('categories_pre_registrations_id_seq', 1, false);


--
-- Name: categories_teams_players_id_seq; Type: SEQUENCE SET; Schema: public; Owner: postgres
--

SELECT pg_catalog.setval('categories_teams_players_id_seq', 831, true);


--
-- Data for Name: categories_teams_players_old; Type: TABLE DATA; Schema: public; Owner: postgres
--

COPY categories_teams_players_old (id, active, created_at, updated_at, team_id, player_id, category_id, present_in_field) FROM stdin;
2	t	2016-11-24 00:44:31.277-04:30	2016-11-24 00:44:31.277-04:30	2	2	2	f
3	t	2016-11-24 00:46:52.806-04:30	2016-11-24 00:46:52.806-04:30	2	3	2	f
4	t	2016-11-24 00:48:58.383-04:30	2016-11-24 00:48:58.383-04:30	2	4	2	f
5	t	2016-11-24 00:56:21.42-04:30	2016-11-24 00:56:21.42-04:30	2	5	2	f
6	t	2016-11-24 00:58:39.874-04:30	2016-11-24 00:58:39.874-04:30	2	6	2	f
7	t	2016-11-24 01:00:06.506-04:30	2016-11-24 01:00:06.506-04:30	2	7	2	f
8	t	2016-11-24 01:00:56.527-04:30	2016-11-24 01:00:56.527-04:30	2	8	2	f
9	t	2016-11-24 01:02:46.237-04:30	2016-11-24 01:02:46.237-04:30	2	9	2	f
10	t	2016-11-24 01:04:51.006-04:30	2016-11-24 01:04:51.006-04:30	2	10	2	f
11	t	2016-11-24 01:06:32.142-04:30	2016-11-24 01:06:32.142-04:30	2	11	2	f
12	t	2016-11-24 01:07:21.707-04:30	2016-11-24 01:07:21.707-04:30	2	12	2	f
13	t	2016-11-24 01:08:21.879-04:30	2016-11-24 01:08:21.879-04:30	2	13	2	f
14	t	2016-11-24 01:35:57.686-04:30	2016-11-24 01:35:57.686-04:30	3	14	3	f
15	t	2016-11-24 14:14:07.446-04:30	2016-11-24 14:14:07.446-04:30	8	15	2	f
16	t	2016-11-24 14:17:17.735-04:30	2016-11-24 14:17:17.735-04:30	8	16	2	f
17	t	2016-11-24 14:20:55.715-04:30	2016-11-24 14:20:55.715-04:30	8	17	2	f
18	t	2016-11-24 14:24:36.677-04:30	2016-11-24 14:24:36.677-04:30	8	18	2	f
19	t	2016-11-24 17:06:18.541-04:30	2016-11-24 17:06:18.541-04:30	9	19	2	f
20	t	2016-11-25 11:09:37.159-04:30	2016-11-25 11:09:37.159-04:30	9	20	2	f
21	t	2016-11-25 15:43:24.994-04:30	2016-11-25 15:43:24.994-04:30	12	21	2	f
22	t	2016-11-25 15:46:11.032-04:30	2016-11-25 15:46:11.032-04:30	12	25	2	f
23	t	2016-11-25 15:54:44.715-04:30	2016-11-25 15:54:44.715-04:30	12	26	2	f
24	t	2016-11-28 11:39:34.032-04:30	2016-11-28 11:39:34.032-04:30	17	27	3	f
25	t	2016-11-28 11:42:40.539-04:30	2016-11-28 11:42:40.539-04:30	18	28	2	f
27	t	2016-12-26 17:49:26.653-04:30	2016-12-27 13:10:56.105-04:30	20	227	4	t
28	t	2016-12-26 17:49:26.728-04:30	2016-12-27 13:10:56.6-04:30	20	226	4	t
29	t	2016-12-26 17:49:26.737-04:30	2016-12-27 13:10:57.186-04:30	20	225	4	t
30	t	2016-12-26 17:49:26.745-04:30	2016-12-27 13:10:58.758-04:30	20	224	4	t
31	t	2016-12-26 17:49:26.764-04:30	2016-12-27 13:10:59.36-04:30	20	223	4	t
32	t	2016-12-26 17:49:26.797-04:30	2016-12-27 13:11:00.017-04:30	20	222	4	t
33	t	2016-12-26 17:49:26.806-04:30	2016-12-27 13:11:00.561-04:30	20	221	4	t
34	t	2016-12-26 17:49:26.87-04:30	2016-12-27 13:11:01.102-04:30	20	220	4	t
35	t	2016-12-26 17:49:26.881-04:30	2016-12-27 13:11:02.153-04:30	20	219	4	t
37	t	2016-12-26 17:49:26.901-04:30	2016-12-27 13:11:04.504-04:30	20	217	4	t
38	t	2016-12-26 17:49:26.936-04:30	2016-12-27 13:11:05.219-04:30	20	216	4	t
39	t	2016-12-26 17:49:26.946-04:30	2016-12-27 13:11:05.698-04:30	20	215	4	t
40	t	2016-12-26 17:49:27.013-04:30	2016-12-27 13:11:06.322-04:30	20	214	4	t
41	t	2016-12-26 17:49:27.026-04:30	2016-12-27 13:11:08.094-04:30	20	213	4	t
42	t	2016-12-26 17:49:27.034-04:30	2016-12-27 13:11:08.644-04:30	20	212	4	t
43	t	2016-12-26 17:49:27.043-04:30	2016-12-27 13:11:09.235-04:30	20	210	4	t
44	t	2016-12-26 17:49:27.081-04:30	2016-12-27 13:11:09.741-04:30	20	208	4	t
45	t	2016-12-26 17:49:27.09-04:30	2016-12-27 13:11:10.308-04:30	20	211	4	t
46	t	2016-12-26 17:49:27.154-04:30	2016-12-27 13:11:11.027-04:30	20	209	4	t
47	t	2016-12-26 17:49:27.182-04:30	2016-12-27 13:11:11.673-04:30	20	207	4	t
48	t	2016-12-26 17:49:27.19-04:30	2016-12-27 13:11:12.364-04:30	20	206	4	t
49	t	2016-12-26 17:49:27.199-04:30	2016-12-27 13:11:12.973-04:30	20	205	4	t
50	t	2016-12-26 17:49:27.232-04:30	2016-12-27 13:11:13.649-04:30	20	204	4	t
101	t	2016-12-26 17:51:56.398-04:30	2016-12-27 13:14:41.114-04:30	26	104	4	t
102	t	2016-12-26 17:51:56.405-04:30	2016-12-27 13:14:41.6-04:30	26	107	4	t
103	t	2016-12-26 17:51:56.417-04:30	2016-12-27 13:14:42.156-04:30	26	105	4	t
104	t	2016-12-26 17:51:56.436-04:30	2016-12-27 13:14:42.77-04:30	26	108	4	t
106	t	2016-12-26 17:51:56.522-04:30	2016-12-27 13:14:44.837-04:30	26	109	4	t
107	t	2016-12-26 17:51:56.539-04:30	2016-12-27 13:14:45.435-04:30	26	113	4	t
108	t	2016-12-26 17:51:56.549-04:30	2016-12-27 13:14:46.02-04:30	26	111	4	t
52	t	2016-12-26 17:51:32.392-04:30	2016-12-27 14:37:55.428-04:30	28	32	4	t
51	t	2016-12-26 17:51:32.289-04:30	2016-12-27 14:37:57.73-04:30	28	30	4	t
53	t	2016-12-26 17:51:32.404-04:30	2016-12-27 14:38:00.053-04:30	28	31	4	t
54	t	2016-12-26 17:51:32.41-04:30	2016-12-27 14:38:00.673-04:30	28	29	4	t
55	t	2016-12-26 17:51:32.421-04:30	2016-12-27 14:38:01.165-04:30	28	33	4	t
76	t	2016-12-26 17:51:38.289-04:30	2016-12-27 14:38:01.253-04:30	24	154	4	t
56	t	2016-12-26 17:51:32.433-04:30	2016-12-27 14:38:01.655-04:30	28	34	4	t
77	t	2016-12-26 17:51:38.298-04:30	2016-12-27 14:38:01.758-04:30	24	158	4	t
57	t	2016-12-26 17:51:32.443-04:30	2016-12-27 14:38:02.157-04:30	28	38	4	t
78	t	2016-12-26 17:51:38.31-04:30	2016-12-27 14:38:02.204-04:30	24	156	4	t
79	t	2016-12-26 17:51:38.319-04:30	2016-12-27 14:38:02.633-04:30	24	155	4	t
58	t	2016-12-26 17:51:32.537-04:30	2016-12-27 14:38:02.687-04:30	28	35	4	t
80	t	2016-12-26 17:51:38.385-04:30	2016-12-27 14:38:03.14-04:30	24	157	4	t
59	t	2016-12-26 17:51:32.549-04:30	2016-12-27 14:38:03.525-04:30	28	36	4	t
81	t	2016-12-26 17:51:38.412-04:30	2016-12-27 14:38:03.6-04:30	24	159	4	t
60	t	2016-12-26 17:51:32.563-04:30	2016-12-27 14:38:04.504-04:30	28	37	4	t
83	t	2016-12-26 17:51:38.446-04:30	2016-12-27 14:38:04.703-04:30	24	163	4	t
84	t	2016-12-26 17:51:38.457-04:30	2016-12-27 14:38:05.205-04:30	24	161	4	t
61	t	2016-12-26 17:51:32.571-04:30	2016-12-27 14:38:05.334-04:30	28	39	4	t
85	t	2016-12-26 17:51:38.466-04:30	2016-12-27 14:38:05.774-04:30	24	162	4	t
86	t	2016-12-26 17:51:38.527-04:30	2016-12-27 14:38:06.223-04:30	24	164	4	t
87	t	2016-12-26 17:51:38.562-04:30	2016-12-27 14:38:06.938-04:30	24	165	4	t
88	t	2016-12-26 17:51:38.574-04:30	2016-12-27 14:38:07.501-04:30	24	166	4	t
62	t	2016-12-26 17:51:32.582-04:30	2016-12-27 14:38:08.033-04:30	28	43	4	t
63	t	2016-12-26 17:51:32.592-04:30	2016-12-27 14:38:08.665-04:30	28	42	4	t
64	t	2016-12-26 17:51:32.685-04:30	2016-12-27 14:38:09.293-04:30	28	40	4	t
65	t	2016-12-26 17:51:32.691-04:30	2016-12-27 14:38:09.954-04:30	28	44	4	t
66	t	2016-12-26 17:51:32.705-04:30	2016-12-27 14:38:10.619-04:30	28	47	4	t
89	t	2016-12-26 17:51:38.583-04:30	2016-12-27 14:38:10.819-04:30	24	167	4	t
67	t	2016-12-26 17:51:32.712-04:30	2016-12-27 14:38:11.191-04:30	28	45	4	t
90	t	2016-12-26 17:51:38.598-04:30	2016-12-27 14:38:11.314-04:30	24	168	4	t
68	t	2016-12-26 17:51:32.726-04:30	2016-12-27 14:38:11.639-04:30	28	46	4	t
91	t	2016-12-26 17:51:38.609-04:30	2016-12-27 14:38:12.119-04:30	24	169	4	t
92	t	2016-12-26 17:51:38.668-04:30	2016-12-27 14:38:12.716-04:30	24	170	4	t
70	t	2016-12-26 17:51:32.839-04:30	2016-12-27 14:38:13.018-04:30	28	49	4	t
93	t	2016-12-26 17:51:38.7-04:30	2016-12-27 14:38:13.228-04:30	24	171	4	t
71	t	2016-12-26 17:51:32.849-04:30	2016-12-27 14:38:13.512-04:30	28	41	4	t
72	t	2016-12-26 17:51:32.858-04:30	2016-12-27 14:38:14.066-04:30	28	50	4	t
94	t	2016-12-26 17:51:38.719-04:30	2016-12-27 14:38:14.137-04:30	24	172	4	t
95	t	2016-12-26 17:51:38.727-04:30	2016-12-27 14:38:16.055-04:30	24	173	4	t
96	t	2016-12-26 17:51:38.739-04:30	2016-12-27 14:38:16.656-04:30	24	174	4	t
73	t	2016-12-26 17:51:32.866-04:30	2016-12-27 14:38:17.02-04:30	28	51	4	t
97	t	2016-12-26 17:51:38.749-04:30	2016-12-27 14:38:17.1-04:30	24	175	4	t
74	t	2016-12-26 17:51:32.876-04:30	2016-12-27 14:38:17.583-04:30	28	52	4	t
98	t	2016-12-26 17:51:38.808-04:30	2016-12-27 14:38:17.768-04:30	24	176	4	t
99	t	2016-12-26 17:51:38.846-04:30	2016-12-27 14:38:18.26-04:30	24	177	4	t
75	t	2016-12-26 17:51:32.887-04:30	2016-12-27 14:38:18.748-04:30	28	53	4	t
100	t	2016-12-26 17:51:38.86-04:30	2016-12-27 14:38:18.769-04:30	24	178	4	t
109	t	2016-12-26 17:51:56.563-04:30	2016-12-27 13:14:46.624-04:30	26	110	4	t
110	t	2016-12-26 17:51:56.581-04:30	2016-12-27 13:14:48.613-04:30	26	117	4	t
137	t	2016-12-26 17:52:10.97-04:30	2016-12-27 14:38:52.232-04:30	22	190	4	t
138	t	2016-12-26 17:52:10.986-04:30	2016-12-27 14:38:52.791-04:30	22	191	4	t
139	t	2016-12-26 17:52:11-04:30	2016-12-27 14:38:53.412-04:30	22	192	4	t
140	t	2016-12-26 17:52:11.008-04:30	2016-12-27 14:38:53.934-04:30	22	193	4	t
141	t	2016-12-26 17:52:11.078-04:30	2016-12-27 14:38:54.45-04:30	22	194	4	t
142	t	2016-12-26 17:52:11.114-04:30	2016-12-27 14:38:54.997-04:30	22	195	4	t
428	t	2016-12-27 15:49:20.705-04:30	2016-12-27 15:52:55.002-04:30	28	430	4	t
429	t	2016-12-27 15:49:20.714-04:30	2016-12-27 15:53:01.042-04:30	28	434	4	t
430	t	2016-12-27 15:49:20.722-04:30	2016-12-27 15:53:02.417-04:30	28	433	4	t
431	t	2016-12-27 15:49:20.733-04:30	2016-12-27 15:53:03.714-04:30	28	431	4	t
432	t	2016-12-27 15:49:20.743-04:30	2016-12-27 15:53:04.772-04:30	28	432	4	t
433	t	2016-12-27 15:49:20.834-04:30	2016-12-27 15:53:06.253-04:30	28	435	4	t
434	t	2016-12-27 15:49:20.85-04:30	2016-12-27 15:53:07.147-04:30	28	438	4	t
435	t	2016-12-27 15:49:20.858-04:30	2016-12-27 15:53:13.73-04:30	28	436	4	t
437	t	2016-12-27 15:49:21.069-04:30	2016-12-27 15:53:32.135-04:30	28	440	4	t
438	t	2016-12-27 15:49:21.083-04:30	2016-12-27 15:53:33.025-04:30	28	441	4	t
436	t	2016-12-27 15:49:20.882-04:30	2016-12-27 15:53:34.047-04:30	28	437	4	t
439	t	2016-12-27 15:49:21.092-04:30	2016-12-27 15:53:35.063-04:30	28	443	4	t
440	t	2016-12-27 15:49:21.103-04:30	2016-12-27 15:53:35.844-04:30	28	444	4	t
441	t	2016-12-27 15:49:21.213-04:30	2016-12-27 15:53:36.602-04:30	28	445	4	t
442	t	2016-12-27 15:49:21.223-04:30	2016-12-27 15:53:37.544-04:30	28	446	4	t
443	t	2016-12-27 15:49:21.234-04:30	2016-12-27 15:53:39.318-04:30	28	447	4	t
463	t	2016-12-27 15:49:22.304-04:30	2016-12-27 15:53:40.016-04:30	28	468	4	t
464	t	2016-12-27 15:49:22.338-04:30	2016-12-27 15:53:40.729-04:30	28	454	4	t
465	t	2016-12-27 15:49:22.346-04:30	2016-12-27 15:53:41.438-04:30	28	458	4	t
466	t	2016-12-27 15:49:22.36-04:30	2016-12-27 15:53:42.143-04:30	28	455	4	t
467	t	2016-12-27 15:49:22.428-04:30	2016-12-27 15:53:43.635-04:30	28	469	4	t
468	t	2016-12-27 15:49:22.444-04:30	2016-12-27 15:53:44.391-04:30	28	470	4	t
469	t	2016-12-27 15:49:22.453-04:30	2016-12-27 15:53:45.128-04:30	28	471	4	t
470	t	2016-12-27 15:49:22.477-04:30	2016-12-27 15:53:45.89-04:30	28	472	4	t
471	t	2016-12-27 15:49:22.487-04:30	2016-12-27 15:53:47.331-04:30	28	473	4	t
472	t	2016-12-27 15:49:22.501-04:30	2016-12-27 15:53:48.094-04:30	28	474	4	t
473	t	2016-12-27 15:49:22.57-04:30	2016-12-27 15:53:48.788-04:30	28	475	4	t
474	t	2016-12-27 15:49:22.584-04:30	2016-12-27 15:53:50.402-04:30	28	476	4	t
475	t	2016-12-27 15:49:22.594-04:30	2016-12-27 15:53:51.112-04:30	28	477	4	t
476	t	2016-12-27 15:49:22.615-04:30	2016-12-27 15:53:52.206-04:30	28	478	4	t
572	t	2016-12-27 15:57:16.738-04:30	2016-12-27 15:57:38.667-04:30	23	548	4	t
574	t	2016-12-27 15:57:16.797-04:30	2016-12-27 17:22:44.244-04:30	23	562	4	t
575	t	2016-12-27 15:57:16.821-04:30	2016-12-27 15:57:40.171-04:30	23	571	4	t
529	t	2016-12-27 15:57:14.449-04:30	2016-12-27 15:57:44.287-04:30	23	530	4	t
540	t	2016-12-27 15:57:14.702-04:30	2016-12-27 15:57:55.625-04:30	23	567	4	t
711	t	2016-12-27 16:02:27.436-04:30	2016-12-27 16:02:53.935-04:30	26	711	4	t
712	t	2016-12-27 16:02:27.469-04:30	2016-12-27 16:02:54.27-04:30	26	712	4	t
713	t	2016-12-27 16:02:27.486-04:30	2016-12-27 16:02:54.915-04:30	26	715	4	t
714	t	2016-12-27 16:02:27.525-04:30	2016-12-27 16:02:55.234-04:30	26	716	4	t
715	t	2016-12-27 16:02:27.591-04:30	2016-12-27 16:02:55.677-04:30	26	717	4	t
716	t	2016-12-27 16:02:27.599-04:30	2016-12-27 16:02:56.223-04:30	26	719	4	t
717	t	2016-12-27 16:02:27.678-04:30	2016-12-27 16:02:56.713-04:30	26	722	4	t
718	t	2016-12-27 16:02:27.695-04:30	2016-12-27 16:02:57.465-04:30	26	691	4	t
719	t	2016-12-27 16:02:27.724-04:30	2016-12-27 16:02:58.114-04:30	26	720	4	t
720	t	2016-12-27 16:02:27.764-04:30	2016-12-27 16:02:59.906-04:30	26	721	4	t
721	t	2016-12-27 16:02:27.777-04:30	2016-12-27 16:03:00.279-04:30	26	724	4	t
722	t	2016-12-27 16:02:27.9-04:30	2016-12-27 16:03:00.624-04:30	26	726	4	t
723	t	2016-12-27 16:02:27.905-04:30	2016-12-27 16:03:01.185-04:30	26	723	4	t
724	t	2016-12-27 16:02:27.925-04:30	2016-12-27 16:03:01.937-04:30	26	728	4	t
725	t	2016-12-27 16:02:27.943-04:30	2016-12-27 16:03:03.296-04:30	26	725	4	t
726	t	2016-12-27 16:02:27.953-04:30	2016-12-27 16:03:03.747-04:30	26	727	4	t
727	t	2016-12-27 16:02:28.038-04:30	2016-12-27 16:03:04.655-04:30	26	729	4	t
728	t	2016-12-27 16:02:28.326-04:30	2016-12-27 16:03:04.741-04:30	26	718	4	t
786	t	2016-12-27 16:05:54.443-04:30	2016-12-27 16:06:09.914-04:30	21	786	4	t
787	t	2016-12-27 16:05:54.478-04:30	2016-12-27 16:06:11.094-04:30	21	787	4	t
788	t	2016-12-27 16:05:54.49-04:30	2016-12-27 16:06:11.547-04:30	21	790	4	t
789	t	2016-12-27 16:05:54.499-04:30	2016-12-27 16:06:12.065-04:30	21	791	4	t
790	t	2016-12-27 16:05:54.51-04:30	2016-12-27 16:06:12.903-04:30	21	788	4	t
791	t	2016-12-27 16:05:54.579-04:30	2016-12-27 16:06:13.359-04:30	21	792	4	t
792	t	2016-12-27 16:05:54.588-04:30	2016-12-27 16:06:13.996-04:30	21	793	4	t
793	t	2016-12-27 16:05:54.616-04:30	2016-12-27 16:06:14.493-04:30	21	794	4	t
794	t	2016-12-27 16:05:54.629-04:30	2016-12-27 16:06:15.151-04:30	21	795	4	t
795	t	2016-12-27 16:05:54.638-04:30	2016-12-27 16:06:15.666-04:30	21	796	4	t
796	t	2016-12-27 16:05:54.65-04:30	2016-12-27 16:06:17.402-04:30	21	797	4	t
797	t	2016-12-27 16:05:54.717-04:30	2016-12-27 16:06:17.869-04:30	21	798	4	t
798	t	2016-12-27 16:05:54.726-04:30	2016-12-27 16:06:18.278-04:30	21	799	4	t
799	t	2016-12-27 16:05:54.753-04:30	2016-12-27 16:06:18.702-04:30	21	800	4	t
800	t	2016-12-27 16:05:54.767-04:30	2016-12-27 16:06:19.18-04:30	21	801	4	t
801	t	2016-12-27 16:05:54.777-04:30	2016-12-27 16:06:19.598-04:30	21	802	4	t
802	t	2016-12-27 16:05:54.797-04:30	2016-12-27 16:06:20.033-04:30	21	803	4	t
803	t	2016-12-27 16:05:54.867-04:30	2016-12-27 16:06:20.458-04:30	21	804	4	t
804	t	2016-12-27 16:05:54.875-04:30	2016-12-27 16:06:21.006-04:30	21	805	4	t
805	t	2016-12-27 16:05:54.888-04:30	2016-12-27 16:06:22.019-04:30	21	806	4	t
806	t	2016-12-27 16:05:54.906-04:30	2016-12-27 16:06:22.334-04:30	21	809	4	t
807	t	2016-12-27 16:05:54.915-04:30	2016-12-27 16:06:23.243-04:30	21	808	4	t
808	t	2016-12-27 16:05:54.934-04:30	2016-12-27 16:06:24.548-04:30	21	807	4	t
809	t	2016-12-27 16:05:55.008-04:30	2016-12-27 16:06:24.94-04:30	21	810	4	t
810	t	2016-12-27 16:05:55.017-04:30	2016-12-27 16:06:25.427-04:30	21	811	4	t
811	t	2016-12-27 16:05:55.037-04:30	2016-12-27 16:06:25.864-04:30	21	813	4	t
573	t	2016-12-27 15:57:16.786-04:30	2016-12-28 15:00:13.926-04:30	23	558	4	t
151	t	2016-12-26 17:52:23.874-04:30	2016-12-27 13:11:48.701-04:30	23	79	4	t
152	t	2016-12-26 17:52:23.884-04:30	2016-12-27 17:25:51.889-04:30	23	80	4	t
111	t	2016-12-26 17:51:56.59-04:30	2016-12-27 13:14:49.237-04:30	26	120	4	t
112	t	2016-12-26 17:51:56.669-04:30	2016-12-27 13:14:50.34-04:30	26	123	4	t
113	t	2016-12-26 17:51:56.682-04:30	2016-12-27 13:14:50.916-04:30	26	112	4	t
114	t	2016-12-26 17:51:56.69-04:30	2016-12-27 13:14:51.521-04:30	26	115	4	t
115	t	2016-12-26 17:51:56.708-04:30	2016-12-27 13:14:52.142-04:30	26	128	4	t
116	t	2016-12-26 17:51:56.73-04:30	2016-12-27 13:14:52.765-04:30	26	118	4	t
117	t	2016-12-26 17:51:56.739-04:30	2016-12-27 13:14:53.299-04:30	26	122	4	t
118	t	2016-12-26 17:51:56.81-04:30	2016-12-27 13:14:54.765-04:30	26	126	4	t
119	t	2016-12-26 17:51:56.822-04:30	2016-12-27 13:14:55.315-04:30	26	114	4	t
120	t	2016-12-26 17:51:56.83-04:30	2016-12-27 13:14:56-04:30	26	119	4	t
121	t	2016-12-26 17:51:56.849-04:30	2016-12-27 13:14:57.103-04:30	26	125	4	t
122	t	2016-12-26 17:51:56.87-04:30	2016-12-27 13:14:58.061-04:30	26	127	4	t
123	t	2016-12-26 17:51:56.885-04:30	2016-12-27 13:14:58.927-04:30	26	116	4	t
124	t	2016-12-26 17:51:56.954-04:30	2016-12-27 13:14:59.502-04:30	26	121	4	t
125	t	2016-12-26 17:51:56.965-04:30	2016-12-27 13:15:00.098-04:30	26	124	4	t
201	t	2016-12-26 17:52:43.735-04:30	2016-12-27 14:39:40.255-04:30	21	54	4	t
202	t	2016-12-26 17:52:43.772-04:30	2016-12-27 14:39:40.831-04:30	21	56	4	t
203	t	2016-12-26 17:52:43.783-04:30	2016-12-27 14:39:41.348-04:30	21	55	4	t
204	t	2016-12-26 17:52:43.822-04:30	2016-12-27 14:39:41.855-04:30	21	57	4	t
215	t	2016-12-26 17:52:44.064-04:30	2016-12-27 14:39:43.071-04:30	21	68	4	t
216	t	2016-12-26 17:52:44.104-04:30	2016-12-27 14:39:43.694-04:30	21	69	4	t
217	t	2016-12-26 17:52:44.116-04:30	2016-12-27 14:39:44.238-04:30	21	70	4	t
218	t	2016-12-26 17:52:44.142-04:30	2016-12-27 14:39:44.95-04:30	21	71	4	t
219	t	2016-12-26 17:52:44.158-04:30	2016-12-27 14:39:45.378-04:30	21	72	4	t
220	t	2016-12-26 17:52:44.203-04:30	2016-12-27 14:39:45.993-04:30	21	73	4	t
221	t	2016-12-26 17:52:44.212-04:30	2016-12-27 14:39:46.897-04:30	21	74	4	t
222	t	2016-12-26 17:52:44.241-04:30	2016-12-27 14:39:46.997-04:30	21	75	4	t
223	t	2016-12-26 17:52:44.255-04:30	2016-12-27 14:39:47.401-04:30	21	77	4	t
224	t	2016-12-26 17:52:44.296-04:30	2016-12-27 14:39:49.227-04:30	21	76	4	t
225	t	2016-12-26 17:52:44.344-04:30	2016-12-27 14:39:49.719-04:30	21	78	4	t
491	t	2016-12-27 15:50:10.486-04:30	2016-12-27 15:50:10.486-04:30	24	494	4	f
492	t	2016-12-27 15:50:10.568-04:30	2016-12-27 15:50:10.568-04:30	24	495	4	f
493	t	2016-12-27 15:50:10.581-04:30	2016-12-27 15:50:10.581-04:30	24	496	4	f
494	t	2016-12-27 15:50:10.589-04:30	2016-12-27 15:50:10.589-04:30	24	497	4	f
495	t	2016-12-27 15:50:10.606-04:30	2016-12-27 15:50:10.606-04:30	24	498	4	f
496	t	2016-12-27 15:50:10.626-04:30	2016-12-27 15:50:10.626-04:30	24	499	4	f
497	t	2016-12-27 15:50:10.634-04:30	2016-12-27 15:50:10.634-04:30	24	500	4	f
498	t	2016-12-27 15:50:10.709-04:30	2016-12-27 15:50:10.709-04:30	24	501	4	f
499	t	2016-12-27 15:50:10.721-04:30	2016-12-27 15:50:10.721-04:30	24	502	4	f
500	t	2016-12-27 15:50:10.733-04:30	2016-12-27 15:50:10.733-04:30	24	503	4	f
501	t	2016-12-27 15:50:10.749-04:30	2016-12-27 15:50:10.749-04:30	24	504	4	f
502	t	2016-12-27 15:50:10.767-04:30	2016-12-27 15:50:10.767-04:30	24	505	4	f
503	t	2016-12-27 15:50:10.777-04:30	2016-12-27 15:50:10.777-04:30	24	506	4	f
504	t	2016-12-27 15:50:10.848-04:30	2016-12-27 15:50:10.848-04:30	24	507	4	f
505	t	2016-12-27 15:50:10.863-04:30	2016-12-27 15:50:10.863-04:30	24	509	4	f
506	t	2016-12-27 15:50:10.896-04:30	2016-12-27 15:50:10.896-04:30	24	508	4	f
507	t	2016-12-27 15:50:10.903-04:30	2016-12-27 15:50:10.903-04:30	24	510	4	f
508	t	2016-12-27 15:50:10.913-04:30	2016-12-27 15:50:10.913-04:30	24	513	4	f
509	t	2016-12-27 15:50:10.924-04:30	2016-12-27 15:50:10.924-04:30	24	511	4	f
510	t	2016-12-27 15:50:10.988-04:30	2016-12-27 15:50:10.988-04:30	24	512	4	f
511	t	2016-12-27 15:50:11.001-04:30	2016-12-27 15:50:11.001-04:30	24	514	4	f
512	t	2016-12-27 15:50:11.038-04:30	2016-12-27 15:50:11.038-04:30	24	515	4	f
513	t	2016-12-27 15:50:11.053-04:30	2016-12-27 15:50:11.053-04:30	24	516	4	f
444	t	2016-12-27 15:49:21.244-04:30	2016-12-27 15:53:53.098-04:30	28	448	4	t
445	t	2016-12-27 15:49:21.358-04:30	2016-12-27 15:53:54.618-04:30	28	449	4	t
446	t	2016-12-27 15:49:21.368-04:30	2016-12-27 15:53:55.331-04:30	28	450	4	t
447	t	2016-12-27 15:49:21.38-04:30	2016-12-27 15:54:00.579-04:30	28	451	4	t
448	t	2016-12-27 15:49:21.39-04:30	2016-12-27 15:54:01.742-04:30	28	452	4	t
449	t	2016-12-27 15:49:21.696-04:30	2016-12-27 15:54:52.115-04:30	28	453	4	t
450	t	2016-12-27 15:49:21.704-04:30	2016-12-27 15:54:52.911-04:30	28	442	4	t
451	t	2016-12-27 15:49:21.722-04:30	2016-12-27 15:54:53.319-04:30	28	439	4	t
452	t	2016-12-27 15:49:21.835-04:30	2016-12-27 15:54:53.955-04:30	28	457	4	t
453	t	2016-12-27 15:49:21.844-04:30	2016-12-27 15:54:54.604-04:30	28	456	4	t
454	t	2016-12-27 15:49:21.86-04:30	2016-12-27 15:54:55.145-04:30	28	459	4	t
455	t	2016-12-27 15:49:21.976-04:30	2016-12-27 15:54:55.977-04:30	28	460	4	t
456	t	2016-12-27 15:49:21.988-04:30	2016-12-27 15:54:56.831-04:30	28	463	4	t
457	t	2016-12-27 15:49:22.001-04:30	2016-12-27 15:54:58.817-04:30	28	461	4	t
458	t	2016-12-27 15:49:22.138-04:30	2016-12-27 15:54:59.315-04:30	28	462	4	t
459	t	2016-12-27 15:49:22.147-04:30	2016-12-27 15:54:59.838-04:30	28	464	4	t
460	t	2016-12-27 15:49:22.165-04:30	2016-12-27 15:55:00.444-04:30	28	465	4	t
461	t	2016-12-27 15:49:22.285-04:30	2016-12-27 15:55:01.098-04:30	28	466	4	t
462	t	2016-12-27 15:49:22.294-04:30	2016-12-27 15:55:01.841-04:30	28	467	4	t
576	t	2016-12-27 15:57:16.823-04:30	2016-12-27 15:57:40.824-04:30	23	566	4	t
577	t	2016-12-27 15:57:16.835-04:30	2016-12-27 15:57:41.647-04:30	23	576	4	t
578	t	2016-12-27 15:57:17.192-04:30	2016-12-27 15:57:43.202-04:30	23	553	4	t
812	t	2016-12-27 16:05:55.044-04:30	2016-12-27 16:06:42.029-04:30	21	812	4	t
813	t	2016-12-27 16:05:55.055-04:30	2016-12-27 16:06:42.465-04:30	21	814	4	t
814	t	2016-12-27 16:05:55.07-04:30	2016-12-27 16:06:42.796-04:30	21	815	4	t
815	t	2016-12-27 16:05:55.15-04:30	2016-12-27 16:06:43.133-04:30	21	816	4	t
816	t	2016-12-27 16:05:55.162-04:30	2016-12-27 16:06:43.488-04:30	21	817	4	t
817	t	2016-12-27 16:05:55.176-04:30	2016-12-27 16:06:43.883-04:30	21	819	4	t
818	t	2016-12-27 16:05:55.186-04:30	2016-12-27 16:06:44.335-04:30	21	818	4	t
819	t	2016-12-27 16:05:55.196-04:30	2016-12-27 16:06:44.778-04:30	21	820	4	t
820	t	2016-12-27 16:05:55.208-04:30	2016-12-27 16:06:45.206-04:30	21	821	4	t
821	t	2016-12-27 16:05:55.288-04:30	2016-12-27 16:06:45.613-04:30	21	822	4	t
729	t	2016-12-27 16:04:58.702-04:30	2016-12-27 16:07:22.765-04:30	22	731	4	t
730	t	2016-12-27 16:04:58.794-04:30	2016-12-27 16:07:23.971-04:30	22	735	4	t
731	t	2016-12-27 16:04:58.804-04:30	2016-12-27 16:07:24.383-04:30	22	740	4	t
769	t	2016-12-27 16:04:59.767-04:30	2016-12-27 16:07:24.794-04:30	22	770	4	t
771	t	2016-12-27 16:04:59.784-04:30	2016-12-27 16:07:25.178-04:30	22	772	4	t
772	t	2016-12-27 16:04:59.837-04:30	2016-12-27 16:07:25.7-04:30	22	773	4	t
773	t	2016-12-27 16:04:59.904-04:30	2016-12-27 16:07:26.162-04:30	22	774	4	t
774	t	2016-12-27 16:04:59.915-04:30	2016-12-27 16:07:26.596-04:30	22	775	4	t
775	t	2016-12-27 16:04:59.939-04:30	2016-12-27 16:07:27.031-04:30	22	776	4	t
167	t	2016-12-26 17:52:24.211-04:30	2016-12-27 17:20:24.819-04:30	23	95	4	f
183	f	2016-12-26 17:52:33.013-04:30	2016-12-26 17:53:38.772-04:30	27	136	4	f
26	t	2016-12-26 17:49:26.646-04:30	2016-12-27 13:10:55.985-04:30	20	228	4	t
36	t	2016-12-26 17:49:26.888-04:30	2016-12-27 13:11:03.738-04:30	20	218	4	t
153	t	2016-12-26 17:52:23.892-04:30	2016-12-27 13:11:50.329-04:30	23	81	4	t
154	t	2016-12-26 17:52:23.903-04:30	2016-12-27 13:11:50.93-04:30	23	82	4	t
155	t	2016-12-26 17:52:23.912-04:30	2016-12-27 13:11:52.524-04:30	23	83	4	t
156	t	2016-12-26 17:52:24-04:30	2016-12-27 13:11:53.078-04:30	23	84	4	t
157	t	2016-12-26 17:52:24.014-04:30	2016-12-27 13:11:53.588-04:30	23	85	4	t
158	t	2016-12-26 17:52:24.034-04:30	2016-12-27 13:11:54.155-04:30	23	86	4	t
159	t	2016-12-26 17:52:24.04-04:30	2016-12-27 13:11:54.722-04:30	23	87	4	t
160	t	2016-12-26 17:52:24.051-04:30	2016-12-27 13:11:56.204-04:30	23	88	4	t
161	t	2016-12-26 17:52:24.071-04:30	2016-12-27 13:11:57.123-04:30	23	89	4	t
162	t	2016-12-26 17:52:24.14-04:30	2016-12-27 13:11:57.751-04:30	23	90	4	t
163	t	2016-12-26 17:52:24.153-04:30	2016-12-27 13:11:58.298-04:30	23	91	4	t
164	t	2016-12-26 17:52:24.178-04:30	2016-12-27 13:11:59.084-04:30	23	92	4	t
165	t	2016-12-26 17:52:24.186-04:30	2016-12-27 13:11:59.84-04:30	23	93	4	t
166	t	2016-12-26 17:52:24.2-04:30	2016-12-27 18:48:41.966-04:30	23	94	4	t
168	t	2016-12-26 17:52:24.281-04:30	2016-12-28 16:32:20.851-04:30	23	96	4	f
169	t	2016-12-26 17:52:24.292-04:30	2016-12-27 17:20:26.419-04:30	23	97	4	f
170	t	2016-12-26 17:52:24.32-04:30	2016-12-27 17:20:27.299-04:30	23	98	4	f
171	t	2016-12-26 17:52:24.33-04:30	2016-12-27 17:20:27.897-04:30	23	99	4	f
172	t	2016-12-26 17:52:24.34-04:30	2016-12-27 18:44:28.713-04:30	23	100	4	f
173	t	2016-12-26 17:52:24.355-04:30	2016-12-27 17:20:28.894-04:30	23	101	4	f
174	t	2016-12-26 17:52:24.422-04:30	2016-12-27 17:20:30.11-04:30	23	102	4	f
175	t	2016-12-26 17:52:24.433-04:30	2016-12-27 17:20:30.411-04:30	23	103	4	f
105	t	2016-12-26 17:51:56.44-04:30	2016-12-27 13:14:44.233-04:30	26	106	4	t
176	t	2016-12-26 17:52:32.858-04:30	2016-12-27 13:15:19.93-04:30	27	129	4	t
177	t	2016-12-26 17:52:32.874-04:30	2016-12-27 13:15:20.511-04:30	27	133	4	t
178	t	2016-12-26 17:52:32.883-04:30	2016-12-27 13:15:21.093-04:30	27	131	4	t
179	t	2016-12-26 17:52:32.966-04:30	2016-12-27 13:15:21.638-04:30	27	132	4	t
180	t	2016-12-26 17:52:32.976-04:30	2016-12-27 13:15:22.66-04:30	27	130	4	t
181	t	2016-12-26 17:52:32.986-04:30	2016-12-27 13:15:23.618-04:30	27	134	4	t
182	t	2016-12-26 17:52:32.999-04:30	2016-12-27 13:15:25.381-04:30	27	135	4	t
184	t	2016-12-26 17:52:33.029-04:30	2016-12-27 13:15:25.95-04:30	27	137	4	t
185	t	2016-12-26 17:52:33.107-04:30	2016-12-27 13:15:26.644-04:30	27	138	4	t
186	t	2016-12-26 17:52:33.118-04:30	2016-12-27 13:15:27.207-04:30	27	139	4	t
187	t	2016-12-26 17:52:33.128-04:30	2016-12-27 13:15:27.806-04:30	27	140	4	t
188	t	2016-12-26 17:52:33.139-04:30	2016-12-27 13:15:28.472-04:30	27	141	4	t
189	t	2016-12-26 17:52:33.15-04:30	2016-12-27 13:15:29.063-04:30	27	142	4	t
190	t	2016-12-26 17:52:33.168-04:30	2016-12-27 13:15:30.85-04:30	27	143	4	t
191	t	2016-12-26 17:52:33.248-04:30	2016-12-27 13:15:31.421-04:30	27	144	4	t
192	t	2016-12-26 17:52:33.26-04:30	2016-12-27 13:15:31.988-04:30	27	145	4	t
193	t	2016-12-26 17:52:33.27-04:30	2016-12-27 13:15:32.658-04:30	27	146	4	t
194	t	2016-12-26 17:52:33.282-04:30	2016-12-27 13:15:33.246-04:30	27	147	4	t
195	t	2016-12-26 17:52:33.294-04:30	2016-12-27 13:15:33.94-04:30	27	148	4	t
196	t	2016-12-26 17:52:33.31-04:30	2016-12-27 13:15:35.429-04:30	27	149	4	t
197	t	2016-12-26 17:52:33.388-04:30	2016-12-27 13:15:35.871-04:30	27	150	4	t
198	t	2016-12-26 17:52:33.406-04:30	2016-12-27 13:15:36.364-04:30	27	151	4	t
199	t	2016-12-26 17:52:33.416-04:30	2016-12-27 13:15:36.98-04:30	27	152	4	t
200	t	2016-12-26 17:52:33.425-04:30	2016-12-27 13:15:37.608-04:30	27	153	4	t
227	t	2016-12-27 13:20:25.722-04:30	2016-12-27 13:20:47.644-04:30	27	136	4	t
226	t	2016-12-27 12:27:12.035-04:30	2016-12-28 13:45:26.578-04:30	29	229	4	f
229	t	2016-12-27 14:12:57.169-04:30	2016-12-27 14:36:49.681-04:30	20	309	4	t
230	t	2016-12-27 14:12:57.178-04:30	2016-12-27 14:36:50.324-04:30	20	311	4	t
231	t	2016-12-27 14:12:57.183-04:30	2016-12-27 14:36:50.889-04:30	20	314	4	t
232	t	2016-12-27 14:12:57.198-04:30	2016-12-27 14:36:51.498-04:30	20	317	4	t
233	t	2016-12-27 14:12:57.24-04:30	2016-12-27 14:36:52.191-04:30	20	316	4	t
234	t	2016-12-27 14:12:57.317-04:30	2016-12-27 14:36:52.774-04:30	20	318	4	t
235	t	2016-12-27 14:12:57.339-04:30	2016-12-27 14:36:53.443-04:30	20	321	4	t
236	t	2016-12-27 14:12:57.349-04:30	2016-12-27 14:36:54.028-04:30	20	322	4	t
237	t	2016-12-27 14:12:57.357-04:30	2016-12-27 14:36:54.873-04:30	20	325	4	t
238	t	2016-12-27 14:12:57.372-04:30	2016-12-27 14:36:57.373-04:30	20	326	4	t
239	t	2016-12-27 14:12:57.392-04:30	2016-12-27 14:36:58.143-04:30	20	328	4	t
240	t	2016-12-27 14:12:57.471-04:30	2016-12-27 14:36:58.95-04:30	20	310	4	t
241	t	2016-12-27 14:12:57.56-04:30	2016-12-27 14:37:00.097-04:30	20	312	4	t
242	t	2016-12-27 14:12:57.625-04:30	2016-12-27 14:37:00.784-04:30	20	320	4	t
243	t	2016-12-27 14:12:57.625-04:30	2016-12-27 14:37:01.589-04:30	20	324	4	t
244	t	2016-12-27 14:12:57.625-04:30	2016-12-27 14:37:02.384-04:30	20	327	4	t
245	t	2016-12-27 14:12:57.626-04:30	2016-12-27 14:37:03.204-04:30	20	305	4	t
247	t	2016-12-27 14:12:57.787-04:30	2016-12-27 14:37:06.522-04:30	20	306	4	t
253	t	2016-12-27 14:13:20.808-04:30	2016-12-27 14:38:19.499-04:30	28	255	4	t
254	t	2016-12-27 14:13:20.836-04:30	2016-12-27 14:38:20.25-04:30	28	257	4	t
126	t	2016-12-26 17:52:10.686-04:30	2016-12-27 14:38:55.485-04:30	22	179	4	t
127	t	2016-12-26 17:52:10.696-04:30	2016-12-27 14:38:56.032-04:30	22	183	4	t
128	t	2016-12-26 17:52:10.705-04:30	2016-12-27 14:38:56.62-04:30	22	181	4	t
129	t	2016-12-26 17:52:10.715-04:30	2016-12-27 14:38:59.065-04:30	22	180	4	t
130	t	2016-12-26 17:52:10.814-04:30	2016-12-27 14:38:59.63-04:30	22	182	4	t
131	t	2016-12-26 17:52:10.828-04:30	2016-12-27 14:39:00.412-04:30	22	184	4	t
132	t	2016-12-26 17:52:10.845-04:30	2016-12-27 14:39:01.065-04:30	22	187	4	t
133	t	2016-12-26 17:52:10.856-04:30	2016-12-27 14:39:01.452-04:30	22	185	4	t
134	t	2016-12-26 17:52:10.865-04:30	2016-12-27 14:39:02.015-04:30	22	186	4	t
135	t	2016-12-26 17:52:10.937-04:30	2016-12-27 14:39:02.483-04:30	22	188	4	t
136	t	2016-12-26 17:52:10.965-04:30	2016-12-27 14:39:03.048-04:30	22	189	4	t
143	t	2016-12-26 17:52:11.122-04:30	2016-12-27 14:39:04.1-04:30	22	196	4	t
144	t	2016-12-26 17:52:11.133-04:30	2016-12-27 14:39:04.8-04:30	22	197	4	t
145	t	2016-12-26 17:52:11.14-04:30	2016-12-27 14:39:05.573-04:30	22	198	4	t
146	t	2016-12-26 17:52:11.208-04:30	2016-12-27 14:39:07.048-04:30	22	199	4	t
148	t	2016-12-26 17:52:11.263-04:30	2016-12-27 14:39:09.765-04:30	22	202	4	t
149	t	2016-12-26 17:52:11.277-04:30	2016-12-27 14:39:10.496-04:30	22	203	4	t
150	t	2016-12-26 17:52:11.283-04:30	2016-12-27 14:39:11.549-04:30	22	200	4	t
205	t	2016-12-26 17:52:43.822-04:30	2016-12-27 14:39:50.121-04:30	21	58	4	t
206	t	2016-12-26 17:52:43.866-04:30	2016-12-27 14:39:51.377-04:30	21	59	4	t
207	t	2016-12-26 17:52:43.878-04:30	2016-12-27 14:39:52.077-04:30	21	60	4	t
208	t	2016-12-26 17:52:43.915-04:30	2016-12-27 14:39:52.502-04:30	21	61	4	t
209	t	2016-12-26 17:52:43.922-04:30	2016-12-27 14:39:52.942-04:30	21	62	4	t
210	t	2016-12-26 17:52:43.967-04:30	2016-12-27 14:39:54.662-04:30	21	63	4	t
211	t	2016-12-26 17:52:43.976-04:30	2016-12-27 14:39:55.212-04:30	21	65	4	t
212	t	2016-12-26 17:52:44.005-04:30	2016-12-27 14:39:55.612-04:30	21	64	4	t
213	t	2016-12-26 17:52:44.017-04:30	2016-12-27 14:39:56.257-04:30	21	66	4	t
214	t	2016-12-26 17:52:44.055-04:30	2016-12-27 14:39:56.718-04:30	21	67	4	t
303	t	2016-12-27 14:13:39.193-04:30	2016-12-27 14:36:57.157-04:30	26	335	4	t
305	t	2016-12-27 14:13:39.221-04:30	2016-12-27 14:36:57.649-04:30	26	330	4	t
306	t	2016-12-27 14:13:39.337-04:30	2016-12-27 14:36:58.329-04:30	26	333	4	t
309	t	2016-12-27 14:13:39.365-04:30	2016-12-27 14:36:58.844-04:30	26	344	4	t
315	t	2016-12-27 14:13:39.545-04:30	2016-12-27 14:36:59.575-04:30	26	338	4	t
321	t	2016-12-27 14:13:39.728-04:30	2016-12-27 14:37:00.011-04:30	26	340	4	t
323	t	2016-12-27 14:13:39.748-04:30	2016-12-27 14:37:00.565-04:30	26	343	4	t
324	t	2016-12-27 14:13:39.828-04:30	2016-12-27 14:37:01.062-04:30	26	345	4	t
325	t	2016-12-27 14:13:39.886-04:30	2016-12-27 14:37:01.565-04:30	26	346	4	t
326	t	2016-12-27 14:13:39.895-04:30	2016-12-27 14:37:03.945-04:30	26	349	4	t
248	t	2016-12-27 14:12:57.797-04:30	2016-12-27 14:37:07.134-04:30	20	307	4	t
251	t	2016-12-27 14:12:57.818-04:30	2016-12-27 14:37:07.84-04:30	20	323	4	t
255	t	2016-12-27 14:13:20.854-04:30	2016-12-27 14:38:21.204-04:30	28	258	4	t
262	t	2016-12-27 14:13:21.041-04:30	2016-12-27 14:38:21.527-04:30	28	272	4	t
268	t	2016-12-27 14:13:21.259-04:30	2016-12-27 14:38:22.189-04:30	28	259	4	t
271	t	2016-12-27 14:13:21.298-04:30	2016-12-27 14:38:23.524-04:30	28	265	4	t
272	t	2016-12-27 14:13:21.417-04:30	2016-12-27 14:38:24.838-04:30	28	268	4	t
273	t	2016-12-27 14:13:21.434-04:30	2016-12-27 14:38:26.021-04:30	28	267	4	t
274	t	2016-12-27 14:13:21.445-04:30	2016-12-27 14:38:26.989-04:30	28	270	4	t
275	t	2016-12-27 14:13:21.456-04:30	2016-12-27 14:38:29.456-04:30	28	271	4	t
276	t	2016-12-27 14:13:21.467-04:30	2016-12-27 14:38:30.014-04:30	28	279	4	t
277	t	2016-12-27 14:13:21.48-04:30	2016-12-27 14:38:30.589-04:30	28	278	4	t
361	f	2016-12-27 14:14:32.508-04:30	2016-12-28 10:29:40.006-04:30	23	300	4	f
829	t	2016-12-28 13:51:27.743-04:30	2016-12-28 13:51:27.743-04:30	30	830	4	f
831	t	2017-01-19 14:37:37.362-04:30	2017-01-19 14:37:37.362-04:30	9	832	2	f
477	t	2016-12-27 15:50:10.18-04:30	2016-12-27 15:50:10.18-04:30	24	480	4	f
478	t	2016-12-27 15:50:10.191-04:30	2016-12-27 15:50:10.191-04:30	24	481	4	f
479	t	2016-12-27 15:50:10.199-04:30	2016-12-27 15:50:10.199-04:30	24	482	4	f
480	t	2016-12-27 15:50:10.278-04:30	2016-12-27 15:50:10.278-04:30	24	484	4	f
481	t	2016-12-27 15:50:10.29-04:30	2016-12-27 15:50:10.29-04:30	24	486	4	f
482	t	2016-12-27 15:50:10.302-04:30	2016-12-27 15:50:10.302-04:30	24	483	4	f
483	t	2016-12-27 15:50:10.326-04:30	2016-12-27 15:50:10.326-04:30	24	485	4	f
484	t	2016-12-27 15:50:10.336-04:30	2016-12-27 15:50:10.336-04:30	24	487	4	f
485	t	2016-12-27 15:50:10.346-04:30	2016-12-27 15:50:10.346-04:30	24	488	4	f
486	t	2016-12-27 15:50:10.427-04:30	2016-12-27 15:50:10.427-04:30	24	489	4	f
487	t	2016-12-27 15:50:10.437-04:30	2016-12-27 15:50:10.437-04:30	24	490	4	f
488	t	2016-12-27 15:50:10.445-04:30	2016-12-27 15:50:10.445-04:30	24	491	4	f
489	t	2016-12-27 15:50:10.466-04:30	2016-12-27 15:50:10.466-04:30	24	492	4	f
490	t	2016-12-27 15:50:10.476-04:30	2016-12-27 15:50:10.476-04:30	24	493	4	f
514	t	2016-12-27 15:50:11.057-04:30	2016-12-27 15:50:11.057-04:30	24	517	4	f
515	t	2016-12-27 15:50:11.067-04:30	2016-12-27 15:50:11.067-04:30	24	518	4	f
516	t	2016-12-27 15:50:11.128-04:30	2016-12-27 15:50:11.128-04:30	24	519	4	f
517	t	2016-12-27 15:50:11.142-04:30	2016-12-27 15:50:11.142-04:30	24	520	4	f
518	t	2016-12-27 15:50:11.187-04:30	2016-12-27 15:50:11.187-04:30	24	521	4	f
519	t	2016-12-27 15:50:11.196-04:30	2016-12-27 15:50:11.196-04:30	24	522	4	f
520	t	2016-12-27 15:50:11.206-04:30	2016-12-27 15:50:11.206-04:30	24	523	4	f
521	t	2016-12-27 15:50:11.216-04:30	2016-12-27 15:50:11.216-04:30	24	525	4	f
522	t	2016-12-27 15:50:11.27-04:30	2016-12-27 15:50:11.27-04:30	24	524	4	f
523	t	2016-12-27 15:50:11.282-04:30	2016-12-27 15:50:11.282-04:30	24	526	4	f
524	t	2016-12-27 15:50:11.325-04:30	2016-12-27 15:50:11.325-04:30	24	527	4	f
525	f	2016-12-27 15:50:11.336-04:30	2016-12-27 15:50:32.033-04:30	24	528	4	f
579	t	2016-12-27 15:59:01.056-04:30	2016-12-27 15:59:46.687-04:30	27	584	4	t
580	t	2016-12-27 15:59:01.066-04:30	2016-12-27 15:59:47.764-04:30	27	587	4	t
581	t	2016-12-27 15:59:01.076-04:30	2016-12-27 15:59:48.23-04:30	27	590	4	t
582	t	2016-12-27 15:59:01.085-04:30	2016-12-27 15:59:48.78-04:30	27	610	4	t
583	t	2016-12-27 15:59:01.094-04:30	2016-12-27 15:59:49.113-04:30	27	611	4	t
588	t	2016-12-27 15:59:01.23-04:30	2016-12-27 15:59:49.572-04:30	27	628	4	t
592	t	2016-12-27 15:59:01.346-04:30	2016-12-27 15:59:49.986-04:30	27	593	4	t
593	t	2016-12-27 15:59:01.378-04:30	2016-12-27 15:59:50.465-04:30	27	594	4	t
594	t	2016-12-27 15:59:01.386-04:30	2016-12-27 15:59:51.29-04:30	27	598	4	t
732	t	2016-12-27 16:04:58.815-04:30	2016-12-27 16:07:30.673-04:30	22	744	4	t
738	t	2016-12-27 16:04:58.999-04:30	2016-12-27 16:07:31.15-04:30	22	734	4	t
740	t	2016-12-27 16:04:59.019-04:30	2016-12-27 16:07:31.538-04:30	22	738	4	t
768	t	2016-12-27 16:04:59.759-04:30	2016-12-27 16:07:31.935-04:30	22	768	4	t
770	t	2016-12-27 16:04:59.774-04:30	2016-12-27 16:07:32.343-04:30	22	771	4	t
776	t	2016-12-27 16:04:59.942-04:30	2016-12-27 16:07:32.789-04:30	22	777	4	t
778	t	2016-12-27 16:04:59.977-04:30	2016-12-27 16:07:33.467-04:30	22	779	4	t
777	t	2016-12-27 16:04:59.951-04:30	2016-12-27 16:07:34.359-04:30	22	778	4	t
353	t	2016-12-27 14:14:32.326-04:30	2016-12-27 17:20:30.941-04:30	23	280	4	f
354	t	2016-12-27 14:14:32.352-04:30	2016-12-27 17:20:36.538-04:30	23	282	4	f
355	t	2016-12-27 14:14:32.361-04:30	2016-12-27 17:20:36.791-04:30	23	285	4	f
356	t	2016-12-27 14:14:32.371-04:30	2016-12-27 17:20:37.118-04:30	23	288	4	f
357	t	2016-12-27 14:14:32.421-04:30	2016-12-27 17:20:37.718-04:30	23	290	4	f
358	t	2016-12-27 14:14:32.457-04:30	2016-12-27 17:20:38.956-04:30	23	292	4	f
362	t	2016-12-27 14:14:32.516-04:30	2016-12-27 17:20:44.421-04:30	23	281	4	f
363	t	2016-12-27 14:14:32.569-04:30	2016-12-27 17:20:45.183-04:30	23	293	4	f
364	t	2016-12-27 14:14:32.604-04:30	2016-12-27 17:20:45.728-04:30	23	289	4	f
365	t	2016-12-27 14:14:32.632-04:30	2016-12-27 17:20:46.278-04:30	23	298	4	f
366	t	2016-12-27 14:14:32.648-04:30	2016-12-27 17:20:46.584-04:30	23	301	4	f
373	t	2016-12-27 14:14:32.825-04:30	2016-12-27 17:20:47.113-04:30	23	295	4	f
378	t	2016-12-27 14:14:42.419-04:30	2016-12-27 14:36:15.791-04:30	27	230	4	t
380	t	2016-12-27 14:14:42.439-04:30	2016-12-27 14:36:16.307-04:30	27	231	4	t
381	t	2016-12-27 14:14:42.517-04:30	2016-12-27 14:36:16.871-04:30	27	237	4	t
382	t	2016-12-27 14:14:42.544-04:30	2016-12-27 14:36:17.415-04:30	27	234	4	t
385	t	2016-12-27 14:14:42.579-04:30	2016-12-27 14:36:17.951-04:30	27	246	4	t
390	t	2016-12-27 14:14:42.716-04:30	2016-12-27 14:36:18.45-04:30	27	238	4	t
391	t	2016-12-27 14:14:42.739-04:30	2016-12-27 14:36:18.978-04:30	27	242	4	t
397	t	2016-12-27 14:14:42.9-04:30	2016-12-27 14:36:19.541-04:30	27	241	4	t
249	t	2016-12-27 14:12:57.804-04:30	2016-12-27 14:37:08.545-04:30	20	313	4	t
252	t	2016-12-27 14:12:57.827-04:30	2016-12-27 14:37:09.268-04:30	20	329	4	t
286	t	2016-12-27 14:13:30.064-04:30	2016-12-27 14:38:19.307-04:30	24	362	4	t
287	t	2016-12-27 14:13:30.076-04:30	2016-12-27 14:38:19.789-04:30	24	364	4	t
288	t	2016-12-27 14:13:30.086-04:30	2016-12-27 14:38:22.41-04:30	24	365	4	t
289	t	2016-12-27 14:13:30.158-04:30	2016-12-27 14:38:23.014-04:30	24	366	4	t
290	t	2016-12-27 14:13:30.197-04:30	2016-12-27 14:38:23.419-04:30	24	367	4	t
291	t	2016-12-27 14:13:30.208-04:30	2016-12-27 14:38:23.875-04:30	24	368	4	t
298	t	2016-12-27 14:13:30.371-04:30	2016-12-27 14:38:24.338-04:30	24	375	4	t
256	t	2016-12-27 14:13:20.864-04:30	2016-12-27 14:38:31.12-04:30	28	260	4	t
261	t	2016-12-27 14:13:21.028-04:30	2016-12-27 14:38:31.841-04:30	28	274	4	t
264	t	2016-12-27 14:13:21.057-04:30	2016-12-27 14:38:32.468-04:30	28	277	4	t
265	t	2016-12-27 14:13:21.114-04:30	2016-12-27 14:38:33.113-04:30	28	273	4	t
266	t	2016-12-27 14:13:21.241-04:30	2016-12-27 14:38:33.785-04:30	28	275	4	t
269	t	2016-12-27 14:13:21.269-04:30	2016-12-27 14:38:34.499-04:30	28	264	4	t
330	t	2016-12-27 14:13:51.706-04:30	2016-12-27 14:39:12.527-04:30	22	382	4	t
331	t	2016-12-27 14:13:51.714-04:30	2016-12-27 14:39:13.365-04:30	22	384	4	t
332	t	2016-12-27 14:13:51.726-04:30	2016-12-27 14:39:14.084-04:30	22	383	4	t
333	t	2016-12-27 14:13:51.737-04:30	2016-12-27 14:39:15.555-04:30	22	381	4	t
334	t	2016-12-27 14:13:51.836-04:30	2016-12-27 14:39:16.797-04:30	22	387	4	t
343	t	2016-12-27 14:13:52.01-04:30	2016-12-27 14:39:17.658-04:30	22	395	4	t
344	t	2016-12-27 14:13:52.037-04:30	2016-12-27 14:39:18.909-04:30	22	396	4	t
345	t	2016-12-27 14:13:52.046-04:30	2016-12-27 14:39:19.347-04:30	22	398	4	t
346	t	2016-12-27 14:13:52.118-04:30	2016-12-27 14:39:20.448-04:30	22	397	4	t
347	t	2016-12-27 14:13:52.135-04:30	2016-12-27 14:39:23.051-04:30	22	399	4	t
348	t	2016-12-27 14:13:52.145-04:30	2016-12-27 14:39:24.261-04:30	22	400	4	t
349	t	2016-12-27 14:13:52.152-04:30	2016-12-27 14:39:25.159-04:30	22	401	4	t
350	t	2016-12-27 14:13:52.175-04:30	2016-12-27 14:39:26.245-04:30	22	402	4	t
351	t	2016-12-27 14:13:52.216-04:30	2016-12-27 14:39:26.848-04:30	22	403	4	t
352	t	2016-12-27 14:13:52.256-04:30	2016-12-27 14:39:28.455-04:30	22	404	4	t
526	t	2016-12-27 15:50:33.862-04:30	2016-12-27 15:50:33.862-04:30	24	529	4	f
584	t	2016-12-27 15:59:01.128-04:30	2016-12-27 15:59:52.609-04:30	27	615	4	t
585	t	2016-12-27 15:59:01.197-04:30	2016-12-27 15:59:52.846-04:30	27	617	4	t
586	t	2016-12-27 15:59:01.208-04:30	2016-12-27 15:59:53.653-04:30	27	620	4	t
587	t	2016-12-27 15:59:01.227-04:30	2016-12-27 15:59:54.494-04:30	27	624	4	t
678	t	2016-12-27 16:01:04.005-04:30	2016-12-27 16:01:39.971-04:30	20	679	4	t
676	t	2016-12-27 16:01:03.807-04:30	2016-12-27 16:01:44.062-04:30	20	678	4	t
677	t	2016-12-27 16:01:03.924-04:30	2016-12-27 16:01:44.071-04:30	20	668	4	t
675	t	2016-12-27 16:01:03.793-04:30	2016-12-27 16:01:44.159-04:30	20	672	4	t
674	t	2016-12-27 16:01:03.774-04:30	2016-12-27 16:01:44.555-04:30	20	677	4	t
673	t	2016-12-27 16:01:03.756-04:30	2016-12-27 16:01:45.088-04:30	20	676	4	t
672	t	2016-12-27 16:01:03.746-04:30	2016-12-27 16:01:45.875-04:30	20	675	4	t
671	t	2016-12-27 16:01:03.536-04:30	2016-12-27 16:01:47.621-04:30	20	673	4	t
670	t	2016-12-27 16:01:03.525-04:30	2016-12-27 16:01:48.101-04:30	20	674	4	t
669	t	2016-12-27 16:01:03.504-04:30	2016-12-27 16:01:48.658-04:30	20	671	4	t
668	t	2016-12-27 16:01:03.485-04:30	2016-12-27 16:01:49.383-04:30	20	670	4	t
667	t	2016-12-27 16:01:03.454-04:30	2016-12-27 16:01:49.441-04:30	20	669	4	t
666	t	2016-12-27 16:01:03.001-04:30	2016-12-27 16:01:50.906-04:30	20	667	4	t
665	t	2016-12-27 16:01:02.992-04:30	2016-12-27 16:01:51.321-04:30	20	666	4	t
664	t	2016-12-27 16:01:02.971-04:30	2016-12-27 16:01:51.835-04:30	20	665	4	t
663	t	2016-12-27 16:01:02.943-04:30	2016-12-27 16:01:52.289-04:30	20	664	4	t
662	t	2016-12-27 16:01:02.921-04:30	2016-12-27 16:01:53.17-04:30	20	662	4	t
661	t	2016-12-27 16:01:02.865-04:30	2016-12-27 16:01:53.431-04:30	20	663	4	t
660	t	2016-12-27 16:01:02.838-04:30	2016-12-27 16:01:54.116-04:30	20	661	4	t
629	t	2016-12-27 16:01:01.756-04:30	2016-12-27 16:01:54.764-04:30	20	630	4	t
679	t	2016-12-27 16:02:26.412-04:30	2016-12-27 16:03:05.981-04:30	26	680	4	t
680	t	2016-12-27 16:02:26.44-04:30	2016-12-27 16:03:06.465-04:30	26	681	4	t
681	t	2016-12-27 16:02:26.506-04:30	2016-12-27 16:03:06.927-04:30	26	684	4	t
682	t	2016-12-27 16:02:26.521-04:30	2016-12-27 16:03:07.429-04:30	26	683	4	t
683	t	2016-12-27 16:02:26.525-04:30	2016-12-27 16:03:08.212-04:30	26	685	4	t
684	t	2016-12-27 16:02:26.54-04:30	2016-12-27 16:03:09.542-04:30	26	682	4	t
685	t	2016-12-27 16:02:26.547-04:30	2016-12-27 16:03:10.535-04:30	26	686	4	t
686	t	2016-12-27 16:02:26.583-04:30	2016-12-27 16:03:11.813-04:30	26	690	4	t
687	t	2016-12-27 16:02:26.692-04:30	2016-12-27 16:03:12.237-04:30	26	689	4	t
688	t	2016-12-27 16:02:26.702-04:30	2016-12-27 16:03:12.699-04:30	26	687	4	t
694	t	2016-12-27 16:02:26.846-04:30	2016-12-27 16:03:13.159-04:30	26	696	4	t
695	t	2016-12-27 16:02:26.856-04:30	2016-12-27 16:03:13.613-04:30	26	697	4	t
696	t	2016-12-27 16:02:26.872-04:30	2016-12-27 16:03:14.598-04:30	26	698	4	t
697	t	2016-12-27 16:02:26.978-04:30	2016-12-27 16:03:15.288-04:30	26	699	4	t
702	t	2016-12-27 16:02:27.137-04:30	2016-12-27 16:03:16.408-04:30	26	705	4	t
705	t	2016-12-27 16:02:27.289-04:30	2016-12-27 16:03:18.741-04:30	26	706	4	t
704	t	2016-12-27 16:02:27.166-04:30	2016-12-27 16:03:19.157-04:30	26	707	4	t
703	t	2016-12-27 16:02:27.15-04:30	2016-12-27 16:03:19.622-04:30	26	709	4	t
316	t	2016-12-27 14:13:39.551-04:30	2016-12-27 14:37:03.494-04:30	26	342	4	t
320	t	2016-12-27 14:13:39.724-04:30	2016-12-27 14:37:04.653-04:30	26	339	4	t
250	t	2016-12-27 14:12:57.81-04:30	2016-12-27 14:37:10.194-04:30	20	319	4	t
279	t	2016-12-27 14:13:29.905-04:30	2016-12-27 14:38:25.791-04:30	24	355	4	t
281	t	2016-12-27 14:13:29.922-04:30	2016-12-27 14:38:26.798-04:30	24	356	4	t
285	t	2016-12-27 14:13:30.055-04:30	2016-12-27 14:38:27.194-04:30	24	361	4	t
292	t	2016-12-27 14:13:30.218-04:30	2016-12-27 14:38:27.684-04:30	24	369	4	t
293	t	2016-12-27 14:13:30.23-04:30	2016-12-27 14:38:29.854-04:30	24	370	4	t
294	t	2016-12-27 14:13:30.238-04:30	2016-12-27 14:38:30.372-04:30	24	371	4	t
295	t	2016-12-27 14:13:30.298-04:30	2016-12-27 14:38:30.884-04:30	24	372	4	t
296	t	2016-12-27 14:13:30.335-04:30	2016-12-27 14:38:31.383-04:30	24	373	4	t
297	t	2016-12-27 14:13:30.366-04:30	2016-12-27 14:38:32.169-04:30	24	374	4	t
299	t	2016-12-27 14:13:30.382-04:30	2016-12-27 14:38:32.707-04:30	24	376	4	t
300	t	2016-12-27 14:13:30.416-04:30	2016-12-27 14:38:33.201-04:30	24	377	4	t
301	t	2016-12-27 14:13:30.446-04:30	2016-12-27 14:38:33.81-04:30	24	378	4	t
302	t	2016-12-27 14:13:30.477-04:30	2016-12-27 14:38:34.324-04:30	24	379	4	t
375	t	2016-12-27 14:14:32.852-04:30	2016-12-27 17:20:48.268-04:30	23	299	4	f
376	t	2016-12-27 14:14:32.888-04:30	2016-12-27 17:20:50.528-04:30	23	302	4	f
377	t	2016-12-27 14:14:32.933-04:30	2016-12-27 17:20:50.838-04:30	23	303	4	f
527	t	2016-12-27 15:51:28.991-04:30	2016-12-27 15:56:15.535-04:30	28	479	4	t
589	t	2016-12-27 15:59:01.235-04:30	2016-12-27 15:59:59.876-04:30	27	580	4	t
590	t	2016-12-27 15:59:01.266-04:30	2016-12-27 16:00:00.352-04:30	27	583	4	t
591	t	2016-12-27 15:59:01.336-04:30	2016-12-27 16:00:00.776-04:30	27	588	4	t
595	t	2016-12-27 15:59:01.393-04:30	2016-12-27 16:00:01.208-04:30	27	600	4	t
596	t	2016-12-27 15:59:01.404-04:30	2016-12-27 16:00:01.693-04:30	27	603	4	t
597	t	2016-12-27 15:59:01.482-04:30	2016-12-27 16:00:02.147-04:30	27	613	4	t
598	t	2016-12-27 15:59:01.492-04:30	2016-12-27 16:00:02.646-04:30	27	616	4	t
599	t	2016-12-27 15:59:01.518-04:30	2016-12-27 16:00:03.735-04:30	27	618	4	t
600	t	2016-12-27 15:59:01.528-04:30	2016-12-27 16:00:05.176-04:30	27	623	4	t
601	t	2016-12-27 15:59:01.537-04:30	2016-12-27 16:00:06.58-04:30	27	626	4	t
602	t	2016-12-27 15:59:01.547-04:30	2016-12-27 16:00:07.161-04:30	27	585	4	t
603	t	2016-12-27 15:59:01.621-04:30	2016-12-27 16:00:07.673-04:30	27	592	4	t
604	t	2016-12-27 15:59:01.636-04:30	2016-12-27 16:00:08.175-04:30	27	596	4	t
605	t	2016-12-27 15:59:01.666-04:30	2016-12-27 16:00:08.672-04:30	27	602	4	t
606	t	2016-12-27 15:59:01.676-04:30	2016-12-27 16:00:09.407-04:30	27	609	4	t
607	t	2016-12-27 15:59:01.685-04:30	2016-12-27 16:00:10.165-04:30	27	605	4	t
628	t	2016-12-27 15:59:02.188-04:30	2016-12-27 16:00:12.586-04:30	27	625	4	t
627	t	2016-12-27 15:59:02.177-04:30	2016-12-27 16:00:13.179-04:30	27	621	4	t
626	t	2016-12-27 15:59:02.132-04:30	2016-12-27 16:00:13.607-04:30	27	612	4	t
625	t	2016-12-27 15:59:02.121-04:30	2016-12-27 16:00:14.128-04:30	27	607	4	t
624	t	2016-12-27 15:59:02.098-04:30	2016-12-27 16:00:14.625-04:30	27	601	4	t
623	t	2016-12-27 15:59:02.082-04:30	2016-12-27 16:00:15.166-04:30	27	597	4	t
622	t	2016-12-27 15:59:02.05-04:30	2016-12-27 16:00:15.666-04:30	27	591	4	t
621	t	2016-12-27 15:59:02.036-04:30	2016-12-27 16:00:16.325-04:30	27	586	4	t
620	t	2016-12-27 15:59:01.991-04:30	2016-12-27 16:00:16.849-04:30	27	581	4	t
619	t	2016-12-27 15:59:01.97-04:30	2016-12-27 16:00:17.681-04:30	27	627	4	t
618	t	2016-12-27 15:59:01.961-04:30	2016-12-27 16:00:27.738-04:30	27	622	4	t
617	t	2016-12-27 15:59:01.943-04:30	2016-12-27 16:00:28.505-04:30	27	606	4	t
616	t	2016-12-27 15:59:01.913-04:30	2016-12-27 16:00:30.24-04:30	27	604	4	t
615	t	2016-12-27 15:59:01.896-04:30	2016-12-27 16:00:31.131-04:30	27	599	4	t
614	t	2016-12-27 15:59:01.85-04:30	2016-12-27 16:00:31.676-04:30	27	595	4	t
613	t	2016-12-27 15:59:01.828-04:30	2016-12-27 16:00:32.498-04:30	27	589	4	t
612	t	2016-12-27 15:59:01.814-04:30	2016-12-27 16:00:33.641-04:30	27	582	4	t
611	t	2016-12-27 15:59:01.805-04:30	2016-12-27 16:00:35.883-04:30	27	608	4	t
610	t	2016-12-27 15:59:01.773-04:30	2016-12-27 16:00:36.49-04:30	27	629	4	t
609	t	2016-12-27 15:59:01.759-04:30	2016-12-27 16:00:37.075-04:30	27	619	4	t
608	t	2016-12-27 15:59:01.695-04:30	2016-12-27 16:00:37.522-04:30	27	614	4	t
733	t	2016-12-27 16:04:58.821-04:30	2016-12-27 16:07:35.46-04:30	22	733	4	t
734	t	2016-12-27 16:04:58.833-04:30	2016-12-27 16:07:35.909-04:30	22	743	4	t
735	t	2016-12-27 16:04:58.843-04:30	2016-12-27 16:07:36.607-04:30	22	748	4	t
736	t	2016-12-27 16:04:58.979-04:30	2016-12-27 16:07:40.374-04:30	22	750	4	t
737	t	2016-12-27 16:04:58.994-04:30	2016-12-27 16:07:40.824-04:30	22	753	4	t
739	t	2016-12-27 16:04:59.01-04:30	2016-12-27 16:07:41.325-04:30	22	736	4	t
741	t	2016-12-27 16:04:59.029-04:30	2016-12-27 16:07:41.731-04:30	22	741	4	t
742	t	2016-12-27 16:04:59.126-04:30	2016-12-27 16:07:42.152-04:30	22	746	4	t
743	t	2016-12-27 16:04:59.139-04:30	2016-12-27 16:07:42.553-04:30	22	749	4	t
744	t	2016-12-27 16:04:59.151-04:30	2016-12-27 16:07:43.008-04:30	22	730	4	t
745	t	2016-12-27 16:04:59.159-04:30	2016-12-27 16:07:43.422-04:30	22	737	4	t
746	t	2016-12-27 16:04:59.189-04:30	2016-12-27 16:07:43.844-04:30	22	742	4	t
747	t	2016-12-27 16:04:59.202-04:30	2016-12-27 16:07:44.374-04:30	22	745	4	t
748	t	2016-12-27 16:04:59.269-04:30	2016-12-27 16:07:46.695-04:30	22	747	4	t
749	t	2016-12-27 16:04:59.28-04:30	2016-12-27 16:07:47.197-04:30	22	752	4	t
750	t	2016-12-27 16:04:59.297-04:30	2016-12-27 16:07:47.608-04:30	22	732	4	t
751	t	2016-12-27 16:04:59.306-04:30	2016-12-27 16:07:48.109-04:30	22	739	4	t
752	t	2016-12-27 16:04:59.33-04:30	2016-12-27 16:07:49.708-04:30	22	751	4	t
753	t	2016-12-27 16:04:59.345-04:30	2016-12-27 16:07:50.408-04:30	22	754	4	t
767	t	2016-12-27 16:04:59.758-04:30	2016-12-27 16:07:52.67-04:30	22	767	4	t
766	t	2016-12-27 16:04:59.696-04:30	2016-12-27 16:07:53.115-04:30	22	769	4	t
765	t	2016-12-27 16:04:59.641-04:30	2016-12-27 16:07:53.659-04:30	22	766	4	t
764	t	2016-12-27 16:04:59.628-04:30	2016-12-27 16:07:54.067-04:30	22	765	4	t
763	t	2016-12-27 16:04:59.62-04:30	2016-12-27 16:07:54.601-04:30	22	764	4	t
762	t	2016-12-27 16:04:59.601-04:30	2016-12-27 16:07:55.23-04:30	22	762	4	t
761	t	2016-12-27 16:04:59.567-04:30	2016-12-27 16:07:56.948-04:30	22	763	4	t
760	t	2016-12-27 16:04:59.556-04:30	2016-12-27 16:07:57.422-04:30	22	761	4	t
759	t	2016-12-27 16:04:59.492-04:30	2016-12-27 16:07:57.953-04:30	22	760	4	t
758	t	2016-12-27 16:04:59.47-04:30	2016-12-27 16:07:59.278-04:30	22	759	4	t
757	t	2016-12-27 16:04:59.459-04:30	2016-12-27 16:07:59.709-04:30	22	757	4	t
756	t	2016-12-27 16:04:59.447-04:30	2016-12-27 16:08:00.094-04:30	22	756	4	t
755	t	2016-12-27 16:04:59.424-04:30	2016-12-27 16:08:00.545-04:30	22	758	4	t
754	t	2016-12-27 16:04:59.411-04:30	2016-12-27 16:08:03.595-04:30	22	755	4	t
374	t	2016-12-27 14:14:32.826-04:30	2016-12-27 17:20:47.477-04:30	23	297	4	f
830	t	2016-12-28 15:54:09.739-04:30	2016-12-28 15:55:11.543-04:30	23	831	4	t
398	t	2016-12-27 14:14:42.906-04:30	2016-12-27 14:36:20.278-04:30	27	244	4	t
399	t	2016-12-27 14:14:42.957-04:30	2016-12-27 14:36:20.99-04:30	27	247	4	t
400	t	2016-12-27 14:14:42.976-04:30	2016-12-27 14:36:21.44-04:30	27	252	4	t
401	t	2016-12-27 14:14:42.987-04:30	2016-12-27 14:36:21.989-04:30	27	248	4	t
402	t	2016-12-27 14:14:43.055-04:30	2016-12-27 14:36:23.588-04:30	27	254	4	t
304	t	2016-12-27 14:13:39.216-04:30	2016-12-27 14:37:05.17-04:30	26	337	4	t
307	t	2016-12-27 14:13:39.35-04:30	2016-12-27 14:37:05.792-04:30	26	334	4	t
310	t	2016-12-27 14:13:39.375-04:30	2016-12-27 14:37:06.493-04:30	26	348	4	t
313	t	2016-12-27 14:13:39.53-04:30	2016-12-27 14:37:08.403-04:30	26	354	4	t
317	t	2016-12-27 14:13:39.564-04:30	2016-12-27 14:37:10.542-04:30	26	347	4	t
318	t	2016-12-27 14:13:39.686-04:30	2016-12-27 14:37:11.228-04:30	26	353	4	t
319	t	2016-12-27 14:13:39.718-04:30	2016-12-27 14:37:11.872-04:30	26	332	4	t
322	t	2016-12-27 14:13:39.74-04:30	2016-12-27 14:37:12.398-04:30	26	341	4	t
327	t	2016-12-27 14:13:39.907-04:30	2016-12-27 14:37:12.894-04:30	26	351	4	t
257	t	2016-12-27 14:13:20.874-04:30	2016-12-27 14:38:35.073-04:30	28	261	4	t
258	t	2016-12-27 14:13:20.901-04:30	2016-12-27 14:38:35.669-04:30	28	262	4	t
259	t	2016-12-27 14:13:20.957-04:30	2016-12-27 14:38:36.281-04:30	28	269	4	t
260	t	2016-12-27 14:13:21.024-04:30	2016-12-27 14:38:36.874-04:30	28	266	4	t
263	t	2016-12-27 14:13:21.046-04:30	2016-12-27 14:38:37.77-04:30	28	276	4	t
270	t	2016-12-27 14:13:21.282-04:30	2016-12-27 14:38:39.542-04:30	28	263	4	t
267	t	2016-12-27 14:13:21.251-04:30	2016-12-27 14:38:40.185-04:30	28	256	4	t
367	t	2016-12-27 14:14:32.654-04:30	2016-12-27 17:20:52.142-04:30	23	304	4	f
368	t	2016-12-27 14:14:32.665-04:30	2016-12-27 17:20:52.433-04:30	23	283	4	f
371	t	2016-12-27 14:14:32.782-04:30	2016-12-27 17:20:53.669-04:30	23	286	4	f
372	t	2016-12-27 14:14:32.802-04:30	2016-12-27 17:20:53.998-04:30	23	291	4	f
559	t	2016-12-27 15:57:15.996-04:30	2016-12-27 17:20:54.672-04:30	23	543	4	f
528	t	2016-12-27 15:51:42.794-04:30	2016-12-27 15:51:42.794-04:30	24	528	4	f
658	t	2016-12-27 16:01:02.818-04:30	2016-12-27 16:01:14.553-04:30	20	659	4	t
657	t	2016-12-27 16:01:02.808-04:30	2016-12-27 16:01:15.701-04:30	20	658	4	t
656	t	2016-12-27 16:01:02.79-04:30	2016-12-27 16:01:15.908-04:30	20	656	4	t
659	t	2016-12-27 16:01:02.828-04:30	2016-12-27 16:01:15.97-04:30	20	660	4	t
655	t	2016-12-27 16:01:02.724-04:30	2016-12-27 16:01:16.514-04:30	20	657	4	t
654	t	2016-12-27 16:01:02.313-04:30	2016-12-27 16:01:17.156-04:30	20	655	4	t
652	t	2016-12-27 16:01:02.295-04:30	2016-12-27 16:01:18.563-04:30	20	652	4	t
653	t	2016-12-27 16:01:02.305-04:30	2016-12-27 16:01:19.092-04:30	20	653	4	t
651	t	2016-12-27 16:01:02.277-04:30	2016-12-27 16:01:19.493-04:30	20	654	4	t
650	t	2016-12-27 16:01:02.255-04:30	2016-12-27 16:01:20.008-04:30	20	651	4	t
649	t	2016-12-27 16:01:02.188-04:30	2016-12-27 16:01:20.565-04:30	20	648	4	t
648	t	2016-12-27 16:01:02.178-04:30	2016-12-27 16:01:25.259-04:30	20	649	4	t
646	t	2016-12-27 16:01:02.158-04:30	2016-12-27 16:01:26.716-04:30	20	647	4	t
647	t	2016-12-27 16:01:02.169-04:30	2016-12-27 16:01:26.848-04:30	20	650	4	t
645	t	2016-12-27 16:01:02.146-04:30	2016-12-27 16:01:26.996-04:30	20	646	4	t
644	t	2016-12-27 16:01:02.124-04:30	2016-12-27 16:01:27.465-04:30	20	644	4	t
643	t	2016-12-27 16:01:02.055-04:30	2016-12-27 16:01:27.937-04:30	20	645	4	t
642	t	2016-12-27 16:01:02.045-04:30	2016-12-27 16:01:28.436-04:30	20	643	4	t
641	t	2016-12-27 16:01:02.036-04:30	2016-12-27 16:01:29.44-04:30	20	642	4	t
640	t	2016-12-27 16:01:02.022-04:30	2016-12-27 16:01:29.672-04:30	20	641	4	t
639	t	2016-12-27 16:01:02.013-04:30	2016-12-27 16:01:30.438-04:30	20	640	4	t
638	t	2016-12-27 16:01:01.991-04:30	2016-12-27 16:01:31.169-04:30	20	639	4	t
637	t	2016-12-27 16:01:01.92-04:30	2016-12-27 16:01:31.762-04:30	20	638	4	t
636	t	2016-12-27 16:01:01.91-04:30	2016-12-27 16:01:32.365-04:30	20	637	4	t
635	t	2016-12-27 16:01:01.901-04:30	2016-12-27 16:01:36.043-04:30	20	636	4	t
634	t	2016-12-27 16:01:01.888-04:30	2016-12-27 16:01:36.521-04:30	20	635	4	t
633	t	2016-12-27 16:01:01.88-04:30	2016-12-27 16:01:37.194-04:30	20	631	4	t
632	t	2016-12-27 16:01:01.823-04:30	2016-12-27 16:01:37.699-04:30	20	633	4	t
631	t	2016-12-27 16:01:01.771-04:30	2016-12-27 16:01:38.176-04:30	20	634	4	t
630	t	2016-12-27 16:01:01.764-04:30	2016-12-27 16:01:38.759-04:30	20	632	4	t
689	t	2016-12-27 16:02:26.706-04:30	2016-12-27 16:03:22.066-04:30	26	688	4	t
690	t	2016-12-27 16:02:26.715-04:30	2016-12-27 16:03:22.488-04:30	26	692	4	t
691	t	2016-12-27 16:02:26.73-04:30	2016-12-27 16:03:23.022-04:30	26	693	4	t
692	t	2016-12-27 16:02:26.835-04:30	2016-12-27 16:03:23.403-04:30	26	694	4	t
693	t	2016-12-27 16:02:26.84-04:30	2016-12-27 16:03:23.889-04:30	26	695	4	t
698	t	2016-12-27 16:02:26.983-04:30	2016-12-27 16:03:24.346-04:30	26	704	4	t
699	t	2016-12-27 16:02:26.995-04:30	2016-12-27 16:03:24.922-04:30	26	703	4	t
700	t	2016-12-27 16:02:27.011-04:30	2016-12-27 16:03:25.296-04:30	26	702	4	t
701	t	2016-12-27 16:02:27.133-04:30	2016-12-27 16:03:26.007-04:30	26	701	4	t
706	t	2016-12-27 16:02:27.292-04:30	2016-12-27 16:03:26.817-04:30	26	708	4	t
707	t	2016-12-27 16:02:27.315-04:30	2016-12-27 16:03:27.438-04:30	26	710	4	t
708	t	2016-12-27 16:02:27.329-04:30	2016-12-27 16:03:28.039-04:30	26	713	4	t
709	t	2016-12-27 16:02:27.382-04:30	2016-12-27 16:03:28.813-04:30	26	700	4	t
710	t	2016-12-27 16:02:27.432-04:30	2016-12-27 16:03:29.221-04:30	26	714	4	t
779	t	2016-12-27 16:05:54.293-04:30	2016-12-27 16:06:27.852-04:30	21	780	4	t
780	t	2016-12-27 16:05:54.303-04:30	2016-12-27 16:06:28.27-04:30	21	783	4	t
781	t	2016-12-27 16:05:54.341-04:30	2016-12-27 16:06:28.692-04:30	21	782	4	t
782	t	2016-12-27 16:05:54.352-04:30	2016-12-27 16:06:29.11-04:30	21	781	4	t
783	t	2016-12-27 16:05:54.361-04:30	2016-12-27 16:06:29.546-04:30	21	784	4	t
784	t	2016-12-27 16:05:54.371-04:30	2016-12-27 16:06:29.947-04:30	21	785	4	t
785	t	2016-12-27 16:05:54.434-04:30	2016-12-27 16:06:30.396-04:30	21	789	4	t
822	t	2016-12-27 16:05:55.298-04:30	2016-12-27 16:06:30.772-04:30	21	823	4	t
823	t	2016-12-27 16:05:55.313-04:30	2016-12-27 16:06:31.246-04:30	21	824	4	t
824	t	2016-12-27 16:05:55.33-04:30	2016-12-27 16:06:31.673-04:30	21	825	4	t
825	t	2016-12-27 16:05:55.337-04:30	2016-12-27 16:06:32.197-04:30	21	826	4	t
826	t	2016-12-27 16:05:55.346-04:30	2016-12-27 16:06:32.766-04:30	21	827	4	t
827	t	2016-12-27 16:05:55.433-04:30	2016-12-27 16:06:33.326-04:30	21	828	4	t
828	t	2016-12-27 16:05:55.447-04:30	2016-12-27 16:06:34.067-04:30	21	829	4	t
359	t	2016-12-27 14:14:32.468-04:30	2016-12-27 17:20:51.112-04:30	23	294	4	f
360	t	2016-12-27 14:14:32.499-04:30	2016-12-27 17:20:51.641-04:30	23	296	4	f
369	t	2016-12-27 14:14:32.71-04:30	2016-12-27 17:20:52.723-04:30	23	284	4	f
370	t	2016-12-27 14:14:32.749-04:30	2016-12-27 17:20:53.137-04:30	23	287	4	f
379	t	2016-12-27 14:14:42.43-04:30	2016-12-27 14:36:24.238-04:30	27	232	4	t
383	t	2016-12-27 14:14:42.553-04:30	2016-12-27 14:36:24.808-04:30	27	233	4	t
384	t	2016-12-27 14:14:42.571-04:30	2016-12-27 14:36:25.344-04:30	27	243	4	t
386	t	2016-12-27 14:14:42.59-04:30	2016-12-27 14:36:25.917-04:30	27	249	4	t
387	t	2016-12-27 14:14:42.669-04:30	2016-12-27 14:36:26.413-04:30	27	251	4	t
388	t	2016-12-27 14:14:42.694-04:30	2016-12-27 14:36:27.003-04:30	27	253	4	t
389	t	2016-12-27 14:14:42.709-04:30	2016-12-27 14:36:27.52-04:30	27	235	4	t
392	t	2016-12-27 14:14:42.744-04:30	2016-12-27 14:36:28.266-04:30	27	240	4	t
393	t	2016-12-27 14:14:42.81-04:30	2016-12-27 14:36:29.586-04:30	27	245	4	t
394	t	2016-12-27 14:14:42.837-04:30	2016-12-27 14:36:30.099-04:30	27	250	4	t
395	t	2016-12-27 14:14:42.849-04:30	2016-12-27 14:36:30.771-04:30	27	236	4	t
396	t	2016-12-27 14:14:42.894-04:30	2016-12-27 14:36:31.484-04:30	27	239	4	t
228	t	2016-12-27 14:12:57.164-04:30	2016-12-27 14:36:48.914-04:30	20	315	4	t
246	t	2016-12-27 14:12:57.637-04:30	2016-12-27 14:37:05.879-04:30	20	308	4	t
308	t	2016-12-27 14:13:39.36-04:30	2016-12-27 14:37:13.392-04:30	26	336	4	t
311	t	2016-12-27 14:13:39.382-04:30	2016-12-27 14:37:14.105-04:30	26	350	4	t
312	t	2016-12-27 14:13:39.509-04:30	2016-12-27 14:37:14.832-04:30	26	352	4	t
314	t	2016-12-27 14:13:39.54-04:30	2016-12-27 14:37:15.626-04:30	26	331	4	t
82	t	2016-12-26 17:51:38.437-04:30	2016-12-27 14:38:04.248-04:30	24	160	4	t
69	t	2016-12-26 17:51:32.737-04:30	2016-12-27 14:38:12.42-04:30	28	48	4	t
278	t	2016-12-27 14:13:29.897-04:30	2016-12-27 14:38:35.467-04:30	24	359	4	t
280	t	2016-12-27 14:13:29.914-04:30	2016-12-27 14:38:37.127-04:30	24	357	4	t
282	t	2016-12-27 14:13:29.932-04:30	2016-12-27 14:38:37.663-04:30	24	358	4	t
283	t	2016-12-27 14:13:30.016-04:30	2016-12-27 14:38:38.211-04:30	24	360	4	t
406	t	2016-12-27 14:15:21.433-04:30	2016-12-27 14:40:01.19-04:30	21	406	4	t
284	t	2016-12-27 14:13:30.05-04:30	2016-12-27 14:38:39.812-04:30	24	363	4	t
147	t	2016-12-26 17:52:11.22-04:30	2016-12-27 14:39:09.113-04:30	22	201	4	t
328	t	2016-12-27 14:13:51.687-04:30	2016-12-27 14:39:29.065-04:30	22	380	4	t
329	t	2016-12-27 14:13:51.701-04:30	2016-12-27 14:39:29.743-04:30	22	385	4	t
335	t	2016-12-27 14:13:51.843-04:30	2016-12-27 14:39:30.526-04:30	22	388	4	t
336	t	2016-12-27 14:13:51.854-04:30	2016-12-27 14:39:31.5-04:30	22	389	4	t
337	t	2016-12-27 14:13:51.863-04:30	2016-12-27 14:39:32.311-04:30	22	390	4	t
338	t	2016-12-27 14:13:51.898-04:30	2016-12-27 14:39:33.314-04:30	22	391	4	t
339	t	2016-12-27 14:13:51.908-04:30	2016-12-27 14:39:34.272-04:30	22	386	4	t
340	t	2016-12-27 14:13:51.982-04:30	2016-12-27 14:39:36.206-04:30	22	393	4	t
341	t	2016-12-27 14:13:51.993-04:30	2016-12-27 14:39:38.206-04:30	22	392	4	t
342	t	2016-12-27 14:13:52.002-04:30	2016-12-27 14:39:39.11-04:30	22	394	4	t
403	t	2016-12-27 14:15:21.382-04:30	2016-12-27 14:39:59.038-04:30	21	408	4	t
404	t	2016-12-27 14:15:21.398-04:30	2016-12-27 14:40:00.07-04:30	21	409	4	t
405	t	2016-12-27 14:15:21.422-04:30	2016-12-27 14:40:00.695-04:30	21	407	4	t
407	t	2016-12-27 14:15:21.461-04:30	2016-12-27 14:40:02.746-04:30	21	405	4	t
408	t	2016-12-27 14:15:21.478-04:30	2016-12-27 14:40:03.946-04:30	21	410	4	t
409	t	2016-12-27 14:15:21.541-04:30	2016-12-27 14:40:07.187-04:30	21	414	4	t
410	t	2016-12-27 14:15:21.582-04:30	2016-12-27 14:40:09.308-04:30	21	411	4	t
411	t	2016-12-27 14:15:21.602-04:30	2016-12-27 14:40:09.605-04:30	21	412	4	t
412	t	2016-12-27 14:15:21.692-04:30	2016-12-27 14:40:10.062-04:30	21	418	4	t
413	t	2016-12-27 14:15:21.7-04:30	2016-12-27 14:40:11.204-04:30	21	416	4	t
414	t	2016-12-27 14:15:21.709-04:30	2016-12-27 14:40:11.231-04:30	21	420	4	t
415	t	2016-12-27 14:15:21.72-04:30	2016-12-27 14:40:11.796-04:30	21	422	4	t
416	t	2016-12-27 14:15:21.749-04:30	2016-12-27 14:40:12.35-04:30	21	415	4	t
417	t	2016-12-27 14:15:21.761-04:30	2016-12-27 14:40:12.918-04:30	21	413	4	t
418	t	2016-12-27 14:15:21.86-04:30	2016-12-27 14:40:13.509-04:30	21	417	4	t
419	t	2016-12-27 14:15:21.878-04:30	2016-12-27 14:40:13.949-04:30	21	419	4	t
420	t	2016-12-27 14:15:21.893-04:30	2016-12-27 14:40:14.489-04:30	21	424	4	t
421	t	2016-12-27 14:15:21.912-04:30	2016-12-27 14:40:15.033-04:30	21	428	4	t
422	t	2016-12-27 14:15:21.929-04:30	2016-12-27 14:40:15.48-04:30	21	421	4	t
423	t	2016-12-27 14:15:21.944-04:30	2016-12-27 14:40:17.085-04:30	21	427	4	t
424	t	2016-12-27 14:15:22.025-04:30	2016-12-27 14:40:17.561-04:30	21	425	4	t
425	t	2016-12-27 14:15:22.068-04:30	2016-12-27 14:40:18.066-04:30	21	423	4	t
426	t	2016-12-27 14:15:22.086-04:30	2016-12-27 14:40:18.681-04:30	21	426	4	t
427	t	2016-12-27 14:15:22.105-04:30	2016-12-27 14:40:19.179-04:30	21	429	4	t
531	t	2016-12-27 15:57:14.492-04:30	2016-12-27 17:21:02.908-04:30	23	531	4	f
532	t	2016-12-27 15:57:14.503-04:30	2016-12-27 17:21:03.241-04:30	23	532	4	f
533	t	2016-12-27 15:57:14.516-04:30	2016-12-27 17:21:03.654-04:30	23	534	4	f
534	t	2016-12-27 15:57:14.523-04:30	2016-12-27 17:21:03.954-04:30	23	539	4	f
535	t	2016-12-27 15:57:14.588-04:30	2016-12-27 17:21:04.361-04:30	23	545	4	f
536	t	2016-12-27 15:57:14.599-04:30	2016-12-27 17:21:04.828-04:30	23	547	4	f
537	t	2016-12-27 15:57:14.639-04:30	2016-12-27 17:21:06.335-04:30	23	549	4	f
538	t	2016-12-27 15:57:14.649-04:30	2016-12-27 17:21:08.618-04:30	23	552	4	f
539	t	2016-12-27 15:57:14.694-04:30	2016-12-27 17:21:08.825-04:30	23	557	4	f
541	t	2016-12-27 15:57:14.728-04:30	2016-12-27 17:21:09.329-04:30	23	572	4	f
542	t	2016-12-27 15:57:14.743-04:30	2016-12-27 17:21:09.669-04:30	23	577	4	f
543	t	2016-12-27 15:57:14.798-04:30	2016-12-27 17:21:10.177-04:30	23	535	4	f
544	t	2016-12-27 15:57:14.816-04:30	2016-12-27 17:21:10.541-04:30	23	537	4	f
545	t	2016-12-27 15:57:14.85-04:30	2016-12-27 17:21:10.897-04:30	23	542	4	f
546	t	2016-12-27 15:57:15.275-04:30	2016-12-27 17:21:11.378-04:30	23	554	4	f
547	t	2016-12-27 15:57:15.319-04:30	2016-12-27 17:21:11.722-04:30	23	561	4	f
548	t	2016-12-27 15:57:15.346-04:30	2016-12-27 17:21:12.072-04:30	23	565	4	f
550	t	2016-12-27 15:57:15.393-04:30	2016-12-27 17:21:12.561-04:30	23	574	4	f
551	t	2016-12-27 15:57:15.42-04:30	2016-12-27 17:21:13.337-04:30	23	579	4	f
549	t	2016-12-27 15:57:15.377-04:30	2016-12-27 17:21:13.066-04:30	23	568	4	f
552	t	2016-12-27 15:57:15.461-04:30	2016-12-27 17:21:13.717-04:30	23	536	4	f
553	t	2016-12-27 15:57:15.489-04:30	2016-12-27 17:21:14.087-04:30	23	538	4	f
554	t	2016-12-27 15:57:15.914-04:30	2016-12-27 17:21:16.138-04:30	23	541	4	f
555	t	2016-12-27 15:57:15.938-04:30	2016-12-27 17:21:16.489-04:30	23	546	4	f
556	t	2016-12-27 15:57:15.964-04:30	2016-12-27 17:21:16.978-04:30	23	551	4	f
557	t	2016-12-27 15:57:15.981-04:30	2016-12-27 17:21:17.261-04:30	23	559	4	f
558	t	2016-12-27 15:57:15.987-04:30	2016-12-27 17:21:17.779-04:30	23	563	4	f
560	t	2016-12-27 15:57:16.052-04:30	2016-12-27 17:21:18.124-04:30	23	540	4	f
561	t	2016-12-27 15:57:16.083-04:30	2016-12-27 17:21:18.558-04:30	23	544	4	f
562	t	2016-12-27 15:57:16.106-04:30	2016-12-27 17:21:18.903-04:30	23	550	4	f
563	t	2016-12-27 15:57:16.12-04:30	2016-12-27 17:21:19.243-04:30	23	555	4	f
564	t	2016-12-27 15:57:16.13-04:30	2016-12-27 17:21:19.726-04:30	23	556	4	f
565	t	2016-12-27 15:57:16.139-04:30	2016-12-27 17:21:19.979-04:30	23	560	4	f
566	t	2016-12-27 15:57:16.197-04:30	2016-12-27 17:21:20.509-04:30	23	564	4	f
567	t	2016-12-27 15:57:16.243-04:30	2016-12-27 17:21:20.797-04:30	23	569	4	f
568	t	2016-12-27 15:57:16.253-04:30	2016-12-27 17:21:21.297-04:30	23	570	4	f
569	t	2016-12-27 15:57:16.261-04:30	2016-12-27 17:21:21.536-04:30	23	573	4	f
570	t	2016-12-27 15:57:16.272-04:30	2016-12-27 17:21:21.911-04:30	23	575	4	f
571	t	2016-12-27 15:57:16.287-04:30	2016-12-27 17:21:27.74-04:30	23	578	4	f
530	t	2016-12-27 15:57:14.458-04:30	2016-12-27 17:20:54.894-04:30	23	533	4	f
\.


--
-- Data for Name: categories_types; Type: TABLE DATA; Schema: public; Owner: postgres
--

COPY categories_types (id, name, description, active, image_url, minimum_value, maximum_value, created_at, updated_at, name_en, name_es) FROM stdin;
4	U-21	Players under 21 years old	t	\N	0	21	2016-11-18 11:15:44.056829-04:30	2016-11-18 11:15:44.056829-04:30	U-21	Sub-21
2	U-23	Players under 23 years old	t	\N	0	23	2016-11-18 11:15:44.055676-04:30	2016-11-18 11:15:44.055676-04:30	U-23	Sub-23
3	U-22	Players under 22 years old	t	\N	0	22	2016-11-18 11:15:44.05619-04:30	2016-11-18 11:15:44.05619-04:30	U-22	Sub-22
26	U-6	Players under 6 years old	t	\N	0	6	2017-03-08 11:17:27.471254-04:30	2017-03-08 11:17:27.471254-04:30	U-06	Sub-6
11	U-14	Players under 14 years old	t	\N	0	14	2016-11-18 11:15:44.065511-04:30	2016-11-18 11:15:44.065511-04:30	U-14	Sub-14
34	OPEN	Open Futball	t	\N	0	99	2017-03-13 14:01:12.436003-04:30	2017-03-13 14:01:12.436003-04:30	Open	Abierto
35	N/A	N/A	t	\N	0	99	2017-03-13 14:01:12.436003-04:30	2017-03-13 14:01:12.436003-04:30	N/A	N/A
12	U-13	Players under 13 years old	t	\N	0	13	2016-11-18 11:15:44.067339-04:30	2016-11-18 11:15:44.067339-04:30	U-13	Sub-13
13	U-12	Players under 12 years old	t	\N	0	12	2017-03-08 11:17:27.471254-04:30	2017-03-08 11:17:27.471254-04:30	U-12	Sub-12
21	U-11	Players under 11 years old	t	\N	0	11	2017-03-08 11:17:27.471254-04:30	2017-03-08 11:17:27.471254-04:30	U-11	Sub-11
22	U-10	Players under 10 years old	t	\N	0	10	2017-03-08 11:17:27.471254-04:30	2017-03-08 11:17:27.471254-04:30	U-10	Sub-10
25	U-7	Players under 7 years old	t	\N	0	7	2017-03-08 11:17:27.471254-04:30	2017-03-08 11:17:27.471254-04:30	U-07	Sub-7
7	U-18	Players under 18 years old	t	\N	0	18	2016-11-18 11:15:44.062053-04:30	2016-11-18 11:15:44.062053-04:30	U-18	Sub-18
6	U-19	Players under 19 years old	t	\N	0	19	2016-11-18 11:15:44.059207-04:30	2016-11-18 11:15:44.059207-04:30	U-19	Sub-19
9	U-16	Players under 16 years old	t	\N	0	16	2016-11-18 11:15:44.062839-04:30	2016-11-18 11:15:44.062839-04:30	U-16	Sub-16
5	U-20	Players under 20 years old	t	\N	0	20	2016-11-18 11:15:44.058261-04:30	2016-11-18 11:15:44.058261-04:30	U-20	Sub-20
10	U-15	Players under 15 years old	t	\N	0	15	2016-11-18 11:15:44.064739-04:30	2016-11-18 11:15:44.064739-04:30	U-15	Sub-15
8	U-17	Players under 17 years old	t	\N	0	17	2016-11-18 11:15:44.062519-04:30	2016-11-18 11:15:44.062519-04:30	U-17	Sub-17
24	U-8	Players under 8 years old	t	\N	0	8	2017-03-08 11:17:27.471254-04:30	2017-03-08 11:17:27.471254-04:30	U-08	Sub-8
23	U-9	Players under 9 years old	t	\N	0	9	2017-03-08 11:17:27.471254-04:30	2017-03-08 11:17:27.471254-04:30	U-09	Sub-9
27	U-5	Players under 5 years old	t	\N	0	5	2017-03-08 11:17:27.471254-04:30	2017-03-08 11:17:27.471254-04:30	U-05	Sub-5
1	PROFESSIONAL	Professional Futbol	t	\N	0	99	2016-11-18 11:15:44.054866-04:30	2016-11-18 11:15:44.054866-04:30	Professional	Profesional
\.


--
-- Name: categories_types_id_seq; Type: SEQUENCE SET; Schema: public; Owner: postgres
--

SELECT pg_catalog.setval('categories_types_id_seq', 35, true);


--
-- Data for Name: classifications_types; Type: TABLE DATA; Schema: public; Owner: postgres
--

COPY classifications_types (id, name, description, active, image_url, created_at, updated_at) FROM stdin;
1	Simple Elimination	Simple elimination model	t	\N	2016-11-18 11:15:44.03922-04:30	2016-11-18 11:15:44.03922-04:30
2	Custom Elimination	Custom elimination model	t	\N	2016-11-18 11:15:44.03922-04:30	2016-11-18 11:15:44.03922-04:30
\.


--
-- Name: classifications_types_id_seq; Type: SEQUENCE SET; Schema: public; Owner: postgres
--

SELECT pg_catalog.setval('classifications_types_id_seq', 2, true);


--
-- Data for Name: clubs; Type: TABLE DATA; Schema: public; Owner: postgres
--

COPY clubs (id, name, short_name, logo_url, portrait_url, description, organization_id, active, created_at, updated_at) FROM stdin;
1	SOLAR SC CHELSEA USSDA	SC	\N	\N	SOLAR SC CHELSEA USSDA	27	t	2017-02-10 15:33:52.049-04:30	2017-02-10 15:33:52.049-04:30
79	Aguilas del oriente	Agu	\N	\N		\N	t	2017-03-22 11:40:53.79-04:30	2017-03-22 11:40:53.79-04:30
84	Prueba 5	pr4	\N	\N		\N	f	2017-03-22 14:19:58.936-04:30	2017-03-22 14:49:58.482-04:30
85	Prueba 5	pr5	\N	\N		\N	f	2017-03-22 14:23:32.689-04:30	2017-03-22 14:50:21.238-04:30
83	Prueba 3	pr3	\N	\N		\N	f	2017-03-22 14:05:51.672-04:30	2017-03-22 14:50:27.104-04:30
82	Prueba	Pru	\N	\N		\N	f	2017-03-22 13:56:17.692-04:30	2017-03-22 14:50:30.727-04:30
81	Los Pollitos	LP	\N	\N		\N	f	2017-03-22 13:54:09.748-04:30	2017-03-22 14:50:52.989-04:30
87	Prueb0	Pr0	\N	\N		\N	t	2017-03-22 15:04:04.344-04:30	2017-03-22 15:04:04.344-04:30
86	Prueba 8	Pr8	\N	\N	ast rh fjglkjghkfgcbnx hsdh rbysd hhds fh 35y34 	\N	f	2017-03-22 14:52:12.15-04:30	2017-03-22 15:09:42.264-04:30
80	Leones de Caracas	Leo	https://somosport-s3.s3.amazonaws.com/3ba9f069cfcaf9be1879be7572890da489881b6ee5f9b03a0388af7105ffc500.png	\N	Club Leones del Caracas	\N	t	2017-03-22 13:05:20.632-04:30	2017-03-22 15:10:04.43-04:30
88	Prueba 9	Pr9	\N	\N	dafgasdg asfg asfg as gasd gasd gasdg dsa gsg  	\N	t	2017-03-22 15:14:22.888-04:30	2017-03-22 15:14:22.888-04:30
89	PRueba 10	P10	\N	\N	Dga sfgfsh dfh fsh fsh sfdh sfh 	\N	t	2017-03-22 15:17:23.504-04:30	2017-03-22 15:17:23.504-04:30
92	Real Caracas Club	RC	\N	\N	a fgasg as gd gasdg d	\N	t	2017-03-22 15:34:22.702-04:30	2017-03-22 15:34:48.899-04:30
91	91's	91s	\N	\N	CLub	\N	t	2017-03-22 15:29:10.002-04:30	2017-03-22 15:37:14.556-04:30
90	Los Chiguires	LCH	\N	\N	akjsfg soghashg sahgad gnasd gsadgh ;ahg f	\N	t	2017-03-22 15:27:55.858-04:30	2017-03-22 15:39:35.167-04:30
93	Los Pollitos	LP	\N	\N		\N	t	2017-03-22 15:40:27.741-04:30	2017-03-22 15:40:27.741-04:30
77	Aguasal	AGS	\N	\N		\N	f	2017-03-09 11:30:16.91-04:30	2017-03-22 17:34:10.493-04:30
94	Aguilas del oriente	Agu	\N	\N		\N	f	2017-03-22 17:36:44.977-04:30	2017-03-22 17:39:27.044-04:30
95	Leones	Leo	https://somosport-s3.s3.amazonaws.com/1339887c747b363cf41af6569eab33e805869f70bc741da494ab6f793f90ea4f.png	\N	Club Leones del caracas	\N	f	2017-03-22 17:37:53.002-04:30	2017-03-22 17:39:30.843-04:30
96	Leones del Caracas	Leo	https://somosport-s3.s3.amazonaws.com/86f867e1a041d51df5217044f7d5d12a1dc71aa7a4a266c601338e4ef56c63ad.png	\N	Club Leones del caracas	\N	t	2017-03-22 17:44:34.439-04:30	2017-03-22 17:44:34.439-04:30
97	Deportivo Tachira F.C.	DT	https://somosport-s3.s3.amazonaws.com/e7ffa28b0ecd91a90e03214f7c64f7d57b771999f6684e95c919b30960763f6c.gif	\N	Club de futbol Deportivo Tachira	\N	t	2017-03-22 17:45:19.683-04:30	2017-03-22 17:45:46.875-04:30
98	Aguilas del oriente	Agu	\N	\N		\N	f	2017-03-22 17:47:05.994-04:30	2017-03-22 17:47:46.091-04:30
78	Colegio Los Arcos	LAR	https://somosport-s3.s3.amazonaws.com/f1be5ffa9a6cc4fa1104c900b64651e248158f23afbdfb91582a16d8f4f35ec3.png	\N	El Colegio Los Arcos adlgh adsljg lsdkgkh nf\ngk lfsng'laskn f\nasfgafsg j\nasfgj\nfsjg fsgj\nfgfjghfjghfdjghfjhgjfshgjfshgfsjghsfjgh\n	\N	t	2017-03-09 11:39:23.066-04:30	2017-03-24 16:02:56.718-04:30
\.


--
-- Name: clubs_id_seq; Type: SEQUENCE SET; Schema: public; Owner: postgres
--

SELECT pg_catalog.setval('clubs_id_seq', 98, true);


--
-- Data for Name: comments; Type: TABLE DATA; Schema: public; Owner: postgres
--

COPY comments (id, comment, active, created_at, updated_at) FROM stdin;
\.


--
-- Name: comments_id_seq; Type: SEQUENCE SET; Schema: public; Owner: postgres
--

SELECT pg_catalog.setval('comments_id_seq', 1, false);


--
-- Data for Name: competitions; Type: TABLE DATA; Schema: public; Owner: postgres
--

COPY competitions (id, name, description, img_url, portrait_url, is_published, active, discipline_id, subdiscipline_id, competition_type_id, created_at, updated_at, created_by_id, meta) FROM stdin;
2	Ram Copa Alianza	Ram Cup	https://somosport-s3.s3.amazonaws.com/logo_torneo_copa1479505336332.png	\N	t	t	1	4	\N	2016-11-18 17:12:15.405-04:30	2016-11-18 17:12:15.405-04:30	4	\N
1	Copa Coca Cola	Copa Coca Cola, December 3rd	https://somosport-s3.s3.amazonaws.com/cocacola_logo1479526869576.png	\N	t	t	1	4	\N	2016-11-18 16:43:01.329-04:30	2016-11-18 16:43:01.329-04:30	4	\N
3	SomoSport Tournament 2016	SomoSport Tournament 2016		\N	f	t	1	3	\N	2016-11-23 22:12:42.023-04:30	2016-11-23 22:12:42.023-04:30	3	\N
4	Disney Boys Soccer Showcase	Welcome to the Proving Ground! Disney Soccer Showcase is the ultimate place for top clubs to be seen by hundreds of college coaches looking for great soccer talent. Rated #1 youth soccer tournament in the U.S. in a Soccer America survey, Disney Soccer Showcase gives athletes a chance to shine on one of the biggest stages set for youth soccer in this country!	https://somosport-s3.s3.amazonaws.com/soccershowcase1482712759701.png	\N	t	t	1	4	\N	2016-12-25 20:09:24.31-04:30	2016-12-25 20:09:24.31-04:30	29	\N
5	Tutoring Session	Tutoring sessions for competitions administration		\N	t	t	1	4	\N	2017-01-30 13:41:02.325-04:30	2017-01-30 13:41:02.325-04:30	3	\N
\.


--
-- Name: competitions_id_seq; Type: SEQUENCE SET; Schema: public; Owner: postgres
--

SELECT pg_catalog.setval('competitions_id_seq', 5, true);


--
-- Data for Name: competitions_roles_organizations; Type: TABLE DATA; Schema: public; Owner: postgres
--

COPY competitions_roles_organizations (id, competition_id, organization_id, rol_id, active, created_at, updated_at) FROM stdin;
\.


--
-- Name: competitions_roles_organizations_id_seq; Type: SEQUENCE SET; Schema: public; Owner: postgres
--

SELECT pg_catalog.setval('competitions_roles_organizations_id_seq', 1, false);


--
-- Data for Name: competitions_types; Type: TABLE DATA; Schema: public; Owner: postgres
--

COPY competitions_types (id, name, image_url, active, created_at, updated_at) FROM stdin;
1	League	https://s3.amazonaws.com/codefuel/media/somosport-vector-icons-league.svg	t	2016-11-18 11:15:44.02914-04:30	2016-11-18 11:15:44.02914-04:30
2	Cup	https://s3.amazonaws.com/codefuel/media/somosport-vector-icons-cup.svg	t	2016-11-18 11:15:44.02914-04:30	2016-11-18 11:15:44.02914-04:30
3	Championship	https://s3.amazonaws.com/codefuel/media/somosport-vector-icons-championship.svg	t	2016-11-18 11:15:44.02914-04:30	2016-11-18 11:15:44.02914-04:30
\.


--
-- Name: competitions_types_id_seq; Type: SEQUENCE SET; Schema: public; Owner: postgres
--

SELECT pg_catalog.setval('competitions_types_id_seq', 3, true);


--
-- Data for Name: competitions_users; Type: TABLE DATA; Schema: public; Owner: postgres
--

COPY competitions_users (id, active, created_at, updated_at, competition_id, user_id) FROM stdin;
1	t	2016-11-18 16:43:01.346-04:30	2016-11-18 16:43:01.346-04:30	1	4
2	t	2016-11-18 17:12:15.411-04:30	2016-11-18 17:12:15.411-04:30	2	4
3	t	2016-11-23 22:12:42.031-04:30	2016-11-23 22:12:42.031-04:30	3	3
4	t	2016-12-25 20:09:24.322-04:30	2016-12-25 20:09:24.322-04:30	4	29
5	t	2017-01-30 13:41:02.359-04:30	2017-01-30 13:41:02.359-04:30	5	3
\.


--
-- Name: competitions_users_id_seq; Type: SEQUENCE SET; Schema: public; Owner: postgres
--

SELECT pg_catalog.setval('competitions_users_id_seq', 5, true);


--
-- Data for Name: conctacts_types; Type: TABLE DATA; Schema: public; Owner: postgres
--

COPY conctacts_types (id, name, active, created_at, updated_at) FROM stdin;
\.


--
-- Name: conctacts_types_id_seq; Type: SEQUENCE SET; Schema: public; Owner: postgres
--

SELECT pg_catalog.setval('conctacts_types_id_seq', 1, false);


--
-- Data for Name: contacts; Type: TABLE DATA; Schema: public; Owner: postgres
--

COPY contacts (id, country, state, city, zip_code, phone, email, website_url, active, organization_id, created_at, updated_at) FROM stdin;
\.


--
-- Name: contacts_id_seq; Type: SEQUENCE SET; Schema: public; Owner: postgres
--

SELECT pg_catalog.setval('contacts_id_seq', 1, false);


--
-- Data for Name: contacts_types; Type: TABLE DATA; Schema: public; Owner: postgres
--

COPY contacts_types (id, name, active, created_at, updated_at) FROM stdin;
1	phone	t	2016-11-18 11:15:44.046555-04:30	2016-11-18 11:15:44.046555-04:30
2	email	t	2016-11-18 11:15:44.046555-04:30	2016-11-18 11:15:44.046555-04:30
3	website	t	2016-11-18 11:15:44.046555-04:30	2016-11-18 11:15:44.046555-04:30
4	facebook	t	2016-11-18 11:15:44.046555-04:30	2016-11-18 11:15:44.046555-04:30
5	twitter	t	2016-11-18 11:15:44.046555-04:30	2016-11-18 11:15:44.046555-04:30
6	instagram	t	2016-11-18 11:15:44.046555-04:30	2016-11-18 11:15:44.046555-04:30
7	snapchat	t	2016-11-18 11:15:44.046555-04:30	2016-11-18 11:15:44.046555-04:30
\.


--
-- Name: contacts_types_id_seq; Type: SEQUENCE SET; Schema: public; Owner: postgres
--

SELECT pg_catalog.setval('contacts_types_id_seq', 7, true);


--
-- Data for Name: countries; Type: TABLE DATA; Schema: public; Owner: postgres
--

COPY countries (name, active, created_at, updated_at) FROM stdin;
\.


--
-- Data for Name: disciplines; Type: TABLE DATA; Schema: public; Owner: postgres
--

COPY disciplines (id, name, description, image_url, active, created_at, updated_at) FROM stdin;
1	Football	Baseball is a bat-and-ball game played between two teams of nine players each who take turns batting and fielding.	http://dev.codefuel.me/smsmedia/somosport-vector-icons-futbol.svg	t	2016-11-18 11:15:43.947215-04:30	2016-11-18 11:15:43.947215-04:30
2	Tennis	Tennis is a racket sport that can be played individually against a single opponent (singles) or between two teams of two players each (doubles).	http://dev.codefuel.me/smsmedia/somosport-vector-icons-tennis.svg	t	2016-11-18 11:15:43.948321-04:30	2016-11-18 11:15:43.948321-04:30
5	Volleyball	Volleyball is a team sport in which two teams of six players are separated by a net. Each team tries to score points by grounding a ball on the other team's court under organized rules.	http://dev.codefuel.me/smsmedia/somosport-vector-icons-fut7.svg	t	2016-11-18 11:15:43.950796-04:30	2016-11-18 11:15:43.950796-04:30
6	Rugby	Rugby football is a team sport in which two teams is a free-flowing game that features a combination of strength, speed and strategy to move a ball into an opponents territory. Rugby is a full-contact sport yet players wear little-or no protective gear.	http://dev.codefuel.me/smsmedia/somosport-vector-icons-fut7.svg	t	2016-11-18 11:15:43.955311-04:30	2016-11-18 11:15:43.955311-04:30
3	Basketball	Basketball is a sport played by two teams of five players on a rectangular court. The objective is to shoot a ball through a hoop 18 inches (46 cm) in diameter and 10 feet (3.048 m) high mounted to a backboard at each end	http://dev.codefuel.me/smsmedia/somosport-vector-icons-basket.svg	t	2016-11-18 11:15:43.949122-04:30	2016-11-18 11:15:43.949122-04:30
4	Baseball	Association football, more commonly known as football or soccer,[3] is a sport played between two teams of eleven players with a spherical ball.	http://dev.codefuel.me/smsmedia/somosport-vector-icons-baseball.svg	t	2016-11-18 11:15:43.94615-04:30	2016-11-18 11:15:43.94615-04:30
\.


--
-- Name: disciplines_id_seq; Type: SEQUENCE SET; Schema: public; Owner: postgres
--

SELECT pg_catalog.setval('disciplines_id_seq', 6, true);


--
-- Data for Name: entities; Type: TABLE DATA; Schema: public; Owner: postgres
--

COPY entities (id, object_id, active, created_at, updated_at, object_type) FROM stdin;
1	4	t	2016-11-18 11:22:12.766-04:30	2016-11-18 11:22:12.766-04:30	users
2	5	t	2016-11-18 17:24:48.636-04:30	2016-11-18 17:24:48.636-04:30	users
3	1	t	2016-11-18 17:25:03.235-04:30	2016-11-18 17:25:03.235-04:30	teams
4	6	t	2016-11-18 17:43:02.266-04:30	2016-11-18 17:43:02.266-04:30	users
5	7	t	2016-11-18 18:15:22.45-04:30	2016-11-18 18:15:22.45-04:30	users
6	8	t	2016-11-18 18:17:06.869-04:30	2016-11-18 18:17:06.869-04:30	users
7	9	t	2016-11-18 18:18:10.825-04:30	2016-11-18 18:18:10.825-04:30	users
8	11	t	2016-11-18 18:43:58.569-04:30	2016-11-18 18:43:58.569-04:30	users
9	12	t	2016-11-21 15:54:41.825-04:30	2016-11-21 15:54:41.825-04:30	users
10	14	t	2016-11-23 18:58:55.991-04:30	2016-11-23 18:58:55.991-04:30	users
11	15	t	2016-11-23 21:44:31.393-04:30	2016-11-23 21:44:31.393-04:30	users
12	16	t	2016-11-23 22:25:06.165-04:30	2016-11-23 22:25:06.165-04:30	users
13	17	t	2016-11-23 22:33:40.547-04:30	2016-11-23 22:33:40.547-04:30	users
14	18	t	2016-11-23 22:42:22.559-04:30	2016-11-23 22:42:22.559-04:30	users
15	19	t	2016-11-23 23:25:43.871-04:30	2016-11-23 23:25:43.871-04:30	users
16	2	t	2016-11-23 23:31:19.23-04:30	2016-11-23 23:31:19.23-04:30	teams
17	3	t	2016-11-24 01:28:34.463-04:30	2016-11-24 01:28:34.463-04:30	teams
18	21	t	2016-11-24 01:55:18.595-04:30	2016-11-24 01:55:18.595-04:30	users
19	4	t	2016-11-24 01:56:06.363-04:30	2016-11-24 01:56:06.363-04:30	teams
20	5	t	2016-11-24 11:24:22.741-04:30	2016-11-24 11:24:22.741-04:30	teams
21	6	t	2016-11-24 11:25:18.278-04:30	2016-11-24 11:25:18.278-04:30	teams
22	7	t	2016-11-24 11:26:30.963-04:30	2016-11-24 11:26:30.963-04:30	teams
23	24	t	2016-11-24 14:07:59.096-04:30	2016-11-24 14:07:59.096-04:30	users
24	8	t	2016-11-24 14:10:06.231-04:30	2016-11-24 14:10:06.231-04:30	teams
25	9	t	2016-11-24 17:04:05.37-04:30	2016-11-24 17:04:05.37-04:30	teams
26	25	t	2016-11-25 15:03:43.337-04:30	2016-11-25 15:03:43.337-04:30	users
27	10	t	2016-11-25 15:15:59.814-04:30	2016-11-25 15:15:59.814-04:30	teams
28	26	t	2016-11-25 15:25:39.755-04:30	2016-11-25 15:25:39.755-04:30	users
29	11	t	2016-11-25 15:26:12.075-04:30	2016-11-25 15:26:12.075-04:30	teams
30	12	t	2016-11-25 15:40:15.845-04:30	2016-11-25 15:40:15.845-04:30	teams
31	13	t	2016-11-25 15:41:16.508-04:30	2016-11-25 15:41:16.508-04:30	teams
32	14	t	2016-11-25 21:03:47.194-04:30	2016-11-25 21:03:47.194-04:30	teams
33	15	t	2016-11-26 02:24:21.943-04:30	2016-11-26 02:24:21.943-04:30	teams
34	16	t	2016-11-28 10:55:30.522-04:30	2016-11-28 10:55:30.522-04:30	teams
35	17	t	2016-11-28 11:36:57.992-04:30	2016-11-28 11:36:57.992-04:30	teams
36	18	t	2016-11-28 11:41:14.103-04:30	2016-11-28 11:41:14.103-04:30	teams
37	19	t	2016-11-28 11:53:08.711-04:30	2016-11-28 11:53:08.711-04:30	teams
38	27	t	2016-11-30 14:28:12.239-04:30	2016-11-30 14:28:12.239-04:30	users
39	28	t	2016-12-01 20:42:17.473-04:30	2016-12-01 20:42:17.473-04:30	users
40	29	t	2016-12-25 19:55:25.006-04:30	2016-12-25 19:55:25.006-04:30	users
41	20	t	2016-12-26 14:40:57.019-04:30	2016-12-26 14:40:57.019-04:30	teams
42	21	t	2016-12-26 14:42:27.64-04:30	2016-12-26 14:42:27.64-04:30	teams
43	22	t	2016-12-26 14:43:17.634-04:30	2016-12-26 14:43:17.634-04:30	teams
44	23	t	2016-12-26 14:43:49.62-04:30	2016-12-26 14:43:49.62-04:30	teams
45	24	t	2016-12-26 14:44:18.998-04:30	2016-12-26 14:44:18.998-04:30	teams
46	25	t	2016-12-26 14:44:19.338-04:30	2016-12-26 14:44:19.338-04:30	teams
47	26	t	2016-12-26 14:44:57.57-04:30	2016-12-26 14:44:57.57-04:30	teams
48	27	t	2016-12-26 14:45:30.467-04:30	2016-12-26 14:45:30.467-04:30	teams
49	1	t	2016-12-26 14:46:04.306-04:30	2016-12-26 14:46:04.306-04:30	matches
50	5	t	2016-12-26 14:46:04.312-04:30	2016-12-26 14:46:04.312-04:30	matches
51	2	t	2016-12-26 14:46:04.313-04:30	2016-12-26 14:46:04.313-04:30	matches
52	3	t	2016-12-26 14:46:04.313-04:30	2016-12-26 14:46:04.313-04:30	matches
53	4	t	2016-12-26 14:46:04.314-04:30	2016-12-26 14:46:04.314-04:30	matches
54	6	t	2016-12-26 14:46:04.322-04:30	2016-12-26 14:46:04.322-04:30	matches
55	10	t	2016-12-26 14:46:04.325-04:30	2016-12-26 14:46:04.325-04:30	matches
56	7	t	2016-12-26 14:46:04.326-04:30	2016-12-26 14:46:04.326-04:30	matches
57	9	t	2016-12-26 14:46:04.326-04:30	2016-12-26 14:46:04.326-04:30	matches
58	8	t	2016-12-26 14:46:04.328-04:30	2016-12-26 14:46:04.328-04:30	matches
59	11	t	2016-12-26 14:46:04.339-04:30	2016-12-26 14:46:04.339-04:30	matches
60	12	t	2016-12-26 14:46:04.343-04:30	2016-12-26 14:46:04.343-04:30	matches
61	14	t	2016-12-26 14:46:04.344-04:30	2016-12-26 14:46:04.344-04:30	matches
62	13	t	2016-12-26 14:46:04.344-04:30	2016-12-26 14:46:04.344-04:30	matches
63	15	t	2016-12-26 14:46:04.345-04:30	2016-12-26 14:46:04.345-04:30	matches
64	16	t	2016-12-26 14:46:04.349-04:30	2016-12-26 14:46:04.349-04:30	matches
65	17	t	2016-12-26 14:46:04.352-04:30	2016-12-26 14:46:04.352-04:30	matches
66	18	t	2016-12-26 14:46:04.354-04:30	2016-12-26 14:46:04.354-04:30	matches
67	28	t	2016-12-26 14:46:10.15-04:30	2016-12-26 14:46:10.15-04:30	teams
68	30	t	2016-12-26 16:51:57.671-04:30	2016-12-26 16:51:57.671-04:30	players
69	32	t	2016-12-26 16:51:57.677-04:30	2016-12-26 16:51:57.677-04:30	players
70	31	t	2016-12-26 16:51:57.677-04:30	2016-12-26 16:51:57.677-04:30	players
71	29	t	2016-12-26 16:51:57.678-04:30	2016-12-26 16:51:57.678-04:30	players
72	33	t	2016-12-26 16:51:57.678-04:30	2016-12-26 16:51:57.678-04:30	players
73	34	t	2016-12-26 16:51:57.684-04:30	2016-12-26 16:51:57.684-04:30	players
74	38	t	2016-12-26 16:51:57.689-04:30	2016-12-26 16:51:57.689-04:30	players
75	35	t	2016-12-26 16:51:57.689-04:30	2016-12-26 16:51:57.689-04:30	players
76	36	t	2016-12-26 16:51:57.69-04:30	2016-12-26 16:51:57.69-04:30	players
77	37	t	2016-12-26 16:51:57.69-04:30	2016-12-26 16:51:57.69-04:30	players
78	39	t	2016-12-26 16:51:57.698-04:30	2016-12-26 16:51:57.698-04:30	players
79	43	t	2016-12-26 16:51:57.701-04:30	2016-12-26 16:51:57.701-04:30	players
80	42	t	2016-12-26 16:51:57.702-04:30	2016-12-26 16:51:57.702-04:30	players
81	40	t	2016-12-26 16:51:57.702-04:30	2016-12-26 16:51:57.702-04:30	players
82	41	t	2016-12-26 16:51:57.702-04:30	2016-12-26 16:51:57.702-04:30	players
83	44	t	2016-12-26 16:51:57.71-04:30	2016-12-26 16:51:57.71-04:30	players
84	47	t	2016-12-26 16:51:57.714-04:30	2016-12-26 16:51:57.714-04:30	players
85	45	t	2016-12-26 16:51:57.714-04:30	2016-12-26 16:51:57.714-04:30	players
86	46	t	2016-12-26 16:51:57.715-04:30	2016-12-26 16:51:57.715-04:30	players
87	48	t	2016-12-26 16:51:57.721-04:30	2016-12-26 16:51:57.721-04:30	players
88	49	t	2016-12-26 16:51:57.726-04:30	2016-12-26 16:51:57.726-04:30	players
89	50	t	2016-12-26 16:51:57.727-04:30	2016-12-26 16:51:57.727-04:30	players
90	51	t	2016-12-26 16:51:57.733-04:30	2016-12-26 16:51:57.733-04:30	players
91	52	t	2016-12-26 16:51:57.736-04:30	2016-12-26 16:51:57.736-04:30	players
92	53	t	2016-12-26 16:51:57.739-04:30	2016-12-26 16:51:57.739-04:30	players
93	54	t	2016-12-26 16:53:45.884-04:30	2016-12-26 16:53:45.884-04:30	players
94	56	t	2016-12-26 16:53:45.895-04:30	2016-12-26 16:53:45.895-04:30	players
95	55	t	2016-12-26 16:53:45.898-04:30	2016-12-26 16:53:45.898-04:30	players
96	57	t	2016-12-26 16:53:45.899-04:30	2016-12-26 16:53:45.899-04:30	players
97	58	t	2016-12-26 16:53:45.91-04:30	2016-12-26 16:53:45.91-04:30	players
98	59	t	2016-12-26 16:53:45.917-04:30	2016-12-26 16:53:45.917-04:30	players
99	60	t	2016-12-26 16:53:45.927-04:30	2016-12-26 16:53:45.927-04:30	players
100	61	t	2016-12-26 16:53:45.929-04:30	2016-12-26 16:53:45.929-04:30	players
101	62	t	2016-12-26 16:53:45.937-04:30	2016-12-26 16:53:45.937-04:30	players
102	63	t	2016-12-26 16:53:45.938-04:30	2016-12-26 16:53:45.938-04:30	players
103	64	t	2016-12-26 16:53:45.947-04:30	2016-12-26 16:53:45.947-04:30	players
104	65	t	2016-12-26 16:53:45.949-04:30	2016-12-26 16:53:45.949-04:30	players
105	66	t	2016-12-26 16:53:45.958-04:30	2016-12-26 16:53:45.958-04:30	players
106	67	t	2016-12-26 16:53:45.965-04:30	2016-12-26 16:53:45.965-04:30	players
107	68	t	2016-12-26 16:53:45.972-04:30	2016-12-26 16:53:45.972-04:30	players
108	69	t	2016-12-26 16:53:45.974-04:30	2016-12-26 16:53:45.974-04:30	players
109	70	t	2016-12-26 16:53:45.978-04:30	2016-12-26 16:53:45.978-04:30	players
110	71	t	2016-12-26 16:53:45.99-04:30	2016-12-26 16:53:45.99-04:30	players
111	72	t	2016-12-26 16:53:45.992-04:30	2016-12-26 16:53:45.992-04:30	players
112	73	t	2016-12-26 16:53:46.002-04:30	2016-12-26 16:53:46.002-04:30	players
113	74	t	2016-12-26 16:53:46.003-04:30	2016-12-26 16:53:46.003-04:30	players
114	75	t	2016-12-26 16:53:46.017-04:30	2016-12-26 16:53:46.017-04:30	players
115	76	t	2016-12-26 16:53:46.022-04:30	2016-12-26 16:53:46.022-04:30	players
116	77	t	2016-12-26 16:53:46.023-04:30	2016-12-26 16:53:46.023-04:30	players
117	78	t	2016-12-26 16:53:46.027-04:30	2016-12-26 16:53:46.027-04:30	players
118	79	t	2016-12-26 16:55:35.129-04:30	2016-12-26 16:55:35.129-04:30	players
119	80	t	2016-12-26 16:55:35.139-04:30	2016-12-26 16:55:35.139-04:30	players
120	81	t	2016-12-26 16:55:35.139-04:30	2016-12-26 16:55:35.139-04:30	players
121	82	t	2016-12-26 16:55:35.14-04:30	2016-12-26 16:55:35.14-04:30	players
126	87	t	2016-12-26 16:55:35.152-04:30	2016-12-26 16:55:35.152-04:30	players
137	98	t	2016-12-26 16:55:35.186-04:30	2016-12-26 16:55:35.186-04:30	players
140	101	t	2016-12-26 16:55:35.192-04:30	2016-12-26 16:55:35.192-04:30	players
142	103	t	2016-12-26 16:55:35.203-04:30	2016-12-26 16:55:35.203-04:30	players
145	105	t	2016-12-26 16:56:39.193-04:30	2016-12-26 16:56:39.193-04:30	players
150	111	t	2016-12-26 16:56:39.21-04:30	2016-12-26 16:56:39.21-04:30	players
155	116	t	2016-12-26 16:56:39.22-04:30	2016-12-26 16:56:39.22-04:30	players
165	126	t	2016-12-26 16:56:39.244-04:30	2016-12-26 16:56:39.244-04:30	players
122	83	t	2016-12-26 16:55:35.14-04:30	2016-12-26 16:55:35.14-04:30	players
123	84	t	2016-12-26 16:55:35.147-04:30	2016-12-26 16:55:35.147-04:30	players
128	89	t	2016-12-26 16:55:35.161-04:30	2016-12-26 16:55:35.161-04:30	players
133	94	t	2016-12-26 16:55:35.175-04:30	2016-12-26 16:55:35.175-04:30	players
138	99	t	2016-12-26 16:55:35.189-04:30	2016-12-26 16:55:35.189-04:30	players
156	117	t	2016-12-26 16:56:39.223-04:30	2016-12-26 16:56:39.223-04:30	players
161	122	t	2016-12-26 16:56:39.235-04:30	2016-12-26 16:56:39.235-04:30	players
124	85	t	2016-12-26 16:55:35.151-04:30	2016-12-26 16:55:35.151-04:30	players
127	88	t	2016-12-26 16:55:35.159-04:30	2016-12-26 16:55:35.159-04:30	players
130	91	t	2016-12-26 16:55:35.165-04:30	2016-12-26 16:55:35.165-04:30	players
132	93	t	2016-12-26 16:55:35.172-04:30	2016-12-26 16:55:35.172-04:30	players
135	96	t	2016-12-26 16:55:35.18-04:30	2016-12-26 16:55:35.18-04:30	players
143	104	t	2016-12-26 16:56:39.181-04:30	2016-12-26 16:56:39.181-04:30	players
147	108	t	2016-12-26 16:56:39.194-04:30	2016-12-26 16:56:39.194-04:30	players
148	109	t	2016-12-26 16:56:39.201-04:30	2016-12-26 16:56:39.201-04:30	players
152	112	t	2016-12-26 16:56:39.211-04:30	2016-12-26 16:56:39.211-04:30	players
153	114	t	2016-12-26 16:56:39.216-04:30	2016-12-26 16:56:39.216-04:30	players
158	119	t	2016-12-26 16:56:39.228-04:30	2016-12-26 16:56:39.228-04:30	players
166	127	t	2016-12-26 16:56:39.247-04:30	2016-12-26 16:56:39.247-04:30	players
125	86	t	2016-12-26 16:55:35.152-04:30	2016-12-26 16:55:35.152-04:30	players
129	90	t	2016-12-26 16:55:35.165-04:30	2016-12-26 16:55:35.165-04:30	players
134	95	t	2016-12-26 16:55:35.179-04:30	2016-12-26 16:55:35.179-04:30	players
139	100	t	2016-12-26 16:55:35.191-04:30	2016-12-26 16:55:35.191-04:30	players
146	106	t	2016-12-26 16:56:39.194-04:30	2016-12-26 16:56:39.194-04:30	players
151	110	t	2016-12-26 16:56:39.211-04:30	2016-12-26 16:56:39.211-04:30	players
160	121	t	2016-12-26 16:56:39.231-04:30	2016-12-26 16:56:39.231-04:30	players
163	124	t	2016-12-26 16:56:39.239-04:30	2016-12-26 16:56:39.239-04:30	players
131	92	t	2016-12-26 16:55:35.17-04:30	2016-12-26 16:55:35.17-04:30	players
136	97	t	2016-12-26 16:55:35.183-04:30	2016-12-26 16:55:35.183-04:30	players
141	102	t	2016-12-26 16:55:35.197-04:30	2016-12-26 16:55:35.197-04:30	players
144	107	t	2016-12-26 16:56:39.193-04:30	2016-12-26 16:56:39.193-04:30	players
149	113	t	2016-12-26 16:56:39.209-04:30	2016-12-26 16:56:39.209-04:30	players
154	115	t	2016-12-26 16:56:39.219-04:30	2016-12-26 16:56:39.219-04:30	players
157	118	t	2016-12-26 16:56:39.225-04:30	2016-12-26 16:56:39.225-04:30	players
159	120	t	2016-12-26 16:56:39.231-04:30	2016-12-26 16:56:39.231-04:30	players
162	123	t	2016-12-26 16:56:39.235-04:30	2016-12-26 16:56:39.235-04:30	players
164	125	t	2016-12-26 16:56:39.242-04:30	2016-12-26 16:56:39.242-04:30	players
167	128	t	2016-12-26 16:56:39.247-04:30	2016-12-26 16:56:39.247-04:30	players
168	129	t	2016-12-26 16:58:50.664-04:30	2016-12-26 16:58:50.664-04:30	players
169	133	t	2016-12-26 16:58:50.67-04:30	2016-12-26 16:58:50.67-04:30	players
170	131	t	2016-12-26 16:58:50.671-04:30	2016-12-26 16:58:50.671-04:30	players
171	132	t	2016-12-26 16:58:50.671-04:30	2016-12-26 16:58:50.671-04:30	players
172	130	t	2016-12-26 16:58:50.672-04:30	2016-12-26 16:58:50.672-04:30	players
173	134	t	2016-12-26 16:58:50.678-04:30	2016-12-26 16:58:50.678-04:30	players
174	135	t	2016-12-26 16:58:50.682-04:30	2016-12-26 16:58:50.682-04:30	players
175	136	t	2016-12-26 16:58:50.683-04:30	2016-12-26 16:58:50.683-04:30	players
176	137	t	2016-12-26 16:58:50.683-04:30	2016-12-26 16:58:50.683-04:30	players
177	138	t	2016-12-26 16:58:50.69-04:30	2016-12-26 16:58:50.69-04:30	players
178	139	t	2016-12-26 16:58:50.693-04:30	2016-12-26 16:58:50.693-04:30	players
179	140	t	2016-12-26 16:58:50.695-04:30	2016-12-26 16:58:50.695-04:30	players
180	141	t	2016-12-26 16:58:50.699-04:30	2016-12-26 16:58:50.699-04:30	players
181	142	t	2016-12-26 16:58:50.699-04:30	2016-12-26 16:58:50.699-04:30	players
182	143	t	2016-12-26 16:58:50.703-04:30	2016-12-26 16:58:50.703-04:30	players
183	144	t	2016-12-26 16:58:50.707-04:30	2016-12-26 16:58:50.707-04:30	players
184	145	t	2016-12-26 16:58:50.71-04:30	2016-12-26 16:58:50.71-04:30	players
185	146	t	2016-12-26 16:58:50.713-04:30	2016-12-26 16:58:50.713-04:30	players
186	147	t	2016-12-26 16:58:50.713-04:30	2016-12-26 16:58:50.713-04:30	players
187	148	t	2016-12-26 16:58:50.717-04:30	2016-12-26 16:58:50.717-04:30	players
188	149	t	2016-12-26 16:58:50.72-04:30	2016-12-26 16:58:50.72-04:30	players
189	150	t	2016-12-26 16:58:50.722-04:30	2016-12-26 16:58:50.722-04:30	players
190	151	t	2016-12-26 16:58:50.725-04:30	2016-12-26 16:58:50.725-04:30	players
191	152	t	2016-12-26 16:58:50.728-04:30	2016-12-26 16:58:50.728-04:30	players
192	153	t	2016-12-26 16:58:50.731-04:30	2016-12-26 16:58:50.731-04:30	players
193	154	t	2016-12-26 16:59:56.397-04:30	2016-12-26 16:59:56.397-04:30	players
194	158	t	2016-12-26 16:59:56.402-04:30	2016-12-26 16:59:56.402-04:30	players
195	156	t	2016-12-26 16:59:56.403-04:30	2016-12-26 16:59:56.403-04:30	players
196	155	t	2016-12-26 16:59:56.403-04:30	2016-12-26 16:59:56.403-04:30	players
197	157	t	2016-12-26 16:59:56.403-04:30	2016-12-26 16:59:56.403-04:30	players
198	159	t	2016-12-26 16:59:56.409-04:30	2016-12-26 16:59:56.409-04:30	players
199	160	t	2016-12-26 16:59:56.411-04:30	2016-12-26 16:59:56.411-04:30	players
200	163	t	2016-12-26 16:59:56.414-04:30	2016-12-26 16:59:56.414-04:30	players
201	161	t	2016-12-26 16:59:56.414-04:30	2016-12-26 16:59:56.414-04:30	players
202	162	t	2016-12-26 16:59:56.415-04:30	2016-12-26 16:59:56.415-04:30	players
203	164	t	2016-12-26 16:59:56.42-04:30	2016-12-26 16:59:56.42-04:30	players
204	165	t	2016-12-26 16:59:56.422-04:30	2016-12-26 16:59:56.422-04:30	players
205	166	t	2016-12-26 16:59:56.425-04:30	2016-12-26 16:59:56.425-04:30	players
206	167	t	2016-12-26 16:59:56.426-04:30	2016-12-26 16:59:56.426-04:30	players
207	168	t	2016-12-26 16:59:56.428-04:30	2016-12-26 16:59:56.428-04:30	players
208	169	t	2016-12-26 16:59:56.431-04:30	2016-12-26 16:59:56.431-04:30	players
209	170	t	2016-12-26 16:59:56.434-04:30	2016-12-26 16:59:56.434-04:30	players
210	171	t	2016-12-26 16:59:56.436-04:30	2016-12-26 16:59:56.436-04:30	players
211	172	t	2016-12-26 16:59:56.437-04:30	2016-12-26 16:59:56.437-04:30	players
212	173	t	2016-12-26 16:59:56.44-04:30	2016-12-26 16:59:56.44-04:30	players
213	174	t	2016-12-26 16:59:56.442-04:30	2016-12-26 16:59:56.442-04:30	players
214	175	t	2016-12-26 16:59:56.448-04:30	2016-12-26 16:59:56.448-04:30	players
215	176	t	2016-12-26 16:59:56.451-04:30	2016-12-26 16:59:56.451-04:30	players
216	177	t	2016-12-26 16:59:56.451-04:30	2016-12-26 16:59:56.451-04:30	players
217	178	t	2016-12-26 16:59:56.453-04:30	2016-12-26 16:59:56.453-04:30	players
218	179	t	2016-12-26 17:01:15.761-04:30	2016-12-26 17:01:15.761-04:30	players
219	183	t	2016-12-26 17:01:15.765-04:30	2016-12-26 17:01:15.765-04:30	players
220	181	t	2016-12-26 17:01:15.765-04:30	2016-12-26 17:01:15.765-04:30	players
221	180	t	2016-12-26 17:01:15.766-04:30	2016-12-26 17:01:15.766-04:30	players
222	182	t	2016-12-26 17:01:15.766-04:30	2016-12-26 17:01:15.766-04:30	players
223	184	t	2016-12-26 17:01:15.772-04:30	2016-12-26 17:01:15.772-04:30	players
224	187	t	2016-12-26 17:01:15.775-04:30	2016-12-26 17:01:15.775-04:30	players
225	185	t	2016-12-26 17:01:15.776-04:30	2016-12-26 17:01:15.776-04:30	players
226	186	t	2016-12-26 17:01:15.776-04:30	2016-12-26 17:01:15.776-04:30	players
227	188	t	2016-12-26 17:01:15.78-04:30	2016-12-26 17:01:15.78-04:30	players
228	189	t	2016-12-26 17:01:15.782-04:30	2016-12-26 17:01:15.782-04:30	players
229	190	t	2016-12-26 17:01:15.786-04:30	2016-12-26 17:01:15.786-04:30	players
230	191	t	2016-12-26 17:01:15.788-04:30	2016-12-26 17:01:15.788-04:30	players
231	192	t	2016-12-26 17:01:15.789-04:30	2016-12-26 17:01:15.789-04:30	players
232	193	t	2016-12-26 17:01:15.791-04:30	2016-12-26 17:01:15.791-04:30	players
233	194	t	2016-12-26 17:01:15.794-04:30	2016-12-26 17:01:15.794-04:30	players
234	195	t	2016-12-26 17:01:15.796-04:30	2016-12-26 17:01:15.796-04:30	players
235	196	t	2016-12-26 17:01:15.798-04:30	2016-12-26 17:01:15.798-04:30	players
236	197	t	2016-12-26 17:01:15.8-04:30	2016-12-26 17:01:15.8-04:30	players
237	198	t	2016-12-26 17:01:15.803-04:30	2016-12-26 17:01:15.803-04:30	players
238	199	t	2016-12-26 17:01:15.805-04:30	2016-12-26 17:01:15.805-04:30	players
239	200	t	2016-12-26 17:01:15.807-04:30	2016-12-26 17:01:15.807-04:30	players
240	201	t	2016-12-26 17:01:15.81-04:30	2016-12-26 17:01:15.81-04:30	players
241	202	t	2016-12-26 17:01:15.81-04:30	2016-12-26 17:01:15.81-04:30	players
242	203	t	2016-12-26 17:01:15.813-04:30	2016-12-26 17:01:15.813-04:30	players
243	204	t	2016-12-26 17:05:09.241-04:30	2016-12-26 17:05:09.241-04:30	players
244	205	t	2016-12-26 17:05:09.246-04:30	2016-12-26 17:05:09.246-04:30	players
245	206	t	2016-12-26 17:05:09.25-04:30	2016-12-26 17:05:09.25-04:30	players
246	207	t	2016-12-26 17:05:09.27-04:30	2016-12-26 17:05:09.27-04:30	players
247	209	t	2016-12-26 17:05:09.275-04:30	2016-12-26 17:05:09.275-04:30	players
248	211	t	2016-12-26 17:05:09.282-04:30	2016-12-26 17:05:09.282-04:30	players
249	208	t	2016-12-26 17:05:09.283-04:30	2016-12-26 17:05:09.283-04:30	players
250	210	t	2016-12-26 17:05:09.283-04:30	2016-12-26 17:05:09.283-04:30	players
251	212	t	2016-12-26 17:05:09.293-04:30	2016-12-26 17:05:09.293-04:30	players
252	213	t	2016-12-26 17:05:09.296-04:30	2016-12-26 17:05:09.296-04:30	players
253	214	t	2016-12-26 17:05:09.3-04:30	2016-12-26 17:05:09.3-04:30	players
254	215	t	2016-12-26 17:05:09.301-04:30	2016-12-26 17:05:09.301-04:30	players
255	216	t	2016-12-26 17:05:09.305-04:30	2016-12-26 17:05:09.305-04:30	players
256	217	t	2016-12-26 17:05:09.308-04:30	2016-12-26 17:05:09.308-04:30	players
257	218	t	2016-12-26 17:05:09.31-04:30	2016-12-26 17:05:09.31-04:30	players
258	219	t	2016-12-26 17:05:09.313-04:30	2016-12-26 17:05:09.313-04:30	players
259	220	t	2016-12-26 17:05:09.314-04:30	2016-12-26 17:05:09.314-04:30	players
260	221	t	2016-12-26 17:05:09.317-04:30	2016-12-26 17:05:09.317-04:30	players
261	222	t	2016-12-26 17:05:09.327-04:30	2016-12-26 17:05:09.327-04:30	players
262	223	t	2016-12-26 17:05:09.33-04:30	2016-12-26 17:05:09.33-04:30	players
263	224	t	2016-12-26 17:05:09.334-04:30	2016-12-26 17:05:09.334-04:30	players
264	225	t	2016-12-26 17:05:09.335-04:30	2016-12-26 17:05:09.335-04:30	players
265	226	t	2016-12-26 17:05:09.339-04:30	2016-12-26 17:05:09.339-04:30	players
266	227	t	2016-12-26 17:05:09.342-04:30	2016-12-26 17:05:09.342-04:30	players
267	228	t	2016-12-26 17:05:09.349-04:30	2016-12-26 17:05:09.349-04:30	players
268	31	t	2016-12-27 08:33:55.012-04:30	2016-12-27 08:33:55.012-04:30	users
269	32	t	2016-12-27 12:23:33.697-04:30	2016-12-27 12:23:33.697-04:30	users
270	29	t	2016-12-27 12:25:33.682-04:30	2016-12-27 12:25:33.682-04:30	teams
271	229	t	2016-12-27 12:27:11.757-04:30	2016-12-27 12:27:11.757-04:30	players
272	230	t	2016-12-27 14:07:02.635-04:30	2016-12-27 14:07:02.635-04:30	players
273	232	t	2016-12-27 14:07:02.64-04:30	2016-12-27 14:07:02.64-04:30	players
274	233	t	2016-12-27 14:07:02.64-04:30	2016-12-27 14:07:02.64-04:30	players
275	231	t	2016-12-27 14:07:02.641-04:30	2016-12-27 14:07:02.641-04:30	players
276	234	t	2016-12-27 14:07:02.641-04:30	2016-12-27 14:07:02.641-04:30	players
277	235	t	2016-12-27 14:07:02.646-04:30	2016-12-27 14:07:02.646-04:30	players
280	237	t	2016-12-27 14:07:02.654-04:30	2016-12-27 14:07:02.654-04:30	players
282	240	t	2016-12-27 14:07:02.659-04:30	2016-12-27 14:07:02.659-04:30	players
287	245	t	2016-12-27 14:07:02.673-04:30	2016-12-27 14:07:02.673-04:30	players
292	250	t	2016-12-27 14:07:02.688-04:30	2016-12-27 14:07:02.688-04:30	players
295	253	t	2016-12-27 14:07:02.694-04:30	2016-12-27 14:07:02.694-04:30	players
300	257	t	2016-12-27 14:08:05.141-04:30	2016-12-27 14:08:05.141-04:30	players
305	262	t	2016-12-27 14:08:05.16-04:30	2016-12-27 14:08:05.16-04:30	players
311	266	t	2016-12-27 14:08:05.182-04:30	2016-12-27 14:08:05.182-04:30	players
316	272	t	2016-12-27 14:08:05.204-04:30	2016-12-27 14:08:05.204-04:30	players
317	275	t	2016-12-27 14:08:05.215-04:30	2016-12-27 14:08:05.215-04:30	players
324	281	t	2016-12-27 14:08:40.439-04:30	2016-12-27 14:08:40.439-04:30	players
329	289	t	2016-12-27 14:08:40.456-04:30	2016-12-27 14:08:40.456-04:30	players
336	295	t	2016-12-27 14:08:40.47-04:30	2016-12-27 14:08:40.47-04:30	players
342	301	t	2016-12-27 14:08:40.48-04:30	2016-12-27 14:08:40.48-04:30	players
349	309	t	2016-12-27 14:09:12.118-04:30	2016-12-27 14:09:12.118-04:30	players
353	311	t	2016-12-27 14:09:12.135-04:30	2016-12-27 14:09:12.135-04:30	players
357	312	t	2016-12-27 14:09:12.139-04:30	2016-12-27 14:09:12.139-04:30	players
358	316	t	2016-12-27 14:09:12.144-04:30	2016-12-27 14:09:12.144-04:30	players
361	319	t	2016-12-27 14:09:12.149-04:30	2016-12-27 14:09:12.149-04:30	players
363	321	t	2016-12-27 14:09:12.154-04:30	2016-12-27 14:09:12.154-04:30	players
368	326	t	2016-12-27 14:09:12.165-04:30	2016-12-27 14:09:12.165-04:30	players
371	329	t	2016-12-27 14:09:12.172-04:30	2016-12-27 14:09:12.172-04:30	players
374	331	t	2016-12-27 14:09:50.637-04:30	2016-12-27 14:09:50.637-04:30	players
379	339	t	2016-12-27 14:09:50.664-04:30	2016-12-27 14:09:50.664-04:30	players
383	341	t	2016-12-27 14:09:50.696-04:30	2016-12-27 14:09:50.696-04:30	players
396	354	t	2016-12-27 14:09:50.768-04:30	2016-12-27 14:09:50.768-04:30	players
278	236	t	2016-12-27 14:07:02.65-04:30	2016-12-27 14:07:02.65-04:30	players
279	238	t	2016-12-27 14:07:02.653-04:30	2016-12-27 14:07:02.653-04:30	players
281	239	t	2016-12-27 14:07:02.656-04:30	2016-12-27 14:07:02.656-04:30	players
283	241	t	2016-12-27 14:07:02.663-04:30	2016-12-27 14:07:02.663-04:30	players
284	242	t	2016-12-27 14:07:02.664-04:30	2016-12-27 14:07:02.664-04:30	players
286	244	t	2016-12-27 14:07:02.67-04:30	2016-12-27 14:07:02.67-04:30	players
288	246	t	2016-12-27 14:07:02.676-04:30	2016-12-27 14:07:02.676-04:30	players
291	248	t	2016-12-27 14:07:02.681-04:30	2016-12-27 14:07:02.681-04:30	players
293	251	t	2016-12-27 14:07:02.69-04:30	2016-12-27 14:07:02.69-04:30	players
296	254	t	2016-12-27 14:07:02.699-04:30	2016-12-27 14:07:02.699-04:30	players
298	258	t	2016-12-27 14:08:05.14-04:30	2016-12-27 14:08:05.14-04:30	players
304	264	t	2016-12-27 14:08:05.159-04:30	2016-12-27 14:08:05.159-04:30	players
308	268	t	2016-12-27 14:08:05.179-04:30	2016-12-27 14:08:05.179-04:30	players
309	269	t	2016-12-27 14:08:05.18-04:30	2016-12-27 14:08:05.18-04:30	players
313	273	t	2016-12-27 14:08:05.202-04:30	2016-12-27 14:08:05.202-04:30	players
315	271	t	2016-12-27 14:08:05.203-04:30	2016-12-27 14:08:05.203-04:30	players
318	279	t	2016-12-27 14:08:05.222-04:30	2016-12-27 14:08:05.222-04:30	players
320	278	t	2016-12-27 14:08:05.225-04:30	2016-12-27 14:08:05.225-04:30	players
322	280	t	2016-12-27 14:08:40.433-04:30	2016-12-27 14:08:40.433-04:30	players
326	284	t	2016-12-27 14:08:40.44-04:30	2016-12-27 14:08:40.44-04:30	players
327	285	t	2016-12-27 14:08:40.451-04:30	2016-12-27 14:08:40.451-04:30	players
331	286	t	2016-12-27 14:08:40.457-04:30	2016-12-27 14:08:40.457-04:30	players
332	290	t	2016-12-27 14:08:40.461-04:30	2016-12-27 14:08:40.461-04:30	players
335	293	t	2016-12-27 14:08:40.467-04:30	2016-12-27 14:08:40.467-04:30	players
340	298	t	2016-12-27 14:08:40.476-04:30	2016-12-27 14:08:40.476-04:30	players
341	299	t	2016-12-27 14:08:40.478-04:30	2016-12-27 14:08:40.478-04:30	players
343	300	t	2016-12-27 14:08:40.481-04:30	2016-12-27 14:08:40.481-04:30	players
345	303	t	2016-12-27 14:08:40.485-04:30	2016-12-27 14:08:40.485-04:30	players
346	304	t	2016-12-27 14:08:40.487-04:30	2016-12-27 14:08:40.487-04:30	players
348	308	t	2016-12-27 14:09:12.118-04:30	2016-12-27 14:09:12.118-04:30	players
351	307	t	2016-12-27 14:09:12.12-04:30	2016-12-27 14:09:12.12-04:30	players
352	310	t	2016-12-27 14:09:12.126-04:30	2016-12-27 14:09:12.126-04:30	players
355	313	t	2016-12-27 14:09:12.139-04:30	2016-12-27 14:09:12.139-04:30	players
362	320	t	2016-12-27 14:09:12.152-04:30	2016-12-27 14:09:12.152-04:30	players
366	325	t	2016-12-27 14:09:12.161-04:30	2016-12-27 14:09:12.161-04:30	players
370	328	t	2016-12-27 14:09:12.172-04:30	2016-12-27 14:09:12.172-04:30	players
372	330	t	2016-12-27 14:09:50.629-04:30	2016-12-27 14:09:50.629-04:30	players
375	332	t	2016-12-27 14:09:50.637-04:30	2016-12-27 14:09:50.637-04:30	players
380	338	t	2016-12-27 14:09:50.665-04:30	2016-12-27 14:09:50.665-04:30	players
382	340	t	2016-12-27 14:09:50.688-04:30	2016-12-27 14:09:50.688-04:30	players
385	343	t	2016-12-27 14:09:50.697-04:30	2016-12-27 14:09:50.697-04:30	players
386	344	t	2016-12-27 14:09:50.698-04:30	2016-12-27 14:09:50.698-04:30	players
387	345	t	2016-12-27 14:09:50.712-04:30	2016-12-27 14:09:50.712-04:30	players
389	347	t	2016-12-27 14:09:50.724-04:30	2016-12-27 14:09:50.724-04:30	players
390	349	t	2016-12-27 14:09:50.724-04:30	2016-12-27 14:09:50.724-04:30	players
395	353	t	2016-12-27 14:09:50.757-04:30	2016-12-27 14:09:50.757-04:30	players
285	243	t	2016-12-27 14:07:02.664-04:30	2016-12-27 14:07:02.664-04:30	players
289	247	t	2016-12-27 14:07:02.678-04:30	2016-12-27 14:07:02.678-04:30	players
294	252	t	2016-12-27 14:07:02.693-04:30	2016-12-27 14:07:02.693-04:30	players
299	256	t	2016-12-27 14:08:05.14-04:30	2016-12-27 14:08:05.14-04:30	players
303	261	t	2016-12-27 14:08:05.158-04:30	2016-12-27 14:08:05.158-04:30	players
314	274	t	2016-12-27 14:08:05.202-04:30	2016-12-27 14:08:05.202-04:30	players
319	276	t	2016-12-27 14:08:05.223-04:30	2016-12-27 14:08:05.223-04:30	players
325	283	t	2016-12-27 14:08:40.44-04:30	2016-12-27 14:08:40.44-04:30	players
330	287	t	2016-12-27 14:08:40.456-04:30	2016-12-27 14:08:40.456-04:30	players
334	292	t	2016-12-27 14:08:40.465-04:30	2016-12-27 14:08:40.465-04:30	players
337	294	t	2016-12-27 14:08:40.47-04:30	2016-12-27 14:08:40.47-04:30	players
339	297	t	2016-12-27 14:08:40.475-04:30	2016-12-27 14:08:40.475-04:30	players
344	302	t	2016-12-27 14:08:40.483-04:30	2016-12-27 14:08:40.483-04:30	players
354	315	t	2016-12-27 14:09:12.138-04:30	2016-12-27 14:09:12.138-04:30	players
359	317	t	2016-12-27 14:09:12.146-04:30	2016-12-27 14:09:12.146-04:30	players
364	322	t	2016-12-27 14:09:12.156-04:30	2016-12-27 14:09:12.156-04:30	players
367	324	t	2016-12-27 14:09:12.161-04:30	2016-12-27 14:09:12.161-04:30	players
369	327	t	2016-12-27 14:09:12.169-04:30	2016-12-27 14:09:12.169-04:30	players
376	334	t	2016-12-27 14:09:50.637-04:30	2016-12-27 14:09:50.637-04:30	players
377	335	t	2016-12-27 14:09:50.651-04:30	2016-12-27 14:09:50.651-04:30	players
381	336	t	2016-12-27 14:09:50.665-04:30	2016-12-27 14:09:50.665-04:30	players
391	348	t	2016-12-27 14:09:50.725-04:30	2016-12-27 14:09:50.725-04:30	players
392	350	t	2016-12-27 14:09:50.746-04:30	2016-12-27 14:09:50.746-04:30	players
394	352	t	2016-12-27 14:09:50.757-04:30	2016-12-27 14:09:50.757-04:30	players
290	249	t	2016-12-27 14:07:02.681-04:30	2016-12-27 14:07:02.681-04:30	players
297	255	t	2016-12-27 14:08:05.133-04:30	2016-12-27 14:08:05.133-04:30	players
301	259	t	2016-12-27 14:08:05.141-04:30	2016-12-27 14:08:05.141-04:30	players
302	260	t	2016-12-27 14:08:05.153-04:30	2016-12-27 14:08:05.153-04:30	players
306	263	t	2016-12-27 14:08:05.161-04:30	2016-12-27 14:08:05.161-04:30	players
307	265	t	2016-12-27 14:08:05.173-04:30	2016-12-27 14:08:05.173-04:30	players
310	267	t	2016-12-27 14:08:05.181-04:30	2016-12-27 14:08:05.181-04:30	players
312	270	t	2016-12-27 14:08:05.195-04:30	2016-12-27 14:08:05.195-04:30	players
321	277	t	2016-12-27 14:08:05.226-04:30	2016-12-27 14:08:05.226-04:30	players
323	282	t	2016-12-27 14:08:40.439-04:30	2016-12-27 14:08:40.439-04:30	players
328	288	t	2016-12-27 14:08:40.455-04:30	2016-12-27 14:08:40.455-04:30	players
333	291	t	2016-12-27 14:08:40.463-04:30	2016-12-27 14:08:40.463-04:30	players
338	296	t	2016-12-27 14:08:40.473-04:30	2016-12-27 14:08:40.473-04:30	players
347	305	t	2016-12-27 14:09:12.111-04:30	2016-12-27 14:09:12.111-04:30	players
350	306	t	2016-12-27 14:09:12.119-04:30	2016-12-27 14:09:12.119-04:30	players
356	314	t	2016-12-27 14:09:12.139-04:30	2016-12-27 14:09:12.139-04:30	players
360	318	t	2016-12-27 14:09:12.149-04:30	2016-12-27 14:09:12.149-04:30	players
365	323	t	2016-12-27 14:09:12.158-04:30	2016-12-27 14:09:12.158-04:30	players
373	333	t	2016-12-27 14:09:50.636-04:30	2016-12-27 14:09:50.636-04:30	players
378	337	t	2016-12-27 14:09:50.663-04:30	2016-12-27 14:09:50.663-04:30	players
384	342	t	2016-12-27 14:09:50.696-04:30	2016-12-27 14:09:50.696-04:30	players
388	346	t	2016-12-27 14:09:50.717-04:30	2016-12-27 14:09:50.717-04:30	players
393	351	t	2016-12-27 14:09:50.752-04:30	2016-12-27 14:09:50.752-04:30	players
397	355	t	2016-12-27 14:10:25.538-04:30	2016-12-27 14:10:25.538-04:30	players
398	357	t	2016-12-27 14:10:25.542-04:30	2016-12-27 14:10:25.542-04:30	players
399	356	t	2016-12-27 14:10:25.543-04:30	2016-12-27 14:10:25.543-04:30	players
400	358	t	2016-12-27 14:10:25.543-04:30	2016-12-27 14:10:25.543-04:30	players
401	359	t	2016-12-27 14:10:25.544-04:30	2016-12-27 14:10:25.544-04:30	players
402	360	t	2016-12-27 14:10:25.551-04:30	2016-12-27 14:10:25.551-04:30	players
403	363	t	2016-12-27 14:10:25.555-04:30	2016-12-27 14:10:25.555-04:30	players
404	361	t	2016-12-27 14:10:25.555-04:30	2016-12-27 14:10:25.555-04:30	players
405	362	t	2016-12-27 14:10:25.556-04:30	2016-12-27 14:10:25.556-04:30	players
406	364	t	2016-12-27 14:10:25.561-04:30	2016-12-27 14:10:25.561-04:30	players
407	365	t	2016-12-27 14:10:25.564-04:30	2016-12-27 14:10:25.564-04:30	players
408	366	t	2016-12-27 14:10:25.567-04:30	2016-12-27 14:10:25.567-04:30	players
409	367	t	2016-12-27 14:10:25.571-04:30	2016-12-27 14:10:25.571-04:30	players
410	368	t	2016-12-27 14:10:25.572-04:30	2016-12-27 14:10:25.572-04:30	players
411	369	t	2016-12-27 14:10:25.574-04:30	2016-12-27 14:10:25.574-04:30	players
412	370	t	2016-12-27 14:10:25.576-04:30	2016-12-27 14:10:25.576-04:30	players
413	371	t	2016-12-27 14:10:25.579-04:30	2016-12-27 14:10:25.579-04:30	players
414	372	t	2016-12-27 14:10:25.583-04:30	2016-12-27 14:10:25.583-04:30	players
415	373	t	2016-12-27 14:10:25.583-04:30	2016-12-27 14:10:25.583-04:30	players
416	374	t	2016-12-27 14:10:25.587-04:30	2016-12-27 14:10:25.587-04:30	players
417	375	t	2016-12-27 14:10:25.59-04:30	2016-12-27 14:10:25.59-04:30	players
418	376	t	2016-12-27 14:10:25.592-04:30	2016-12-27 14:10:25.592-04:30	players
419	377	t	2016-12-27 14:10:25.604-04:30	2016-12-27 14:10:25.604-04:30	players
420	378	t	2016-12-27 14:10:25.605-04:30	2016-12-27 14:10:25.605-04:30	players
421	379	t	2016-12-27 14:10:25.608-04:30	2016-12-27 14:10:25.608-04:30	players
422	380	t	2016-12-27 14:11:16.129-04:30	2016-12-27 14:11:16.129-04:30	players
423	384	t	2016-12-27 14:11:16.136-04:30	2016-12-27 14:11:16.136-04:30	players
424	381	t	2016-12-27 14:11:16.136-04:30	2016-12-27 14:11:16.136-04:30	players
425	383	t	2016-12-27 14:11:16.137-04:30	2016-12-27 14:11:16.137-04:30	players
426	382	t	2016-12-27 14:11:16.138-04:30	2016-12-27 14:11:16.138-04:30	players
427	385	t	2016-12-27 14:11:16.146-04:30	2016-12-27 14:11:16.146-04:30	players
428	387	t	2016-12-27 14:11:16.152-04:30	2016-12-27 14:11:16.152-04:30	players
429	388	t	2016-12-27 14:11:16.153-04:30	2016-12-27 14:11:16.153-04:30	players
430	386	t	2016-12-27 14:11:16.153-04:30	2016-12-27 14:11:16.153-04:30	players
431	389	t	2016-12-27 14:11:16.158-04:30	2016-12-27 14:11:16.158-04:30	players
432	390	t	2016-12-27 14:11:16.162-04:30	2016-12-27 14:11:16.162-04:30	players
433	391	t	2016-12-27 14:11:16.167-04:30	2016-12-27 14:11:16.167-04:30	players
434	393	t	2016-12-27 14:11:16.168-04:30	2016-12-27 14:11:16.168-04:30	players
435	392	t	2016-12-27 14:11:16.169-04:30	2016-12-27 14:11:16.169-04:30	players
436	394	t	2016-12-27 14:11:16.175-04:30	2016-12-27 14:11:16.175-04:30	players
437	395	t	2016-12-27 14:11:16.179-04:30	2016-12-27 14:11:16.179-04:30	players
438	396	t	2016-12-27 14:11:16.183-04:30	2016-12-27 14:11:16.183-04:30	players
439	398	t	2016-12-27 14:11:16.188-04:30	2016-12-27 14:11:16.188-04:30	players
440	397	t	2016-12-27 14:11:16.188-04:30	2016-12-27 14:11:16.188-04:30	players
441	399	t	2016-12-27 14:11:16.189-04:30	2016-12-27 14:11:16.189-04:30	players
442	400	t	2016-12-27 14:11:16.208-04:30	2016-12-27 14:11:16.208-04:30	players
443	401	t	2016-12-27 14:11:16.212-04:30	2016-12-27 14:11:16.212-04:30	players
444	402	t	2016-12-27 14:11:16.216-04:30	2016-12-27 14:11:16.216-04:30	players
445	403	t	2016-12-27 14:11:16.217-04:30	2016-12-27 14:11:16.217-04:30	players
446	404	t	2016-12-27 14:11:16.221-04:30	2016-12-27 14:11:16.221-04:30	players
447	408	t	2016-12-27 14:11:55.826-04:30	2016-12-27 14:11:55.826-04:30	players
448	409	t	2016-12-27 14:11:55.827-04:30	2016-12-27 14:11:55.827-04:30	players
449	407	t	2016-12-27 14:11:55.828-04:30	2016-12-27 14:11:55.828-04:30	players
450	406	t	2016-12-27 14:11:55.828-04:30	2016-12-27 14:11:55.828-04:30	players
451	405	t	2016-12-27 14:11:55.828-04:30	2016-12-27 14:11:55.828-04:30	players
452	410	t	2016-12-27 14:11:55.845-04:30	2016-12-27 14:11:55.845-04:30	players
453	414	t	2016-12-27 14:11:55.849-04:30	2016-12-27 14:11:55.849-04:30	players
454	411	t	2016-12-27 14:11:55.85-04:30	2016-12-27 14:11:55.85-04:30	players
455	412	t	2016-12-27 14:11:55.85-04:30	2016-12-27 14:11:55.85-04:30	players
456	413	t	2016-12-27 14:11:55.851-04:30	2016-12-27 14:11:55.851-04:30	players
457	415	t	2016-12-27 14:11:55.858-04:30	2016-12-27 14:11:55.858-04:30	players
458	418	t	2016-12-27 14:11:55.862-04:30	2016-12-27 14:11:55.862-04:30	players
459	416	t	2016-12-27 14:11:55.862-04:30	2016-12-27 14:11:55.862-04:30	players
460	417	t	2016-12-27 14:11:55.863-04:30	2016-12-27 14:11:55.863-04:30	players
461	419	t	2016-12-27 14:11:55.868-04:30	2016-12-27 14:11:55.868-04:30	players
462	420	t	2016-12-27 14:11:55.871-04:30	2016-12-27 14:11:55.871-04:30	players
463	421	t	2016-12-27 14:11:55.874-04:30	2016-12-27 14:11:55.874-04:30	players
464	422	t	2016-12-27 14:11:55.877-04:30	2016-12-27 14:11:55.877-04:30	players
465	423	t	2016-12-27 14:11:55.878-04:30	2016-12-27 14:11:55.878-04:30	players
466	424	t	2016-12-27 14:11:55.881-04:30	2016-12-27 14:11:55.881-04:30	players
467	425	t	2016-12-27 14:11:55.884-04:30	2016-12-27 14:11:55.884-04:30	players
468	426	t	2016-12-27 14:11:55.886-04:30	2016-12-27 14:11:55.886-04:30	players
469	427	t	2016-12-27 14:11:55.889-04:30	2016-12-27 14:11:55.889-04:30	players
470	429	t	2016-12-27 14:11:55.892-04:30	2016-12-27 14:11:55.892-04:30	players
471	428	t	2016-12-27 14:11:55.893-04:30	2016-12-27 14:11:55.893-04:30	players
472	430	t	2016-12-27 15:34:12.08-04:30	2016-12-27 15:34:12.08-04:30	players
473	434	t	2016-12-27 15:34:12.084-04:30	2016-12-27 15:34:12.084-04:30	players
474	433	t	2016-12-27 15:34:12.085-04:30	2016-12-27 15:34:12.085-04:30	players
475	431	t	2016-12-27 15:34:12.085-04:30	2016-12-27 15:34:12.085-04:30	players
476	432	t	2016-12-27 15:34:12.085-04:30	2016-12-27 15:34:12.085-04:30	players
477	438	t	2016-12-27 15:34:12.098-04:30	2016-12-27 15:34:12.098-04:30	players
478	436	t	2016-12-27 15:34:12.098-04:30	2016-12-27 15:34:12.098-04:30	players
479	437	t	2016-12-27 15:34:12.099-04:30	2016-12-27 15:34:12.099-04:30	players
480	439	t	2016-12-27 15:34:12.103-04:30	2016-12-27 15:34:12.103-04:30	players
481	440	t	2016-12-27 15:34:12.106-04:30	2016-12-27 15:34:12.106-04:30	players
482	441	t	2016-12-27 15:34:12.109-04:30	2016-12-27 15:34:12.109-04:30	players
483	443	t	2016-12-27 15:34:12.109-04:30	2016-12-27 15:34:12.109-04:30	players
484	442	t	2016-12-27 15:34:12.11-04:30	2016-12-27 15:34:12.11-04:30	players
485	444	t	2016-12-27 15:34:12.114-04:30	2016-12-27 15:34:12.114-04:30	players
486	445	t	2016-12-27 15:34:12.116-04:30	2016-12-27 15:34:12.116-04:30	players
487	446	t	2016-12-27 15:34:12.12-04:30	2016-12-27 15:34:12.12-04:30	players
488	447	t	2016-12-27 15:34:12.122-04:30	2016-12-27 15:34:12.122-04:30	players
489	448	t	2016-12-27 15:34:12.123-04:30	2016-12-27 15:34:12.123-04:30	players
490	449	t	2016-12-27 15:34:12.126-04:30	2016-12-27 15:34:12.126-04:30	players
491	450	t	2016-12-27 15:34:12.128-04:30	2016-12-27 15:34:12.128-04:30	players
492	451	t	2016-12-27 15:34:12.13-04:30	2016-12-27 15:34:12.13-04:30	players
493	452	t	2016-12-27 15:34:12.137-04:30	2016-12-27 15:34:12.137-04:30	players
494	453	t	2016-12-27 15:34:12.145-04:30	2016-12-27 15:34:12.145-04:30	players
495	454	t	2016-12-27 15:34:12.146-04:30	2016-12-27 15:34:12.146-04:30	players
496	435	t	2016-12-27 15:34:12.093-04:30	2016-12-27 15:34:12.093-04:30	players
497	455	t	2016-12-27 15:37:16.621-04:30	2016-12-27 15:37:16.621-04:30	players
498	458	t	2016-12-27 15:37:16.626-04:30	2016-12-27 15:37:16.626-04:30	players
501	459	t	2016-12-27 15:37:16.627-04:30	2016-12-27 15:37:16.627-04:30	players
502	460	t	2016-12-27 15:37:16.634-04:30	2016-12-27 15:37:16.634-04:30	players
503	463	t	2016-12-27 15:37:16.639-04:30	2016-12-27 15:37:16.639-04:30	players
507	465	t	2016-12-27 15:37:16.647-04:30	2016-12-27 15:37:16.647-04:30	players
508	466	t	2016-12-27 15:37:16.649-04:30	2016-12-27 15:37:16.649-04:30	players
510	468	t	2016-12-27 15:37:16.657-04:30	2016-12-27 15:37:16.657-04:30	players
514	472	t	2016-12-27 15:37:16.663-04:30	2016-12-27 15:37:16.663-04:30	players
515	473	t	2016-12-27 15:37:16.67-04:30	2016-12-27 15:37:16.67-04:30	players
516	474	t	2016-12-27 15:37:16.673-04:30	2016-12-27 15:37:16.673-04:30	players
518	476	t	2016-12-27 15:37:16.676-04:30	2016-12-27 15:37:16.676-04:30	players
520	478	t	2016-12-27 15:37:16.683-04:30	2016-12-27 15:37:16.683-04:30	players
521	479	t	2016-12-27 15:37:16.688-04:30	2016-12-27 15:37:16.688-04:30	players
522	1	t	2016-12-27 15:37:56.453-04:30	2016-12-27 15:37:56.453-04:30	feed_items
499	457	t	2016-12-27 15:37:16.626-04:30	2016-12-27 15:37:16.626-04:30	players
500	456	t	2016-12-27 15:37:16.627-04:30	2016-12-27 15:37:16.627-04:30	players
504	461	t	2016-12-27 15:37:16.639-04:30	2016-12-27 15:37:16.639-04:30	players
505	462	t	2016-12-27 15:37:16.64-04:30	2016-12-27 15:37:16.64-04:30	players
506	464	t	2016-12-27 15:37:16.644-04:30	2016-12-27 15:37:16.644-04:30	players
509	467	t	2016-12-27 15:37:16.652-04:30	2016-12-27 15:37:16.652-04:30	players
511	469	t	2016-12-27 15:37:16.661-04:30	2016-12-27 15:37:16.661-04:30	players
512	470	t	2016-12-27 15:37:16.662-04:30	2016-12-27 15:37:16.662-04:30	players
513	471	t	2016-12-27 15:37:16.662-04:30	2016-12-27 15:37:16.662-04:30	players
517	475	t	2016-12-27 15:37:16.676-04:30	2016-12-27 15:37:16.676-04:30	players
519	477	t	2016-12-27 15:37:16.68-04:30	2016-12-27 15:37:16.68-04:30	players
523	480	t	2016-12-27 15:44:05.733-04:30	2016-12-27 15:44:05.733-04:30	players
524	481	t	2016-12-27 15:44:05.744-04:30	2016-12-27 15:44:05.744-04:30	players
525	482	t	2016-12-27 15:44:05.756-04:30	2016-12-27 15:44:05.756-04:30	players
526	484	t	2016-12-27 15:44:05.766-04:30	2016-12-27 15:44:05.766-04:30	players
527	486	t	2016-12-27 15:44:05.766-04:30	2016-12-27 15:44:05.766-04:30	players
528	483	t	2016-12-27 15:44:05.767-04:30	2016-12-27 15:44:05.767-04:30	players
529	485	t	2016-12-27 15:44:05.768-04:30	2016-12-27 15:44:05.768-04:30	players
530	487	t	2016-12-27 15:44:05.776-04:30	2016-12-27 15:44:05.776-04:30	players
531	488	t	2016-12-27 15:44:05.781-04:30	2016-12-27 15:44:05.781-04:30	players
532	489	t	2016-12-27 15:44:05.782-04:30	2016-12-27 15:44:05.782-04:30	players
533	490	t	2016-12-27 15:44:05.788-04:30	2016-12-27 15:44:05.788-04:30	players
534	491	t	2016-12-27 15:44:05.789-04:30	2016-12-27 15:44:05.789-04:30	players
535	492	t	2016-12-27 15:44:05.793-04:30	2016-12-27 15:44:05.793-04:30	players
536	493	t	2016-12-27 15:44:05.797-04:30	2016-12-27 15:44:05.797-04:30	players
537	494	t	2016-12-27 15:44:05.8-04:30	2016-12-27 15:44:05.8-04:30	players
538	495	t	2016-12-27 15:44:05.805-04:30	2016-12-27 15:44:05.805-04:30	players
539	496	t	2016-12-27 15:44:05.805-04:30	2016-12-27 15:44:05.805-04:30	players
540	497	t	2016-12-27 15:44:05.81-04:30	2016-12-27 15:44:05.81-04:30	players
541	498	t	2016-12-27 15:44:05.813-04:30	2016-12-27 15:44:05.813-04:30	players
542	499	t	2016-12-27 15:44:05.817-04:30	2016-12-27 15:44:05.817-04:30	players
543	500	t	2016-12-27 15:44:05.822-04:30	2016-12-27 15:44:05.822-04:30	players
544	501	t	2016-12-27 15:44:05.822-04:30	2016-12-27 15:44:05.822-04:30	players
545	502	t	2016-12-27 15:44:05.827-04:30	2016-12-27 15:44:05.827-04:30	players
546	503	t	2016-12-27 15:44:05.831-04:30	2016-12-27 15:44:05.831-04:30	players
547	504	t	2016-12-27 15:44:05.834-04:30	2016-12-27 15:44:05.834-04:30	players
548	505	t	2016-12-27 15:44:33.157-04:30	2016-12-27 15:44:33.157-04:30	players
549	506	t	2016-12-27 15:44:33.163-04:30	2016-12-27 15:44:33.163-04:30	players
550	507	t	2016-12-27 15:44:33.163-04:30	2016-12-27 15:44:33.163-04:30	players
551	509	t	2016-12-27 15:44:33.164-04:30	2016-12-27 15:44:33.164-04:30	players
552	508	t	2016-12-27 15:44:33.165-04:30	2016-12-27 15:44:33.165-04:30	players
553	510	t	2016-12-27 15:44:33.173-04:30	2016-12-27 15:44:33.173-04:30	players
554	513	t	2016-12-27 15:44:33.177-04:30	2016-12-27 15:44:33.177-04:30	players
555	511	t	2016-12-27 15:44:33.178-04:30	2016-12-27 15:44:33.178-04:30	players
556	512	t	2016-12-27 15:44:33.178-04:30	2016-12-27 15:44:33.178-04:30	players
557	514	t	2016-12-27 15:44:33.184-04:30	2016-12-27 15:44:33.184-04:30	players
558	515	t	2016-12-27 15:44:33.188-04:30	2016-12-27 15:44:33.188-04:30	players
559	516	t	2016-12-27 15:44:33.19-04:30	2016-12-27 15:44:33.19-04:30	players
560	517	t	2016-12-27 15:44:33.193-04:30	2016-12-27 15:44:33.193-04:30	players
561	518	t	2016-12-27 15:44:33.194-04:30	2016-12-27 15:44:33.194-04:30	players
562	519	t	2016-12-27 15:44:33.197-04:30	2016-12-27 15:44:33.197-04:30	players
563	520	t	2016-12-27 15:44:33.199-04:30	2016-12-27 15:44:33.199-04:30	players
564	521	t	2016-12-27 15:44:33.201-04:30	2016-12-27 15:44:33.201-04:30	players
565	522	t	2016-12-27 15:44:33.203-04:30	2016-12-27 15:44:33.203-04:30	players
566	523	t	2016-12-27 15:44:33.205-04:30	2016-12-27 15:44:33.205-04:30	players
567	525	t	2016-12-27 15:44:33.208-04:30	2016-12-27 15:44:33.208-04:30	players
568	524	t	2016-12-27 15:44:33.209-04:30	2016-12-27 15:44:33.209-04:30	players
569	526	t	2016-12-27 15:44:33.211-04:30	2016-12-27 15:44:33.211-04:30	players
570	527	t	2016-12-27 15:44:33.214-04:30	2016-12-27 15:44:33.214-04:30	players
571	528	t	2016-12-27 15:44:33.216-04:30	2016-12-27 15:44:33.216-04:30	players
572	529	t	2016-12-27 15:44:33.218-04:30	2016-12-27 15:44:33.218-04:30	players
573	530	t	2016-12-27 15:55:17.808-04:30	2016-12-27 15:55:17.808-04:30	players
574	533	t	2016-12-27 15:55:17.812-04:30	2016-12-27 15:55:17.812-04:30	players
575	531	t	2016-12-27 15:55:17.813-04:30	2016-12-27 15:55:17.813-04:30	players
576	532	t	2016-12-27 15:55:17.813-04:30	2016-12-27 15:55:17.813-04:30	players
577	534	t	2016-12-27 15:55:17.814-04:30	2016-12-27 15:55:17.814-04:30	players
578	535	t	2016-12-27 15:55:17.819-04:30	2016-12-27 15:55:17.819-04:30	players
579	536	t	2016-12-27 15:55:17.822-04:30	2016-12-27 15:55:17.822-04:30	players
580	537	t	2016-12-27 15:55:17.824-04:30	2016-12-27 15:55:17.824-04:30	players
581	538	t	2016-12-27 15:55:17.827-04:30	2016-12-27 15:55:17.827-04:30	players
582	539	t	2016-12-27 15:55:17.827-04:30	2016-12-27 15:55:17.827-04:30	players
583	540	t	2016-12-27 15:55:17.83-04:30	2016-12-27 15:55:17.83-04:30	players
584	541	t	2016-12-27 15:55:17.832-04:30	2016-12-27 15:55:17.832-04:30	players
585	542	t	2016-12-27 15:55:17.836-04:30	2016-12-27 15:55:17.836-04:30	players
586	545	t	2016-12-27 15:55:17.839-04:30	2016-12-27 15:55:17.839-04:30	players
587	543	t	2016-12-27 15:55:17.84-04:30	2016-12-27 15:55:17.84-04:30	players
588	544	t	2016-12-27 15:55:17.84-04:30	2016-12-27 15:55:17.84-04:30	players
589	546	t	2016-12-27 15:55:17.844-04:30	2016-12-27 15:55:17.844-04:30	players
590	547	t	2016-12-27 15:55:17.847-04:30	2016-12-27 15:55:17.847-04:30	players
591	548	t	2016-12-27 15:55:17.85-04:30	2016-12-27 15:55:17.85-04:30	players
592	549	t	2016-12-27 15:55:17.852-04:30	2016-12-27 15:55:17.852-04:30	players
593	550	t	2016-12-27 15:55:17.853-04:30	2016-12-27 15:55:17.853-04:30	players
594	551	t	2016-12-27 15:55:17.856-04:30	2016-12-27 15:55:17.856-04:30	players
595	552	t	2016-12-27 15:55:17.858-04:30	2016-12-27 15:55:17.858-04:30	players
596	553	t	2016-12-27 15:55:17.861-04:30	2016-12-27 15:55:17.861-04:30	players
597	554	t	2016-12-27 15:55:17.863-04:30	2016-12-27 15:55:17.863-04:30	players
598	555	t	2016-12-27 15:55:37.881-04:30	2016-12-27 15:55:37.881-04:30	players
599	556	t	2016-12-27 15:55:37.889-04:30	2016-12-27 15:55:37.889-04:30	players
600	557	t	2016-12-27 15:55:37.889-04:30	2016-12-27 15:55:37.889-04:30	players
601	558	t	2016-12-27 15:55:37.891-04:30	2016-12-27 15:55:37.891-04:30	players
602	559	t	2016-12-27 15:55:37.891-04:30	2016-12-27 15:55:37.891-04:30	players
603	560	t	2016-12-27 15:55:37.904-04:30	2016-12-27 15:55:37.904-04:30	players
604	564	t	2016-12-27 15:55:37.91-04:30	2016-12-27 15:55:37.91-04:30	players
605	561	t	2016-12-27 15:55:37.911-04:30	2016-12-27 15:55:37.911-04:30	players
606	562	t	2016-12-27 15:55:37.913-04:30	2016-12-27 15:55:37.913-04:30	players
607	563	t	2016-12-27 15:55:37.914-04:30	2016-12-27 15:55:37.914-04:30	players
608	565	t	2016-12-27 15:55:37.924-04:30	2016-12-27 15:55:37.924-04:30	players
609	568	t	2016-12-27 15:55:37.932-04:30	2016-12-27 15:55:37.932-04:30	players
610	569	t	2016-12-27 15:55:37.932-04:30	2016-12-27 15:55:37.932-04:30	players
611	566	t	2016-12-27 15:55:37.933-04:30	2016-12-27 15:55:37.933-04:30	players
612	567	t	2016-12-27 15:55:37.934-04:30	2016-12-27 15:55:37.934-04:30	players
613	570	t	2016-12-27 15:55:37.946-04:30	2016-12-27 15:55:37.946-04:30	players
614	573	t	2016-12-27 15:55:37.953-04:30	2016-12-27 15:55:37.953-04:30	players
615	574	t	2016-12-27 15:55:37.954-04:30	2016-12-27 15:55:37.954-04:30	players
616	571	t	2016-12-27 15:55:37.955-04:30	2016-12-27 15:55:37.955-04:30	players
617	572	t	2016-12-27 15:55:37.956-04:30	2016-12-27 15:55:37.956-04:30	players
618	575	t	2016-12-27 15:55:37.967-04:30	2016-12-27 15:55:37.967-04:30	players
619	578	t	2016-12-27 15:55:37.975-04:30	2016-12-27 15:55:37.975-04:30	players
620	579	t	2016-12-27 15:55:37.976-04:30	2016-12-27 15:55:37.976-04:30	players
621	576	t	2016-12-27 15:55:37.976-04:30	2016-12-27 15:55:37.976-04:30	players
622	577	t	2016-12-27 15:55:37.977-04:30	2016-12-27 15:55:37.977-04:30	players
623	580	t	2016-12-27 15:57:02.238-04:30	2016-12-27 15:57:02.238-04:30	players
624	584	t	2016-12-27 15:57:02.241-04:30	2016-12-27 15:57:02.241-04:30	players
625	583	t	2016-12-27 15:57:02.242-04:30	2016-12-27 15:57:02.242-04:30	players
626	581	t	2016-12-27 15:57:02.242-04:30	2016-12-27 15:57:02.242-04:30	players
627	582	t	2016-12-27 15:57:02.242-04:30	2016-12-27 15:57:02.242-04:30	players
628	585	t	2016-12-27 15:57:02.248-04:30	2016-12-27 15:57:02.248-04:30	players
629	586	t	2016-12-27 15:57:02.25-04:30	2016-12-27 15:57:02.25-04:30	players
630	587	t	2016-12-27 15:57:02.253-04:30	2016-12-27 15:57:02.253-04:30	players
631	588	t	2016-12-27 15:57:02.253-04:30	2016-12-27 15:57:02.253-04:30	players
632	589	t	2016-12-27 15:57:02.256-04:30	2016-12-27 15:57:02.256-04:30	players
637	594	t	2016-12-27 15:57:02.27-04:30	2016-12-27 15:57:02.27-04:30	players
642	599	t	2016-12-27 15:57:02.279-04:30	2016-12-27 15:57:02.279-04:30	players
647	604	t	2016-12-27 15:57:02.289-04:30	2016-12-27 15:57:02.289-04:30	players
650	608	t	2016-12-27 15:58:26.068-04:30	2016-12-27 15:58:26.068-04:30	players
655	613	t	2016-12-27 15:58:26.081-04:30	2016-12-27 15:58:26.081-04:30	players
660	616	t	2016-12-27 15:58:26.094-04:30	2016-12-27 15:58:26.094-04:30	players
663	619	t	2016-12-27 15:58:26.102-04:30	2016-12-27 15:58:26.102-04:30	players
668	624	t	2016-12-27 15:58:26.117-04:30	2016-12-27 15:58:26.117-04:30	players
673	629	t	2016-12-27 15:58:26.126-04:30	2016-12-27 15:58:26.126-04:30	players
633	590	t	2016-12-27 15:57:02.258-04:30	2016-12-27 15:57:02.258-04:30	players
639	595	t	2016-12-27 15:57:02.271-04:30	2016-12-27 15:57:02.271-04:30	players
643	600	t	2016-12-27 15:57:02.281-04:30	2016-12-27 15:57:02.281-04:30	players
652	606	t	2016-12-27 15:58:26.069-04:30	2016-12-27 15:58:26.069-04:30	players
657	612	t	2016-12-27 15:58:26.082-04:30	2016-12-27 15:58:26.082-04:30	players
661	617	t	2016-12-27 15:58:26.098-04:30	2016-12-27 15:58:26.098-04:30	players
666	622	t	2016-12-27 15:58:26.111-04:30	2016-12-27 15:58:26.111-04:30	players
669	626	t	2016-12-27 15:58:26.118-04:30	2016-12-27 15:58:26.118-04:30	players
671	627	t	2016-12-27 15:58:26.122-04:30	2016-12-27 15:58:26.122-04:30	players
634	591	t	2016-12-27 15:57:02.261-04:30	2016-12-27 15:57:02.261-04:30	players
654	610	t	2016-12-27 15:58:26.077-04:30	2016-12-27 15:58:26.077-04:30	players
665	621	t	2016-12-27 15:58:26.107-04:30	2016-12-27 15:58:26.107-04:30	players
672	628	t	2016-12-27 15:58:26.124-04:30	2016-12-27 15:58:26.124-04:30	players
635	592	t	2016-12-27 15:57:02.262-04:30	2016-12-27 15:57:02.262-04:30	players
638	597	t	2016-12-27 15:57:02.271-04:30	2016-12-27 15:57:02.271-04:30	players
645	602	t	2016-12-27 15:57:02.284-04:30	2016-12-27 15:57:02.284-04:30	players
648	2	t	2016-12-27 15:58:00.902-04:30	2016-12-27 15:58:00.902-04:30	feed_items
651	607	t	2016-12-27 15:58:26.068-04:30	2016-12-27 15:58:26.068-04:30	players
656	611	t	2016-12-27 15:58:26.081-04:30	2016-12-27 15:58:26.081-04:30	players
658	614	t	2016-12-27 15:58:26.088-04:30	2016-12-27 15:58:26.088-04:30	players
659	615	t	2016-12-27 15:58:26.09-04:30	2016-12-27 15:58:26.09-04:30	players
662	618	t	2016-12-27 15:58:26.098-04:30	2016-12-27 15:58:26.098-04:30	players
664	620	t	2016-12-27 15:58:26.105-04:30	2016-12-27 15:58:26.105-04:30	players
670	625	t	2016-12-27 15:58:26.118-04:30	2016-12-27 15:58:26.118-04:30	players
636	593	t	2016-12-27 15:57:02.267-04:30	2016-12-27 15:57:02.267-04:30	players
640	596	t	2016-12-27 15:57:02.272-04:30	2016-12-27 15:57:02.272-04:30	players
641	598	t	2016-12-27 15:57:02.277-04:30	2016-12-27 15:57:02.277-04:30	players
644	601	t	2016-12-27 15:57:02.282-04:30	2016-12-27 15:57:02.282-04:30	players
646	603	t	2016-12-27 15:57:02.287-04:30	2016-12-27 15:57:02.287-04:30	players
649	605	t	2016-12-27 15:58:26.063-04:30	2016-12-27 15:58:26.063-04:30	players
653	609	t	2016-12-27 15:58:26.069-04:30	2016-12-27 15:58:26.069-04:30	players
667	623	t	2016-12-27 15:58:26.114-04:30	2016-12-27 15:58:26.114-04:30	players
674	630	t	2016-12-27 15:59:35.683-04:30	2016-12-27 15:59:35.683-04:30	players
675	632	t	2016-12-27 15:59:35.686-04:30	2016-12-27 15:59:35.686-04:30	players
676	634	t	2016-12-27 15:59:35.686-04:30	2016-12-27 15:59:35.686-04:30	players
677	633	t	2016-12-27 15:59:35.687-04:30	2016-12-27 15:59:35.687-04:30	players
678	631	t	2016-12-27 15:59:35.687-04:30	2016-12-27 15:59:35.687-04:30	players
679	635	t	2016-12-27 15:59:35.692-04:30	2016-12-27 15:59:35.692-04:30	players
680	636	t	2016-12-27 15:59:35.694-04:30	2016-12-27 15:59:35.694-04:30	players
681	637	t	2016-12-27 15:59:35.697-04:30	2016-12-27 15:59:35.697-04:30	players
682	638	t	2016-12-27 15:59:35.699-04:30	2016-12-27 15:59:35.699-04:30	players
683	639	t	2016-12-27 15:59:35.699-04:30	2016-12-27 15:59:35.699-04:30	players
684	640	t	2016-12-27 15:59:35.702-04:30	2016-12-27 15:59:35.702-04:30	players
685	641	t	2016-12-27 15:59:35.704-04:30	2016-12-27 15:59:35.704-04:30	players
686	642	t	2016-12-27 15:59:35.706-04:30	2016-12-27 15:59:35.706-04:30	players
687	643	t	2016-12-27 15:59:35.709-04:30	2016-12-27 15:59:35.709-04:30	players
688	645	t	2016-12-27 15:59:35.711-04:30	2016-12-27 15:59:35.711-04:30	players
689	644	t	2016-12-27 15:59:35.711-04:30	2016-12-27 15:59:35.711-04:30	players
690	646	t	2016-12-27 15:59:35.716-04:30	2016-12-27 15:59:35.716-04:30	players
691	647	t	2016-12-27 15:59:35.719-04:30	2016-12-27 15:59:35.719-04:30	players
692	650	t	2016-12-27 15:59:35.72-04:30	2016-12-27 15:59:35.72-04:30	players
693	649	t	2016-12-27 15:59:35.72-04:30	2016-12-27 15:59:35.72-04:30	players
694	648	t	2016-12-27 15:59:35.721-04:30	2016-12-27 15:59:35.721-04:30	players
695	651	t	2016-12-27 15:59:35.726-04:30	2016-12-27 15:59:35.726-04:30	players
696	654	t	2016-12-27 15:59:35.729-04:30	2016-12-27 15:59:35.729-04:30	players
697	652	t	2016-12-27 15:59:35.729-04:30	2016-12-27 15:59:35.729-04:30	players
698	653	t	2016-12-27 15:59:35.73-04:30	2016-12-27 15:59:35.73-04:30	players
699	655	t	2016-12-27 15:59:54.365-04:30	2016-12-27 15:59:54.365-04:30	players
700	657	t	2016-12-27 15:59:54.369-04:30	2016-12-27 15:59:54.369-04:30	players
701	656	t	2016-12-27 15:59:54.369-04:30	2016-12-27 15:59:54.369-04:30	players
702	658	t	2016-12-27 15:59:54.37-04:30	2016-12-27 15:59:54.37-04:30	players
703	659	t	2016-12-27 15:59:54.37-04:30	2016-12-27 15:59:54.37-04:30	players
704	660	t	2016-12-27 15:59:54.375-04:30	2016-12-27 15:59:54.375-04:30	players
705	661	t	2016-12-27 15:59:54.377-04:30	2016-12-27 15:59:54.377-04:30	players
706	663	t	2016-12-27 15:59:54.38-04:30	2016-12-27 15:59:54.38-04:30	players
707	662	t	2016-12-27 15:59:54.38-04:30	2016-12-27 15:59:54.38-04:30	players
708	664	t	2016-12-27 15:59:54.383-04:30	2016-12-27 15:59:54.383-04:30	players
709	665	t	2016-12-27 15:59:54.386-04:30	2016-12-27 15:59:54.386-04:30	players
710	666	t	2016-12-27 15:59:54.39-04:30	2016-12-27 15:59:54.39-04:30	players
711	667	t	2016-12-27 15:59:54.393-04:30	2016-12-27 15:59:54.393-04:30	players
712	668	t	2016-12-27 15:59:54.393-04:30	2016-12-27 15:59:54.393-04:30	players
713	669	t	2016-12-27 15:59:54.396-04:30	2016-12-27 15:59:54.396-04:30	players
714	670	t	2016-12-27 15:59:54.398-04:30	2016-12-27 15:59:54.398-04:30	players
715	671	t	2016-12-27 15:59:54.401-04:30	2016-12-27 15:59:54.401-04:30	players
716	672	t	2016-12-27 15:59:54.403-04:30	2016-12-27 15:59:54.403-04:30	players
717	674	t	2016-12-27 15:59:54.405-04:30	2016-12-27 15:59:54.405-04:30	players
718	673	t	2016-12-27 15:59:54.406-04:30	2016-12-27 15:59:54.406-04:30	players
719	675	t	2016-12-27 15:59:54.409-04:30	2016-12-27 15:59:54.409-04:30	players
720	676	t	2016-12-27 15:59:54.411-04:30	2016-12-27 15:59:54.411-04:30	players
721	677	t	2016-12-27 15:59:54.413-04:30	2016-12-27 15:59:54.413-04:30	players
722	678	t	2016-12-27 15:59:54.415-04:30	2016-12-27 15:59:54.415-04:30	players
723	679	t	2016-12-27 15:59:54.42-04:30	2016-12-27 15:59:54.42-04:30	players
724	680	t	2016-12-27 16:01:13.941-04:30	2016-12-27 16:01:13.941-04:30	players
725	681	t	2016-12-27 16:01:13.945-04:30	2016-12-27 16:01:13.945-04:30	players
726	684	t	2016-12-27 16:01:13.946-04:30	2016-12-27 16:01:13.946-04:30	players
727	682	t	2016-12-27 16:01:13.946-04:30	2016-12-27 16:01:13.946-04:30	players
728	683	t	2016-12-27 16:01:13.947-04:30	2016-12-27 16:01:13.947-04:30	players
729	685	t	2016-12-27 16:01:13.952-04:30	2016-12-27 16:01:13.952-04:30	players
730	686	t	2016-12-27 16:01:13.959-04:30	2016-12-27 16:01:13.959-04:30	players
731	690	t	2016-12-27 16:01:13.962-04:30	2016-12-27 16:01:13.962-04:30	players
732	689	t	2016-12-27 16:01:13.963-04:30	2016-12-27 16:01:13.963-04:30	players
733	687	t	2016-12-27 16:01:13.963-04:30	2016-12-27 16:01:13.963-04:30	players
734	688	t	2016-12-27 16:01:13.964-04:30	2016-12-27 16:01:13.964-04:30	players
735	691	t	2016-12-27 16:01:13.969-04:30	2016-12-27 16:01:13.969-04:30	players
736	692	t	2016-12-27 16:01:13.971-04:30	2016-12-27 16:01:13.971-04:30	players
737	693	t	2016-12-27 16:01:13.973-04:30	2016-12-27 16:01:13.973-04:30	players
738	694	t	2016-12-27 16:01:13.974-04:30	2016-12-27 16:01:13.974-04:30	players
739	695	t	2016-12-27 16:01:13.977-04:30	2016-12-27 16:01:13.977-04:30	players
740	696	t	2016-12-27 16:01:13.979-04:30	2016-12-27 16:01:13.979-04:30	players
741	697	t	2016-12-27 16:01:13.981-04:30	2016-12-27 16:01:13.981-04:30	players
742	698	t	2016-12-27 16:01:13.983-04:30	2016-12-27 16:01:13.983-04:30	players
743	699	t	2016-12-27 16:01:13.985-04:30	2016-12-27 16:01:13.985-04:30	players
744	700	t	2016-12-27 16:01:13.989-04:30	2016-12-27 16:01:13.989-04:30	players
745	704	t	2016-12-27 16:01:13.993-04:30	2016-12-27 16:01:13.993-04:30	players
746	703	t	2016-12-27 16:01:13.993-04:30	2016-12-27 16:01:13.993-04:30	players
747	702	t	2016-12-27 16:01:13.993-04:30	2016-12-27 16:01:13.993-04:30	players
748	701	t	2016-12-27 16:01:13.994-04:30	2016-12-27 16:01:13.994-04:30	players
749	705	t	2016-12-27 16:01:47.959-04:30	2016-12-27 16:01:47.959-04:30	players
750	709	t	2016-12-27 16:01:47.963-04:30	2016-12-27 16:01:47.963-04:30	players
751	707	t	2016-12-27 16:01:47.964-04:30	2016-12-27 16:01:47.964-04:30	players
752	706	t	2016-12-27 16:01:47.964-04:30	2016-12-27 16:01:47.964-04:30	players
753	708	t	2016-12-27 16:01:47.965-04:30	2016-12-27 16:01:47.965-04:30	players
754	710	t	2016-12-27 16:01:47.976-04:30	2016-12-27 16:01:47.976-04:30	players
755	713	t	2016-12-27 16:01:47.984-04:30	2016-12-27 16:01:47.984-04:30	players
756	714	t	2016-12-27 16:01:47.985-04:30	2016-12-27 16:01:47.985-04:30	players
757	711	t	2016-12-27 16:01:47.987-04:30	2016-12-27 16:01:47.987-04:30	players
758	712	t	2016-12-27 16:01:47.99-04:30	2016-12-27 16:01:47.99-04:30	players
759	715	t	2016-12-27 16:01:48.029-04:30	2016-12-27 16:01:48.029-04:30	players
760	716	t	2016-12-27 16:01:48.034-04:30	2016-12-27 16:01:48.034-04:30	players
761	717	t	2016-12-27 16:01:48.036-04:30	2016-12-27 16:01:48.036-04:30	players
762	719	t	2016-12-27 16:01:48.043-04:30	2016-12-27 16:01:48.043-04:30	players
763	718	t	2016-12-27 16:01:48.044-04:30	2016-12-27 16:01:48.044-04:30	players
764	722	t	2016-12-27 16:01:48.056-04:30	2016-12-27 16:01:48.056-04:30	players
765	720	t	2016-12-27 16:01:48.058-04:30	2016-12-27 16:01:48.058-04:30	players
766	721	t	2016-12-27 16:01:48.059-04:30	2016-12-27 16:01:48.059-04:30	players
767	724	t	2016-12-27 16:01:48.07-04:30	2016-12-27 16:01:48.07-04:30	players
768	723	t	2016-12-27 16:01:48.071-04:30	2016-12-27 16:01:48.071-04:30	players
769	725	t	2016-12-27 16:01:48.08-04:30	2016-12-27 16:01:48.08-04:30	players
770	726	t	2016-12-27 16:01:48.081-04:30	2016-12-27 16:01:48.081-04:30	players
771	727	t	2016-12-27 16:01:48.09-04:30	2016-12-27 16:01:48.09-04:30	players
772	728	t	2016-12-27 16:01:48.102-04:30	2016-12-27 16:01:48.102-04:30	players
773	729	t	2016-12-27 16:01:48.103-04:30	2016-12-27 16:01:48.103-04:30	players
774	730	t	2016-12-27 16:02:36.368-04:30	2016-12-27 16:02:36.368-04:30	players
775	731	t	2016-12-27 16:02:36.372-04:30	2016-12-27 16:02:36.372-04:30	players
776	733	t	2016-12-27 16:02:36.373-04:30	2016-12-27 16:02:36.373-04:30	players
777	734	t	2016-12-27 16:02:36.373-04:30	2016-12-27 16:02:36.373-04:30	players
778	732	t	2016-12-27 16:02:36.374-04:30	2016-12-27 16:02:36.374-04:30	players
779	735	t	2016-12-27 16:02:36.378-04:30	2016-12-27 16:02:36.378-04:30	players
780	736	t	2016-12-27 16:02:36.381-04:30	2016-12-27 16:02:36.381-04:30	players
781	737	t	2016-12-27 16:02:36.383-04:30	2016-12-27 16:02:36.383-04:30	players
782	738	t	2016-12-27 16:02:36.385-04:30	2016-12-27 16:02:36.385-04:30	players
783	739	t	2016-12-27 16:02:36.386-04:30	2016-12-27 16:02:36.386-04:30	players
784	740	t	2016-12-27 16:02:36.388-04:30	2016-12-27 16:02:36.388-04:30	players
785	741	t	2016-12-27 16:02:36.39-04:30	2016-12-27 16:02:36.39-04:30	players
786	742	t	2016-12-27 16:02:36.392-04:30	2016-12-27 16:02:36.392-04:30	players
789	744	t	2016-12-27 16:02:36.397-04:30	2016-12-27 16:02:36.397-04:30	players
791	747	t	2016-12-27 16:02:36.402-04:30	2016-12-27 16:02:36.402-04:30	players
794	749	t	2016-12-27 16:02:36.41-04:30	2016-12-27 16:02:36.41-04:30	players
787	743	t	2016-12-27 16:02:36.394-04:30	2016-12-27 16:02:36.394-04:30	players
792	748	t	2016-12-27 16:02:36.406-04:30	2016-12-27 16:02:36.406-04:30	players
796	752	t	2016-12-27 16:02:36.411-04:30	2016-12-27 16:02:36.411-04:30	players
797	753	t	2016-12-27 16:02:36.417-04:30	2016-12-27 16:02:36.417-04:30	players
788	745	t	2016-12-27 16:02:36.397-04:30	2016-12-27 16:02:36.397-04:30	players
793	750	t	2016-12-27 16:02:36.41-04:30	2016-12-27 16:02:36.41-04:30	players
798	754	t	2016-12-27 16:02:36.421-04:30	2016-12-27 16:02:36.421-04:30	players
790	746	t	2016-12-27 16:02:36.4-04:30	2016-12-27 16:02:36.4-04:30	players
795	751	t	2016-12-27 16:02:36.411-04:30	2016-12-27 16:02:36.411-04:30	players
799	755	t	2016-12-27 16:03:08.05-04:30	2016-12-27 16:03:08.05-04:30	players
800	758	t	2016-12-27 16:03:08.054-04:30	2016-12-27 16:03:08.054-04:30	players
801	756	t	2016-12-27 16:03:08.055-04:30	2016-12-27 16:03:08.055-04:30	players
802	757	t	2016-12-27 16:03:08.055-04:30	2016-12-27 16:03:08.055-04:30	players
803	759	t	2016-12-27 16:03:08.055-04:30	2016-12-27 16:03:08.055-04:30	players
804	760	t	2016-12-27 16:03:08.06-04:30	2016-12-27 16:03:08.06-04:30	players
805	761	t	2016-12-27 16:03:08.063-04:30	2016-12-27 16:03:08.063-04:30	players
806	763	t	2016-12-27 16:03:08.065-04:30	2016-12-27 16:03:08.065-04:30	players
807	762	t	2016-12-27 16:03:08.066-04:30	2016-12-27 16:03:08.066-04:30	players
808	764	t	2016-12-27 16:03:08.068-04:30	2016-12-27 16:03:08.068-04:30	players
809	765	t	2016-12-27 16:03:08.07-04:30	2016-12-27 16:03:08.07-04:30	players
810	766	t	2016-12-27 16:03:08.076-04:30	2016-12-27 16:03:08.076-04:30	players
811	769	t	2016-12-27 16:03:08.083-04:30	2016-12-27 16:03:08.083-04:30	players
812	767	t	2016-12-27 16:03:08.083-04:30	2016-12-27 16:03:08.083-04:30	players
813	768	t	2016-12-27 16:03:08.084-04:30	2016-12-27 16:03:08.084-04:30	players
814	770	t	2016-12-27 16:03:08.084-04:30	2016-12-27 16:03:08.084-04:30	players
815	771	t	2016-12-27 16:03:08.089-04:30	2016-12-27 16:03:08.089-04:30	players
816	772	t	2016-12-27 16:03:08.091-04:30	2016-12-27 16:03:08.091-04:30	players
817	773	t	2016-12-27 16:03:08.094-04:30	2016-12-27 16:03:08.094-04:30	players
818	774	t	2016-12-27 16:03:08.096-04:30	2016-12-27 16:03:08.096-04:30	players
819	775	t	2016-12-27 16:03:08.096-04:30	2016-12-27 16:03:08.096-04:30	players
820	776	t	2016-12-27 16:03:08.099-04:30	2016-12-27 16:03:08.099-04:30	players
821	777	t	2016-12-27 16:03:08.101-04:30	2016-12-27 16:03:08.101-04:30	players
822	778	t	2016-12-27 16:03:08.103-04:30	2016-12-27 16:03:08.103-04:30	players
823	779	t	2016-12-27 16:03:08.105-04:30	2016-12-27 16:03:08.105-04:30	players
824	780	t	2016-12-27 16:04:14.523-04:30	2016-12-27 16:04:14.523-04:30	players
825	783	t	2016-12-27 16:04:14.528-04:30	2016-12-27 16:04:14.528-04:30	players
826	782	t	2016-12-27 16:04:14.528-04:30	2016-12-27 16:04:14.528-04:30	players
827	781	t	2016-12-27 16:04:14.529-04:30	2016-12-27 16:04:14.529-04:30	players
828	784	t	2016-12-27 16:04:14.529-04:30	2016-12-27 16:04:14.529-04:30	players
829	785	t	2016-12-27 16:04:14.538-04:30	2016-12-27 16:04:14.538-04:30	players
830	789	t	2016-12-27 16:04:14.542-04:30	2016-12-27 16:04:14.542-04:30	players
831	786	t	2016-12-27 16:04:14.542-04:30	2016-12-27 16:04:14.542-04:30	players
832	787	t	2016-12-27 16:04:14.543-04:30	2016-12-27 16:04:14.543-04:30	players
833	788	t	2016-12-27 16:04:14.543-04:30	2016-12-27 16:04:14.543-04:30	players
834	790	t	2016-12-27 16:04:14.549-04:30	2016-12-27 16:04:14.549-04:30	players
835	791	t	2016-12-27 16:04:14.552-04:30	2016-12-27 16:04:14.552-04:30	players
836	792	t	2016-12-27 16:04:14.553-04:30	2016-12-27 16:04:14.553-04:30	players
837	793	t	2016-12-27 16:04:14.559-04:30	2016-12-27 16:04:14.559-04:30	players
838	794	t	2016-12-27 16:04:14.562-04:30	2016-12-27 16:04:14.562-04:30	players
839	795	t	2016-12-27 16:04:14.565-04:30	2016-12-27 16:04:14.565-04:30	players
840	796	t	2016-12-27 16:04:14.568-04:30	2016-12-27 16:04:14.568-04:30	players
841	797	t	2016-12-27 16:04:14.569-04:30	2016-12-27 16:04:14.569-04:30	players
842	798	t	2016-12-27 16:04:14.572-04:30	2016-12-27 16:04:14.572-04:30	players
843	799	t	2016-12-27 16:04:14.575-04:30	2016-12-27 16:04:14.575-04:30	players
844	800	t	2016-12-27 16:04:14.577-04:30	2016-12-27 16:04:14.577-04:30	players
845	801	t	2016-12-27 16:04:14.58-04:30	2016-12-27 16:04:14.58-04:30	players
846	802	t	2016-12-27 16:04:14.581-04:30	2016-12-27 16:04:14.581-04:30	players
847	803	t	2016-12-27 16:04:14.584-04:30	2016-12-27 16:04:14.584-04:30	players
848	804	t	2016-12-27 16:04:14.587-04:30	2016-12-27 16:04:14.587-04:30	players
849	805	t	2016-12-27 16:04:33.722-04:30	2016-12-27 16:04:33.722-04:30	players
850	806	t	2016-12-27 16:04:33.726-04:30	2016-12-27 16:04:33.726-04:30	players
851	809	t	2016-12-27 16:04:33.727-04:30	2016-12-27 16:04:33.727-04:30	players
852	808	t	2016-12-27 16:04:33.728-04:30	2016-12-27 16:04:33.728-04:30	players
853	807	t	2016-12-27 16:04:33.728-04:30	2016-12-27 16:04:33.728-04:30	players
854	810	t	2016-12-27 16:04:33.734-04:30	2016-12-27 16:04:33.734-04:30	players
855	811	t	2016-12-27 16:04:33.737-04:30	2016-12-27 16:04:33.737-04:30	players
856	813	t	2016-12-27 16:04:33.74-04:30	2016-12-27 16:04:33.74-04:30	players
857	812	t	2016-12-27 16:04:33.74-04:30	2016-12-27 16:04:33.74-04:30	players
858	814	t	2016-12-27 16:04:33.744-04:30	2016-12-27 16:04:33.744-04:30	players
859	815	t	2016-12-27 16:04:33.747-04:30	2016-12-27 16:04:33.747-04:30	players
860	816	t	2016-12-27 16:04:33.749-04:30	2016-12-27 16:04:33.749-04:30	players
861	817	t	2016-12-27 16:04:33.752-04:30	2016-12-27 16:04:33.752-04:30	players
862	819	t	2016-12-27 16:04:33.755-04:30	2016-12-27 16:04:33.755-04:30	players
863	818	t	2016-12-27 16:04:33.756-04:30	2016-12-27 16:04:33.756-04:30	players
864	820	t	2016-12-27 16:04:33.759-04:30	2016-12-27 16:04:33.759-04:30	players
865	821	t	2016-12-27 16:04:33.762-04:30	2016-12-27 16:04:33.762-04:30	players
866	822	t	2016-12-27 16:04:33.765-04:30	2016-12-27 16:04:33.765-04:30	players
867	823	t	2016-12-27 16:04:33.769-04:30	2016-12-27 16:04:33.769-04:30	players
868	824	t	2016-12-27 16:04:33.769-04:30	2016-12-27 16:04:33.769-04:30	players
869	825	t	2016-12-27 16:04:33.773-04:30	2016-12-27 16:04:33.773-04:30	players
870	826	t	2016-12-27 16:04:33.775-04:30	2016-12-27 16:04:33.775-04:30	players
871	827	t	2016-12-27 16:04:33.778-04:30	2016-12-27 16:04:33.778-04:30	players
872	828	t	2016-12-27 16:04:33.784-04:30	2016-12-27 16:04:33.784-04:30	players
873	829	t	2016-12-27 16:04:33.788-04:30	2016-12-27 16:04:33.788-04:30	players
874	3	t	2016-12-27 16:04:47.376-04:30	2016-12-27 16:04:47.376-04:30	feed_items
875	4	t	2016-12-27 16:07:31.395-04:30	2016-12-27 16:07:31.395-04:30	feed_items
876	5	t	2016-12-27 16:17:04.483-04:30	2016-12-27 16:17:04.483-04:30	feed_items
877	6	t	2016-12-27 16:34:55.956-04:30	2016-12-27 16:34:55.956-04:30	feed_items
878	7	t	2016-12-27 16:35:15.677-04:30	2016-12-27 16:35:15.677-04:30	feed_items
879	8	t	2016-12-27 16:37:25.749-04:30	2016-12-27 16:37:25.749-04:30	feed_items
880	9	t	2016-12-27 16:37:54.972-04:30	2016-12-27 16:37:54.972-04:30	feed_items
881	10	t	2016-12-27 16:45:31.437-04:30	2016-12-27 16:45:31.437-04:30	feed_items
882	11	t	2016-12-27 16:47:44.979-04:30	2016-12-27 16:47:44.979-04:30	feed_items
883	12	t	2016-12-27 16:50:18.259-04:30	2016-12-27 16:50:18.259-04:30	feed_items
884	13	t	2016-12-27 16:54:47.586-04:30	2016-12-27 16:54:47.586-04:30	feed_items
885	14	t	2016-12-27 16:57:02.738-04:30	2016-12-27 16:57:02.738-04:30	feed_items
886	15	t	2016-12-27 17:01:23.059-04:30	2016-12-27 17:01:23.059-04:30	feed_items
887	16	t	2016-12-27 17:05:32.21-04:30	2016-12-27 17:05:32.21-04:30	feed_items
888	17	t	2016-12-27 17:06:41.905-04:30	2016-12-27 17:06:41.905-04:30	feed_items
889	18	t	2016-12-27 17:18:30.071-04:30	2016-12-27 17:18:30.071-04:30	feed_items
890	19	t	2016-12-27 17:26:38.065-04:30	2016-12-27 17:26:38.065-04:30	feed_items
891	20	t	2016-12-27 17:36:00.565-04:30	2016-12-27 17:36:00.565-04:30	feed_items
892	21	t	2016-12-27 17:58:21.042-04:30	2016-12-27 17:58:21.042-04:30	feed_items
893	22	t	2016-12-27 17:58:32.907-04:30	2016-12-27 17:58:32.907-04:30	feed_items
894	23	t	2016-12-27 17:58:40.213-04:30	2016-12-27 17:58:40.213-04:30	feed_items
895	24	t	2016-12-27 17:59:03.275-04:30	2016-12-27 17:59:03.275-04:30	feed_items
896	25	t	2016-12-27 17:59:10.942-04:30	2016-12-27 17:59:10.942-04:30	feed_items
897	26	t	2016-12-27 18:05:41.257-04:30	2016-12-27 18:05:41.257-04:30	feed_items
898	27	t	2016-12-27 18:06:43.298-04:30	2016-12-27 18:06:43.298-04:30	feed_items
899	28	t	2016-12-27 18:21:55.298-04:30	2016-12-27 18:21:55.298-04:30	feed_items
900	29	t	2016-12-27 18:24:14.16-04:30	2016-12-27 18:24:14.16-04:30	feed_items
901	30	t	2016-12-27 18:24:24.692-04:30	2016-12-27 18:24:24.692-04:30	feed_items
902	31	t	2016-12-27 18:24:32.802-04:30	2016-12-27 18:24:32.802-04:30	feed_items
903	32	t	2016-12-27 18:29:31.362-04:30	2016-12-27 18:29:31.362-04:30	feed_items
904	33	t	2016-12-27 18:46:37.699-04:30	2016-12-27 18:46:37.699-04:30	feed_items
905	34	t	2016-12-27 18:47:52.265-04:30	2016-12-27 18:47:52.265-04:30	feed_items
906	35	t	2016-12-27 18:48:11.324-04:30	2016-12-27 18:48:11.324-04:30	feed_items
907	36	t	2016-12-27 19:12:10.288-04:30	2016-12-27 19:12:10.288-04:30	feed_items
908	37	t	2016-12-27 19:25:00.584-04:30	2016-12-27 19:25:00.584-04:30	feed_items
909	38	t	2016-12-27 19:41:43.761-04:30	2016-12-27 19:41:43.761-04:30	feed_items
910	39	t	2016-12-27 19:48:56.386-04:30	2016-12-27 19:48:56.386-04:30	feed_items
911	40	t	2016-12-27 19:51:29.126-04:30	2016-12-27 19:51:29.126-04:30	feed_items
912	41	t	2016-12-27 20:08:33.848-04:30	2016-12-27 20:08:33.848-04:30	feed_items
913	42	t	2016-12-27 20:17:24.729-04:30	2016-12-27 20:17:24.729-04:30	feed_items
914	43	t	2016-12-27 20:18:01.084-04:30	2016-12-27 20:18:01.084-04:30	feed_items
915	44	t	2016-12-27 20:18:46.084-04:30	2016-12-27 20:18:46.084-04:30	feed_items
916	45	t	2016-12-27 20:20:46.704-04:30	2016-12-27 20:20:46.704-04:30	feed_items
917	46	t	2016-12-27 20:21:58.192-04:30	2016-12-27 20:21:58.192-04:30	feed_items
918	47	t	2016-12-27 20:25:19.489-04:30	2016-12-27 20:25:19.489-04:30	feed_items
919	48	t	2016-12-27 20:26:36.657-04:30	2016-12-27 20:26:36.657-04:30	feed_items
920	49	t	2016-12-27 20:29:37.56-04:30	2016-12-27 20:29:37.56-04:30	feed_items
921	50	t	2016-12-27 20:32:50.175-04:30	2016-12-27 20:32:50.175-04:30	feed_items
922	51	t	2016-12-27 20:38:00.62-04:30	2016-12-27 20:38:00.62-04:30	feed_items
923	52	t	2016-12-27 20:41:57.862-04:30	2016-12-27 20:41:57.862-04:30	feed_items
924	53	t	2016-12-27 20:44:16.993-04:30	2016-12-27 20:44:16.993-04:30	feed_items
925	54	t	2016-12-27 20:51:18.479-04:30	2016-12-27 20:51:18.479-04:30	feed_items
926	55	t	2016-12-27 20:52:49.047-04:30	2016-12-27 20:52:49.047-04:30	feed_items
927	56	t	2016-12-27 20:54:38.452-04:30	2016-12-27 20:54:38.452-04:30	feed_items
928	57	t	2016-12-27 21:00:09.913-04:30	2016-12-27 21:00:09.913-04:30	feed_items
929	33	t	2016-12-28 11:47:32.205-04:30	2016-12-28 11:47:32.205-04:30	users
930	30	t	2016-12-28 11:49:20.317-04:30	2016-12-28 11:49:20.317-04:30	teams
931	58	t	2016-12-28 13:37:51.559-04:30	2016-12-28 13:37:51.559-04:30	feed_items
932	59	t	2016-12-28 13:38:13.154-04:30	2016-12-28 13:38:13.154-04:30	feed_items
933	60	t	2016-12-28 13:43:54.059-04:30	2016-12-28 13:43:54.059-04:30	feed_items
934	830	t	2016-12-28 13:51:27.478-04:30	2016-12-28 13:51:27.478-04:30	players
935	61	t	2016-12-28 13:55:54.171-04:30	2016-12-28 13:55:54.171-04:30	feed_items
936	62	t	2016-12-28 14:00:34.245-04:30	2016-12-28 14:00:34.245-04:30	feed_items
937	63	t	2016-12-28 14:04:55.84-04:30	2016-12-28 14:04:55.84-04:30	feed_items
938	64	t	2016-12-28 14:22:02.821-04:30	2016-12-28 14:22:02.821-04:30	feed_items
939	65	t	2016-12-28 14:34:13.967-04:30	2016-12-28 14:34:13.967-04:30	feed_items
940	66	t	2016-12-28 14:34:36.603-04:30	2016-12-28 14:34:36.603-04:30	feed_items
941	67	t	2016-12-28 14:34:59.938-04:30	2016-12-28 14:34:59.938-04:30	feed_items
942	68	t	2016-12-28 14:37:41.666-04:30	2016-12-28 14:37:41.666-04:30	feed_items
943	69	t	2016-12-28 14:37:48.421-04:30	2016-12-28 14:37:48.421-04:30	feed_items
944	70	t	2016-12-28 14:37:59.827-04:30	2016-12-28 14:37:59.827-04:30	feed_items
945	71	t	2016-12-28 14:38:17.582-04:30	2016-12-28 14:38:17.582-04:30	feed_items
946	72	t	2016-12-28 14:38:49.108-04:30	2016-12-28 14:38:49.108-04:30	feed_items
947	73	t	2016-12-28 14:39:04.956-04:30	2016-12-28 14:39:04.956-04:30	feed_items
948	74	t	2016-12-28 14:45:14.097-04:30	2016-12-28 14:45:14.097-04:30	feed_items
949	75	t	2016-12-28 14:46:29.964-04:30	2016-12-28 14:46:29.964-04:30	feed_items
950	76	t	2016-12-28 14:49:42.358-04:30	2016-12-28 14:49:42.358-04:30	feed_items
951	77	t	2016-12-28 14:50:00.872-04:30	2016-12-28 14:50:00.872-04:30	feed_items
952	78	t	2016-12-28 14:51:59.321-04:30	2016-12-28 14:51:59.321-04:30	feed_items
953	79	t	2016-12-28 14:52:09.485-04:30	2016-12-28 14:52:09.485-04:30	feed_items
954	80	t	2016-12-28 14:55:22.075-04:30	2016-12-28 14:55:22.075-04:30	feed_items
955	81	t	2016-12-28 14:55:41.419-04:30	2016-12-28 14:55:41.419-04:30	feed_items
956	82	t	2016-12-28 14:58:37.234-04:30	2016-12-28 14:58:37.234-04:30	feed_items
957	83	t	2016-12-28 14:58:52.463-04:30	2016-12-28 14:58:52.463-04:30	feed_items
958	84	t	2016-12-28 14:59:17.68-04:30	2016-12-28 14:59:17.68-04:30	feed_items
959	85	t	2016-12-28 15:19:22.525-04:30	2016-12-28 15:19:22.525-04:30	feed_items
960	86	t	2016-12-28 15:22:42.999-04:30	2016-12-28 15:22:42.999-04:30	feed_items
961	87	t	2016-12-28 15:24:26.607-04:30	2016-12-28 15:24:26.607-04:30	feed_items
962	88	t	2016-12-28 15:24:36.814-04:30	2016-12-28 15:24:36.814-04:30	feed_items
963	89	t	2016-12-28 15:24:44.755-04:30	2016-12-28 15:24:44.755-04:30	feed_items
964	90	t	2016-12-28 15:40:56.767-04:30	2016-12-28 15:40:56.767-04:30	feed_items
965	91	t	2016-12-28 15:44:50.941-04:30	2016-12-28 15:44:50.941-04:30	feed_items
966	92	t	2016-12-28 15:45:50.082-04:30	2016-12-28 15:45:50.082-04:30	feed_items
967	93	t	2016-12-28 15:50:21.224-04:30	2016-12-28 15:50:21.224-04:30	feed_items
968	831	t	2016-12-28 15:52:36.853-04:30	2016-12-28 15:52:36.853-04:30	players
969	94	t	2016-12-28 15:54:56.326-04:30	2016-12-28 15:54:56.326-04:30	feed_items
970	95	t	2016-12-28 16:03:04.116-04:30	2016-12-28 16:03:04.116-04:30	feed_items
971	96	t	2016-12-28 16:07:31.437-04:30	2016-12-28 16:07:31.437-04:30	feed_items
972	97	t	2016-12-28 16:12:25.932-04:30	2016-12-28 16:12:25.932-04:30	feed_items
973	98	t	2016-12-28 16:23:48.163-04:30	2016-12-28 16:23:48.163-04:30	feed_items
974	99	t	2016-12-28 16:26:13.24-04:30	2016-12-28 16:26:13.24-04:30	feed_items
975	100	t	2016-12-28 16:34:57.976-04:30	2016-12-28 16:34:57.976-04:30	feed_items
976	101	t	2016-12-28 16:35:06.507-04:30	2016-12-28 16:35:06.507-04:30	feed_items
977	102	t	2016-12-28 16:35:16.077-04:30	2016-12-28 16:35:16.077-04:30	feed_items
978	103	t	2016-12-28 16:36:01.86-04:30	2016-12-28 16:36:01.86-04:30	feed_items
979	104	t	2016-12-28 16:38:05.469-04:30	2016-12-28 16:38:05.469-04:30	feed_items
980	105	t	2016-12-28 16:38:44.228-04:30	2016-12-28 16:38:44.228-04:30	feed_items
981	106	t	2016-12-28 16:41:17.955-04:30	2016-12-28 16:41:17.955-04:30	feed_items
982	107	t	2016-12-28 16:42:54.523-04:30	2016-12-28 16:42:54.523-04:30	feed_items
983	108	t	2016-12-28 16:46:29.473-04:30	2016-12-28 16:46:29.473-04:30	feed_items
984	109	t	2016-12-28 16:52:03.667-04:30	2016-12-28 16:52:03.667-04:30	feed_items
985	110	t	2016-12-28 16:56:05.401-04:30	2016-12-28 16:56:05.401-04:30	feed_items
986	111	t	2016-12-28 16:59:52.827-04:30	2016-12-28 16:59:52.827-04:30	feed_items
987	112	t	2016-12-28 17:00:55.151-04:30	2016-12-28 17:00:55.151-04:30	feed_items
988	113	t	2016-12-28 17:01:21.423-04:30	2016-12-28 17:01:21.423-04:30	feed_items
989	114	t	2016-12-28 17:03:16.659-04:30	2016-12-28 17:03:16.659-04:30	feed_items
990	115	t	2016-12-28 17:07:16.355-04:30	2016-12-28 17:07:16.355-04:30	feed_items
991	116	t	2016-12-28 17:11:18.722-04:30	2016-12-28 17:11:18.722-04:30	feed_items
992	117	t	2016-12-28 17:15:11.032-04:30	2016-12-28 17:15:11.032-04:30	feed_items
993	118	t	2016-12-28 17:17:11.977-04:30	2016-12-28 17:17:11.977-04:30	feed_items
994	119	t	2016-12-28 17:20:37.73-04:30	2016-12-28 17:20:37.73-04:30	feed_items
995	120	t	2016-12-28 17:24:11.396-04:30	2016-12-28 17:24:11.396-04:30	feed_items
996	121	t	2016-12-28 17:24:54.202-04:30	2016-12-28 17:24:54.202-04:30	feed_items
997	122	t	2016-12-28 17:25:43.696-04:30	2016-12-28 17:25:43.696-04:30	feed_items
998	123	t	2016-12-28 18:17:56.869-04:30	2016-12-28 18:17:56.869-04:30	feed_items
999	125	t	2016-12-28 18:17:56.872-04:30	2016-12-28 18:17:56.872-04:30	feed_items
1000	126	t	2016-12-28 18:17:56.872-04:30	2016-12-28 18:17:56.872-04:30	feed_items
1001	124	t	2016-12-28 18:17:56.872-04:30	2016-12-28 18:17:56.872-04:30	feed_items
1002	127	t	2016-12-28 18:17:56.874-04:30	2016-12-28 18:17:56.874-04:30	feed_items
1003	128	t	2016-12-28 18:17:56.876-04:30	2016-12-28 18:17:56.876-04:30	feed_items
1004	129	t	2016-12-28 18:17:56.877-04:30	2016-12-28 18:17:56.877-04:30	feed_items
1005	130	t	2016-12-28 18:17:56.878-04:30	2016-12-28 18:17:56.878-04:30	feed_items
1006	131	t	2016-12-28 18:17:56.879-04:30	2016-12-28 18:17:56.879-04:30	feed_items
1007	133	t	2016-12-28 18:17:56.881-04:30	2016-12-28 18:17:56.881-04:30	feed_items
1008	132	t	2016-12-28 18:17:56.881-04:30	2016-12-28 18:17:56.881-04:30	feed_items
1009	135	t	2016-12-28 18:17:56.883-04:30	2016-12-28 18:17:56.883-04:30	feed_items
1010	134	t	2016-12-28 18:17:56.883-04:30	2016-12-28 18:17:56.883-04:30	feed_items
1011	136	t	2016-12-28 18:17:56.884-04:30	2016-12-28 18:17:56.884-04:30	feed_items
1012	137	t	2016-12-28 18:17:56.886-04:30	2016-12-28 18:17:56.886-04:30	feed_items
1013	138	t	2016-12-28 18:17:56.887-04:30	2016-12-28 18:17:56.887-04:30	feed_items
1014	139	t	2016-12-28 18:17:56.888-04:30	2016-12-28 18:17:56.888-04:30	feed_items
1015	140	t	2016-12-28 18:17:56.889-04:30	2016-12-28 18:17:56.889-04:30	feed_items
1016	141	t	2016-12-28 18:17:56.89-04:30	2016-12-28 18:17:56.89-04:30	feed_items
1017	142	t	2016-12-28 18:17:56.891-04:30	2016-12-28 18:17:56.891-04:30	feed_items
1018	143	t	2016-12-28 18:17:56.892-04:30	2016-12-28 18:17:56.892-04:30	feed_items
1019	144	t	2016-12-28 18:17:56.893-04:30	2016-12-28 18:17:56.893-04:30	feed_items
1020	145	t	2016-12-28 18:17:56.894-04:30	2016-12-28 18:17:56.894-04:30	feed_items
1026	151	t	2016-12-28 18:17:56.907-04:30	2016-12-28 18:17:56.907-04:30	feed_items
1031	156	t	2016-12-28 18:17:56.913-04:30	2016-12-28 18:17:56.913-04:30	feed_items
1036	161	t	2016-12-28 18:17:56.918-04:30	2016-12-28 18:17:56.918-04:30	feed_items
1041	166	t	2016-12-28 18:17:56.929-04:30	2016-12-28 18:17:56.929-04:30	feed_items
1046	171	t	2016-12-28 18:17:56.935-04:30	2016-12-28 18:17:56.935-04:30	feed_items
1051	176	t	2016-12-28 18:17:56.94-04:30	2016-12-28 18:17:56.94-04:30	feed_items
1056	182	t	2016-12-28 18:17:56.947-04:30	2016-12-28 18:17:56.947-04:30	feed_items
1061	186	t	2016-12-28 18:17:56.954-04:30	2016-12-28 18:17:56.954-04:30	feed_items
1063	188	t	2016-12-28 18:17:56.956-04:30	2016-12-28 18:17:56.956-04:30	feed_items
1069	194	t	2016-12-28 18:17:56.963-04:30	2016-12-28 18:17:56.963-04:30	feed_items
1074	199	t	2016-12-28 18:17:56.969-04:30	2016-12-28 18:17:56.969-04:30	feed_items
1079	204	t	2016-12-28 18:17:56.974-04:30	2016-12-28 18:17:56.974-04:30	feed_items
1084	209	t	2016-12-28 18:17:56.982-04:30	2016-12-28 18:17:56.982-04:30	feed_items
1089	214	t	2016-12-28 18:17:56.987-04:30	2016-12-28 18:17:56.987-04:30	feed_items
1094	219	t	2016-12-28 18:17:56.993-04:30	2016-12-28 18:17:56.993-04:30	feed_items
1099	224	t	2016-12-28 18:17:56.998-04:30	2016-12-28 18:17:56.998-04:30	feed_items
1104	229	t	2016-12-28 18:17:57.004-04:30	2016-12-28 18:17:57.004-04:30	feed_items
1109	235	t	2016-12-28 18:17:57.016-04:30	2016-12-28 18:17:57.016-04:30	feed_items
1114	239	t	2016-12-28 18:17:57.02-04:30	2016-12-28 18:17:57.02-04:30	feed_items
1119	244	t	2016-12-28 18:17:57.027-04:30	2016-12-28 18:17:57.027-04:30	feed_items
1124	250	t	2016-12-28 18:17:57.042-04:30	2016-12-28 18:17:57.042-04:30	feed_items
1129	255	t	2016-12-28 18:17:57.055-04:30	2016-12-28 18:17:57.055-04:30	feed_items
1134	259	t	2016-12-28 18:17:57.062-04:30	2016-12-28 18:17:57.062-04:30	feed_items
1021	146	t	2016-12-28 18:17:56.895-04:30	2016-12-28 18:17:56.895-04:30	feed_items
1025	150	t	2016-12-28 18:17:56.9-04:30	2016-12-28 18:17:56.9-04:30	feed_items
1030	155	t	2016-12-28 18:17:56.91-04:30	2016-12-28 18:17:56.91-04:30	feed_items
1035	160	t	2016-12-28 18:17:56.916-04:30	2016-12-28 18:17:56.916-04:30	feed_items
1040	165	t	2016-12-28 18:17:56.923-04:30	2016-12-28 18:17:56.923-04:30	feed_items
1045	167	t	2016-12-28 18:17:56.932-04:30	2016-12-28 18:17:56.932-04:30	feed_items
1050	175	t	2016-12-28 18:17:56.938-04:30	2016-12-28 18:17:56.938-04:30	feed_items
1053	178	t	2016-12-28 18:17:56.943-04:30	2016-12-28 18:17:56.943-04:30	feed_items
1059	183	t	2016-12-28 18:17:56.949-04:30	2016-12-28 18:17:56.949-04:30	feed_items
1065	190	t	2016-12-28 18:17:56.959-04:30	2016-12-28 18:17:56.959-04:30	feed_items
1068	193	t	2016-12-28 18:17:56.962-04:30	2016-12-28 18:17:56.962-04:30	feed_items
1073	198	t	2016-12-28 18:17:56.968-04:30	2016-12-28 18:17:56.968-04:30	feed_items
1077	202	t	2016-12-28 18:17:56.972-04:30	2016-12-28 18:17:56.972-04:30	feed_items
1082	207	t	2016-12-28 18:17:56.978-04:30	2016-12-28 18:17:56.978-04:30	feed_items
1087	212	t	2016-12-28 18:17:56.986-04:30	2016-12-28 18:17:56.986-04:30	feed_items
1091	216	t	2016-12-28 18:17:56.989-04:30	2016-12-28 18:17:56.989-04:30	feed_items
1098	223	t	2016-12-28 18:17:56.997-04:30	2016-12-28 18:17:56.997-04:30	feed_items
1101	226	t	2016-12-28 18:17:57.001-04:30	2016-12-28 18:17:57.001-04:30	feed_items
1108	233	t	2016-12-28 18:17:57.014-04:30	2016-12-28 18:17:57.014-04:30	feed_items
1111	234	t	2016-12-28 18:17:57.017-04:30	2016-12-28 18:17:57.017-04:30	feed_items
1118	243	t	2016-12-28 18:17:57.026-04:30	2016-12-28 18:17:57.026-04:30	feed_items
1120	245	t	2016-12-28 18:17:57.029-04:30	2016-12-28 18:17:57.029-04:30	feed_items
1127	252	t	2016-12-28 18:17:57.048-04:30	2016-12-28 18:17:57.048-04:30	feed_items
1132	257	t	2016-12-28 18:17:57.057-04:30	2016-12-28 18:17:57.057-04:30	feed_items
1135	260	t	2016-12-28 18:17:57.062-04:30	2016-12-28 18:17:57.062-04:30	feed_items
1022	147	t	2016-12-28 18:17:56.897-04:30	2016-12-28 18:17:56.897-04:30	feed_items
1027	154	t	2016-12-28 18:17:56.909-04:30	2016-12-28 18:17:56.909-04:30	feed_items
1032	157	t	2016-12-28 18:17:56.914-04:30	2016-12-28 18:17:56.914-04:30	feed_items
1037	162	t	2016-12-28 18:17:56.92-04:30	2016-12-28 18:17:56.92-04:30	feed_items
1042	168	t	2016-12-28 18:17:56.931-04:30	2016-12-28 18:17:56.931-04:30	feed_items
1047	172	t	2016-12-28 18:17:56.936-04:30	2016-12-28 18:17:56.936-04:30	feed_items
1052	177	t	2016-12-28 18:17:56.941-04:30	2016-12-28 18:17:56.941-04:30	feed_items
1057	181	t	2016-12-28 18:17:56.947-04:30	2016-12-28 18:17:56.947-04:30	feed_items
1062	187	t	2016-12-28 18:17:56.955-04:30	2016-12-28 18:17:56.955-04:30	feed_items
1067	192	t	2016-12-28 18:17:56.961-04:30	2016-12-28 18:17:56.961-04:30	feed_items
1072	197	t	2016-12-28 18:17:56.967-04:30	2016-12-28 18:17:56.967-04:30	feed_items
1078	203	t	2016-12-28 18:17:56.973-04:30	2016-12-28 18:17:56.973-04:30	feed_items
1083	208	t	2016-12-28 18:17:56.979-04:30	2016-12-28 18:17:56.979-04:30	feed_items
1088	213	t	2016-12-28 18:17:56.985-04:30	2016-12-28 18:17:56.985-04:30	feed_items
1092	217	t	2016-12-28 18:17:56.991-04:30	2016-12-28 18:17:56.991-04:30	feed_items
1095	220	t	2016-12-28 18:17:56.994-04:30	2016-12-28 18:17:56.994-04:30	feed_items
1102	227	t	2016-12-28 18:17:57.002-04:30	2016-12-28 18:17:57.002-04:30	feed_items
1105	230	t	2016-12-28 18:17:57.005-04:30	2016-12-28 18:17:57.005-04:30	feed_items
1112	236	t	2016-12-28 18:17:57.017-04:30	2016-12-28 18:17:57.017-04:30	feed_items
1115	240	t	2016-12-28 18:17:57.022-04:30	2016-12-28 18:17:57.022-04:30	feed_items
1121	246	t	2016-12-28 18:17:57.03-04:30	2016-12-28 18:17:57.03-04:30	feed_items
1126	251	t	2016-12-28 18:17:57.043-04:30	2016-12-28 18:17:57.043-04:30	feed_items
1133	258	t	2016-12-28 18:17:57.06-04:30	2016-12-28 18:17:57.06-04:30	feed_items
1136	261	t	2016-12-28 18:17:57.064-04:30	2016-12-28 18:17:57.064-04:30	feed_items
1023	148	t	2016-12-28 18:17:56.898-04:30	2016-12-28 18:17:56.898-04:30	feed_items
1029	153	t	2016-12-28 18:17:56.91-04:30	2016-12-28 18:17:56.91-04:30	feed_items
1034	158	t	2016-12-28 18:17:56.916-04:30	2016-12-28 18:17:56.916-04:30	feed_items
1039	164	t	2016-12-28 18:17:56.922-04:30	2016-12-28 18:17:56.922-04:30	feed_items
1044	170	t	2016-12-28 18:17:56.932-04:30	2016-12-28 18:17:56.932-04:30	feed_items
1049	173	t	2016-12-28 18:17:56.938-04:30	2016-12-28 18:17:56.938-04:30	feed_items
1054	179	t	2016-12-28 18:17:56.944-04:30	2016-12-28 18:17:56.944-04:30	feed_items
1058	184	t	2016-12-28 18:17:56.949-04:30	2016-12-28 18:17:56.949-04:30	feed_items
1064	189	t	2016-12-28 18:17:56.958-04:30	2016-12-28 18:17:56.958-04:30	feed_items
1070	195	t	2016-12-28 18:17:56.964-04:30	2016-12-28 18:17:56.964-04:30	feed_items
1075	200	t	2016-12-28 18:17:56.97-04:30	2016-12-28 18:17:56.97-04:30	feed_items
1080	205	t	2016-12-28 18:17:56.975-04:30	2016-12-28 18:17:56.975-04:30	feed_items
1086	210	t	2016-12-28 18:17:56.984-04:30	2016-12-28 18:17:56.984-04:30	feed_items
1093	218	t	2016-12-28 18:17:56.992-04:30	2016-12-28 18:17:56.992-04:30	feed_items
1096	221	t	2016-12-28 18:17:56.995-04:30	2016-12-28 18:17:56.995-04:30	feed_items
1103	228	t	2016-12-28 18:17:57.003-04:30	2016-12-28 18:17:57.003-04:30	feed_items
1106	231	t	2016-12-28 18:17:57.006-04:30	2016-12-28 18:17:57.006-04:30	feed_items
1113	238	t	2016-12-28 18:17:57.019-04:30	2016-12-28 18:17:57.019-04:30	feed_items
1116	241	t	2016-12-28 18:17:57.022-04:30	2016-12-28 18:17:57.022-04:30	feed_items
1122	247	t	2016-12-28 18:17:57.037-04:30	2016-12-28 18:17:57.037-04:30	feed_items
1128	253	t	2016-12-28 18:17:57.052-04:30	2016-12-28 18:17:57.052-04:30	feed_items
1130	256	t	2016-12-28 18:17:57.055-04:30	2016-12-28 18:17:57.055-04:30	feed_items
1024	149	t	2016-12-28 18:17:56.899-04:30	2016-12-28 18:17:56.899-04:30	feed_items
1028	152	t	2016-12-28 18:17:56.91-04:30	2016-12-28 18:17:56.91-04:30	feed_items
1033	159	t	2016-12-28 18:17:56.916-04:30	2016-12-28 18:17:56.916-04:30	feed_items
1038	163	t	2016-12-28 18:17:56.921-04:30	2016-12-28 18:17:56.921-04:30	feed_items
1043	169	t	2016-12-28 18:17:56.931-04:30	2016-12-28 18:17:56.931-04:30	feed_items
1048	174	t	2016-12-28 18:17:56.938-04:30	2016-12-28 18:17:56.938-04:30	feed_items
1055	180	t	2016-12-28 18:17:56.945-04:30	2016-12-28 18:17:56.945-04:30	feed_items
1060	185	t	2016-12-28 18:17:56.952-04:30	2016-12-28 18:17:56.952-04:30	feed_items
1066	191	t	2016-12-28 18:17:56.96-04:30	2016-12-28 18:17:56.96-04:30	feed_items
1071	196	t	2016-12-28 18:17:56.966-04:30	2016-12-28 18:17:56.966-04:30	feed_items
1076	201	t	2016-12-28 18:17:56.971-04:30	2016-12-28 18:17:56.971-04:30	feed_items
1081	206	t	2016-12-28 18:17:56.976-04:30	2016-12-28 18:17:56.976-04:30	feed_items
1085	211	t	2016-12-28 18:17:56.983-04:30	2016-12-28 18:17:56.983-04:30	feed_items
1090	215	t	2016-12-28 18:17:56.988-04:30	2016-12-28 18:17:56.988-04:30	feed_items
1097	222	t	2016-12-28 18:17:56.996-04:30	2016-12-28 18:17:56.996-04:30	feed_items
1100	225	t	2016-12-28 18:17:57-04:30	2016-12-28 18:17:57-04:30	feed_items
1107	232	t	2016-12-28 18:17:57.007-04:30	2016-12-28 18:17:57.007-04:30	feed_items
1110	237	t	2016-12-28 18:17:57.016-04:30	2016-12-28 18:17:57.016-04:30	feed_items
1117	242	t	2016-12-28 18:17:57.024-04:30	2016-12-28 18:17:57.024-04:30	feed_items
1123	248	t	2016-12-28 18:17:57.042-04:30	2016-12-28 18:17:57.042-04:30	feed_items
1125	249	t	2016-12-28 18:17:57.043-04:30	2016-12-28 18:17:57.043-04:30	feed_items
1131	254	t	2016-12-28 18:17:57.055-04:30	2016-12-28 18:17:57.055-04:30	feed_items
1137	262	t	2016-12-30 11:16:47.833-04:30	2016-12-30 11:16:47.833-04:30	feed_items
1138	263	t	2016-12-30 11:18:22.933-04:30	2016-12-30 11:18:22.933-04:30	feed_items
1139	264	t	2016-12-30 12:14:09.636-04:30	2016-12-30 12:14:09.636-04:30	feed_items
1140	265	t	2016-12-30 12:14:20.84-04:30	2016-12-30 12:14:20.84-04:30	feed_items
1141	266	t	2016-12-30 12:14:43.03-04:30	2016-12-30 12:14:43.03-04:30	feed_items
1142	267	t	2016-12-30 12:15:01.335-04:30	2016-12-30 12:15:01.335-04:30	feed_items
1143	268	t	2016-12-30 12:15:53.781-04:30	2016-12-30 12:15:53.781-04:30	feed_items
1144	269	t	2016-12-30 12:16:07.555-04:30	2016-12-30 12:16:07.555-04:30	feed_items
1145	270	t	2016-12-30 12:30:57.401-04:30	2016-12-30 12:30:57.401-04:30	feed_items
1146	271	t	2016-12-30 12:36:08.146-04:30	2016-12-30 12:36:08.146-04:30	feed_items
1147	272	t	2016-12-30 12:38:45.46-04:30	2016-12-30 12:38:45.46-04:30	feed_items
1148	273	t	2016-12-30 12:40:38.64-04:30	2016-12-30 12:40:38.64-04:30	feed_items
1149	274	t	2016-12-30 13:00:14.811-04:30	2016-12-30 13:00:14.811-04:30	feed_items
1150	275	t	2016-12-30 13:28:28.68-04:30	2016-12-30 13:28:28.68-04:30	feed_items
1151	276	t	2016-12-30 13:31:57.357-04:30	2016-12-30 13:31:57.357-04:30	feed_items
1152	277	t	2016-12-30 13:42:17.365-04:30	2016-12-30 13:42:17.365-04:30	feed_items
1153	278	t	2016-12-30 13:53:23.081-04:30	2016-12-30 13:53:23.081-04:30	feed_items
1154	279	t	2016-12-30 14:01:45.731-04:30	2016-12-30 14:01:45.731-04:30	feed_items
1155	280	t	2016-12-30 14:04:51.965-04:30	2016-12-30 14:04:51.965-04:30	feed_items
1156	281	t	2016-12-30 14:20:09.859-04:30	2016-12-30 14:20:09.859-04:30	feed_items
1157	282	t	2016-12-30 14:20:15.196-04:30	2016-12-30 14:20:15.196-04:30	feed_items
1158	283	t	2016-12-30 14:20:32.959-04:30	2016-12-30 14:20:32.959-04:30	feed_items
1159	284	t	2016-12-30 14:31:10.017-04:30	2016-12-30 14:31:10.017-04:30	feed_items
1160	285	t	2016-12-30 14:31:17.709-04:30	2016-12-30 14:31:17.709-04:30	feed_items
1161	286	t	2016-12-30 14:34:25.585-04:30	2016-12-30 14:34:25.585-04:30	feed_items
1162	287	t	2016-12-30 14:36:22.991-04:30	2016-12-30 14:36:22.991-04:30	feed_items
1163	288	t	2016-12-30 14:37:57.452-04:30	2016-12-30 14:37:57.452-04:30	feed_items
1164	289	t	2016-12-30 14:38:23.938-04:30	2016-12-30 14:38:23.938-04:30	feed_items
1165	290	t	2016-12-30 14:38:52.144-04:30	2016-12-30 14:38:52.144-04:30	feed_items
1166	291	t	2016-12-30 14:50:30.937-04:30	2016-12-30 14:50:30.937-04:30	feed_items
1167	292	t	2016-12-30 14:56:27.401-04:30	2016-12-30 14:56:27.401-04:30	feed_items
1168	293	t	2016-12-30 15:05:42.02-04:30	2016-12-30 15:05:42.02-04:30	feed_items
1169	1	t	2017-01-11 08:35:19.853004-04:30	2017-01-11 08:35:19.853004-04:30	events
1170	2	t	2017-01-11 08:35:19.853004-04:30	2017-01-11 08:35:19.853004-04:30	events
1171	5	t	2017-01-11 08:35:19.853004-04:30	2017-01-11 08:35:19.853004-04:30	events
1172	6	t	2017-01-11 08:35:19.853004-04:30	2017-01-11 08:35:19.853004-04:30	events
1173	7	t	2017-01-11 08:35:19.853004-04:30	2017-01-11 08:35:19.853004-04:30	events
1174	8	t	2017-01-11 08:35:19.853004-04:30	2017-01-11 08:35:19.853004-04:30	events
1175	9	t	2017-01-11 08:35:19.853004-04:30	2017-01-11 08:35:19.853004-04:30	events
1176	10	t	2017-01-11 08:35:19.853004-04:30	2017-01-11 08:35:19.853004-04:30	events
1177	11	t	2017-01-11 08:35:19.853004-04:30	2017-01-11 08:35:19.853004-04:30	events
1178	12	t	2017-01-11 08:35:19.853004-04:30	2017-01-11 08:35:19.853004-04:30	events
1179	13	t	2017-01-11 08:35:19.853004-04:30	2017-01-11 08:35:19.853004-04:30	events
1180	14	t	2017-01-11 08:35:19.853004-04:30	2017-01-11 08:35:19.853004-04:30	events
1181	15	t	2017-01-11 08:35:19.853004-04:30	2017-01-11 08:35:19.853004-04:30	events
1182	16	t	2017-01-11 08:35:19.853004-04:30	2017-01-11 08:35:19.853004-04:30	events
1183	4	t	2017-01-11 08:35:19.853004-04:30	2017-01-11 08:35:19.853004-04:30	events
1184	3	t	2017-01-11 08:35:19.853004-04:30	2017-01-11 08:35:19.853004-04:30	events
1185	294	t	2017-01-11 08:43:03.874-04:30	2017-01-11 08:43:03.874-04:30	feed_items
1186	295	t	2017-01-11 08:43:03.879-04:30	2017-01-11 08:43:03.879-04:30	feed_items
1187	296	t	2017-01-11 08:43:03.882-04:30	2017-01-11 08:43:03.882-04:30	feed_items
1188	297	t	2017-01-11 08:43:03.882-04:30	2017-01-11 08:43:03.882-04:30	feed_items
1189	298	t	2017-01-11 08:43:03.884-04:30	2017-01-11 08:43:03.884-04:30	feed_items
1190	299	t	2017-01-11 08:43:03.887-04:30	2017-01-11 08:43:03.887-04:30	feed_items
1191	300	t	2017-01-11 08:43:03.889-04:30	2017-01-11 08:43:03.889-04:30	feed_items
1192	301	t	2017-01-11 08:43:03.89-04:30	2017-01-11 08:43:03.89-04:30	feed_items
1193	302	t	2017-01-11 08:43:03.892-04:30	2017-01-11 08:43:03.892-04:30	feed_items
1194	303	t	2017-01-11 08:43:03.894-04:30	2017-01-11 08:43:03.894-04:30	feed_items
1195	304	t	2017-01-11 08:43:03.895-04:30	2017-01-11 08:43:03.895-04:30	feed_items
1196	305	t	2017-01-11 08:43:03.897-04:30	2017-01-11 08:43:03.897-04:30	feed_items
1197	306	t	2017-01-11 08:43:03.899-04:30	2017-01-11 08:43:03.899-04:30	feed_items
1198	307	t	2017-01-11 08:43:03.9-04:30	2017-01-11 08:43:03.9-04:30	feed_items
1199	309	t	2017-01-11 08:43:03.903-04:30	2017-01-11 08:43:03.903-04:30	feed_items
1200	308	t	2017-01-11 08:43:03.903-04:30	2017-01-11 08:43:03.903-04:30	feed_items
1201	311	t	2017-01-11 08:43:03.923-04:30	2017-01-11 08:43:03.923-04:30	feed_items
1202	310	t	2017-01-11 08:43:03.905-04:30	2017-01-11 08:43:03.905-04:30	feed_items
1203	312	t	2017-01-11 08:43:03.925-04:30	2017-01-11 08:43:03.925-04:30	feed_items
1204	313	t	2017-01-11 08:43:03.935-04:30	2017-01-11 08:43:03.935-04:30	feed_items
1205	315	t	2017-01-11 08:43:03.935-04:30	2017-01-11 08:43:03.935-04:30	feed_items
1206	314	t	2017-01-11 08:43:03.944-04:30	2017-01-11 08:43:03.944-04:30	feed_items
1207	317	t	2017-01-11 08:43:03.945-04:30	2017-01-11 08:43:03.945-04:30	feed_items
1208	316	t	2017-01-11 08:43:03.945-04:30	2017-01-11 08:43:03.945-04:30	feed_items
1209	318	t	2017-01-11 08:43:03.96-04:30	2017-01-11 08:43:03.96-04:30	feed_items
1210	321	t	2017-01-11 08:43:03.962-04:30	2017-01-11 08:43:03.962-04:30	feed_items
1211	319	t	2017-01-11 08:43:03.963-04:30	2017-01-11 08:43:03.963-04:30	feed_items
1212	320	t	2017-01-11 08:43:03.963-04:30	2017-01-11 08:43:03.963-04:30	feed_items
1213	322	t	2017-01-11 08:43:03.965-04:30	2017-01-11 08:43:03.965-04:30	feed_items
1214	323	t	2017-01-11 08:43:03.974-04:30	2017-01-11 08:43:03.974-04:30	feed_items
1215	325	t	2017-01-11 08:43:03.975-04:30	2017-01-11 08:43:03.975-04:30	feed_items
1216	324	t	2017-01-11 08:43:03.975-04:30	2017-01-11 08:43:03.975-04:30	feed_items
1217	326	t	2017-01-11 08:43:03.975-04:30	2017-01-11 08:43:03.975-04:30	feed_items
1218	327	t	2017-01-11 08:43:03.99-04:30	2017-01-11 08:43:03.99-04:30	feed_items
1219	328	t	2017-01-11 08:43:04.001-04:30	2017-01-11 08:43:04.001-04:30	feed_items
1220	329	t	2017-01-11 08:43:04.001-04:30	2017-01-11 08:43:04.001-04:30	feed_items
1221	330	t	2017-01-11 08:43:04.008-04:30	2017-01-11 08:43:04.008-04:30	feed_items
1222	331	t	2017-01-11 08:43:04.009-04:30	2017-01-11 08:43:04.009-04:30	feed_items
1223	332	t	2017-01-11 08:43:04.016-04:30	2017-01-11 08:43:04.016-04:30	feed_items
1224	333	t	2017-01-11 08:43:04.019-04:30	2017-01-11 08:43:04.019-04:30	feed_items
1230	339	t	2017-01-11 08:43:04.043-04:30	2017-01-11 08:43:04.043-04:30	feed_items
1235	345	t	2017-01-11 08:43:04.055-04:30	2017-01-11 08:43:04.055-04:30	feed_items
1239	347	t	2017-01-11 08:43:04.066-04:30	2017-01-11 08:43:04.066-04:30	feed_items
1245	354	t	2017-01-11 08:43:04.084-04:30	2017-01-11 08:43:04.084-04:30	feed_items
1250	359	t	2017-01-11 08:43:04.102-04:30	2017-01-11 08:43:04.102-04:30	feed_items
1255	364	t	2017-01-11 08:43:04.117-04:30	2017-01-11 08:43:04.117-04:30	feed_items
1260	369	t	2017-01-11 08:43:04.126-04:30	2017-01-11 08:43:04.126-04:30	feed_items
1265	374	t	2017-01-11 08:43:04.144-04:30	2017-01-11 08:43:04.144-04:30	feed_items
1270	379	t	2017-01-11 08:43:04.157-04:30	2017-01-11 08:43:04.157-04:30	feed_items
1274	383	t	2017-01-11 08:43:04.162-04:30	2017-01-11 08:43:04.162-04:30	feed_items
1280	389	t	2017-01-11 08:43:04.174-04:30	2017-01-11 08:43:04.174-04:30	feed_items
1285	394	t	2017-01-11 08:43:04.183-04:30	2017-01-11 08:43:04.183-04:30	feed_items
1291	400	t	2017-01-11 08:43:04.193-04:30	2017-01-11 08:43:04.193-04:30	feed_items
1296	406	t	2017-01-11 08:43:04.203-04:30	2017-01-11 08:43:04.203-04:30	feed_items
1301	410	t	2017-01-11 08:43:04.21-04:30	2017-01-11 08:43:04.21-04:30	feed_items
1306	415	t	2017-01-11 08:43:04.219-04:30	2017-01-11 08:43:04.219-04:30	feed_items
1311	420	t	2017-01-11 08:43:04.232-04:30	2017-01-11 08:43:04.232-04:30	feed_items
1315	425	t	2017-01-11 08:43:04.254-04:30	2017-01-11 08:43:04.254-04:30	feed_items
1320	428	t	2017-01-11 08:43:04.276-04:30	2017-01-11 08:43:04.276-04:30	feed_items
1325	433	t	2017-01-11 08:43:04.285-04:30	2017-01-11 08:43:04.285-04:30	feed_items
1331	440	t	2017-01-11 08:43:04.302-04:30	2017-01-11 08:43:04.302-04:30	feed_items
1336	445	t	2017-01-11 08:43:04.326-04:30	2017-01-11 08:43:04.326-04:30	feed_items
1341	450	t	2017-01-11 08:43:04.337-04:30	2017-01-11 08:43:04.337-04:30	feed_items
1346	455	t	2017-01-11 08:43:04.344-04:30	2017-01-11 08:43:04.344-04:30	feed_items
1351	459	t	2017-01-11 08:43:04.35-04:30	2017-01-11 08:43:04.35-04:30	feed_items
1356	463	t	2017-01-11 08:43:04.368-04:30	2017-01-11 08:43:04.368-04:30	feed_items
1361	471	t	2017-01-11 08:43:04.382-04:30	2017-01-11 08:43:04.382-04:30	feed_items
1366	475	t	2017-01-11 08:43:04.397-04:30	2017-01-11 08:43:04.397-04:30	feed_items
1373	482	t	2017-01-11 08:43:04.411-04:30	2017-01-11 08:43:04.411-04:30	feed_items
1379	488	t	2017-01-11 08:43:04.423-04:30	2017-01-11 08:43:04.423-04:30	feed_items
1382	491	t	2017-01-11 08:43:04.428-04:30	2017-01-11 08:43:04.428-04:30	feed_items
1225	334	t	2017-01-11 08:43:04.023-04:30	2017-01-11 08:43:04.023-04:30	feed_items
1229	338	t	2017-01-11 08:43:04.043-04:30	2017-01-11 08:43:04.043-04:30	feed_items
1233	342	t	2017-01-11 08:43:04.055-04:30	2017-01-11 08:43:04.055-04:30	feed_items
1240	348	t	2017-01-11 08:43:04.066-04:30	2017-01-11 08:43:04.066-04:30	feed_items
1244	355	t	2017-01-11 08:43:04.083-04:30	2017-01-11 08:43:04.083-04:30	feed_items
1249	358	t	2017-01-11 08:43:04.099-04:30	2017-01-11 08:43:04.099-04:30	feed_items
1254	363	t	2017-01-11 08:43:04.111-04:30	2017-01-11 08:43:04.111-04:30	feed_items
1259	368	t	2017-01-11 08:43:04.124-04:30	2017-01-11 08:43:04.124-04:30	feed_items
1264	372	t	2017-01-11 08:43:04.141-04:30	2017-01-11 08:43:04.141-04:30	feed_items
1269	378	t	2017-01-11 08:43:04.151-04:30	2017-01-11 08:43:04.151-04:30	feed_items
1275	384	t	2017-01-11 08:43:04.165-04:30	2017-01-11 08:43:04.165-04:30	feed_items
1279	388	t	2017-01-11 08:43:04.173-04:30	2017-01-11 08:43:04.173-04:30	feed_items
1284	393	t	2017-01-11 08:43:04.18-04:30	2017-01-11 08:43:04.18-04:30	feed_items
1289	399	t	2017-01-11 08:43:04.191-04:30	2017-01-11 08:43:04.191-04:30	feed_items
1293	402	t	2017-01-11 08:43:04.198-04:30	2017-01-11 08:43:04.198-04:30	feed_items
1298	408	t	2017-01-11 08:43:04.206-04:30	2017-01-11 08:43:04.206-04:30	feed_items
1303	412	t	2017-01-11 08:43:04.214-04:30	2017-01-11 08:43:04.214-04:30	feed_items
1308	418	t	2017-01-11 08:43:04.223-04:30	2017-01-11 08:43:04.223-04:30	feed_items
1313	423	t	2017-01-11 08:43:04.245-04:30	2017-01-11 08:43:04.245-04:30	feed_items
1318	429	t	2017-01-11 08:43:04.276-04:30	2017-01-11 08:43:04.276-04:30	feed_items
1323	432	t	2017-01-11 08:43:04.283-04:30	2017-01-11 08:43:04.283-04:30	feed_items
1328	437	t	2017-01-11 08:43:04.296-04:30	2017-01-11 08:43:04.296-04:30	feed_items
1332	441	t	2017-01-11 08:43:04.303-04:30	2017-01-11 08:43:04.303-04:30	feed_items
1337	446	t	2017-01-11 08:43:04.329-04:30	2017-01-11 08:43:04.329-04:30	feed_items
1342	452	t	2017-01-11 08:43:04.339-04:30	2017-01-11 08:43:04.339-04:30	feed_items
1347	456	t	2017-01-11 08:43:04.345-04:30	2017-01-11 08:43:04.345-04:30	feed_items
1352	461	t	2017-01-11 08:43:04.352-04:30	2017-01-11 08:43:04.352-04:30	feed_items
1357	466	t	2017-01-11 08:43:04.37-04:30	2017-01-11 08:43:04.37-04:30	feed_items
1362	470	t	2017-01-11 08:43:04.382-04:30	2017-01-11 08:43:04.382-04:30	feed_items
1367	476	t	2017-01-11 08:43:04.397-04:30	2017-01-11 08:43:04.397-04:30	feed_items
1372	481	t	2017-01-11 08:43:04.409-04:30	2017-01-11 08:43:04.409-04:30	feed_items
1378	487	t	2017-01-11 08:43:04.422-04:30	2017-01-11 08:43:04.422-04:30	feed_items
1385	494	t	2017-01-11 08:43:04.432-04:30	2017-01-11 08:43:04.432-04:30	feed_items
1226	335	t	2017-01-11 08:43:04.027-04:30	2017-01-11 08:43:04.027-04:30	feed_items
1231	341	t	2017-01-11 08:43:04.043-04:30	2017-01-11 08:43:04.043-04:30	feed_items
1236	343	t	2017-01-11 08:43:04.055-04:30	2017-01-11 08:43:04.055-04:30	feed_items
1241	350	t	2017-01-11 08:43:04.074-04:30	2017-01-11 08:43:04.074-04:30	feed_items
1246	353	t	2017-01-11 08:43:04.084-04:30	2017-01-11 08:43:04.084-04:30	feed_items
1251	360	t	2017-01-11 08:43:04.105-04:30	2017-01-11 08:43:04.105-04:30	feed_items
1256	365	t	2017-01-11 08:43:04.119-04:30	2017-01-11 08:43:04.119-04:30	feed_items
1261	370	t	2017-01-11 08:43:04.127-04:30	2017-01-11 08:43:04.127-04:30	feed_items
1266	375	t	2017-01-11 08:43:04.146-04:30	2017-01-11 08:43:04.146-04:30	feed_items
1271	380	t	2017-01-11 08:43:04.159-04:30	2017-01-11 08:43:04.159-04:30	feed_items
1276	385	t	2017-01-11 08:43:04.167-04:30	2017-01-11 08:43:04.167-04:30	feed_items
1281	390	t	2017-01-11 08:43:04.176-04:30	2017-01-11 08:43:04.176-04:30	feed_items
1286	395	t	2017-01-11 08:43:04.185-04:30	2017-01-11 08:43:04.185-04:30	feed_items
1288	397	t	2017-01-11 08:43:04.188-04:30	2017-01-11 08:43:04.188-04:30	feed_items
1294	403	t	2017-01-11 08:43:04.199-04:30	2017-01-11 08:43:04.199-04:30	feed_items
1299	407	t	2017-01-11 08:43:04.206-04:30	2017-01-11 08:43:04.206-04:30	feed_items
1304	413	t	2017-01-11 08:43:04.216-04:30	2017-01-11 08:43:04.216-04:30	feed_items
1309	417	t	2017-01-11 08:43:04.223-04:30	2017-01-11 08:43:04.223-04:30	feed_items
1314	422	t	2017-01-11 08:43:04.245-04:30	2017-01-11 08:43:04.245-04:30	feed_items
1319	427	t	2017-01-11 08:43:04.276-04:30	2017-01-11 08:43:04.276-04:30	feed_items
1324	434	t	2017-01-11 08:43:04.285-04:30	2017-01-11 08:43:04.285-04:30	feed_items
1329	438	t	2017-01-11 08:43:04.298-04:30	2017-01-11 08:43:04.298-04:30	feed_items
1334	443	t	2017-01-11 08:43:04.324-04:30	2017-01-11 08:43:04.324-04:30	feed_items
1339	447	t	2017-01-11 08:43:04.332-04:30	2017-01-11 08:43:04.332-04:30	feed_items
1344	453	t	2017-01-11 08:43:04.341-04:30	2017-01-11 08:43:04.341-04:30	feed_items
1349	458	t	2017-01-11 08:43:04.347-04:30	2017-01-11 08:43:04.347-04:30	feed_items
1354	465	t	2017-01-11 08:43:04.362-04:30	2017-01-11 08:43:04.362-04:30	feed_items
1359	468	t	2017-01-11 08:43:04.379-04:30	2017-01-11 08:43:04.379-04:30	feed_items
1364	474	t	2017-01-11 08:43:04.394-04:30	2017-01-11 08:43:04.394-04:30	feed_items
1369	478	t	2017-01-11 08:43:04.405-04:30	2017-01-11 08:43:04.405-04:30	feed_items
1375	484	t	2017-01-11 08:43:04.415-04:30	2017-01-11 08:43:04.415-04:30	feed_items
1377	486	t	2017-01-11 08:43:04.42-04:30	2017-01-11 08:43:04.42-04:30	feed_items
1384	493	t	2017-01-11 08:43:04.431-04:30	2017-01-11 08:43:04.431-04:30	feed_items
1227	336	t	2017-01-11 08:43:04.027-04:30	2017-01-11 08:43:04.027-04:30	feed_items
1232	340	t	2017-01-11 08:43:04.043-04:30	2017-01-11 08:43:04.043-04:30	feed_items
1237	346	t	2017-01-11 08:43:04.06-04:30	2017-01-11 08:43:04.06-04:30	feed_items
1242	351	t	2017-01-11 08:43:04.077-04:30	2017-01-11 08:43:04.077-04:30	feed_items
1247	356	t	2017-01-11 08:43:04.095-04:30	2017-01-11 08:43:04.095-04:30	feed_items
1252	362	t	2017-01-11 08:43:04.107-04:30	2017-01-11 08:43:04.107-04:30	feed_items
1257	366	t	2017-01-11 08:43:04.12-04:30	2017-01-11 08:43:04.12-04:30	feed_items
1262	371	t	2017-01-11 08:43:04.13-04:30	2017-01-11 08:43:04.13-04:30	feed_items
1267	376	t	2017-01-11 08:43:04.148-04:30	2017-01-11 08:43:04.148-04:30	feed_items
1272	382	t	2017-01-11 08:43:04.16-04:30	2017-01-11 08:43:04.16-04:30	feed_items
1277	386	t	2017-01-11 08:43:04.17-04:30	2017-01-11 08:43:04.17-04:30	feed_items
1282	391	t	2017-01-11 08:43:04.178-04:30	2017-01-11 08:43:04.178-04:30	feed_items
1287	396	t	2017-01-11 08:43:04.186-04:30	2017-01-11 08:43:04.186-04:30	feed_items
1292	401	t	2017-01-11 08:43:04.196-04:30	2017-01-11 08:43:04.196-04:30	feed_items
1297	405	t	2017-01-11 08:43:04.204-04:30	2017-01-11 08:43:04.204-04:30	feed_items
1302	411	t	2017-01-11 08:43:04.212-04:30	2017-01-11 08:43:04.212-04:30	feed_items
1307	416	t	2017-01-11 08:43:04.221-04:30	2017-01-11 08:43:04.221-04:30	feed_items
1312	421	t	2017-01-11 08:43:04.238-04:30	2017-01-11 08:43:04.238-04:30	feed_items
1317	426	t	2017-01-11 08:43:04.257-04:30	2017-01-11 08:43:04.257-04:30	feed_items
1322	431	t	2017-01-11 08:43:04.282-04:30	2017-01-11 08:43:04.282-04:30	feed_items
1327	436	t	2017-01-11 08:43:04.295-04:30	2017-01-11 08:43:04.295-04:30	feed_items
1333	442	t	2017-01-11 08:43:04.304-04:30	2017-01-11 08:43:04.304-04:30	feed_items
1338	448	t	2017-01-11 08:43:04.332-04:30	2017-01-11 08:43:04.332-04:30	feed_items
1343	451	t	2017-01-11 08:43:04.339-04:30	2017-01-11 08:43:04.339-04:30	feed_items
1348	457	t	2017-01-11 08:43:04.347-04:30	2017-01-11 08:43:04.347-04:30	feed_items
1353	462	t	2017-01-11 08:43:04.36-04:30	2017-01-11 08:43:04.36-04:30	feed_items
1358	467	t	2017-01-11 08:43:04.375-04:30	2017-01-11 08:43:04.375-04:30	feed_items
1363	472	t	2017-01-11 08:43:04.394-04:30	2017-01-11 08:43:04.394-04:30	feed_items
1368	477	t	2017-01-11 08:43:04.403-04:30	2017-01-11 08:43:04.403-04:30	feed_items
1371	480	t	2017-01-11 08:43:04.407-04:30	2017-01-11 08:43:04.407-04:30	feed_items
1376	485	t	2017-01-11 08:43:04.415-04:30	2017-01-11 08:43:04.415-04:30	feed_items
1381	490	t	2017-01-11 08:43:04.426-04:30	2017-01-11 08:43:04.426-04:30	feed_items
1228	337	t	2017-01-11 08:43:04.034-04:30	2017-01-11 08:43:04.034-04:30	feed_items
1234	344	t	2017-01-11 08:43:04.055-04:30	2017-01-11 08:43:04.055-04:30	feed_items
1238	349	t	2017-01-11 08:43:04.066-04:30	2017-01-11 08:43:04.066-04:30	feed_items
1243	352	t	2017-01-11 08:43:04.08-04:30	2017-01-11 08:43:04.08-04:30	feed_items
1248	357	t	2017-01-11 08:43:04.097-04:30	2017-01-11 08:43:04.097-04:30	feed_items
1253	361	t	2017-01-11 08:43:04.109-04:30	2017-01-11 08:43:04.109-04:30	feed_items
1258	367	t	2017-01-11 08:43:04.122-04:30	2017-01-11 08:43:04.122-04:30	feed_items
1263	373	t	2017-01-11 08:43:04.141-04:30	2017-01-11 08:43:04.141-04:30	feed_items
1268	377	t	2017-01-11 08:43:04.149-04:30	2017-01-11 08:43:04.149-04:30	feed_items
1273	381	t	2017-01-11 08:43:04.16-04:30	2017-01-11 08:43:04.16-04:30	feed_items
1278	387	t	2017-01-11 08:43:04.17-04:30	2017-01-11 08:43:04.17-04:30	feed_items
1283	392	t	2017-01-11 08:43:04.18-04:30	2017-01-11 08:43:04.18-04:30	feed_items
1290	398	t	2017-01-11 08:43:04.191-04:30	2017-01-11 08:43:04.191-04:30	feed_items
1295	404	t	2017-01-11 08:43:04.201-04:30	2017-01-11 08:43:04.201-04:30	feed_items
1300	409	t	2017-01-11 08:43:04.208-04:30	2017-01-11 08:43:04.208-04:30	feed_items
1305	414	t	2017-01-11 08:43:04.217-04:30	2017-01-11 08:43:04.217-04:30	feed_items
1310	419	t	2017-01-11 08:43:04.23-04:30	2017-01-11 08:43:04.23-04:30	feed_items
1316	424	t	2017-01-11 08:43:04.249-04:30	2017-01-11 08:43:04.249-04:30	feed_items
1321	430	t	2017-01-11 08:43:04.276-04:30	2017-01-11 08:43:04.276-04:30	feed_items
1326	435	t	2017-01-11 08:43:04.293-04:30	2017-01-11 08:43:04.293-04:30	feed_items
1330	439	t	2017-01-11 08:43:04.298-04:30	2017-01-11 08:43:04.298-04:30	feed_items
1335	444	t	2017-01-11 08:43:04.324-04:30	2017-01-11 08:43:04.324-04:30	feed_items
1340	449	t	2017-01-11 08:43:04.334-04:30	2017-01-11 08:43:04.334-04:30	feed_items
1345	454	t	2017-01-11 08:43:04.343-04:30	2017-01-11 08:43:04.343-04:30	feed_items
1350	460	t	2017-01-11 08:43:04.35-04:30	2017-01-11 08:43:04.35-04:30	feed_items
1355	464	t	2017-01-11 08:43:04.368-04:30	2017-01-11 08:43:04.368-04:30	feed_items
1360	469	t	2017-01-11 08:43:04.379-04:30	2017-01-11 08:43:04.379-04:30	feed_items
1365	473	t	2017-01-11 08:43:04.395-04:30	2017-01-11 08:43:04.395-04:30	feed_items
1370	479	t	2017-01-11 08:43:04.405-04:30	2017-01-11 08:43:04.405-04:30	feed_items
1374	483	t	2017-01-11 08:43:04.412-04:30	2017-01-11 08:43:04.412-04:30	feed_items
1380	489	t	2017-01-11 08:43:04.424-04:30	2017-01-11 08:43:04.424-04:30	feed_items
1383	492	t	2017-01-11 08:43:04.429-04:30	2017-01-11 08:43:04.429-04:30	feed_items
1386	832	t	2017-01-19 14:37:37.224-04:30	2017-01-19 14:37:37.224-04:30	players
1387	19	t	2017-01-30 13:42:30.639-04:30	2017-01-30 13:42:30.639-04:30	matches
1388	20	t	2017-01-30 13:42:30.64-04:30	2017-01-30 13:42:30.64-04:30	matches
1389	21	t	2017-01-30 13:42:30.703-04:30	2017-01-30 13:42:30.703-04:30	matches
1390	22	t	2017-01-30 13:42:30.705-04:30	2017-01-30 13:42:30.705-04:30	matches
1391	23	t	2017-01-30 13:42:30.746-04:30	2017-01-30 13:42:30.746-04:30	matches
1392	24	t	2017-01-30 13:42:30.751-04:30	2017-01-30 13:42:30.751-04:30	matches
1393	25	t	2017-01-30 13:42:30.761-04:30	2017-01-30 13:42:30.761-04:30	matches
1394	26	t	2017-01-30 13:42:30.793-04:30	2017-01-30 13:42:30.793-04:30	matches
1395	38	t	2017-02-04 17:51:43.32-04:30	2017-02-04 17:51:43.32-04:30	users
1397	31	t	2017-02-21 14:28:13.699-04:30	2017-02-21 14:28:13.699-04:30	teams
1471	77	t	2017-03-09 11:30:16.929-04:30	2017-03-09 11:30:16.929-04:30	clubs
1472	65	t	2017-03-09 11:30:16.991-04:30	2017-03-09 11:30:16.991-04:30	teams
1473	78	t	2017-03-09 11:39:23.099-04:30	2017-03-09 11:39:23.099-04:30	clubs
1474	66	t	2017-03-09 11:39:23.151-04:30	2017-03-09 11:39:23.151-04:30	teams
1493	67	t	2017-03-15 16:43:05.616-04:30	2017-03-15 16:43:05.616-04:30	teams
1503	833	t	2017-03-20 10:15:22.836-04:30	2017-03-20 10:15:22.836-04:30	players
1504	834	t	2017-03-20 10:16:20.263-04:30	2017-03-20 10:16:20.263-04:30	players
1514	40	t	2017-03-22 11:35:19.912-04:30	2017-03-22 11:35:19.912-04:30	users
1515	79	t	2017-03-22 11:40:53.861-04:30	2017-03-22 11:40:53.861-04:30	clubs
1516	68	t	2017-03-22 11:40:53.959-04:30	2017-03-22 11:40:53.959-04:30	teams
1517	80	t	2017-03-22 13:05:20.959-04:30	2017-03-22 13:05:20.959-04:30	clubs
1518	81	t	2017-03-22 13:54:09.92-04:30	2017-03-22 13:54:09.92-04:30	clubs
1519	69	t	2017-03-22 13:54:10.087-04:30	2017-03-22 13:54:10.087-04:30	teams
1520	82	t	2017-03-22 13:56:17.743-04:30	2017-03-22 13:56:17.743-04:30	clubs
1521	70	t	2017-03-22 13:56:17.822-04:30	2017-03-22 13:56:17.822-04:30	teams
1522	83	t	2017-03-22 14:05:51.841-04:30	2017-03-22 14:05:51.841-04:30	clubs
1523	71	t	2017-03-22 14:05:51.96-04:30	2017-03-22 14:05:51.96-04:30	teams
1524	84	t	2017-03-22 14:19:58.989-04:30	2017-03-22 14:19:58.989-04:30	clubs
1525	72	t	2017-03-22 14:19:59.048-04:30	2017-03-22 14:19:59.048-04:30	teams
1526	85	t	2017-03-22 14:23:32.729-04:30	2017-03-22 14:23:32.729-04:30	clubs
1527	73	t	2017-03-22 14:23:32.776-04:30	2017-03-22 14:23:32.776-04:30	teams
1528	86	t	2017-03-22 14:52:12.217-04:30	2017-03-22 14:52:12.217-04:30	clubs
1529	88	t	2017-03-22 15:14:23.082-04:30	2017-03-22 15:14:23.082-04:30	clubs
1530	90	t	2017-03-22 15:27:56.15-04:30	2017-03-22 15:27:56.15-04:30	clubs
1531	91	t	2017-03-22 15:29:10.165-04:30	2017-03-22 15:29:10.165-04:30	clubs
1532	92	t	2017-03-22 15:34:23.098-04:30	2017-03-22 15:34:23.098-04:30	clubs
1533	93	t	2017-03-22 15:40:27.854-04:30	2017-03-22 15:40:27.854-04:30	clubs
1534	74	t	2017-03-22 15:40:28.002-04:30	2017-03-22 15:40:28.002-04:30	teams
1536	75	t	2017-03-22 16:11:34.946-04:30	2017-03-22 16:11:34.946-04:30	teams
1537	76	t	2017-03-22 16:13:24.223-04:30	2017-03-22 16:13:24.223-04:30	teams
1538	77	t	2017-03-22 16:13:53.005-04:30	2017-03-22 16:13:53.005-04:30	teams
1539	835	t	2017-03-22 16:49:48.545-04:30	2017-03-22 16:49:48.545-04:30	players
1541	94	t	2017-03-22 17:36:45.04-04:30	2017-03-22 17:36:45.04-04:30	clubs
1542	78	t	2017-03-22 17:36:45.108-04:30	2017-03-22 17:36:45.108-04:30	teams
1543	95	t	2017-03-22 17:37:53.032-04:30	2017-03-22 17:37:53.032-04:30	clubs
1544	96	t	2017-03-22 17:44:34.518-04:30	2017-03-22 17:44:34.518-04:30	clubs
1545	97	t	2017-03-22 17:45:19.741-04:30	2017-03-22 17:45:19.741-04:30	clubs
1546	98	t	2017-03-22 17:47:06.026-04:30	2017-03-22 17:47:06.026-04:30	clubs
1547	79	t	2017-03-22 17:47:06.106-04:30	2017-03-22 17:47:06.106-04:30	teams
1548	80	t	2017-03-22 17:49:04.681-04:30	2017-03-22 17:49:04.681-04:30	teams
1550	836	t	2017-03-22 17:55:41.173-04:30	2017-03-22 17:55:41.173-04:30	players
1551	837	t	2017-03-22 17:57:35.697-04:30	2017-03-22 17:57:35.697-04:30	players
1552	838	t	2017-03-23 14:02:45.762-04:30	2017-03-23 14:02:45.762-04:30	players
1553	839	t	2017-03-23 14:10:06.608-04:30	2017-03-23 14:10:06.608-04:30	players
1554	840	t	2017-03-23 14:19:09.05-04:30	2017-03-23 14:19:09.05-04:30	players
1555	841	t	2017-03-23 15:12:09.694-04:30	2017-03-23 15:12:09.694-04:30	players
1556	842	t	2017-03-23 15:16:59.569-04:30	2017-03-23 15:16:59.569-04:30	players
1557	843	t	2017-03-23 15:16:59.754-04:30	2017-03-23 15:16:59.754-04:30	players
1558	844	t	2017-03-23 15:21:31.713-04:30	2017-03-23 15:21:31.713-04:30	players
1559	845	t	2017-03-23 15:23:02.012-04:30	2017-03-23 15:23:02.012-04:30	players
1560	846	t	2017-03-24 11:33:59.583-04:30	2017-03-24 11:33:59.583-04:30	players
1562	847	t	2017-03-24 14:26:04.715-04:30	2017-03-24 14:26:04.715-04:30	players
1561	851	t	2017-03-24 14:26:04.65-04:30	2017-03-24 14:26:04.65-04:30	players
1563	850	t	2017-03-24 14:26:04.716-04:30	2017-03-24 14:26:04.716-04:30	players
1564	849	t	2017-03-24 14:26:04.717-04:30	2017-03-24 14:26:04.717-04:30	players
1565	848	t	2017-03-24 14:26:04.717-04:30	2017-03-24 14:26:04.717-04:30	players
1566	852	t	2017-03-24 14:26:04.759-04:30	2017-03-24 14:26:04.759-04:30	players
1568	7	t	2017-03-31 07:45:47.559-04:30	2017-03-31 07:45:47.559-04:30	events_calendars
\.


--
-- Name: entities_id_seq; Type: SEQUENCE SET; Schema: public; Owner: postgres
--

SELECT pg_catalog.setval('entities_id_seq', 1568, true);


--
-- Data for Name: entities_relationships; Type: TABLE DATA; Schema: public; Owner: postgres
--

COPY entities_relationships (id, ent_ref_from_id, ent_ref_to_id, relationship_type_id, comment, active, created_at, updated_at) FROM stdin;
1	2	3	1	OWNER	t	2016-11-18 17:25:03.241-04:30	2016-11-18 17:25:03.241-04:30
2	15	16	1	OWNER	t	2016-11-23 23:31:19.242-04:30	2016-11-23 23:31:19.242-04:30
3	15	17	1	OWNER	t	2016-11-24 01:28:34.467-04:30	2016-11-24 01:28:34.467-04:30
4	18	19	1	OWNER	t	2016-11-24 01:56:06.366-04:30	2016-11-24 01:56:06.366-04:30
5	5	20	1	OWNER	t	2016-11-24 11:24:22.745-04:30	2016-11-24 11:24:22.745-04:30
6	5	21	1	OWNER	t	2016-11-24 11:25:18.284-04:30	2016-11-24 11:25:18.284-04:30
7	5	22	1	OWNER	t	2016-11-24 11:26:30.97-04:30	2016-11-24 11:26:30.97-04:30
8	23	24	1	OWNER	t	2016-11-24 14:10:06.237-04:30	2016-11-24 14:10:06.237-04:30
9	2	25	1	OWNER	t	2016-11-24 17:04:05.378-04:30	2016-11-24 17:04:05.378-04:30
10	26	27	1	OWNER	t	2016-11-25 15:15:59.824-04:30	2016-11-25 15:15:59.824-04:30
11	28	29	1	OWNER	t	2016-11-25 15:26:12.092-04:30	2016-11-25 15:26:12.092-04:30
12	28	30	1	OWNER	t	2016-11-25 15:40:15.917-04:30	2016-11-25 15:40:15.917-04:30
13	28	31	1	OWNER	t	2016-11-25 15:41:16.525-04:30	2016-11-25 15:41:16.525-04:30
14	18	32	1	OWNER	t	2016-11-25 21:03:47.199-04:30	2016-11-25 21:03:47.199-04:30
15	18	33	1	OWNER	t	2016-11-26 02:24:21.948-04:30	2016-11-26 02:24:21.948-04:30
16	15	34	1	OWNER	t	2016-11-28 10:55:30.531-04:30	2016-11-28 10:55:30.531-04:30
17	23	35	1	OWNER	t	2016-11-28 11:36:57.998-04:30	2016-11-28 11:36:57.998-04:30
18	23	36	1	OWNER	t	2016-11-28 11:41:14.107-04:30	2016-11-28 11:41:14.107-04:30
19	15	37	1	OWNER	t	2016-11-28 11:53:08.719-04:30	2016-11-28 11:53:08.719-04:30
20	40	41	1	OWNER	t	2016-12-26 14:40:57.025-04:30	2016-12-26 14:40:57.025-04:30
21	40	42	1	OWNER	t	2016-12-26 14:42:27.644-04:30	2016-12-26 14:42:27.644-04:30
22	40	43	1	OWNER	t	2016-12-26 14:43:17.639-04:30	2016-12-26 14:43:17.639-04:30
23	40	44	1	OWNER	t	2016-12-26 14:43:49.625-04:30	2016-12-26 14:43:49.625-04:30
24	40	45	1	OWNER	t	2016-12-26 14:44:19.007-04:30	2016-12-26 14:44:19.007-04:30
25	40	46	1	OWNER	t	2016-12-26 14:44:19.343-04:30	2016-12-26 14:44:19.343-04:30
26	40	47	1	OWNER	t	2016-12-26 14:44:57.575-04:30	2016-12-26 14:44:57.575-04:30
27	40	48	1	OWNER	t	2016-12-26 14:45:30.472-04:30	2016-12-26 14:45:30.472-04:30
28	40	67	1	OWNER	t	2016-12-26 14:46:10.154-04:30	2016-12-26 14:46:10.154-04:30
29	269	270	1	OWNER	t	2016-12-27 12:25:33.699-04:30	2016-12-27 12:25:33.699-04:30
1325	1185	47	3	FEED ITEM OF teams 47	t	2017-01-11 08:43:04.437-04:30	2017-01-11 08:43:04.437-04:30
1330	1186	64	3	FEED ITEM OF matches 64	t	2017-01-11 08:43:04.441-04:30	2017-01-11 08:43:04.441-04:30
1335	1188	67	3	FEED ITEM OF teams 67	t	2017-01-11 08:43:04.446-04:30	2017-01-11 08:43:04.446-04:30
1340	1187	67	3	FEED ITEM OF teams 67	t	2017-01-11 08:43:04.447-04:30	2017-01-11 08:43:04.447-04:30
1345	1189	64	3	FEED ITEM OF matches 64	t	2017-01-11 08:43:04.453-04:30	2017-01-11 08:43:04.453-04:30
1350	1190	48	3	FEED ITEM OF teams 48	t	2017-01-11 08:43:04.458-04:30	2017-01-11 08:43:04.458-04:30
1355	1191	47	3	FEED ITEM OF teams 47	t	2017-01-11 08:43:04.489-04:30	2017-01-11 08:43:04.489-04:30
1360	1192	47	3	FEED ITEM OF teams 47	t	2017-01-11 08:43:04.49-04:30	2017-01-11 08:43:04.49-04:30
1365	1192	1171	3	FEED ITEM OF events 1171	t	2017-01-11 08:43:04.491-04:30	2017-01-11 08:43:04.491-04:30
1370	1193	287	3	FEED ITEM OF players 287	t	2017-01-11 08:43:04.497-04:30	2017-01-11 08:43:04.497-04:30
1375	1194	173	3	FEED ITEM OF players 173	t	2017-01-11 08:43:04.503-04:30	2017-01-11 08:43:04.503-04:30
1380	1195	174	3	FEED ITEM OF players 174	t	2017-01-11 08:43:04.504-04:30	2017-01-11 08:43:04.504-04:30
1385	1196	63	3	FEED ITEM OF matches 63	t	2017-01-11 08:43:04.511-04:30	2017-01-11 08:43:04.511-04:30
1390	1197	48	3	FEED ITEM OF teams 48	t	2017-01-11 08:43:04.512-04:30	2017-01-11 08:43:04.512-04:30
1395	1198	47	3	FEED ITEM OF teams 47	t	2017-01-11 08:43:04.52-04:30	2017-01-11 08:43:04.52-04:30
1400	1198	1171	3	FEED ITEM OF events 1171	t	2017-01-11 08:43:04.521-04:30	2017-01-11 08:43:04.521-04:30
1405	1199	159	3	FEED ITEM OF players 159	t	2017-01-11 08:43:04.526-04:30	2017-01-11 08:43:04.526-04:30
1410	1200	145	3	FEED ITEM OF players 145	t	2017-01-11 08:43:04.531-04:30	2017-01-11 08:43:04.531-04:30
1415	1201	63	3	FEED ITEM OF matches 63	t	2017-01-11 08:43:04.537-04:30	2017-01-11 08:43:04.537-04:30
1420	1202	143	3	FEED ITEM OF players 143	t	2017-01-11 08:43:04.538-04:30	2017-01-11 08:43:04.538-04:30
1425	1203	160	3	FEED ITEM OF players 160	t	2017-01-11 08:43:04.546-04:30	2017-01-11 08:43:04.546-04:30
1430	1204	67	3	FEED ITEM OF teams 67	t	2017-01-11 08:43:04.554-04:30	2017-01-11 08:43:04.554-04:30
1435	1205	64	3	FEED ITEM OF matches 64	t	2017-01-11 08:43:04.563-04:30	2017-01-11 08:43:04.563-04:30
1441	1206	45	3	FEED ITEM OF teams 45	t	2017-01-11 08:43:04.564-04:30	2017-01-11 08:43:04.564-04:30
1445	1206	1171	3	FEED ITEM OF events 1171	t	2017-01-11 08:43:04.565-04:30	2017-01-11 08:43:04.565-04:30
1450	1207	319	3	FEED ITEM OF players 319	t	2017-01-11 08:43:04.573-04:30	2017-01-11 08:43:04.573-04:30
1455	1208	77	3	FEED ITEM OF players 77	t	2017-01-11 08:43:04.577-04:30	2017-01-11 08:43:04.577-04:30
1460	1209	67	3	FEED ITEM OF teams 67	t	2017-01-11 08:43:04.582-04:30	2017-01-11 08:43:04.582-04:30
1465	1211	64	3	FEED ITEM OF matches 64	t	2017-01-11 08:43:04.59-04:30	2017-01-11 08:43:04.59-04:30
1470	1210	45	3	FEED ITEM OF teams 45	t	2017-01-11 08:43:04.591-04:30	2017-01-11 08:43:04.591-04:30
1475	1212	45	3	FEED ITEM OF teams 45	t	2017-01-11 08:43:04.598-04:30	2017-01-11 08:43:04.598-04:30
1480	1213	45	3	FEED ITEM OF teams 45	t	2017-01-11 08:43:04.602-04:30	2017-01-11 08:43:04.602-04:30
1485	1213	1171	3	FEED ITEM OF events 1171	t	2017-01-11 08:43:04.603-04:30	2017-01-11 08:43:04.603-04:30
1490	1215	45	3	FEED ITEM OF teams 45	t	2017-01-11 08:43:04.615-04:30	2017-01-11 08:43:04.615-04:30
1495	1216	45	3	FEED ITEM OF teams 45	t	2017-01-11 08:43:04.622-04:30	2017-01-11 08:43:04.622-04:30
1500	1217	43	3	FEED ITEM OF teams 43	t	2017-01-11 08:43:04.626-04:30	2017-01-11 08:43:04.626-04:30
1505	1218	43	3	FEED ITEM OF teams 43	t	2017-01-11 08:43:04.635-04:30	2017-01-11 08:43:04.635-04:30
1510	1219	42	3	FEED ITEM OF teams 42	t	2017-01-11 08:43:04.637-04:30	2017-01-11 08:43:04.637-04:30
1513	1219	1171	3	FEED ITEM OF events 1171	t	2017-01-11 08:43:04.638-04:30	2017-01-11 08:43:04.638-04:30
1516	1220	42	3	FEED ITEM OF teams 42	t	2017-01-11 08:43:04.638-04:30	2017-01-11 08:43:04.638-04:30
1521	1220	1171	3	FEED ITEM OF events 1171	t	2017-01-11 08:43:04.639-04:30	2017-01-11 08:43:04.639-04:30
1526	1221	113	3	FEED ITEM OF players 113	t	2017-01-11 08:43:04.646-04:30	2017-01-11 08:43:04.646-04:30
1531	1222	222	3	FEED ITEM OF players 222	t	2017-01-11 08:43:04.65-04:30	2017-01-11 08:43:04.65-04:30
1536	1223	57	3	FEED ITEM OF matches 57	t	2017-01-11 08:43:04.665-04:30	2017-01-11 08:43:04.665-04:30
1541	1225	57	3	FEED ITEM OF matches 57	t	2017-01-11 08:43:04.667-04:30	2017-01-11 08:43:04.667-04:30
1546	1224	43	3	FEED ITEM OF teams 43	t	2017-01-11 08:43:04.668-04:30	2017-01-11 08:43:04.668-04:30
1551	1226	43	3	FEED ITEM OF teams 43	t	2017-01-11 08:43:04.676-04:30	2017-01-11 08:43:04.676-04:30
1556	1227	42	3	FEED ITEM OF teams 42	t	2017-01-11 08:43:04.684-04:30	2017-01-11 08:43:04.684-04:30
1561	1227	1171	3	FEED ITEM OF events 1171	t	2017-01-11 08:43:04.685-04:30	2017-01-11 08:43:04.685-04:30
1566	1229	235	3	FEED ITEM OF players 235	t	2017-01-11 08:43:04.699-04:30	2017-01-11 08:43:04.699-04:30
1571	1228	221	3	FEED ITEM OF players 221	t	2017-01-11 08:43:04.7-04:30	2017-01-11 08:43:04.7-04:30
1576	1230	57	3	FEED ITEM OF matches 57	t	2017-01-11 08:43:04.701-04:30	2017-01-11 08:43:04.701-04:30
1581	1231	57	3	FEED ITEM OF matches 57	t	2017-01-11 08:43:04.703-04:30	2017-01-11 08:43:04.703-04:30
1586	1232	458	3	FEED ITEM OF players 458	t	2017-01-11 08:43:04.718-04:30	2017-01-11 08:43:04.718-04:30
1592	1234	1169	3	FEED ITEM OF events 1169	t	2017-01-11 08:43:04.728-04:30	2017-01-11 08:43:04.728-04:30
1326	1185	48	3	FEED ITEM OF teams 48	t	2017-01-11 08:43:04.437-04:30	2017-01-11 08:43:04.437-04:30
1332	1186	1173	3	FEED ITEM OF events 1173	t	2017-01-11 08:43:04.441-04:30	2017-01-11 08:43:04.441-04:30
1337	1188	1169	3	FEED ITEM OF events 1169	t	2017-01-11 08:43:04.446-04:30	2017-01-11 08:43:04.446-04:30
1342	1187	207	3	FEED ITEM OF players 207	t	2017-01-11 08:43:04.448-04:30	2017-01-11 08:43:04.448-04:30
1347	1189	79	3	FEED ITEM OF players 79	t	2017-01-11 08:43:04.453-04:30	2017-01-11 08:43:04.453-04:30
1352	1190	176	3	FEED ITEM OF players 176	t	2017-01-11 08:43:04.458-04:30	2017-01-11 08:43:04.458-04:30
1357	1191	63	3	FEED ITEM OF matches 63	t	2017-01-11 08:43:04.489-04:30	2017-01-11 08:43:04.489-04:30
1362	1192	63	3	FEED ITEM OF matches 63	t	2017-01-11 08:43:04.49-04:30	2017-01-11 08:43:04.49-04:30
1366	1193	47	3	FEED ITEM OF teams 47	t	2017-01-11 08:43:04.496-04:30	2017-01-11 08:43:04.496-04:30
1371	1193	1171	3	FEED ITEM OF events 1171	t	2017-01-11 08:43:04.497-04:30	2017-01-11 08:43:04.497-04:30
1376	1194	1169	3	FEED ITEM OF events 1169	t	2017-01-11 08:43:04.503-04:30	2017-01-11 08:43:04.503-04:30
1381	1195	273	3	FEED ITEM OF players 273	t	2017-01-11 08:43:04.504-04:30	2017-01-11 08:43:04.504-04:30
1386	1196	183	3	FEED ITEM OF players 183	t	2017-01-11 08:43:04.511-04:30	2017-01-11 08:43:04.511-04:30
1391	1197	63	3	FEED ITEM OF matches 63	t	2017-01-11 08:43:04.512-04:30	2017-01-11 08:43:04.512-04:30
1396	1198	48	3	FEED ITEM OF teams 48	t	2017-01-11 08:43:04.52-04:30	2017-01-11 08:43:04.52-04:30
1401	1199	47	3	FEED ITEM OF teams 47	t	2017-01-11 08:43:04.525-04:30	2017-01-11 08:43:04.525-04:30
1406	1199	1171	3	FEED ITEM OF events 1171	t	2017-01-11 08:43:04.526-04:30	2017-01-11 08:43:04.526-04:30
1411	1200	153	3	FEED ITEM OF players 153	t	2017-01-11 08:43:04.531-04:30	2017-01-11 08:43:04.531-04:30
1417	1202	47	3	FEED ITEM OF teams 47	t	2017-01-11 08:43:04.537-04:30	2017-01-11 08:43:04.537-04:30
1422	1203	47	3	FEED ITEM OF teams 47	t	2017-01-11 08:43:04.545-04:30	2017-01-11 08:43:04.545-04:30
1427	1203	1171	3	FEED ITEM OF events 1171	t	2017-01-11 08:43:04.546-04:30	2017-01-11 08:43:04.546-04:30
1432	1204	209	3	FEED ITEM OF players 209	t	2017-01-11 08:43:04.554-04:30	2017-01-11 08:43:04.554-04:30
1437	1205	201	3	FEED ITEM OF players 201	t	2017-01-11 08:43:04.564-04:30	2017-01-11 08:43:04.564-04:30
1440	1206	67	3	FEED ITEM OF teams 67	t	2017-01-11 08:43:04.565-04:30	2017-01-11 08:43:04.565-04:30
1444	1206	208	3	FEED ITEM OF players 208	t	2017-01-11 08:43:04.565-04:30	2017-01-11 08:43:04.565-04:30
1449	1207	68	3	FEED ITEM OF players 68	t	2017-01-11 08:43:04.573-04:30	2017-01-11 08:43:04.573-04:30
1454	1208	67	3	FEED ITEM OF teams 67	t	2017-01-11 08:43:04.577-04:30	2017-01-11 08:43:04.577-04:30
1459	1209	64	3	FEED ITEM OF matches 64	t	2017-01-11 08:43:04.582-04:30	2017-01-11 08:43:04.582-04:30
1464	1211	45	3	FEED ITEM OF teams 45	t	2017-01-11 08:43:04.589-04:30	2017-01-11 08:43:04.589-04:30
1469	1211	1171	3	FEED ITEM OF events 1171	t	2017-01-11 08:43:04.591-04:30	2017-01-11 08:43:04.591-04:30
1474	1210	1169	3	FEED ITEM OF events 1169	t	2017-01-11 08:43:04.592-04:30	2017-01-11 08:43:04.592-04:30
1479	1212	1169	3	FEED ITEM OF events 1169	t	2017-01-11 08:43:04.599-04:30	2017-01-11 08:43:04.599-04:30
1484	1213	318	3	FEED ITEM OF players 318	t	2017-01-11 08:43:04.603-04:30	2017-01-11 08:43:04.603-04:30
1488	1214	57	3	FEED ITEM OF matches 57	t	2017-01-11 08:43:04.614-04:30	2017-01-11 08:43:04.614-04:30
1493	1215	206	3	FEED ITEM OF players 206	t	2017-01-11 08:43:04.616-04:30	2017-01-11 08:43:04.616-04:30
1498	1216	1174	3	FEED ITEM OF events 1174	t	2017-01-11 08:43:04.623-04:30	2017-01-11 08:43:04.623-04:30
1504	1218	42	3	FEED ITEM OF teams 42	t	2017-01-11 08:43:04.635-04:30	2017-01-11 08:43:04.635-04:30
1509	1218	1171	3	FEED ITEM OF events 1171	t	2017-01-11 08:43:04.636-04:30	2017-01-11 08:43:04.636-04:30
1514	1219	116	3	FEED ITEM OF players 116	t	2017-01-11 08:43:04.638-04:30	2017-01-11 08:43:04.638-04:30
1518	1220	57	3	FEED ITEM OF matches 57	t	2017-01-11 08:43:04.638-04:30	2017-01-11 08:43:04.638-04:30
1523	1221	43	3	FEED ITEM OF teams 43	t	2017-01-11 08:43:04.645-04:30	2017-01-11 08:43:04.645-04:30
1528	1222	42	3	FEED ITEM OF teams 42	t	2017-01-11 08:43:04.649-04:30	2017-01-11 08:43:04.649-04:30
1533	1222	1171	3	FEED ITEM OF events 1171	t	2017-01-11 08:43:04.65-04:30	2017-01-11 08:43:04.65-04:30
1538	1223	1169	3	FEED ITEM OF events 1169	t	2017-01-11 08:43:04.666-04:30	2017-01-11 08:43:04.666-04:30
1543	1225	224	3	FEED ITEM OF players 224	t	2017-01-11 08:43:04.667-04:30	2017-01-11 08:43:04.667-04:30
1548	1224	109	3	FEED ITEM OF players 109	t	2017-01-11 08:43:04.668-04:30	2017-01-11 08:43:04.668-04:30
1553	1226	102	3	FEED ITEM OF players 102	t	2017-01-11 08:43:04.676-04:30	2017-01-11 08:43:04.676-04:30
1558	1227	57	3	FEED ITEM OF matches 57	t	2017-01-11 08:43:04.684-04:30	2017-01-11 08:43:04.684-04:30
1563	1229	43	3	FEED ITEM OF teams 43	t	2017-01-11 08:43:04.698-04:30	2017-01-11 08:43:04.698-04:30
1568	1228	42	3	FEED ITEM OF teams 42	t	2017-01-11 08:43:04.699-04:30	2017-01-11 08:43:04.699-04:30
1573	1228	1171	3	FEED ITEM OF events 1171	t	2017-01-11 08:43:04.701-04:30	2017-01-11 08:43:04.701-04:30
1578	1230	1169	3	FEED ITEM OF events 1169	t	2017-01-11 08:43:04.702-04:30	2017-01-11 08:43:04.702-04:30
1583	1232	42	3	FEED ITEM OF teams 42	t	2017-01-11 08:43:04.717-04:30	2017-01-11 08:43:04.717-04:30
1588	1234	41	3	FEED ITEM OF teams 41	t	2017-01-11 08:43:04.727-04:30	2017-01-11 08:43:04.727-04:30
1593	1235	41	3	FEED ITEM OF teams 41	t	2017-01-11 08:43:04.729-04:30	2017-01-11 08:43:04.729-04:30
1598	1235	1171	3	FEED ITEM OF events 1171	t	2017-01-11 08:43:04.73-04:30	2017-01-11 08:43:04.73-04:30
1602	1233	1173	3	FEED ITEM OF events 1173	t	2017-01-11 08:43:04.731-04:30	2017-01-11 08:43:04.731-04:30
1609	1237	44	3	FEED ITEM OF teams 44	t	2017-01-11 08:43:04.747-04:30	2017-01-11 08:43:04.747-04:30
1613	1237	1171	3	FEED ITEM OF events 1171	t	2017-01-11 08:43:04.748-04:30	2017-01-11 08:43:04.748-04:30
1618	1238	1169	3	FEED ITEM OF events 1169	t	2017-01-11 08:43:04.761-04:30	2017-01-11 08:43:04.761-04:30
1623	1240	612	3	FEED ITEM OF players 612	t	2017-01-11 08:43:04.762-04:30	2017-01-11 08:43:04.762-04:30
1628	1239	247	3	FEED ITEM OF players 247	t	2017-01-11 08:43:04.764-04:30	2017-01-11 08:43:04.764-04:30
1633	1241	55	3	FEED ITEM OF matches 55	t	2017-01-11 08:43:04.775-04:30	2017-01-11 08:43:04.775-04:30
1639	1242	55	3	FEED ITEM OF matches 55	t	2017-01-11 08:43:04.781-04:30	2017-01-11 08:43:04.781-04:30
1644	1243	44	3	FEED ITEM OF teams 44	t	2017-01-11 08:43:04.797-04:30	2017-01-11 08:43:04.797-04:30
1648	1243	1171	3	FEED ITEM OF events 1171	t	2017-01-11 08:43:04.798-04:30	2017-01-11 08:43:04.798-04:30
1653	1244	130	3	FEED ITEM OF players 130	t	2017-01-11 08:43:04.799-04:30	2017-01-11 08:43:04.799-04:30
1658	1245	248	3	FEED ITEM OF players 248	t	2017-01-11 08:43:04.8-04:30	2017-01-11 08:43:04.8-04:30
1663	1246	55	3	FEED ITEM OF matches 55	t	2017-01-11 08:43:04.827-04:30	2017-01-11 08:43:04.827-04:30
1668	1247	44	3	FEED ITEM OF teams 44	t	2017-01-11 08:43:04.833-04:30	2017-01-11 08:43:04.833-04:30
1673	1248	41	3	FEED ITEM OF teams 41	t	2017-01-11 08:43:04.845-04:30	2017-01-11 08:43:04.845-04:30
1678	1249	65	3	FEED ITEM OF matches 65	t	2017-01-11 08:43:04.845-04:30	2017-01-11 08:43:04.845-04:30
1683	1250	45	3	FEED ITEM OF teams 45	t	2017-01-11 08:43:04.846-04:30	2017-01-11 08:43:04.846-04:30
1688	1251	65	3	FEED ITEM OF matches 65	t	2017-01-11 08:43:04.853-04:30	2017-01-11 08:43:04.853-04:30
1693	1252	61	3	FEED ITEM OF matches 61	t	2017-01-11 08:43:04.858-04:30	2017-01-11 08:43:04.858-04:30
1698	1253	48	3	FEED ITEM OF teams 48	t	2017-01-11 08:43:04.864-04:30	2017-01-11 08:43:04.864-04:30
1703	1254	48	3	FEED ITEM OF teams 48	t	2017-01-11 08:43:04.865-04:30	2017-01-11 08:43:04.865-04:30
1707	1255	48	3	FEED ITEM OF teams 48	t	2017-01-11 08:43:04.866-04:30	2017-01-11 08:43:04.866-04:30
1327	1185	63	3	FEED ITEM OF matches 63	t	2017-01-11 08:43:04.437-04:30	2017-01-11 08:43:04.437-04:30
1333	1188	45	3	FEED ITEM OF teams 45	t	2017-01-11 08:43:04.446-04:30	2017-01-11 08:43:04.446-04:30
1338	1187	45	3	FEED ITEM OF teams 45	t	2017-01-11 08:43:04.447-04:30	2017-01-11 08:43:04.447-04:30
1343	1187	1171	3	FEED ITEM OF events 1171	t	2017-01-11 08:43:04.448-04:30	2017-01-11 08:43:04.448-04:30
1348	1189	1169	3	FEED ITEM OF events 1169	t	2017-01-11 08:43:04.453-04:30	2017-01-11 08:43:04.453-04:30
1353	1190	180	3	FEED ITEM OF players 180	t	2017-01-11 08:43:04.459-04:30	2017-01-11 08:43:04.459-04:30
1356	1191	176	3	FEED ITEM OF players 176	t	2017-01-11 08:43:04.489-04:30	2017-01-11 08:43:04.489-04:30
1361	1192	48	3	FEED ITEM OF teams 48	t	2017-01-11 08:43:04.49-04:30	2017-01-11 08:43:04.49-04:30
1369	1193	186	3	FEED ITEM OF players 186	t	2017-01-11 08:43:04.496-04:30	2017-01-11 08:43:04.496-04:30
1372	1194	47	3	FEED ITEM OF teams 47	t	2017-01-11 08:43:04.503-04:30	2017-01-11 08:43:04.503-04:30
1377	1195	47	3	FEED ITEM OF teams 47	t	2017-01-11 08:43:04.504-04:30	2017-01-11 08:43:04.504-04:30
1382	1195	1171	3	FEED ITEM OF events 1171	t	2017-01-11 08:43:04.504-04:30	2017-01-11 08:43:04.504-04:30
1387	1196	188	3	FEED ITEM OF players 188	t	2017-01-11 08:43:04.511-04:30	2017-01-11 08:43:04.511-04:30
1392	1197	153	3	FEED ITEM OF players 153	t	2017-01-11 08:43:04.513-04:30	2017-01-11 08:43:04.513-04:30
1397	1198	63	3	FEED ITEM OF matches 63	t	2017-01-11 08:43:04.521-04:30	2017-01-11 08:43:04.521-04:30
1402	1199	48	3	FEED ITEM OF teams 48	t	2017-01-11 08:43:04.525-04:30	2017-01-11 08:43:04.525-04:30
1407	1200	47	3	FEED ITEM OF teams 47	t	2017-01-11 08:43:04.53-04:30	2017-01-11 08:43:04.53-04:30
1412	1200	1171	3	FEED ITEM OF events 1171	t	2017-01-11 08:43:04.532-04:30	2017-01-11 08:43:04.532-04:30
1416	1201	1174	3	FEED ITEM OF events 1174	t	2017-01-11 08:43:04.537-04:30	2017-01-11 08:43:04.537-04:30
1421	1202	1169	3	FEED ITEM OF events 1169	t	2017-01-11 08:43:04.538-04:30	2017-01-11 08:43:04.538-04:30
1426	1203	386	3	FEED ITEM OF players 386	t	2017-01-11 08:43:04.546-04:30	2017-01-11 08:43:04.546-04:30
1431	1204	199	3	FEED ITEM OF players 199	t	2017-01-11 08:43:04.554-04:30	2017-01-11 08:43:04.554-04:30
1436	1205	67	3	FEED ITEM OF teams 67	t	2017-01-11 08:43:04.564-04:30	2017-01-11 08:43:04.564-04:30
1442	1206	64	3	FEED ITEM OF matches 64	t	2017-01-11 08:43:04.564-04:30	2017-01-11 08:43:04.564-04:30
1446	1207	45	3	FEED ITEM OF teams 45	t	2017-01-11 08:43:04.572-04:30	2017-01-11 08:43:04.572-04:30
1451	1207	1171	3	FEED ITEM OF events 1171	t	2017-01-11 08:43:04.573-04:30	2017-01-11 08:43:04.573-04:30
1456	1208	320	3	FEED ITEM OF players 320	t	2017-01-11 08:43:04.577-04:30	2017-01-11 08:43:04.577-04:30
1461	1209	202	3	FEED ITEM OF players 202	t	2017-01-11 08:43:04.582-04:30	2017-01-11 08:43:04.582-04:30
1466	1211	67	3	FEED ITEM OF teams 67	t	2017-01-11 08:43:04.59-04:30	2017-01-11 08:43:04.59-04:30
1471	1210	64	3	FEED ITEM OF matches 64	t	2017-01-11 08:43:04.591-04:30	2017-01-11 08:43:04.591-04:30
1478	1212	209	3	FEED ITEM OF players 209	t	2017-01-11 08:43:04.598-04:30	2017-01-11 08:43:04.598-04:30
1482	1213	67	3	FEED ITEM OF teams 67	t	2017-01-11 08:43:04.602-04:30	2017-01-11 08:43:04.602-04:30
1487	1214	43	3	FEED ITEM OF teams 43	t	2017-01-11 08:43:04.614-04:30	2017-01-11 08:43:04.614-04:30
1492	1215	67	3	FEED ITEM OF teams 67	t	2017-01-11 08:43:04.615-04:30	2017-01-11 08:43:04.615-04:30
1497	1216	67	3	FEED ITEM OF teams 67	t	2017-01-11 08:43:04.623-04:30	2017-01-11 08:43:04.623-04:30
1502	1217	97	3	FEED ITEM OF players 97	t	2017-01-11 08:43:04.627-04:30	2017-01-11 08:43:04.627-04:30
1507	1218	94	3	FEED ITEM OF players 94	t	2017-01-11 08:43:04.636-04:30	2017-01-11 08:43:04.636-04:30
1511	1219	43	3	FEED ITEM OF teams 43	t	2017-01-11 08:43:04.637-04:30	2017-01-11 08:43:04.637-04:30
1517	1220	43	3	FEED ITEM OF teams 43	t	2017-01-11 08:43:04.638-04:30	2017-01-11 08:43:04.638-04:30
1522	1221	42	3	FEED ITEM OF teams 42	t	2017-01-11 08:43:04.645-04:30	2017-01-11 08:43:04.645-04:30
1527	1221	1171	3	FEED ITEM OF events 1171	t	2017-01-11 08:43:04.646-04:30	2017-01-11 08:43:04.646-04:30
1532	1222	227	3	FEED ITEM OF players 227	t	2017-01-11 08:43:04.65-04:30	2017-01-11 08:43:04.65-04:30
1537	1223	232	3	FEED ITEM OF players 232	t	2017-01-11 08:43:04.666-04:30	2017-01-11 08:43:04.666-04:30
1542	1225	220	3	FEED ITEM OF players 220	t	2017-01-11 08:43:04.667-04:30	2017-01-11 08:43:04.667-04:30
1547	1224	57	3	FEED ITEM OF matches 57	t	2017-01-11 08:43:04.668-04:30	2017-01-11 08:43:04.668-04:30
1552	1226	57	3	FEED ITEM OF matches 57	t	2017-01-11 08:43:04.676-04:30	2017-01-11 08:43:04.676-04:30
1557	1227	43	3	FEED ITEM OF teams 43	t	2017-01-11 08:43:04.684-04:30	2017-01-11 08:43:04.684-04:30
1562	1229	42	3	FEED ITEM OF teams 42	t	2017-01-11 08:43:04.698-04:30	2017-01-11 08:43:04.698-04:30
1567	1229	1171	3	FEED ITEM OF events 1171	t	2017-01-11 08:43:04.699-04:30	2017-01-11 08:43:04.699-04:30
1572	1228	231	3	FEED ITEM OF players 231	t	2017-01-11 08:43:04.7-04:30	2017-01-11 08:43:04.7-04:30
1577	1230	111	3	FEED ITEM OF players 111	t	2017-01-11 08:43:04.702-04:30	2017-01-11 08:43:04.702-04:30
1582	1231	1174	3	FEED ITEM OF events 1174	t	2017-01-11 08:43:04.703-04:30	2017-01-11 08:43:04.703-04:30
1587	1232	1169	3	FEED ITEM OF events 1169	t	2017-01-11 08:43:04.718-04:30	2017-01-11 08:43:04.718-04:30
1591	1234	119	3	FEED ITEM OF players 119	t	2017-01-11 08:43:04.728-04:30	2017-01-11 08:43:04.728-04:30
1596	1235	250	3	FEED ITEM OF players 250	t	2017-01-11 08:43:04.729-04:30	2017-01-11 08:43:04.729-04:30
1601	1233	55	3	FEED ITEM OF matches 55	t	2017-01-11 08:43:04.731-04:30	2017-01-11 08:43:04.731-04:30
1606	1236	251	3	FEED ITEM OF players 251	t	2017-01-11 08:43:04.739-04:30	2017-01-11 08:43:04.739-04:30
1610	1237	249	3	FEED ITEM OF players 249	t	2017-01-11 08:43:04.748-04:30	2017-01-11 08:43:04.748-04:30
1615	1238	44	3	FEED ITEM OF teams 44	t	2017-01-11 08:43:04.76-04:30	2017-01-11 08:43:04.76-04:30
1619	1240	41	3	FEED ITEM OF teams 41	t	2017-01-11 08:43:04.761-04:30	2017-01-11 08:43:04.761-04:30
1624	1240	1171	3	FEED ITEM OF events 1171	t	2017-01-11 08:43:04.763-04:30	2017-01-11 08:43:04.763-04:30
1629	1239	255	3	FEED ITEM OF players 255	t	2017-01-11 08:43:04.764-04:30	2017-01-11 08:43:04.764-04:30
1634	1241	130	3	FEED ITEM OF players 130	t	2017-01-11 08:43:04.775-04:30	2017-01-11 08:43:04.775-04:30
1638	1242	44	3	FEED ITEM OF teams 44	t	2017-01-11 08:43:04.781-04:30	2017-01-11 08:43:04.781-04:30
1642	1242	1171	3	FEED ITEM OF events 1171	t	2017-01-11 08:43:04.788-04:30	2017-01-11 08:43:04.788-04:30
1647	1243	259	3	FEED ITEM OF players 259	t	2017-01-11 08:43:04.798-04:30	2017-01-11 08:43:04.798-04:30
1652	1244	126	3	FEED ITEM OF players 126	t	2017-01-11 08:43:04.799-04:30	2017-01-11 08:43:04.799-04:30
1657	1245	55	3	FEED ITEM OF matches 55	t	2017-01-11 08:43:04.799-04:30	2017-01-11 08:43:04.799-04:30
1662	1246	44	3	FEED ITEM OF teams 44	t	2017-01-11 08:43:04.827-04:30	2017-01-11 08:43:04.827-04:30
1667	1247	41	3	FEED ITEM OF teams 41	t	2017-01-11 08:43:04.833-04:30	2017-01-11 08:43:04.833-04:30
1672	1247	1171	3	FEED ITEM OF events 1171	t	2017-01-11 08:43:04.834-04:30	2017-01-11 08:43:04.834-04:30
1677	1249	47	3	FEED ITEM OF teams 47	t	2017-01-11 08:43:04.845-04:30	2017-01-11 08:43:04.845-04:30
1682	1249	1171	3	FEED ITEM OF events 1171	t	2017-01-11 08:43:04.846-04:30	2017-01-11 08:43:04.846-04:30
1687	1251	47	3	FEED ITEM OF teams 47	t	2017-01-11 08:43:04.853-04:30	2017-01-11 08:43:04.853-04:30
1692	1252	48	3	FEED ITEM OF teams 48	t	2017-01-11 08:43:04.857-04:30	2017-01-11 08:43:04.857-04:30
1697	1253	45	3	FEED ITEM OF teams 45	t	2017-01-11 08:43:04.863-04:30	2017-01-11 08:43:04.863-04:30
1701	1253	1169	3	FEED ITEM OF events 1169	t	2017-01-11 08:43:04.864-04:30	2017-01-11 08:43:04.864-04:30
1706	1254	1169	3	FEED ITEM OF events 1169	t	2017-01-11 08:43:04.865-04:30	2017-01-11 08:43:04.865-04:30
1328	1185	1173	3	FEED ITEM OF events 1173	t	2017-01-11 08:43:04.437-04:30	2017-01-11 08:43:04.437-04:30
1334	1188	64	3	FEED ITEM OF matches 64	t	2017-01-11 08:43:04.446-04:30	2017-01-11 08:43:04.446-04:30
1339	1187	64	3	FEED ITEM OF matches 64	t	2017-01-11 08:43:04.447-04:30	2017-01-11 08:43:04.447-04:30
1344	1189	45	3	FEED ITEM OF teams 45	t	2017-01-11 08:43:04.452-04:30	2017-01-11 08:43:04.452-04:30
1349	1190	47	3	FEED ITEM OF teams 47	t	2017-01-11 08:43:04.458-04:30	2017-01-11 08:43:04.458-04:30
1354	1190	1171	3	FEED ITEM OF events 1171	t	2017-01-11 08:43:04.459-04:30	2017-01-11 08:43:04.459-04:30
1359	1191	1169	3	FEED ITEM OF events 1169	t	2017-01-11 08:43:04.49-04:30	2017-01-11 08:43:04.49-04:30
1364	1192	182	3	FEED ITEM OF players 182	t	2017-01-11 08:43:04.491-04:30	2017-01-11 08:43:04.491-04:30
1368	1193	63	3	FEED ITEM OF matches 63	t	2017-01-11 08:43:04.496-04:30	2017-01-11 08:43:04.496-04:30
1374	1194	63	3	FEED ITEM OF matches 63	t	2017-01-11 08:43:04.503-04:30	2017-01-11 08:43:04.503-04:30
1379	1195	63	3	FEED ITEM OF matches 63	t	2017-01-11 08:43:04.504-04:30	2017-01-11 08:43:04.504-04:30
1383	1196	47	3	FEED ITEM OF teams 47	t	2017-01-11 08:43:04.511-04:30	2017-01-11 08:43:04.511-04:30
1388	1196	1171	3	FEED ITEM OF events 1171	t	2017-01-11 08:43:04.512-04:30	2017-01-11 08:43:04.512-04:30
1393	1197	151	3	FEED ITEM OF players 151	t	2017-01-11 08:43:04.513-04:30	2017-01-11 08:43:04.513-04:30
1398	1198	156	3	FEED ITEM OF players 156	t	2017-01-11 08:43:04.521-04:30	2017-01-11 08:43:04.521-04:30
1403	1199	63	3	FEED ITEM OF matches 63	t	2017-01-11 08:43:04.525-04:30	2017-01-11 08:43:04.525-04:30
1408	1200	48	3	FEED ITEM OF teams 48	t	2017-01-11 08:43:04.53-04:30	2017-01-11 08:43:04.53-04:30
1413	1201	47	3	FEED ITEM OF teams 47	t	2017-01-11 08:43:04.536-04:30	2017-01-11 08:43:04.536-04:30
1418	1202	48	3	FEED ITEM OF teams 48	t	2017-01-11 08:43:04.537-04:30	2017-01-11 08:43:04.537-04:30
1423	1203	48	3	FEED ITEM OF teams 48	t	2017-01-11 08:43:04.545-04:30	2017-01-11 08:43:04.545-04:30
1428	1204	45	3	FEED ITEM OF teams 45	t	2017-01-11 08:43:04.553-04:30	2017-01-11 08:43:04.553-04:30
1433	1204	1171	3	FEED ITEM OF events 1171	t	2017-01-11 08:43:04.554-04:30	2017-01-11 08:43:04.554-04:30
1438	1205	205	3	FEED ITEM OF players 205	t	2017-01-11 08:43:04.564-04:30	2017-01-11 08:43:04.564-04:30
1443	1206	193	3	FEED ITEM OF players 193	t	2017-01-11 08:43:04.565-04:30	2017-01-11 08:43:04.565-04:30
1448	1207	67	3	FEED ITEM OF teams 67	t	2017-01-11 08:43:04.572-04:30	2017-01-11 08:43:04.572-04:30
1452	1208	45	3	FEED ITEM OF teams 45	t	2017-01-11 08:43:04.576-04:30	2017-01-11 08:43:04.576-04:30
1457	1208	1171	3	FEED ITEM OF events 1171	t	2017-01-11 08:43:04.577-04:30	2017-01-11 08:43:04.577-04:30
1463	1209	1171	3	FEED ITEM OF events 1171	t	2017-01-11 08:43:04.584-04:30	2017-01-11 08:43:04.584-04:30
1468	1211	74	3	FEED ITEM OF players 74	t	2017-01-11 08:43:04.59-04:30	2017-01-11 08:43:04.59-04:30
1473	1210	201	3	FEED ITEM OF players 201	t	2017-01-11 08:43:04.592-04:30	2017-01-11 08:43:04.592-04:30
1476	1212	64	3	FEED ITEM OF matches 64	t	2017-01-11 08:43:04.598-04:30	2017-01-11 08:43:04.598-04:30
1481	1213	64	3	FEED ITEM OF matches 64	t	2017-01-11 08:43:04.602-04:30	2017-01-11 08:43:04.602-04:30
1486	1214	42	3	FEED ITEM OF teams 42	t	2017-01-11 08:43:04.614-04:30	2017-01-11 08:43:04.614-04:30
1491	1215	64	3	FEED ITEM OF matches 64	t	2017-01-11 08:43:04.615-04:30	2017-01-11 08:43:04.615-04:30
1496	1216	64	3	FEED ITEM OF matches 64	t	2017-01-11 08:43:04.622-04:30	2017-01-11 08:43:04.622-04:30
1501	1217	57	3	FEED ITEM OF matches 57	t	2017-01-11 08:43:04.627-04:30	2017-01-11 08:43:04.627-04:30
1506	1218	57	3	FEED ITEM OF matches 57	t	2017-01-11 08:43:04.635-04:30	2017-01-11 08:43:04.635-04:30
1515	1219	100	3	FEED ITEM OF players 100	t	2017-01-11 08:43:04.637-04:30	2017-01-11 08:43:04.637-04:30
1520	1220	238	3	FEED ITEM OF players 238	t	2017-01-11 08:43:04.639-04:30	2017-01-11 08:43:04.639-04:30
1525	1221	98	3	FEED ITEM OF players 98	t	2017-01-11 08:43:04.645-04:30	2017-01-11 08:43:04.645-04:30
1530	1222	57	3	FEED ITEM OF matches 57	t	2017-01-11 08:43:04.65-04:30	2017-01-11 08:43:04.65-04:30
1535	1223	43	3	FEED ITEM OF teams 43	t	2017-01-11 08:43:04.665-04:30	2017-01-11 08:43:04.665-04:30
1540	1225	43	3	FEED ITEM OF teams 43	t	2017-01-11 08:43:04.666-04:30	2017-01-11 08:43:04.666-04:30
1544	1225	1171	3	FEED ITEM OF events 1171	t	2017-01-11 08:43:04.667-04:30	2017-01-11 08:43:04.667-04:30
1549	1224	1169	3	FEED ITEM OF events 1169	t	2017-01-11 08:43:04.669-04:30	2017-01-11 08:43:04.669-04:30
1554	1226	458	3	FEED ITEM OF players 458	t	2017-01-11 08:43:04.677-04:30	2017-01-11 08:43:04.677-04:30
1559	1227	218	3	FEED ITEM OF players 218	t	2017-01-11 08:43:04.685-04:30	2017-01-11 08:43:04.685-04:30
1564	1229	57	3	FEED ITEM OF matches 57	t	2017-01-11 08:43:04.698-04:30	2017-01-11 08:43:04.698-04:30
1569	1228	43	3	FEED ITEM OF teams 43	t	2017-01-11 08:43:04.7-04:30	2017-01-11 08:43:04.7-04:30
1574	1230	42	3	FEED ITEM OF teams 42	t	2017-01-11 08:43:04.701-04:30	2017-01-11 08:43:04.701-04:30
1579	1231	42	3	FEED ITEM OF teams 42	t	2017-01-11 08:43:04.702-04:30	2017-01-11 08:43:04.702-04:30
1584	1232	43	3	FEED ITEM OF teams 43	t	2017-01-11 08:43:04.717-04:30	2017-01-11 08:43:04.717-04:30
1589	1234	44	3	FEED ITEM OF teams 44	t	2017-01-11 08:43:04.727-04:30	2017-01-11 08:43:04.727-04:30
1594	1235	44	3	FEED ITEM OF teams 44	t	2017-01-11 08:43:04.729-04:30	2017-01-11 08:43:04.729-04:30
1599	1233	41	3	FEED ITEM OF teams 41	t	2017-01-11 08:43:04.73-04:30	2017-01-11 08:43:04.73-04:30
1604	1236	44	3	FEED ITEM OF teams 44	t	2017-01-11 08:43:04.739-04:30	2017-01-11 08:43:04.739-04:30
1608	1237	41	3	FEED ITEM OF teams 41	t	2017-01-11 08:43:04.746-04:30	2017-01-11 08:43:04.746-04:30
1614	1238	41	3	FEED ITEM OF teams 41	t	2017-01-11 08:43:04.76-04:30	2017-01-11 08:43:04.76-04:30
1621	1240	55	3	FEED ITEM OF matches 55	t	2017-01-11 08:43:04.762-04:30	2017-01-11 08:43:04.762-04:30
1626	1239	44	3	FEED ITEM OF teams 44	t	2017-01-11 08:43:04.763-04:30	2017-01-11 08:43:04.763-04:30
1631	1241	41	3	FEED ITEM OF teams 41	t	2017-01-11 08:43:04.774-04:30	2017-01-11 08:43:04.774-04:30
1636	1241	1171	3	FEED ITEM OF events 1171	t	2017-01-11 08:43:04.776-04:30	2017-01-11 08:43:04.776-04:30
1641	1242	127	3	FEED ITEM OF players 127	t	2017-01-11 08:43:04.787-04:30	2017-01-11 08:43:04.787-04:30
1646	1243	252	3	FEED ITEM OF players 252	t	2017-01-11 08:43:04.798-04:30	2017-01-11 08:43:04.798-04:30
1651	1244	55	3	FEED ITEM OF matches 55	t	2017-01-11 08:43:04.798-04:30	2017-01-11 08:43:04.798-04:30
1655	1245	41	3	FEED ITEM OF teams 41	t	2017-01-11 08:43:04.799-04:30	2017-01-11 08:43:04.799-04:30
1660	1245	1171	3	FEED ITEM OF events 1171	t	2017-01-11 08:43:04.8-04:30	2017-01-11 08:43:04.8-04:30
1665	1246	131	3	FEED ITEM OF players 131	t	2017-01-11 08:43:04.828-04:30	2017-01-11 08:43:04.828-04:30
1670	1247	128	3	FEED ITEM OF players 128	t	2017-01-11 08:43:04.834-04:30	2017-01-11 08:43:04.834-04:30
1675	1248	55	3	FEED ITEM OF matches 55	t	2017-01-11 08:43:04.845-04:30	2017-01-11 08:43:04.845-04:30
1680	1249	156	3	FEED ITEM OF players 156	t	2017-01-11 08:43:04.846-04:30	2017-01-11 08:43:04.846-04:30
1684	1250	48	3	FEED ITEM OF teams 48	t	2017-01-11 08:43:04.847-04:30	2017-01-11 08:43:04.847-04:30
1689	1251	67	3	FEED ITEM OF teams 67	t	2017-01-11 08:43:04.853-04:30	2017-01-11 08:43:04.853-04:30
1694	1252	196	3	FEED ITEM OF players 196	t	2017-01-11 08:43:04.858-04:30	2017-01-11 08:43:04.858-04:30
1699	1253	61	3	FEED ITEM OF matches 61	t	2017-01-11 08:43:04.864-04:30	2017-01-11 08:43:04.864-04:30
1704	1254	61	3	FEED ITEM OF matches 61	t	2017-01-11 08:43:04.865-04:30	2017-01-11 08:43:04.865-04:30
1710	1255	176	3	FEED ITEM OF players 176	t	2017-01-11 08:43:04.868-04:30	2017-01-11 08:43:04.868-04:30
1715	1256	61	3	FEED ITEM OF matches 61	t	2017-01-11 08:43:04.875-04:30	2017-01-11 08:43:04.875-04:30
1720	1257	48	3	FEED ITEM OF teams 48	t	2017-01-11 08:43:04.884-04:30	2017-01-11 08:43:04.884-04:30
1329	1186	45	3	FEED ITEM OF teams 45	t	2017-01-11 08:43:04.441-04:30	2017-01-11 08:43:04.441-04:30
1331	1186	67	3	FEED ITEM OF teams 67	t	2017-01-11 08:43:04.441-04:30	2017-01-11 08:43:04.441-04:30
1336	1188	211	3	FEED ITEM OF players 211	t	2017-01-11 08:43:04.446-04:30	2017-01-11 08:43:04.446-04:30
1341	1187	203	3	FEED ITEM OF players 203	t	2017-01-11 08:43:04.447-04:30	2017-01-11 08:43:04.447-04:30
1346	1189	67	3	FEED ITEM OF teams 67	t	2017-01-11 08:43:04.453-04:30	2017-01-11 08:43:04.453-04:30
1351	1190	63	3	FEED ITEM OF matches 63	t	2017-01-11 08:43:04.458-04:30	2017-01-11 08:43:04.458-04:30
1358	1191	48	3	FEED ITEM OF teams 48	t	2017-01-11 08:43:04.489-04:30	2017-01-11 08:43:04.489-04:30
1363	1192	170	3	FEED ITEM OF players 170	t	2017-01-11 08:43:04.49-04:30	2017-01-11 08:43:04.49-04:30
1367	1193	48	3	FEED ITEM OF teams 48	t	2017-01-11 08:43:04.496-04:30	2017-01-11 08:43:04.496-04:30
1373	1194	48	3	FEED ITEM OF teams 48	t	2017-01-11 08:43:04.503-04:30	2017-01-11 08:43:04.503-04:30
1378	1195	48	3	FEED ITEM OF teams 48	t	2017-01-11 08:43:04.504-04:30	2017-01-11 08:43:04.504-04:30
1384	1196	48	3	FEED ITEM OF teams 48	t	2017-01-11 08:43:04.511-04:30	2017-01-11 08:43:04.511-04:30
1389	1197	47	3	FEED ITEM OF teams 47	t	2017-01-11 08:43:04.512-04:30	2017-01-11 08:43:04.512-04:30
1394	1197	1171	3	FEED ITEM OF events 1171	t	2017-01-11 08:43:04.513-04:30	2017-01-11 08:43:04.513-04:30
1399	1198	157	3	FEED ITEM OF players 157	t	2017-01-11 08:43:04.521-04:30	2017-01-11 08:43:04.521-04:30
1404	1199	149	3	FEED ITEM OF players 149	t	2017-01-11 08:43:04.525-04:30	2017-01-11 08:43:04.525-04:30
1409	1200	63	3	FEED ITEM OF matches 63	t	2017-01-11 08:43:04.531-04:30	2017-01-11 08:43:04.531-04:30
1414	1201	48	3	FEED ITEM OF teams 48	t	2017-01-11 08:43:04.537-04:30	2017-01-11 08:43:04.537-04:30
1419	1202	63	3	FEED ITEM OF matches 63	t	2017-01-11 08:43:04.538-04:30	2017-01-11 08:43:04.538-04:30
1424	1203	63	3	FEED ITEM OF matches 63	t	2017-01-11 08:43:04.546-04:30	2017-01-11 08:43:04.546-04:30
1429	1204	64	3	FEED ITEM OF matches 64	t	2017-01-11 08:43:04.554-04:30	2017-01-11 08:43:04.554-04:30
1434	1205	45	3	FEED ITEM OF teams 45	t	2017-01-11 08:43:04.563-04:30	2017-01-11 08:43:04.563-04:30
1439	1205	1171	3	FEED ITEM OF events 1171	t	2017-01-11 08:43:04.564-04:30	2017-01-11 08:43:04.564-04:30
1447	1207	64	3	FEED ITEM OF matches 64	t	2017-01-11 08:43:04.572-04:30	2017-01-11 08:43:04.572-04:30
1453	1208	64	3	FEED ITEM OF matches 64	t	2017-01-11 08:43:04.577-04:30	2017-01-11 08:43:04.577-04:30
1458	1209	45	3	FEED ITEM OF teams 45	t	2017-01-11 08:43:04.582-04:30	2017-01-11 08:43:04.582-04:30
1462	1209	206	3	FEED ITEM OF players 206	t	2017-01-11 08:43:04.583-04:30	2017-01-11 08:43:04.583-04:30
1467	1211	72	3	FEED ITEM OF players 72	t	2017-01-11 08:43:04.59-04:30	2017-01-11 08:43:04.59-04:30
1472	1210	67	3	FEED ITEM OF teams 67	t	2017-01-11 08:43:04.591-04:30	2017-01-11 08:43:04.591-04:30
1477	1212	67	3	FEED ITEM OF teams 67	t	2017-01-11 08:43:04.598-04:30	2017-01-11 08:43:04.598-04:30
1483	1213	89	3	FEED ITEM OF players 89	t	2017-01-11 08:43:04.602-04:30	2017-01-11 08:43:04.602-04:30
1489	1214	1173	3	FEED ITEM OF events 1173	t	2017-01-11 08:43:04.615-04:30	2017-01-11 08:43:04.615-04:30
1494	1215	1169	3	FEED ITEM OF events 1169	t	2017-01-11 08:43:04.616-04:30	2017-01-11 08:43:04.616-04:30
1499	1217	42	3	FEED ITEM OF teams 42	t	2017-01-11 08:43:04.626-04:30	2017-01-11 08:43:04.626-04:30
1503	1217	1169	3	FEED ITEM OF events 1169	t	2017-01-11 08:43:04.627-04:30	2017-01-11 08:43:04.627-04:30
1508	1218	115	3	FEED ITEM OF players 115	t	2017-01-11 08:43:04.636-04:30	2017-01-11 08:43:04.636-04:30
1512	1219	57	3	FEED ITEM OF matches 57	t	2017-01-11 08:43:04.637-04:30	2017-01-11 08:43:04.637-04:30
1519	1220	228	3	FEED ITEM OF players 228	t	2017-01-11 08:43:04.639-04:30	2017-01-11 08:43:04.639-04:30
1524	1221	57	3	FEED ITEM OF matches 57	t	2017-01-11 08:43:04.645-04:30	2017-01-11 08:43:04.645-04:30
1529	1222	43	3	FEED ITEM OF teams 43	t	2017-01-11 08:43:04.649-04:30	2017-01-11 08:43:04.649-04:30
1534	1223	42	3	FEED ITEM OF teams 42	t	2017-01-11 08:43:04.664-04:30	2017-01-11 08:43:04.664-04:30
1539	1225	42	3	FEED ITEM OF teams 42	t	2017-01-11 08:43:04.666-04:30	2017-01-11 08:43:04.666-04:30
1545	1224	42	3	FEED ITEM OF teams 42	t	2017-01-11 08:43:04.668-04:30	2017-01-11 08:43:04.668-04:30
1550	1226	42	3	FEED ITEM OF teams 42	t	2017-01-11 08:43:04.675-04:30	2017-01-11 08:43:04.675-04:30
1555	1226	1171	3	FEED ITEM OF events 1171	t	2017-01-11 08:43:04.677-04:30	2017-01-11 08:43:04.677-04:30
1560	1227	823	3	FEED ITEM OF players 823	t	2017-01-11 08:43:04.685-04:30	2017-01-11 08:43:04.685-04:30
1565	1229	230	3	FEED ITEM OF players 230	t	2017-01-11 08:43:04.699-04:30	2017-01-11 08:43:04.699-04:30
1570	1228	57	3	FEED ITEM OF matches 57	t	2017-01-11 08:43:04.7-04:30	2017-01-11 08:43:04.7-04:30
1575	1230	43	3	FEED ITEM OF teams 43	t	2017-01-11 08:43:04.701-04:30	2017-01-11 08:43:04.701-04:30
1580	1231	43	3	FEED ITEM OF teams 43	t	2017-01-11 08:43:04.702-04:30	2017-01-11 08:43:04.702-04:30
1585	1232	57	3	FEED ITEM OF matches 57	t	2017-01-11 08:43:04.717-04:30	2017-01-11 08:43:04.717-04:30
1590	1234	55	3	FEED ITEM OF matches 55	t	2017-01-11 08:43:04.728-04:30	2017-01-11 08:43:04.728-04:30
1595	1235	55	3	FEED ITEM OF matches 55	t	2017-01-11 08:43:04.729-04:30	2017-01-11 08:43:04.729-04:30
1600	1233	44	3	FEED ITEM OF teams 44	t	2017-01-11 08:43:04.731-04:30	2017-01-11 08:43:04.731-04:30
1605	1236	55	3	FEED ITEM OF matches 55	t	2017-01-11 08:43:04.739-04:30	2017-01-11 08:43:04.739-04:30
1611	1237	55	3	FEED ITEM OF matches 55	t	2017-01-11 08:43:04.747-04:30	2017-01-11 08:43:04.747-04:30
1616	1238	55	3	FEED ITEM OF matches 55	t	2017-01-11 08:43:04.761-04:30	2017-01-11 08:43:04.761-04:30
1620	1240	44	3	FEED ITEM OF teams 44	t	2017-01-11 08:43:04.762-04:30	2017-01-11 08:43:04.762-04:30
1625	1239	41	3	FEED ITEM OF teams 41	t	2017-01-11 08:43:04.763-04:30	2017-01-11 08:43:04.763-04:30
1630	1239	1171	3	FEED ITEM OF events 1171	t	2017-01-11 08:43:04.765-04:30	2017-01-11 08:43:04.765-04:30
1635	1241	591	3	FEED ITEM OF players 591	t	2017-01-11 08:43:04.776-04:30	2017-01-11 08:43:04.776-04:30
1640	1242	119	3	FEED ITEM OF players 119	t	2017-01-11 08:43:04.787-04:30	2017-01-11 08:43:04.787-04:30
1645	1243	55	3	FEED ITEM OF matches 55	t	2017-01-11 08:43:04.797-04:30	2017-01-11 08:43:04.797-04:30
1650	1244	44	3	FEED ITEM OF teams 44	t	2017-01-11 08:43:04.798-04:30	2017-01-11 08:43:04.798-04:30
1656	1245	44	3	FEED ITEM OF teams 44	t	2017-01-11 08:43:04.799-04:30	2017-01-11 08:43:04.799-04:30
1661	1246	41	3	FEED ITEM OF teams 41	t	2017-01-11 08:43:04.826-04:30	2017-01-11 08:43:04.826-04:30
1666	1246	1171	3	FEED ITEM OF events 1171	t	2017-01-11 08:43:04.828-04:30	2017-01-11 08:43:04.828-04:30
1671	1247	606	3	FEED ITEM OF players 606	t	2017-01-11 08:43:04.834-04:30	2017-01-11 08:43:04.834-04:30
1676	1248	1174	3	FEED ITEM OF events 1174	t	2017-01-11 08:43:04.845-04:30	2017-01-11 08:43:04.845-04:30
1681	1249	147	3	FEED ITEM OF players 147	t	2017-01-11 08:43:04.846-04:30	2017-01-11 08:43:04.846-04:30
1686	1250	1173	3	FEED ITEM OF events 1173	t	2017-01-11 08:43:04.847-04:30	2017-01-11 08:43:04.847-04:30
1691	1252	45	3	FEED ITEM OF teams 45	t	2017-01-11 08:43:04.857-04:30	2017-01-11 08:43:04.857-04:30
1696	1252	1171	3	FEED ITEM OF events 1171	t	2017-01-11 08:43:04.858-04:30	2017-01-11 08:43:04.858-04:30
1702	1254	45	3	FEED ITEM OF teams 45	t	2017-01-11 08:43:04.865-04:30	2017-01-11 08:43:04.865-04:30
1597	1235	257	3	FEED ITEM OF players 257	t	2017-01-11 08:43:04.73-04:30	2017-01-11 08:43:04.73-04:30
1603	1236	41	3	FEED ITEM OF teams 41	t	2017-01-11 08:43:04.738-04:30	2017-01-11 08:43:04.738-04:30
1607	1236	1169	3	FEED ITEM OF events 1169	t	2017-01-11 08:43:04.739-04:30	2017-01-11 08:43:04.739-04:30
1612	1237	256	3	FEED ITEM OF players 256	t	2017-01-11 08:43:04.748-04:30	2017-01-11 08:43:04.748-04:30
1617	1238	119	3	FEED ITEM OF players 119	t	2017-01-11 08:43:04.761-04:30	2017-01-11 08:43:04.761-04:30
1622	1240	129	3	FEED ITEM OF players 129	t	2017-01-11 08:43:04.762-04:30	2017-01-11 08:43:04.762-04:30
283	929	930	1	OWNER	t	2016-12-28 11:49:20.329-04:30	2016-12-28 11:49:20.329-04:30
1627	1239	55	3	FEED ITEM OF matches 55	t	2017-01-11 08:43:04.764-04:30	2017-01-11 08:43:04.764-04:30
1632	1241	44	3	FEED ITEM OF teams 44	t	2017-01-11 08:43:04.775-04:30	2017-01-11 08:43:04.775-04:30
1637	1242	41	3	FEED ITEM OF teams 41	t	2017-01-11 08:43:04.781-04:30	2017-01-11 08:43:04.781-04:30
1643	1243	41	3	FEED ITEM OF teams 41	t	2017-01-11 08:43:04.797-04:30	2017-01-11 08:43:04.797-04:30
1649	1244	41	3	FEED ITEM OF teams 41	t	2017-01-11 08:43:04.798-04:30	2017-01-11 08:43:04.798-04:30
1654	1244	1171	3	FEED ITEM OF events 1171	t	2017-01-11 08:43:04.799-04:30	2017-01-11 08:43:04.799-04:30
1659	1245	260	3	FEED ITEM OF players 260	t	2017-01-11 08:43:04.8-04:30	2017-01-11 08:43:04.8-04:30
1664	1246	125	3	FEED ITEM OF players 125	t	2017-01-11 08:43:04.827-04:30	2017-01-11 08:43:04.827-04:30
1669	1247	55	3	FEED ITEM OF matches 55	t	2017-01-11 08:43:04.834-04:30	2017-01-11 08:43:04.834-04:30
1674	1248	44	3	FEED ITEM OF teams 44	t	2017-01-11 08:43:04.845-04:30	2017-01-11 08:43:04.845-04:30
1679	1249	67	3	FEED ITEM OF teams 67	t	2017-01-11 08:43:04.846-04:30	2017-01-11 08:43:04.846-04:30
1685	1250	61	3	FEED ITEM OF matches 61	t	2017-01-11 08:43:04.847-04:30	2017-01-11 08:43:04.847-04:30
1690	1251	1173	3	FEED ITEM OF events 1173	t	2017-01-11 08:43:04.853-04:30	2017-01-11 08:43:04.853-04:30
1695	1252	202	3	FEED ITEM OF players 202	t	2017-01-11 08:43:04.858-04:30	2017-01-11 08:43:04.858-04:30
1700	1253	188	3	FEED ITEM OF players 188	t	2017-01-11 08:43:04.864-04:30	2017-01-11 08:43:04.864-04:30
1705	1254	206	3	FEED ITEM OF players 206	t	2017-01-11 08:43:04.865-04:30	2017-01-11 08:43:04.865-04:30
1709	1255	61	3	FEED ITEM OF matches 61	t	2017-01-11 08:43:04.868-04:30	2017-01-11 08:43:04.868-04:30
1714	1256	48	3	FEED ITEM OF teams 48	t	2017-01-11 08:43:04.875-04:30	2017-01-11 08:43:04.875-04:30
1719	1257	45	3	FEED ITEM OF teams 45	t	2017-01-11 08:43:04.884-04:30	2017-01-11 08:43:04.884-04:30
1724	1257	1171	3	FEED ITEM OF events 1171	t	2017-01-11 08:43:04.885-04:30	2017-01-11 08:43:04.885-04:30
1729	1258	211	3	FEED ITEM OF players 211	t	2017-01-11 08:43:04.889-04:30	2017-01-11 08:43:04.889-04:30
1734	1259	201	3	FEED ITEM OF players 201	t	2017-01-11 08:43:04.895-04:30	2017-01-11 08:43:04.895-04:30
1739	1260	61	3	FEED ITEM OF matches 61	t	2017-01-11 08:43:04.896-04:30	2017-01-11 08:43:04.896-04:30
1744	1261	48	3	FEED ITEM OF teams 48	t	2017-01-11 08:43:04.904-04:30	2017-01-11 08:43:04.904-04:30
1749	1262	48	3	FEED ITEM OF teams 48	t	2017-01-11 08:43:04.91-04:30	2017-01-11 08:43:04.91-04:30
1754	1263	45	3	FEED ITEM OF teams 45	t	2017-01-11 08:43:04.92-04:30	2017-01-11 08:43:04.92-04:30
1759	1264	45	3	FEED ITEM OF teams 45	t	2017-01-11 08:43:04.921-04:30	2017-01-11 08:43:04.921-04:30
1767	1265	47	3	FEED ITEM OF teams 47	t	2017-01-11 08:43:04.922-04:30	2017-01-11 08:43:04.922-04:30
1772	1266	67	3	FEED ITEM OF teams 67	t	2017-01-11 08:43:04.93-04:30	2017-01-11 08:43:04.93-04:30
1777	1267	65	3	FEED ITEM OF matches 65	t	2017-01-11 08:43:04.935-04:30	2017-01-11 08:43:04.935-04:30
1782	1268	65	3	FEED ITEM OF matches 65	t	2017-01-11 08:43:04.945-04:30	2017-01-11 08:43:04.945-04:30
1787	1270	47	3	FEED ITEM OF teams 47	t	2017-01-11 08:43:04.946-04:30	2017-01-11 08:43:04.946-04:30
1792	1269	47	3	FEED ITEM OF teams 47	t	2017-01-11 08:43:04.947-04:30	2017-01-11 08:43:04.947-04:30
1797	1269	1171	3	FEED ITEM OF events 1171	t	2017-01-11 08:43:04.948-04:30	2017-01-11 08:43:04.948-04:30
1802	1271	487	3	FEED ITEM OF players 487	t	2017-01-11 08:43:04.954-04:30	2017-01-11 08:43:04.954-04:30
1807	1272	374	3	FEED ITEM OF players 374	t	2017-01-11 08:43:04.959-04:30	2017-01-11 08:43:04.959-04:30
1812	1273	160	3	FEED ITEM OF players 160	t	2017-01-11 08:43:04.967-04:30	2017-01-11 08:43:04.967-04:30
1817	1275	67	3	FEED ITEM OF teams 67	t	2017-01-11 08:43:04.968-04:30	2017-01-11 08:43:04.968-04:30
1822	1274	67	3	FEED ITEM OF teams 67	t	2017-01-11 08:43:04.968-04:30	2017-01-11 08:43:04.968-04:30
1827	1276	65	3	FEED ITEM OF matches 65	t	2017-01-11 08:43:04.974-04:30	2017-01-11 08:43:04.974-04:30
1832	1277	61	3	FEED ITEM OF matches 61	t	2017-01-11 08:43:04.978-04:30	2017-01-11 08:43:04.978-04:30
1837	1278	176	3	FEED ITEM OF players 176	t	2017-01-11 08:43:04.99-04:30	2017-01-11 08:43:04.99-04:30
1842	1279	180	3	FEED ITEM OF players 180	t	2017-01-11 08:43:04.991-04:30	2017-01-11 08:43:04.991-04:30
1847	1280	185	3	FEED ITEM OF players 185	t	2017-01-11 08:43:04.992-04:30	2017-01-11 08:43:04.992-04:30
1852	1281	207	3	FEED ITEM OF players 207	t	2017-01-11 08:43:04.998-04:30	2017-01-11 08:43:04.998-04:30
1860	1286	44	3	FEED ITEM OF teams 44	t	2017-01-11 08:43:05.013-04:30	2017-01-11 08:43:05.013-04:30
1865	1284	44	3	FEED ITEM OF teams 44	t	2017-01-11 08:43:05.014-04:30	2017-01-11 08:43:05.014-04:30
1870	1283	44	3	FEED ITEM OF teams 44	t	2017-01-11 08:43:05.015-04:30	2017-01-11 08:43:05.015-04:30
1875	1285	44	3	FEED ITEM OF teams 44	t	2017-01-11 08:43:05.016-04:30	2017-01-11 08:43:05.016-04:30
1880	1287	44	3	FEED ITEM OF teams 44	t	2017-01-11 08:43:05.025-04:30	2017-01-11 08:43:05.025-04:30
1885	1289	43	3	FEED ITEM OF teams 43	t	2017-01-11 08:43:05.032-04:30	2017-01-11 08:43:05.032-04:30
1890	1288	61	3	FEED ITEM OF matches 61	t	2017-01-11 08:43:05.033-04:30	2017-01-11 08:43:05.033-04:30
1895	1290	59	3	FEED ITEM OF matches 59	t	2017-01-11 08:43:05.04-04:30	2017-01-11 08:43:05.04-04:30
1900	1291	252	3	FEED ITEM OF players 252	t	2017-01-11 08:43:05.041-04:30	2017-01-11 08:43:05.041-04:30
1905	1292	96	3	FEED ITEM OF players 96	t	2017-01-11 08:43:05.05-04:30	2017-01-11 08:43:05.05-04:30
1910	1293	94	3	FEED ITEM OF players 94	t	2017-01-11 08:43:05.059-04:30	2017-01-11 08:43:05.059-04:30
1915	1294	111	3	FEED ITEM OF players 111	t	2017-01-11 08:43:05.062-04:30	2017-01-11 08:43:05.062-04:30
1920	1295	252	3	FEED ITEM OF players 252	t	2017-01-11 08:43:05.092-04:30	2017-01-11 08:43:05.092-04:30
1924	1296	58	3	FEED ITEM OF matches 58	t	2017-01-11 08:43:05.093-04:30	2017-01-11 08:43:05.093-04:30
1929	1297	59	3	FEED ITEM OF matches 59	t	2017-01-11 08:43:05.099-04:30	2017-01-11 08:43:05.099-04:30
1934	1298	44	3	FEED ITEM OF teams 44	t	2017-01-11 08:43:05.109-04:30	2017-01-11 08:43:05.109-04:30
1939	1299	41	3	FEED ITEM OF teams 41	t	2017-01-11 08:43:05.11-04:30	2017-01-11 08:43:05.11-04:30
1944	1300	42	3	FEED ITEM OF teams 42	t	2017-01-11 08:43:05.118-04:30	2017-01-11 08:43:05.118-04:30
1949	1300	1171	3	FEED ITEM OF events 1171	t	2017-01-11 08:43:05.119-04:30	2017-01-11 08:43:05.119-04:30
1956	1302	42	3	FEED ITEM OF teams 42	t	2017-01-11 08:43:05.126-04:30	2017-01-11 08:43:05.126-04:30
1961	1302	1171	3	FEED ITEM OF events 1171	t	2017-01-11 08:43:05.127-04:30	2017-01-11 08:43:05.127-04:30
1966	1303	823	3	FEED ITEM OF players 823	t	2017-01-11 08:43:05.132-04:30	2017-01-11 08:43:05.132-04:30
1971	1304	219	3	FEED ITEM OF players 219	t	2017-01-11 08:43:05.136-04:30	2017-01-11 08:43:05.136-04:30
1708	1255	45	3	FEED ITEM OF teams 45	t	2017-01-11 08:43:04.866-04:30	2017-01-11 08:43:04.866-04:30
1712	1255	1171	3	FEED ITEM OF events 1171	t	2017-01-11 08:43:04.869-04:30	2017-01-11 08:43:04.869-04:30
1718	1256	1171	3	FEED ITEM OF events 1171	t	2017-01-11 08:43:04.876-04:30	2017-01-11 08:43:04.876-04:30
1723	1257	273	3	FEED ITEM OF players 273	t	2017-01-11 08:43:04.885-04:30	2017-01-11 08:43:04.885-04:30
1728	1258	205	3	FEED ITEM OF players 205	t	2017-01-11 08:43:04.889-04:30	2017-01-11 08:43:04.889-04:30
1733	1259	61	3	FEED ITEM OF matches 61	t	2017-01-11 08:43:04.895-04:30	2017-01-11 08:43:04.895-04:30
1738	1260	48	3	FEED ITEM OF teams 48	t	2017-01-11 08:43:04.896-04:30	2017-01-11 08:43:04.896-04:30
1743	1261	45	3	FEED ITEM OF teams 45	t	2017-01-11 08:43:04.903-04:30	2017-01-11 08:43:04.903-04:30
1748	1262	45	3	FEED ITEM OF teams 45	t	2017-01-11 08:43:04.91-04:30	2017-01-11 08:43:04.91-04:30
1753	1262	1171	3	FEED ITEM OF events 1171	t	2017-01-11 08:43:04.911-04:30	2017-01-11 08:43:04.911-04:30
1760	1264	48	3	FEED ITEM OF teams 48	t	2017-01-11 08:43:04.921-04:30	2017-01-11 08:43:04.921-04:30
1765	1265	65	3	FEED ITEM OF matches 65	t	2017-01-11 08:43:04.923-04:30	2017-01-11 08:43:04.923-04:30
1769	1265	1169	3	FEED ITEM OF events 1169	t	2017-01-11 08:43:04.923-04:30	2017-01-11 08:43:04.923-04:30
1776	1267	47	3	FEED ITEM OF teams 47	t	2017-01-11 08:43:04.935-04:30	2017-01-11 08:43:04.935-04:30
1781	1268	47	3	FEED ITEM OF teams 47	t	2017-01-11 08:43:04.944-04:30	2017-01-11 08:43:04.944-04:30
1786	1268	1171	3	FEED ITEM OF events 1171	t	2017-01-11 08:43:04.946-04:30	2017-01-11 08:43:04.946-04:30
1791	1270	1169	3	FEED ITEM OF events 1169	t	2017-01-11 08:43:04.947-04:30	2017-01-11 08:43:04.947-04:30
1796	1269	77	3	FEED ITEM OF players 77	t	2017-01-11 08:43:04.948-04:30	2017-01-11 08:43:04.948-04:30
1801	1271	68	3	FEED ITEM OF players 68	t	2017-01-11 08:43:04.954-04:30	2017-01-11 08:43:04.954-04:30
1806	1272	67	3	FEED ITEM OF teams 67	t	2017-01-11 08:43:04.958-04:30	2017-01-11 08:43:04.958-04:30
1811	1273	67	3	FEED ITEM OF teams 67	t	2017-01-11 08:43:04.966-04:30	2017-01-11 08:43:04.966-04:30
1816	1275	65	3	FEED ITEM OF matches 65	t	2017-01-11 08:43:04.967-04:30	2017-01-11 08:43:04.967-04:30
1821	1274	65	3	FEED ITEM OF matches 65	t	2017-01-11 08:43:04.968-04:30	2017-01-11 08:43:04.968-04:30
1826	1276	47	3	FEED ITEM OF teams 47	t	2017-01-11 08:43:04.974-04:30	2017-01-11 08:43:04.974-04:30
1831	1277	48	3	FEED ITEM OF teams 48	t	2017-01-11 08:43:04.978-04:30	2017-01-11 08:43:04.978-04:30
1836	1278	63	3	FEED ITEM OF matches 63	t	2017-01-11 08:43:04.99-04:30	2017-01-11 08:43:04.99-04:30
1841	1279	63	3	FEED ITEM OF matches 63	t	2017-01-11 08:43:04.991-04:30	2017-01-11 08:43:04.991-04:30
1846	1280	63	3	FEED ITEM OF matches 63	t	2017-01-11 08:43:04.992-04:30	2017-01-11 08:43:04.992-04:30
1853	1281	1184	3	FEED ITEM OF events 1184	t	2017-01-11 08:43:04.998-04:30	2017-01-11 08:43:04.998-04:30
1859	1286	41	3	FEED ITEM OF teams 41	t	2017-01-11 08:43:05.013-04:30	2017-01-11 08:43:05.013-04:30
1864	1284	41	3	FEED ITEM OF teams 41	t	2017-01-11 08:43:05.014-04:30	2017-01-11 08:43:05.014-04:30
1869	1283	41	3	FEED ITEM OF teams 41	t	2017-01-11 08:43:05.015-04:30	2017-01-11 08:43:05.015-04:30
1874	1285	41	3	FEED ITEM OF teams 41	t	2017-01-11 08:43:05.016-04:30	2017-01-11 08:43:05.016-04:30
1879	1287	41	3	FEED ITEM OF teams 41	t	2017-01-11 08:43:05.025-04:30	2017-01-11 08:43:05.025-04:30
1884	1289	41	3	FEED ITEM OF teams 41	t	2017-01-11 08:43:05.032-04:30	2017-01-11 08:43:05.032-04:30
1889	1288	48	3	FEED ITEM OF teams 48	t	2017-01-11 08:43:05.033-04:30	2017-01-11 08:43:05.033-04:30
1894	1290	44	3	FEED ITEM OF teams 44	t	2017-01-11 08:43:05.04-04:30	2017-01-11 08:43:05.04-04:30
1899	1291	58	3	FEED ITEM OF matches 58	t	2017-01-11 08:43:05.041-04:30	2017-01-11 08:43:05.041-04:30
1904	1292	59	3	FEED ITEM OF matches 59	t	2017-01-11 08:43:05.05-04:30	2017-01-11 08:43:05.05-04:30
1909	1293	59	3	FEED ITEM OF matches 59	t	2017-01-11 08:43:05.059-04:30	2017-01-11 08:43:05.059-04:30
1914	1294	59	3	FEED ITEM OF matches 59	t	2017-01-11 08:43:05.06-04:30	2017-01-11 08:43:05.06-04:30
1919	1295	58	3	FEED ITEM OF matches 58	t	2017-01-11 08:43:05.092-04:30	2017-01-11 08:43:05.092-04:30
1925	1296	252	3	FEED ITEM OF players 252	t	2017-01-11 08:43:05.093-04:30	2017-01-11 08:43:05.093-04:30
1930	1297	125	3	FEED ITEM OF players 125	t	2017-01-11 08:43:05.099-04:30	2017-01-11 08:43:05.099-04:30
1935	1298	59	3	FEED ITEM OF matches 59	t	2017-01-11 08:43:05.109-04:30	2017-01-11 08:43:05.109-04:30
1942	1299	249	3	FEED ITEM OF players 249	t	2017-01-11 08:43:05.11-04:30	2017-01-11 08:43:05.11-04:30
1947	1300	128	3	FEED ITEM OF players 128	t	2017-01-11 08:43:05.118-04:30	2017-01-11 08:43:05.118-04:30
1951	1301	42	3	FEED ITEM OF teams 42	t	2017-01-11 08:43:05.119-04:30	2017-01-11 08:43:05.119-04:30
1954	1301	122	3	FEED ITEM OF players 122	t	2017-01-11 08:43:05.12-04:30	2017-01-11 08:43:05.12-04:30
1959	1302	127	3	FEED ITEM OF players 127	t	2017-01-11 08:43:05.127-04:30	2017-01-11 08:43:05.127-04:30
1964	1303	58	3	FEED ITEM OF matches 58	t	2017-01-11 08:43:05.132-04:30	2017-01-11 08:43:05.132-04:30
1969	1304	43	3	FEED ITEM OF teams 43	t	2017-01-11 08:43:05.136-04:30	2017-01-11 08:43:05.136-04:30
1974	1305	41	3	FEED ITEM OF teams 41	t	2017-01-11 08:43:05.143-04:30	2017-01-11 08:43:05.143-04:30
1979	1305	1171	3	FEED ITEM OF events 1171	t	2017-01-11 08:43:05.144-04:30	2017-01-11 08:43:05.144-04:30
1984	1306	1169	3	FEED ITEM OF events 1169	t	2017-01-11 08:43:05.145-04:30	2017-01-11 08:43:05.145-04:30
1989	1307	115	3	FEED ITEM OF players 115	t	2017-01-11 08:43:05.152-04:30	2017-01-11 08:43:05.152-04:30
1995	1308	256	3	FEED ITEM OF players 256	t	2017-01-11 08:43:05.157-04:30	2017-01-11 08:43:05.157-04:30
2000	1309	100	3	FEED ITEM OF players 100	t	2017-01-11 08:43:05.165-04:30	2017-01-11 08:43:05.165-04:30
2005	1310	58	3	FEED ITEM OF matches 58	t	2017-01-11 08:43:05.166-04:30	2017-01-11 08:43:05.166-04:30
2010	1311	43	3	FEED ITEM OF teams 43	t	2017-01-11 08:43:05.167-04:30	2017-01-11 08:43:05.167-04:30
2015	1312	42	3	FEED ITEM OF teams 42	t	2017-01-11 08:43:05.175-04:30	2017-01-11 08:43:05.175-04:30
2019	1312	611	3	FEED ITEM OF players 611	t	2017-01-11 08:43:05.176-04:30	2017-01-11 08:43:05.176-04:30
2026	1313	1171	3	FEED ITEM OF events 1171	t	2017-01-11 08:43:05.182-04:30	2017-01-11 08:43:05.182-04:30
2031	1314	260	3	FEED ITEM OF players 260	t	2017-01-11 08:43:05.19-04:30	2017-01-11 08:43:05.19-04:30
2036	1315	251	3	FEED ITEM OF players 251	t	2017-01-11 08:43:05.191-04:30	2017-01-11 08:43:05.191-04:30
2041	1316	111	3	FEED ITEM OF players 111	t	2017-01-11 08:43:05.192-04:30	2017-01-11 08:43:05.192-04:30
2046	1317	58	3	FEED ITEM OF matches 58	t	2017-01-11 08:43:05.198-04:30	2017-01-11 08:43:05.198-04:30
2051	1318	59	3	FEED ITEM OF matches 59	t	2017-01-11 08:43:05.203-04:30	2017-01-11 08:43:05.203-04:30
2056	1319	58	3	FEED ITEM OF matches 58	t	2017-01-11 08:43:05.209-04:30	2017-01-11 08:43:05.209-04:30
2061	1320	1174	3	FEED ITEM OF events 1174	t	2017-01-11 08:43:05.21-04:30	2017-01-11 08:43:05.21-04:30
2066	1322	48	3	FEED ITEM OF teams 48	t	2017-01-11 08:43:05.216-04:30	2017-01-11 08:43:05.216-04:30
2071	1322	1171	3	FEED ITEM OF events 1171	t	2017-01-11 08:43:05.217-04:30	2017-01-11 08:43:05.217-04:30
2076	1323	273	3	FEED ITEM OF players 273	t	2017-01-11 08:43:05.222-04:30	2017-01-11 08:43:05.222-04:30
2080	1324	67	3	FEED ITEM OF teams 67	t	2017-01-11 08:43:05.227-04:30	2017-01-11 08:43:05.227-04:30
2085	1326	66	3	FEED ITEM OF matches 66	t	2017-01-11 08:43:05.234-04:30	2017-01-11 08:43:05.234-04:30
1711	1255	180	3	FEED ITEM OF players 180	t	2017-01-11 08:43:04.868-04:30	2017-01-11 08:43:04.868-04:30
1716	1256	182	3	FEED ITEM OF players 182	t	2017-01-11 08:43:04.876-04:30	2017-01-11 08:43:04.876-04:30
1721	1257	61	3	FEED ITEM OF matches 61	t	2017-01-11 08:43:04.884-04:30	2017-01-11 08:43:04.884-04:30
1726	1258	48	3	FEED ITEM OF teams 48	t	2017-01-11 08:43:04.889-04:30	2017-01-11 08:43:04.889-04:30
1731	1259	45	3	FEED ITEM OF teams 45	t	2017-01-11 08:43:04.895-04:30	2017-01-11 08:43:04.895-04:30
1736	1259	1171	3	FEED ITEM OF events 1171	t	2017-01-11 08:43:04.896-04:30	2017-01-11 08:43:04.896-04:30
1741	1260	206	3	FEED ITEM OF players 206	t	2017-01-11 08:43:04.897-04:30	2017-01-11 08:43:04.897-04:30
1746	1261	180	3	FEED ITEM OF players 180	t	2017-01-11 08:43:04.904-04:30	2017-01-11 08:43:04.904-04:30
1751	1262	183	3	FEED ITEM OF players 183	t	2017-01-11 08:43:04.91-04:30	2017-01-11 08:43:04.91-04:30
1755	1263	61	3	FEED ITEM OF matches 61	t	2017-01-11 08:43:04.92-04:30	2017-01-11 08:43:04.92-04:30
1758	1263	1169	3	FEED ITEM OF events 1169	t	2017-01-11 08:43:04.921-04:30	2017-01-11 08:43:04.921-04:30
1763	1264	188	3	FEED ITEM OF players 188	t	2017-01-11 08:43:04.922-04:30	2017-01-11 08:43:04.922-04:30
1771	1266	65	3	FEED ITEM OF matches 65	t	2017-01-11 08:43:04.93-04:30	2017-01-11 08:43:04.93-04:30
1775	1266	1171	3	FEED ITEM OF events 1171	t	2017-01-11 08:43:04.931-04:30	2017-01-11 08:43:04.931-04:30
1779	1267	81	3	FEED ITEM OF players 81	t	2017-01-11 08:43:04.936-04:30	2017-01-11 08:43:04.936-04:30
1784	1268	89	3	FEED ITEM OF players 89	t	2017-01-11 08:43:04.945-04:30	2017-01-11 08:43:04.945-04:30
1789	1270	67	3	FEED ITEM OF teams 67	t	2017-01-11 08:43:04.946-04:30	2017-01-11 08:43:04.946-04:30
1794	1269	67	3	FEED ITEM OF teams 67	t	2017-01-11 08:43:04.948-04:30	2017-01-11 08:43:04.948-04:30
1799	1271	65	3	FEED ITEM OF matches 65	t	2017-01-11 08:43:04.954-04:30	2017-01-11 08:43:04.954-04:30
1804	1272	47	3	FEED ITEM OF teams 47	t	2017-01-11 08:43:04.958-04:30	2017-01-11 08:43:04.958-04:30
1809	1273	47	3	FEED ITEM OF teams 47	t	2017-01-11 08:43:04.966-04:30	2017-01-11 08:43:04.966-04:30
1814	1273	1171	3	FEED ITEM OF events 1171	t	2017-01-11 08:43:04.967-04:30	2017-01-11 08:43:04.967-04:30
1819	1275	1169	3	FEED ITEM OF events 1169	t	2017-01-11 08:43:04.968-04:30	2017-01-11 08:43:04.968-04:30
1824	1274	153	3	FEED ITEM OF players 153	t	2017-01-11 08:43:04.969-04:30	2017-01-11 08:43:04.969-04:30
1829	1276	1174	3	FEED ITEM OF events 1174	t	2017-01-11 08:43:04.974-04:30	2017-01-11 08:43:04.974-04:30
1834	1278	47	3	FEED ITEM OF teams 47	t	2017-01-11 08:43:04.989-04:30	2017-01-11 08:43:04.989-04:30
1839	1279	47	3	FEED ITEM OF teams 47	t	2017-01-11 08:43:04.99-04:30	2017-01-11 08:43:04.99-04:30
1844	1280	47	3	FEED ITEM OF teams 47	t	2017-01-11 08:43:04.992-04:30	2017-01-11 08:43:04.992-04:30
1850	1281	45	3	FEED ITEM OF teams 45	t	2017-01-11 08:43:04.997-04:30	2017-01-11 08:43:04.997-04:30
1854	1282	45	3	FEED ITEM OF teams 45	t	2017-01-11 08:43:05.004-04:30	2017-01-11 08:43:05.004-04:30
1857	1282	91	3	FEED ITEM OF players 91	t	2017-01-11 08:43:05.004-04:30	2017-01-11 08:43:05.004-04:30
1862	1286	132	3	FEED ITEM OF players 132	t	2017-01-11 08:43:05.013-04:30	2017-01-11 08:43:05.013-04:30
1868	1284	1184	3	FEED ITEM OF events 1184	t	2017-01-11 08:43:05.014-04:30	2017-01-11 08:43:05.014-04:30
1873	1283	1184	3	FEED ITEM OF events 1184	t	2017-01-11 08:43:05.016-04:30	2017-01-11 08:43:05.016-04:30
1878	1285	1184	3	FEED ITEM OF events 1184	t	2017-01-11 08:43:05.017-04:30	2017-01-11 08:43:05.017-04:30
1883	1287	1184	3	FEED ITEM OF events 1184	t	2017-01-11 08:43:05.026-04:30	2017-01-11 08:43:05.026-04:30
1888	1288	45	3	FEED ITEM OF teams 45	t	2017-01-11 08:43:05.032-04:30	2017-01-11 08:43:05.032-04:30
1893	1290	42	3	FEED ITEM OF teams 42	t	2017-01-11 08:43:05.04-04:30	2017-01-11 08:43:05.04-04:30
1898	1291	43	3	FEED ITEM OF teams 43	t	2017-01-11 08:43:05.041-04:30	2017-01-11 08:43:05.041-04:30
1903	1292	44	3	FEED ITEM OF teams 44	t	2017-01-11 08:43:05.05-04:30	2017-01-11 08:43:05.05-04:30
1907	1293	42	3	FEED ITEM OF teams 42	t	2017-01-11 08:43:05.058-04:30	2017-01-11 08:43:05.058-04:30
1912	1294	42	3	FEED ITEM OF teams 42	t	2017-01-11 08:43:05.059-04:30	2017-01-11 08:43:05.059-04:30
1917	1295	41	3	FEED ITEM OF teams 41	t	2017-01-11 08:43:05.092-04:30	2017-01-11 08:43:05.092-04:30
1922	1296	41	3	FEED ITEM OF teams 41	t	2017-01-11 08:43:05.093-04:30	2017-01-11 08:43:05.093-04:30
1927	1297	42	3	FEED ITEM OF teams 42	t	2017-01-11 08:43:05.099-04:30	2017-01-11 08:43:05.099-04:30
1932	1297	1171	3	FEED ITEM OF events 1171	t	2017-01-11 08:43:05.101-04:30	2017-01-11 08:43:05.101-04:30
1937	1298	124	3	FEED ITEM OF players 124	t	2017-01-11 08:43:05.109-04:30	2017-01-11 08:43:05.109-04:30
1941	1299	58	3	FEED ITEM OF matches 58	t	2017-01-11 08:43:05.11-04:30	2017-01-11 08:43:05.11-04:30
1946	1300	59	3	FEED ITEM OF matches 59	t	2017-01-11 08:43:05.118-04:30	2017-01-11 08:43:05.118-04:30
1952	1301	44	3	FEED ITEM OF teams 44	t	2017-01-11 08:43:05.12-04:30	2017-01-11 08:43:05.12-04:30
1957	1302	44	3	FEED ITEM OF teams 44	t	2017-01-11 08:43:05.127-04:30	2017-01-11 08:43:05.127-04:30
1962	1303	41	3	FEED ITEM OF teams 41	t	2017-01-11 08:43:05.131-04:30	2017-01-11 08:43:05.131-04:30
1967	1303	1171	3	FEED ITEM OF events 1171	t	2017-01-11 08:43:05.132-04:30	2017-01-11 08:43:05.132-04:30
1972	1304	224	3	FEED ITEM OF players 224	t	2017-01-11 08:43:05.137-04:30	2017-01-11 08:43:05.137-04:30
1977	1305	220	3	FEED ITEM OF players 220	t	2017-01-11 08:43:05.143-04:30	2017-01-11 08:43:05.143-04:30
1981	1306	43	3	FEED ITEM OF teams 43	t	2017-01-11 08:43:05.144-04:30	2017-01-11 08:43:05.144-04:30
1986	1307	44	3	FEED ITEM OF teams 44	t	2017-01-11 08:43:05.152-04:30	2017-01-11 08:43:05.152-04:30
1991	1308	41	3	FEED ITEM OF teams 41	t	2017-01-11 08:43:05.156-04:30	2017-01-11 08:43:05.156-04:30
1996	1308	1171	3	FEED ITEM OF events 1171	t	2017-01-11 08:43:05.157-04:30	2017-01-11 08:43:05.157-04:30
2002	1309	1171	3	FEED ITEM OF events 1171	t	2017-01-11 08:43:05.166-04:30	2017-01-11 08:43:05.166-04:30
2007	1310	238	3	FEED ITEM OF players 238	t	2017-01-11 08:43:05.167-04:30	2017-01-11 08:43:05.167-04:30
2012	1311	227	3	FEED ITEM OF players 227	t	2017-01-11 08:43:05.168-04:30	2017-01-11 08:43:05.168-04:30
2018	1312	118	3	FEED ITEM OF players 118	t	2017-01-11 08:43:05.176-04:30	2017-01-11 08:43:05.176-04:30
2023	1313	58	3	FEED ITEM OF matches 58	t	2017-01-11 08:43:05.182-04:30	2017-01-11 08:43:05.182-04:30
2028	1314	43	3	FEED ITEM OF teams 43	t	2017-01-11 08:43:05.189-04:30	2017-01-11 08:43:05.189-04:30
2032	1314	1171	3	FEED ITEM OF events 1171	t	2017-01-11 08:43:05.19-04:30	2017-01-11 08:43:05.19-04:30
2037	1315	1169	3	FEED ITEM OF events 1169	t	2017-01-11 08:43:05.191-04:30	2017-01-11 08:43:05.191-04:30
2042	1316	458	3	FEED ITEM OF players 458	t	2017-01-11 08:43:05.192-04:30	2017-01-11 08:43:05.192-04:30
2047	1317	256	3	FEED ITEM OF players 256	t	2017-01-11 08:43:05.198-04:30	2017-01-11 08:43:05.198-04:30
2052	1318	119	3	FEED ITEM OF players 119	t	2017-01-11 08:43:05.203-04:30	2017-01-11 08:43:05.203-04:30
2057	1319	1174	3	FEED ITEM OF events 1174	t	2017-01-11 08:43:05.209-04:30	2017-01-11 08:43:05.209-04:30
2062	1321	48	3	FEED ITEM OF teams 48	t	2017-01-11 08:43:05.21-04:30	2017-01-11 08:43:05.21-04:30
2067	1322	66	3	FEED ITEM OF matches 66	t	2017-01-11 08:43:05.216-04:30	2017-01-11 08:43:05.216-04:30
2072	1323	48	3	FEED ITEM OF teams 48	t	2017-01-11 08:43:05.221-04:30	2017-01-11 08:43:05.221-04:30
2077	1323	1171	3	FEED ITEM OF events 1171	t	2017-01-11 08:43:05.222-04:30	2017-01-11 08:43:05.222-04:30
1713	1256	45	3	FEED ITEM OF teams 45	t	2017-01-11 08:43:04.875-04:30	2017-01-11 08:43:04.875-04:30
1717	1256	287	3	FEED ITEM OF players 287	t	2017-01-11 08:43:04.876-04:30	2017-01-11 08:43:04.876-04:30
1722	1257	186	3	FEED ITEM OF players 186	t	2017-01-11 08:43:04.885-04:30	2017-01-11 08:43:04.885-04:30
1727	1258	61	3	FEED ITEM OF matches 61	t	2017-01-11 08:43:04.889-04:30	2017-01-11 08:43:04.889-04:30
1732	1259	48	3	FEED ITEM OF teams 48	t	2017-01-11 08:43:04.895-04:30	2017-01-11 08:43:04.895-04:30
1737	1260	45	3	FEED ITEM OF teams 45	t	2017-01-11 08:43:04.896-04:30	2017-01-11 08:43:04.896-04:30
1742	1260	1171	3	FEED ITEM OF events 1171	t	2017-01-11 08:43:04.897-04:30	2017-01-11 08:43:04.897-04:30
1747	1261	1169	3	FEED ITEM OF events 1169	t	2017-01-11 08:43:04.904-04:30	2017-01-11 08:43:04.904-04:30
1752	1262	185	3	FEED ITEM OF players 185	t	2017-01-11 08:43:04.911-04:30	2017-01-11 08:43:04.911-04:30
1757	1263	194	3	FEED ITEM OF players 194	t	2017-01-11 08:43:04.921-04:30	2017-01-11 08:43:04.921-04:30
1762	1264	174	3	FEED ITEM OF players 174	t	2017-01-11 08:43:04.922-04:30	2017-01-11 08:43:04.922-04:30
1764	1264	1171	3	FEED ITEM OF events 1171	t	2017-01-11 08:43:04.922-04:30	2017-01-11 08:43:04.922-04:30
1768	1265	149	3	FEED ITEM OF players 149	t	2017-01-11 08:43:04.923-04:30	2017-01-11 08:43:04.923-04:30
1773	1266	159	3	FEED ITEM OF players 159	t	2017-01-11 08:43:04.93-04:30	2017-01-11 08:43:04.93-04:30
1778	1267	67	3	FEED ITEM OF teams 67	t	2017-01-11 08:43:04.936-04:30	2017-01-11 08:43:04.936-04:30
1783	1268	67	3	FEED ITEM OF teams 67	t	2017-01-11 08:43:04.945-04:30	2017-01-11 08:43:04.945-04:30
1788	1270	65	3	FEED ITEM OF matches 65	t	2017-01-11 08:43:04.946-04:30	2017-01-11 08:43:04.946-04:30
1793	1269	65	3	FEED ITEM OF matches 65	t	2017-01-11 08:43:04.947-04:30	2017-01-11 08:43:04.947-04:30
1798	1271	47	3	FEED ITEM OF teams 47	t	2017-01-11 08:43:04.954-04:30	2017-01-11 08:43:04.954-04:30
1803	1271	1171	3	FEED ITEM OF events 1171	t	2017-01-11 08:43:04.954-04:30	2017-01-11 08:43:04.954-04:30
1808	1272	1169	3	FEED ITEM OF events 1169	t	2017-01-11 08:43:04.959-04:30	2017-01-11 08:43:04.959-04:30
1813	1273	162	3	FEED ITEM OF players 162	t	2017-01-11 08:43:04.967-04:30	2017-01-11 08:43:04.967-04:30
1818	1275	160	3	FEED ITEM OF players 160	t	2017-01-11 08:43:04.968-04:30	2017-01-11 08:43:04.968-04:30
1823	1274	150	3	FEED ITEM OF players 150	t	2017-01-11 08:43:04.969-04:30	2017-01-11 08:43:04.969-04:30
1828	1276	67	3	FEED ITEM OF teams 67	t	2017-01-11 08:43:04.974-04:30	2017-01-11 08:43:04.974-04:30
1833	1277	1174	3	FEED ITEM OF events 1174	t	2017-01-11 08:43:04.978-04:30	2017-01-11 08:43:04.978-04:30
1838	1278	1184	3	FEED ITEM OF events 1184	t	2017-01-11 08:43:04.99-04:30	2017-01-11 08:43:04.99-04:30
1843	1279	1184	3	FEED ITEM OF events 1184	t	2017-01-11 08:43:04.992-04:30	2017-01-11 08:43:04.992-04:30
1848	1280	1184	3	FEED ITEM OF events 1184	t	2017-01-11 08:43:04.992-04:30	2017-01-11 08:43:04.992-04:30
1851	1281	67	3	FEED ITEM OF teams 67	t	2017-01-11 08:43:04.998-04:30	2017-01-11 08:43:04.998-04:30
1856	1282	67	3	FEED ITEM OF teams 67	t	2017-01-11 08:43:05.004-04:30	2017-01-11 08:43:05.004-04:30
1861	1286	55	3	FEED ITEM OF matches 55	t	2017-01-11 08:43:05.013-04:30	2017-01-11 08:43:05.013-04:30
1866	1284	55	3	FEED ITEM OF matches 55	t	2017-01-11 08:43:05.014-04:30	2017-01-11 08:43:05.014-04:30
1871	1283	55	3	FEED ITEM OF matches 55	t	2017-01-11 08:43:05.015-04:30	2017-01-11 08:43:05.015-04:30
1876	1285	55	3	FEED ITEM OF matches 55	t	2017-01-11 08:43:05.016-04:30	2017-01-11 08:43:05.016-04:30
1881	1287	55	3	FEED ITEM OF matches 55	t	2017-01-11 08:43:05.025-04:30	2017-01-11 08:43:05.025-04:30
1886	1289	58	3	FEED ITEM OF matches 58	t	2017-01-11 08:43:05.032-04:30	2017-01-11 08:43:05.032-04:30
1891	1288	209	3	FEED ITEM OF players 209	t	2017-01-11 08:43:05.033-04:30	2017-01-11 08:43:05.033-04:30
1896	1290	1173	3	FEED ITEM OF events 1173	t	2017-01-11 08:43:05.04-04:30	2017-01-11 08:43:05.04-04:30
1901	1291	1169	3	FEED ITEM OF events 1169	t	2017-01-11 08:43:05.041-04:30	2017-01-11 08:43:05.041-04:30
1906	1292	1184	3	FEED ITEM OF events 1184	t	2017-01-11 08:43:05.05-04:30	2017-01-11 08:43:05.05-04:30
1911	1293	1169	3	FEED ITEM OF events 1169	t	2017-01-11 08:43:05.059-04:30	2017-01-11 08:43:05.059-04:30
1916	1294	1169	3	FEED ITEM OF events 1169	t	2017-01-11 08:43:05.062-04:30	2017-01-11 08:43:05.062-04:30
1921	1295	1169	3	FEED ITEM OF events 1169	t	2017-01-11 08:43:05.092-04:30	2017-01-11 08:43:05.092-04:30
1926	1296	1169	3	FEED ITEM OF events 1169	t	2017-01-11 08:43:05.093-04:30	2017-01-11 08:43:05.093-04:30
1931	1297	591	3	FEED ITEM OF players 591	t	2017-01-11 08:43:05.101-04:30	2017-01-11 08:43:05.101-04:30
1936	1298	126	3	FEED ITEM OF players 126	t	2017-01-11 08:43:05.109-04:30	2017-01-11 08:43:05.109-04:30
1940	1299	43	3	FEED ITEM OF teams 43	t	2017-01-11 08:43:05.11-04:30	2017-01-11 08:43:05.11-04:30
1945	1300	44	3	FEED ITEM OF teams 44	t	2017-01-11 08:43:05.118-04:30	2017-01-11 08:43:05.118-04:30
1950	1301	59	3	FEED ITEM OF matches 59	t	2017-01-11 08:43:05.12-04:30	2017-01-11 08:43:05.12-04:30
1955	1301	1171	3	FEED ITEM OF events 1171	t	2017-01-11 08:43:05.12-04:30	2017-01-11 08:43:05.12-04:30
1960	1302	606	3	FEED ITEM OF players 606	t	2017-01-11 08:43:05.127-04:30	2017-01-11 08:43:05.127-04:30
1965	1303	218	3	FEED ITEM OF players 218	t	2017-01-11 08:43:05.132-04:30	2017-01-11 08:43:05.132-04:30
1970	1304	58	3	FEED ITEM OF matches 58	t	2017-01-11 08:43:05.136-04:30	2017-01-11 08:43:05.136-04:30
1975	1305	43	3	FEED ITEM OF teams 43	t	2017-01-11 08:43:05.143-04:30	2017-01-11 08:43:05.143-04:30
1980	1306	41	3	FEED ITEM OF teams 41	t	2017-01-11 08:43:05.144-04:30	2017-01-11 08:43:05.144-04:30
1985	1307	42	3	FEED ITEM OF teams 42	t	2017-01-11 08:43:05.151-04:30	2017-01-11 08:43:05.151-04:30
1990	1307	1171	3	FEED ITEM OF events 1171	t	2017-01-11 08:43:05.153-04:30	2017-01-11 08:43:05.153-04:30
1994	1308	249	3	FEED ITEM OF players 249	t	2017-01-11 08:43:05.157-04:30	2017-01-11 08:43:05.157-04:30
1999	1309	59	3	FEED ITEM OF matches 59	t	2017-01-11 08:43:05.165-04:30	2017-01-11 08:43:05.165-04:30
2004	1310	43	3	FEED ITEM OF teams 43	t	2017-01-11 08:43:05.166-04:30	2017-01-11 08:43:05.166-04:30
2009	1311	41	3	FEED ITEM OF teams 41	t	2017-01-11 08:43:05.167-04:30	2017-01-11 08:43:05.167-04:30
2014	1311	1171	3	FEED ITEM OF events 1171	t	2017-01-11 08:43:05.168-04:30	2017-01-11 08:43:05.168-04:30
2020	1312	1171	3	FEED ITEM OF events 1171	t	2017-01-11 08:43:05.176-04:30	2017-01-11 08:43:05.176-04:30
2024	1313	253	3	FEED ITEM OF players 253	t	2017-01-11 08:43:05.182-04:30	2017-01-11 08:43:05.182-04:30
2029	1314	58	3	FEED ITEM OF matches 58	t	2017-01-11 08:43:05.189-04:30	2017-01-11 08:43:05.189-04:30
2034	1315	43	3	FEED ITEM OF teams 43	t	2017-01-11 08:43:05.19-04:30	2017-01-11 08:43:05.19-04:30
2039	1316	44	3	FEED ITEM OF teams 44	t	2017-01-11 08:43:05.191-04:30	2017-01-11 08:43:05.191-04:30
2044	1317	41	3	FEED ITEM OF teams 41	t	2017-01-11 08:43:05.198-04:30	2017-01-11 08:43:05.198-04:30
2049	1318	42	3	FEED ITEM OF teams 42	t	2017-01-11 08:43:05.202-04:30	2017-01-11 08:43:05.202-04:30
2054	1319	41	3	FEED ITEM OF teams 41	t	2017-01-11 08:43:05.209-04:30	2017-01-11 08:43:05.209-04:30
2059	1320	44	3	FEED ITEM OF teams 44	t	2017-01-11 08:43:05.21-04:30	2017-01-11 08:43:05.21-04:30
1725	1258	45	3	FEED ITEM OF teams 45	t	2017-01-11 08:43:04.888-04:30	2017-01-11 08:43:04.888-04:30
1730	1258	1171	3	FEED ITEM OF events 1171	t	2017-01-11 08:43:04.889-04:30	2017-01-11 08:43:04.889-04:30
1735	1259	208	3	FEED ITEM OF players 208	t	2017-01-11 08:43:04.896-04:30	2017-01-11 08:43:04.896-04:30
1740	1260	200	3	FEED ITEM OF players 200	t	2017-01-11 08:43:04.897-04:30	2017-01-11 08:43:04.897-04:30
1745	1261	61	3	FEED ITEM OF matches 61	t	2017-01-11 08:43:04.904-04:30	2017-01-11 08:43:04.904-04:30
1750	1262	61	3	FEED ITEM OF matches 61	t	2017-01-11 08:43:04.91-04:30	2017-01-11 08:43:04.91-04:30
1756	1263	48	3	FEED ITEM OF teams 48	t	2017-01-11 08:43:04.92-04:30	2017-01-11 08:43:04.92-04:30
1761	1264	61	3	FEED ITEM OF matches 61	t	2017-01-11 08:43:04.922-04:30	2017-01-11 08:43:04.922-04:30
1766	1265	67	3	FEED ITEM OF teams 67	t	2017-01-11 08:43:04.923-04:30	2017-01-11 08:43:04.923-04:30
1770	1266	47	3	FEED ITEM OF teams 47	t	2017-01-11 08:43:04.93-04:30	2017-01-11 08:43:04.93-04:30
1774	1266	376	3	FEED ITEM OF players 376	t	2017-01-11 08:43:04.931-04:30	2017-01-11 08:43:04.931-04:30
1780	1267	1169	3	FEED ITEM OF events 1169	t	2017-01-11 08:43:04.936-04:30	2017-01-11 08:43:04.936-04:30
1785	1268	299	3	FEED ITEM OF players 299	t	2017-01-11 08:43:04.945-04:30	2017-01-11 08:43:04.945-04:30
1790	1270	162	3	FEED ITEM OF players 162	t	2017-01-11 08:43:04.947-04:30	2017-01-11 08:43:04.947-04:30
1795	1269	68	3	FEED ITEM OF players 68	t	2017-01-11 08:43:04.948-04:30	2017-01-11 08:43:04.948-04:30
1800	1271	67	3	FEED ITEM OF teams 67	t	2017-01-11 08:43:04.954-04:30	2017-01-11 08:43:04.954-04:30
1805	1272	65	3	FEED ITEM OF matches 65	t	2017-01-11 08:43:04.958-04:30	2017-01-11 08:43:04.958-04:30
1810	1273	65	3	FEED ITEM OF matches 65	t	2017-01-11 08:43:04.966-04:30	2017-01-11 08:43:04.966-04:30
1815	1275	47	3	FEED ITEM OF teams 47	t	2017-01-11 08:43:04.967-04:30	2017-01-11 08:43:04.967-04:30
1820	1274	47	3	FEED ITEM OF teams 47	t	2017-01-11 08:43:04.968-04:30	2017-01-11 08:43:04.968-04:30
1825	1274	1171	3	FEED ITEM OF events 1171	t	2017-01-11 08:43:04.969-04:30	2017-01-11 08:43:04.969-04:30
1830	1277	45	3	FEED ITEM OF teams 45	t	2017-01-11 08:43:04.978-04:30	2017-01-11 08:43:04.978-04:30
1835	1278	48	3	FEED ITEM OF teams 48	t	2017-01-11 08:43:04.99-04:30	2017-01-11 08:43:04.99-04:30
1840	1279	48	3	FEED ITEM OF teams 48	t	2017-01-11 08:43:04.991-04:30	2017-01-11 08:43:04.991-04:30
1845	1280	48	3	FEED ITEM OF teams 48	t	2017-01-11 08:43:04.992-04:30	2017-01-11 08:43:04.992-04:30
1849	1281	64	3	FEED ITEM OF matches 64	t	2017-01-11 08:43:04.997-04:30	2017-01-11 08:43:04.997-04:30
1855	1282	64	3	FEED ITEM OF matches 64	t	2017-01-11 08:43:05.004-04:30	2017-01-11 08:43:05.004-04:30
1858	1282	1184	3	FEED ITEM OF events 1184	t	2017-01-11 08:43:05.005-04:30	2017-01-11 08:43:05.005-04:30
1863	1286	1184	3	FEED ITEM OF events 1184	t	2017-01-11 08:43:05.013-04:30	2017-01-11 08:43:05.013-04:30
1867	1284	611	3	FEED ITEM OF players 611	t	2017-01-11 08:43:05.014-04:30	2017-01-11 08:43:05.014-04:30
1872	1283	606	3	FEED ITEM OF players 606	t	2017-01-11 08:43:05.015-04:30	2017-01-11 08:43:05.015-04:30
1877	1285	248	3	FEED ITEM OF players 248	t	2017-01-11 08:43:05.016-04:30	2017-01-11 08:43:05.016-04:30
1882	1287	130	3	FEED ITEM OF players 130	t	2017-01-11 08:43:05.025-04:30	2017-01-11 08:43:05.025-04:30
1887	1289	1173	3	FEED ITEM OF events 1173	t	2017-01-11 08:43:05.032-04:30	2017-01-11 08:43:05.032-04:30
1892	1288	1184	3	FEED ITEM OF events 1184	t	2017-01-11 08:43:05.033-04:30	2017-01-11 08:43:05.033-04:30
1897	1291	41	3	FEED ITEM OF teams 41	t	2017-01-11 08:43:05.041-04:30	2017-01-11 08:43:05.041-04:30
1902	1292	42	3	FEED ITEM OF teams 42	t	2017-01-11 08:43:05.049-04:30	2017-01-11 08:43:05.049-04:30
1908	1293	44	3	FEED ITEM OF teams 44	t	2017-01-11 08:43:05.058-04:30	2017-01-11 08:43:05.058-04:30
1913	1294	44	3	FEED ITEM OF teams 44	t	2017-01-11 08:43:05.059-04:30	2017-01-11 08:43:05.059-04:30
1918	1295	43	3	FEED ITEM OF teams 43	t	2017-01-11 08:43:05.092-04:30	2017-01-11 08:43:05.092-04:30
1923	1296	43	3	FEED ITEM OF teams 43	t	2017-01-11 08:43:05.093-04:30	2017-01-11 08:43:05.093-04:30
1928	1297	44	3	FEED ITEM OF teams 44	t	2017-01-11 08:43:05.099-04:30	2017-01-11 08:43:05.099-04:30
1933	1298	42	3	FEED ITEM OF teams 42	t	2017-01-11 08:43:05.108-04:30	2017-01-11 08:43:05.108-04:30
1938	1298	1171	3	FEED ITEM OF events 1171	t	2017-01-11 08:43:05.11-04:30	2017-01-11 08:43:05.11-04:30
1943	1299	1169	3	FEED ITEM OF events 1169	t	2017-01-11 08:43:05.111-04:30	2017-01-11 08:43:05.111-04:30
1948	1300	129	3	FEED ITEM OF players 129	t	2017-01-11 08:43:05.119-04:30	2017-01-11 08:43:05.119-04:30
1953	1301	119	3	FEED ITEM OF players 119	t	2017-01-11 08:43:05.12-04:30	2017-01-11 08:43:05.12-04:30
1958	1302	59	3	FEED ITEM OF matches 59	t	2017-01-11 08:43:05.127-04:30	2017-01-11 08:43:05.127-04:30
1963	1303	43	3	FEED ITEM OF teams 43	t	2017-01-11 08:43:05.132-04:30	2017-01-11 08:43:05.132-04:30
1968	1304	41	3	FEED ITEM OF teams 41	t	2017-01-11 08:43:05.136-04:30	2017-01-11 08:43:05.136-04:30
1973	1304	1171	3	FEED ITEM OF events 1171	t	2017-01-11 08:43:05.137-04:30	2017-01-11 08:43:05.137-04:30
1978	1305	237	3	FEED ITEM OF players 237	t	2017-01-11 08:43:05.144-04:30	2017-01-11 08:43:05.144-04:30
1983	1306	238	3	FEED ITEM OF players 238	t	2017-01-11 08:43:05.145-04:30	2017-01-11 08:43:05.145-04:30
1988	1307	94	3	FEED ITEM OF players 94	t	2017-01-11 08:43:05.152-04:30	2017-01-11 08:43:05.152-04:30
1993	1308	58	3	FEED ITEM OF matches 58	t	2017-01-11 08:43:05.157-04:30	2017-01-11 08:43:05.157-04:30
1998	1309	44	3	FEED ITEM OF teams 44	t	2017-01-11 08:43:05.165-04:30	2017-01-11 08:43:05.165-04:30
2003	1310	41	3	FEED ITEM OF teams 41	t	2017-01-11 08:43:05.166-04:30	2017-01-11 08:43:05.166-04:30
2008	1310	1171	3	FEED ITEM OF events 1171	t	2017-01-11 08:43:05.167-04:30	2017-01-11 08:43:05.167-04:30
2013	1311	235	3	FEED ITEM OF players 235	t	2017-01-11 08:43:05.168-04:30	2017-01-11 08:43:05.168-04:30
2017	1312	59	3	FEED ITEM OF matches 59	t	2017-01-11 08:43:05.175-04:30	2017-01-11 08:43:05.175-04:30
2022	1313	43	3	FEED ITEM OF teams 43	t	2017-01-11 08:43:05.181-04:30	2017-01-11 08:43:05.181-04:30
2025	1313	259	3	FEED ITEM OF players 259	t	2017-01-11 08:43:05.182-04:30	2017-01-11 08:43:05.182-04:30
2030	1314	248	3	FEED ITEM OF players 248	t	2017-01-11 08:43:05.19-04:30	2017-01-11 08:43:05.19-04:30
2035	1315	58	3	FEED ITEM OF matches 58	t	2017-01-11 08:43:05.191-04:30	2017-01-11 08:43:05.191-04:30
2040	1316	59	3	FEED ITEM OF matches 59	t	2017-01-11 08:43:05.192-04:30	2017-01-11 08:43:05.192-04:30
2045	1317	43	3	FEED ITEM OF teams 43	t	2017-01-11 08:43:05.198-04:30	2017-01-11 08:43:05.198-04:30
2050	1318	44	3	FEED ITEM OF teams 44	t	2017-01-11 08:43:05.203-04:30	2017-01-11 08:43:05.203-04:30
2055	1319	43	3	FEED ITEM OF teams 43	t	2017-01-11 08:43:05.209-04:30	2017-01-11 08:43:05.209-04:30
2060	1320	59	3	FEED ITEM OF matches 59	t	2017-01-11 08:43:05.21-04:30	2017-01-11 08:43:05.21-04:30
1976	1305	58	3	FEED ITEM OF matches 58	t	2017-01-11 08:43:05.143-04:30	2017-01-11 08:43:05.143-04:30
1982	1306	58	3	FEED ITEM OF matches 58	t	2017-01-11 08:43:05.145-04:30	2017-01-11 08:43:05.145-04:30
1987	1307	59	3	FEED ITEM OF matches 59	t	2017-01-11 08:43:05.152-04:30	2017-01-11 08:43:05.152-04:30
1992	1308	43	3	FEED ITEM OF teams 43	t	2017-01-11 08:43:05.156-04:30	2017-01-11 08:43:05.156-04:30
1997	1309	42	3	FEED ITEM OF teams 42	t	2017-01-11 08:43:05.165-04:30	2017-01-11 08:43:05.165-04:30
2001	1309	103	3	FEED ITEM OF players 103	t	2017-01-11 08:43:05.166-04:30	2017-01-11 08:43:05.166-04:30
2006	1310	221	3	FEED ITEM OF players 221	t	2017-01-11 08:43:05.167-04:30	2017-01-11 08:43:05.167-04:30
2011	1311	58	3	FEED ITEM OF matches 58	t	2017-01-11 08:43:05.168-04:30	2017-01-11 08:43:05.168-04:30
2016	1312	44	3	FEED ITEM OF teams 44	t	2017-01-11 08:43:05.175-04:30	2017-01-11 08:43:05.175-04:30
2021	1313	41	3	FEED ITEM OF teams 41	t	2017-01-11 08:43:05.181-04:30	2017-01-11 08:43:05.181-04:30
2027	1314	41	3	FEED ITEM OF teams 41	t	2017-01-11 08:43:05.189-04:30	2017-01-11 08:43:05.189-04:30
2033	1315	41	3	FEED ITEM OF teams 41	t	2017-01-11 08:43:05.19-04:30	2017-01-11 08:43:05.19-04:30
2038	1316	42	3	FEED ITEM OF teams 42	t	2017-01-11 08:43:05.191-04:30	2017-01-11 08:43:05.191-04:30
2043	1316	1171	3	FEED ITEM OF events 1171	t	2017-01-11 08:43:05.192-04:30	2017-01-11 08:43:05.192-04:30
2048	1317	1169	3	FEED ITEM OF events 1169	t	2017-01-11 08:43:05.199-04:30	2017-01-11 08:43:05.199-04:30
2053	1318	1169	3	FEED ITEM OF events 1169	t	2017-01-11 08:43:05.203-04:30	2017-01-11 08:43:05.203-04:30
2058	1320	42	3	FEED ITEM OF teams 42	t	2017-01-11 08:43:05.21-04:30	2017-01-11 08:43:05.21-04:30
2063	1321	66	3	FEED ITEM OF matches 66	t	2017-01-11 08:43:05.21-04:30	2017-01-11 08:43:05.21-04:30
2068	1322	67	3	FEED ITEM OF teams 67	t	2017-01-11 08:43:05.216-04:30	2017-01-11 08:43:05.216-04:30
2074	1323	67	3	FEED ITEM OF teams 67	t	2017-01-11 08:43:05.222-04:30	2017-01-11 08:43:05.222-04:30
2079	1324	66	3	FEED ITEM OF matches 66	t	2017-01-11 08:43:05.227-04:30	2017-01-11 08:43:05.227-04:30
2084	1326	48	3	FEED ITEM OF teams 48	t	2017-01-11 08:43:05.234-04:30	2017-01-11 08:43:05.234-04:30
2088	1326	77	3	FEED ITEM OF players 77	t	2017-01-11 08:43:05.235-04:30	2017-01-11 08:43:05.235-04:30
2093	1325	173	3	FEED ITEM OF players 173	t	2017-01-11 08:43:05.236-04:30	2017-01-11 08:43:05.236-04:30
2098	1328	67	3	FEED ITEM OF teams 67	t	2017-01-11 08:43:05.244-04:30	2017-01-11 08:43:05.244-04:30
2103	1327	66	3	FEED ITEM OF matches 66	t	2017-01-11 08:43:05.244-04:30	2017-01-11 08:43:05.244-04:30
2107	1327	1171	3	FEED ITEM OF events 1171	t	2017-01-11 08:43:05.245-04:30	2017-01-11 08:43:05.245-04:30
2112	1329	1169	3	FEED ITEM OF events 1169	t	2017-01-11 08:43:05.251-04:30	2017-01-11 08:43:05.251-04:30
2117	1331	43	3	FEED ITEM OF teams 43	t	2017-01-11 08:43:05.256-04:30	2017-01-11 08:43:05.256-04:30
2123	1332	60	3	FEED ITEM OF matches 60	t	2017-01-11 08:43:05.263-04:30	2017-01-11 08:43:05.263-04:30
2129	1333	237	3	FEED ITEM OF players 237	t	2017-01-11 08:43:05.264-04:30	2017-01-11 08:43:05.264-04:30
2133	1334	606	3	FEED ITEM OF players 606	t	2017-01-11 08:43:05.269-04:30	2017-01-11 08:43:05.269-04:30
2138	1335	60	3	FEED ITEM OF matches 60	t	2017-01-11 08:43:05.275-04:30	2017-01-11 08:43:05.275-04:30
2143	1336	60	3	FEED ITEM OF matches 60	t	2017-01-11 08:43:05.276-04:30	2017-01-11 08:43:05.276-04:30
2148	1337	60	3	FEED ITEM OF matches 60	t	2017-01-11 08:43:05.284-04:30	2017-01-11 08:43:05.284-04:30
2153	1338	44	3	FEED ITEM OF teams 44	t	2017-01-11 08:43:05.285-04:30	2017-01-11 08:43:05.285-04:30
2159	1339	44	3	FEED ITEM OF teams 44	t	2017-01-11 08:43:05.291-04:30	2017-01-11 08:43:05.291-04:30
2164	1340	43	3	FEED ITEM OF teams 43	t	2017-01-11 08:43:05.297-04:30	2017-01-11 08:43:05.297-04:30
2169	1340	1171	3	FEED ITEM OF events 1171	t	2017-01-11 08:43:05.298-04:30	2017-01-11 08:43:05.298-04:30
2174	1341	606	3	FEED ITEM OF players 606	t	2017-01-11 08:43:05.299-04:30	2017-01-11 08:43:05.299-04:30
2179	1342	219	3	FEED ITEM OF players 219	t	2017-01-11 08:43:05.308-04:30	2017-01-11 08:43:05.308-04:30
2185	1343	227	3	FEED ITEM OF players 227	t	2017-01-11 08:43:05.309-04:30	2017-01-11 08:43:05.309-04:30
2191	1344	119	3	FEED ITEM OF players 119	t	2017-01-11 08:43:05.335-04:30	2017-01-11 08:43:05.335-04:30
2196	1345	60	3	FEED ITEM OF matches 60	t	2017-01-11 08:43:05.342-04:30	2017-01-11 08:43:05.342-04:30
2201	1346	44	3	FEED ITEM OF teams 44	t	2017-01-11 08:43:05.343-04:30	2017-01-11 08:43:05.343-04:30
2206	1347	60	3	FEED ITEM OF matches 60	t	2017-01-11 08:43:05.35-04:30	2017-01-11 08:43:05.35-04:30
2211	1348	47	3	FEED ITEM OF teams 47	t	2017-01-11 08:43:05.351-04:30	2017-01-11 08:43:05.351-04:30
2216	1349	45	3	FEED ITEM OF teams 45	t	2017-01-11 08:43:05.358-04:30	2017-01-11 08:43:05.358-04:30
2221	1349	1171	3	FEED ITEM OF events 1171	t	2017-01-11 08:43:05.359-04:30	2017-01-11 08:43:05.359-04:30
2226	1350	1184	3	FEED ITEM OF events 1184	t	2017-01-11 08:43:05.365-04:30	2017-01-11 08:43:05.365-04:30
2231	1352	45	3	FEED ITEM OF teams 45	t	2017-01-11 08:43:05.372-04:30	2017-01-11 08:43:05.372-04:30
2236	1353	45	3	FEED ITEM OF teams 45	t	2017-01-11 08:43:05.373-04:30	2017-01-11 08:43:05.373-04:30
2241	1353	1171	3	FEED ITEM OF events 1171	t	2017-01-11 08:43:05.373-04:30	2017-01-11 08:43:05.373-04:30
2246	1354	159	3	FEED ITEM OF players 159	t	2017-01-11 08:43:05.379-04:30	2017-01-11 08:43:05.379-04:30
2251	1355	149	3	FEED ITEM OF players 149	t	2017-01-11 08:43:05.385-04:30	2017-01-11 08:43:05.385-04:30
2256	1356	205	3	FEED ITEM OF players 205	t	2017-01-11 08:43:05.386-04:30	2017-01-11 08:43:05.386-04:30
2261	1357	62	3	FEED ITEM OF matches 62	t	2017-01-11 08:43:05.393-04:30	2017-01-11 08:43:05.393-04:30
2267	1358	153	3	FEED ITEM OF players 153	t	2017-01-11 08:43:05.394-04:30	2017-01-11 08:43:05.394-04:30
2272	1359	62	3	FEED ITEM OF matches 62	t	2017-01-11 08:43:05.399-04:30	2017-01-11 08:43:05.399-04:30
2277	1360	47	3	FEED ITEM OF teams 47	t	2017-01-11 08:43:05.408-04:30	2017-01-11 08:43:05.408-04:30
2282	1361	47	3	FEED ITEM OF teams 47	t	2017-01-11 08:43:05.409-04:30	2017-01-11 08:43:05.409-04:30
2287	1362	62	3	FEED ITEM OF matches 62	t	2017-01-11 08:43:05.416-04:30	2017-01-11 08:43:05.416-04:30
2292	1363	42	3	FEED ITEM OF teams 42	t	2017-01-11 08:43:05.417-04:30	2017-01-11 08:43:05.417-04:30
2297	1364	41	3	FEED ITEM OF teams 41	t	2017-01-11 08:43:05.423-04:30	2017-01-11 08:43:05.423-04:30
2302	1364	1171	3	FEED ITEM OF events 1171	t	2017-01-11 08:43:05.424-04:30	2017-01-11 08:43:05.424-04:30
2307	1365	247	3	FEED ITEM OF players 247	t	2017-01-11 08:43:05.43-04:30	2017-01-11 08:43:05.43-04:30
2312	1368	249	3	FEED ITEM OF players 249	t	2017-01-11 08:43:05.441-04:30	2017-01-11 08:43:05.441-04:30
2317	1367	56	3	FEED ITEM OF matches 56	t	2017-01-11 08:43:05.441-04:30	2017-01-11 08:43:05.441-04:30
2322	1366	250	3	FEED ITEM OF players 250	t	2017-01-11 08:43:05.442-04:30	2017-01-11 08:43:05.442-04:30
2327	1370	56	3	FEED ITEM OF matches 56	t	2017-01-11 08:43:05.45-04:30	2017-01-11 08:43:05.45-04:30
2332	1369	248	3	FEED ITEM OF players 248	t	2017-01-11 08:43:05.45-04:30	2017-01-11 08:43:05.45-04:30
2338	1371	1169	3	FEED ITEM OF events 1169	t	2017-01-11 08:43:05.457-04:30	2017-01-11 08:43:05.457-04:30
2343	1375	1184	3	FEED ITEM OF events 1184	t	2017-01-11 08:43:05.466-04:30	2017-01-11 08:43:05.466-04:30
2348	1372	1169	3	FEED ITEM OF events 1169	t	2017-01-11 08:43:05.467-04:30	2017-01-11 08:43:05.467-04:30
2353	1373	185	3	FEED ITEM OF players 185	t	2017-01-11 08:43:05.467-04:30	2017-01-11 08:43:05.467-04:30
2358	1374	197	3	FEED ITEM OF players 197	t	2017-01-11 08:43:05.468-04:30	2017-01-11 08:43:05.468-04:30
2363	1376	219	3	FEED ITEM OF players 219	t	2017-01-11 08:43:05.48-04:30	2017-01-11 08:43:05.48-04:30
2368	1379	67	3	FEED ITEM OF teams 67	t	2017-01-11 08:43:05.49-04:30	2017-01-11 08:43:05.49-04:30
2064	1321	67	3	FEED ITEM OF teams 67	t	2017-01-11 08:43:05.211-04:30	2017-01-11 08:43:05.211-04:30
2069	1322	174	3	FEED ITEM OF players 174	t	2017-01-11 08:43:05.216-04:30	2017-01-11 08:43:05.216-04:30
2075	1323	188	3	FEED ITEM OF players 188	t	2017-01-11 08:43:05.222-04:30	2017-01-11 08:43:05.222-04:30
2081	1324	475	3	FEED ITEM OF players 475	t	2017-01-11 08:43:05.227-04:30	2017-01-11 08:43:05.227-04:30
2086	1326	67	3	FEED ITEM OF teams 67	t	2017-01-11 08:43:05.235-04:30	2017-01-11 08:43:05.235-04:30
2091	1325	66	3	FEED ITEM OF matches 66	t	2017-01-11 08:43:05.236-04:30	2017-01-11 08:43:05.236-04:30
2097	1328	66	3	FEED ITEM OF matches 66	t	2017-01-11 08:43:05.243-04:30	2017-01-11 08:43:05.243-04:30
2102	1327	48	3	FEED ITEM OF teams 48	t	2017-01-11 08:43:05.244-04:30	2017-01-11 08:43:05.244-04:30
2108	1329	48	3	FEED ITEM OF teams 48	t	2017-01-11 08:43:05.25-04:30	2017-01-11 08:43:05.25-04:30
2113	1330	48	3	FEED ITEM OF teams 48	t	2017-01-11 08:43:05.255-04:30	2017-01-11 08:43:05.255-04:30
2118	1331	44	3	FEED ITEM OF teams 44	t	2017-01-11 08:43:05.256-04:30	2017-01-11 08:43:05.256-04:30
2122	1332	44	3	FEED ITEM OF teams 44	t	2017-01-11 08:43:05.263-04:30	2017-01-11 08:43:05.263-04:30
2127	1333	44	3	FEED ITEM OF teams 44	t	2017-01-11 08:43:05.264-04:30	2017-01-11 08:43:05.264-04:30
2131	1334	44	3	FEED ITEM OF teams 44	t	2017-01-11 08:43:05.269-04:30	2017-01-11 08:43:05.269-04:30
2136	1335	43	3	FEED ITEM OF teams 43	t	2017-01-11 08:43:05.275-04:30	2017-01-11 08:43:05.275-04:30
2141	1336	43	3	FEED ITEM OF teams 43	t	2017-01-11 08:43:05.275-04:30	2017-01-11 08:43:05.275-04:30
2146	1337	43	3	FEED ITEM OF teams 43	t	2017-01-11 08:43:05.283-04:30	2017-01-11 08:43:05.283-04:30
2152	1338	43	3	FEED ITEM OF teams 43	t	2017-01-11 08:43:05.285-04:30	2017-01-11 08:43:05.285-04:30
2156	1338	235	3	FEED ITEM OF players 235	t	2017-01-11 08:43:05.285-04:30	2017-01-11 08:43:05.285-04:30
2162	1339	226	3	FEED ITEM OF players 226	t	2017-01-11 08:43:05.291-04:30	2017-01-11 08:43:05.291-04:30
2167	1340	122	3	FEED ITEM OF players 122	t	2017-01-11 08:43:05.297-04:30	2017-01-11 08:43:05.297-04:30
2173	1341	128	3	FEED ITEM OF players 128	t	2017-01-11 08:43:05.299-04:30	2017-01-11 08:43:05.299-04:30
2178	1342	60	3	FEED ITEM OF matches 60	t	2017-01-11 08:43:05.308-04:30	2017-01-11 08:43:05.308-04:30
2183	1343	44	3	FEED ITEM OF teams 44	t	2017-01-11 08:43:05.309-04:30	2017-01-11 08:43:05.309-04:30
2188	1344	43	3	FEED ITEM OF teams 43	t	2017-01-11 08:43:05.334-04:30	2017-01-11 08:43:05.334-04:30
2193	1344	1171	3	FEED ITEM OF events 1171	t	2017-01-11 08:43:05.335-04:30	2017-01-11 08:43:05.335-04:30
2198	1345	601	3	FEED ITEM OF players 601	t	2017-01-11 08:43:05.342-04:30	2017-01-11 08:43:05.342-04:30
2203	1346	1174	3	FEED ITEM OF events 1174	t	2017-01-11 08:43:05.343-04:30	2017-01-11 08:43:05.343-04:30
2208	1347	573	3	FEED ITEM OF players 573	t	2017-01-11 08:43:05.35-04:30	2017-01-11 08:43:05.35-04:30
2213	1348	194	3	FEED ITEM OF players 194	t	2017-01-11 08:43:05.352-04:30	2017-01-11 08:43:05.352-04:30
2218	1349	62	3	FEED ITEM OF matches 62	t	2017-01-11 08:43:05.358-04:30	2017-01-11 08:43:05.358-04:30
2223	1350	47	3	FEED ITEM OF teams 47	t	2017-01-11 08:43:05.364-04:30	2017-01-11 08:43:05.364-04:30
2228	1351	47	3	FEED ITEM OF teams 47	t	2017-01-11 08:43:05.365-04:30	2017-01-11 08:43:05.365-04:30
2233	1352	62	3	FEED ITEM OF matches 62	t	2017-01-11 08:43:05.372-04:30	2017-01-11 08:43:05.372-04:30
2238	1353	62	3	FEED ITEM OF matches 62	t	2017-01-11 08:43:05.373-04:30	2017-01-11 08:43:05.373-04:30
2243	1354	47	3	FEED ITEM OF teams 47	t	2017-01-11 08:43:05.378-04:30	2017-01-11 08:43:05.378-04:30
2248	1355	45	3	FEED ITEM OF teams 45	t	2017-01-11 08:43:05.385-04:30	2017-01-11 08:43:05.385-04:30
2253	1356	45	3	FEED ITEM OF teams 45	t	2017-01-11 08:43:05.385-04:30	2017-01-11 08:43:05.385-04:30
2258	1356	1171	3	FEED ITEM OF events 1171	t	2017-01-11 08:43:05.386-04:30	2017-01-11 08:43:05.386-04:30
2263	1357	1184	3	FEED ITEM OF events 1184	t	2017-01-11 08:43:05.393-04:30	2017-01-11 08:43:05.393-04:30
2268	1358	149	3	FEED ITEM OF players 149	t	2017-01-11 08:43:05.394-04:30	2017-01-11 08:43:05.394-04:30
2273	1359	160	3	FEED ITEM OF players 160	t	2017-01-11 08:43:05.4-04:30	2017-01-11 08:43:05.4-04:30
2278	1360	62	3	FEED ITEM OF matches 62	t	2017-01-11 08:43:05.408-04:30	2017-01-11 08:43:05.408-04:30
2283	1361	62	3	FEED ITEM OF matches 62	t	2017-01-11 08:43:05.409-04:30	2017-01-11 08:43:05.409-04:30
2288	1362	148	3	FEED ITEM OF players 148	t	2017-01-11 08:43:05.416-04:30	2017-01-11 08:43:05.416-04:30
2293	1363	56	3	FEED ITEM OF matches 56	t	2017-01-11 08:43:05.417-04:30	2017-01-11 08:43:05.417-04:30
2298	1364	42	3	FEED ITEM OF teams 42	t	2017-01-11 08:43:05.423-04:30	2017-01-11 08:43:05.423-04:30
2303	1365	41	3	FEED ITEM OF teams 41	t	2017-01-11 08:43:05.429-04:30	2017-01-11 08:43:05.429-04:30
2308	1365	1171	3	FEED ITEM OF events 1171	t	2017-01-11 08:43:05.43-04:30	2017-01-11 08:43:05.43-04:30
2313	1368	258	3	FEED ITEM OF players 258	t	2017-01-11 08:43:05.441-04:30	2017-01-11 08:43:05.441-04:30
2318	1367	1173	3	FEED ITEM OF events 1173	t	2017-01-11 08:43:05.442-04:30	2017-01-11 08:43:05.442-04:30
2323	1366	260	3	FEED ITEM OF players 260	t	2017-01-11 08:43:05.443-04:30	2017-01-11 08:43:05.443-04:30
2328	1370	1174	3	FEED ITEM OF events 1174	t	2017-01-11 08:43:05.45-04:30	2017-01-11 08:43:05.45-04:30
2333	1369	1184	3	FEED ITEM OF events 1184	t	2017-01-11 08:43:05.451-04:30	2017-01-11 08:43:05.451-04:30
2337	1371	238	3	FEED ITEM OF players 238	t	2017-01-11 08:43:05.457-04:30	2017-01-11 08:43:05.457-04:30
2342	1375	386	3	FEED ITEM OF players 386	t	2017-01-11 08:43:05.466-04:30	2017-01-11 08:43:05.466-04:30
2347	1372	185	3	FEED ITEM OF players 185	t	2017-01-11 08:43:05.466-04:30	2017-01-11 08:43:05.466-04:30
2352	1373	182	3	FEED ITEM OF players 182	t	2017-01-11 08:43:05.467-04:30	2017-01-11 08:43:05.467-04:30
2355	1374	45	3	FEED ITEM OF teams 45	t	2017-01-11 08:43:05.468-04:30	2017-01-11 08:43:05.468-04:30
2360	1376	41	3	FEED ITEM OF teams 41	t	2017-01-11 08:43:05.479-04:30	2017-01-11 08:43:05.479-04:30
2365	1376	1171	3	FEED ITEM OF events 1171	t	2017-01-11 08:43:05.48-04:30	2017-01-11 08:43:05.48-04:30
2370	1379	1169	3	FEED ITEM OF events 1169	t	2017-01-11 08:43:05.49-04:30	2017-01-11 08:43:05.49-04:30
2375	1380	1169	3	FEED ITEM OF events 1169	t	2017-01-11 08:43:05.491-04:30	2017-01-11 08:43:05.491-04:30
2380	1377	259	3	FEED ITEM OF players 259	t	2017-01-11 08:43:05.492-04:30	2017-01-11 08:43:05.492-04:30
2385	1378	133	3	FEED ITEM OF players 133	t	2017-01-11 08:43:05.493-04:30	2017-01-11 08:43:05.493-04:30
2390	1381	56	3	FEED ITEM OF matches 56	t	2017-01-11 08:43:05.504-04:30	2017-01-11 08:43:05.504-04:30
2395	1382	42	3	FEED ITEM OF teams 42	t	2017-01-11 08:43:05.517-04:30	2017-01-11 08:43:05.517-04:30
2400	1385	48	3	FEED ITEM OF teams 48	t	2017-01-11 08:43:05.519-04:30	2017-01-11 08:43:05.519-04:30
2405	1385	1171	3	FEED ITEM OF events 1171	t	2017-01-11 08:43:05.52-04:30	2017-01-11 08:43:05.52-04:30
2410	1383	458	3	FEED ITEM OF players 458	t	2017-01-11 08:43:05.521-04:30	2017-01-11 08:43:05.521-04:30
2415	1384	458	3	FEED ITEM OF players 458	t	2017-01-11 08:43:05.522-04:30	2017-01-11 08:43:05.522-04:30
2065	1321	1173	3	FEED ITEM OF events 1173	t	2017-01-11 08:43:05.211-04:30	2017-01-11 08:43:05.211-04:30
2070	1322	186	3	FEED ITEM OF players 186	t	2017-01-11 08:43:05.217-04:30	2017-01-11 08:43:05.217-04:30
2073	1323	66	3	FEED ITEM OF matches 66	t	2017-01-11 08:43:05.222-04:30	2017-01-11 08:43:05.222-04:30
2078	1324	48	3	FEED ITEM OF teams 48	t	2017-01-11 08:43:05.227-04:30	2017-01-11 08:43:05.227-04:30
2083	1324	1171	3	FEED ITEM OF events 1171	t	2017-01-11 08:43:05.228-04:30	2017-01-11 08:43:05.228-04:30
2089	1326	1171	3	FEED ITEM OF events 1171	t	2017-01-11 08:43:05.235-04:30	2017-01-11 08:43:05.235-04:30
2096	1328	48	3	FEED ITEM OF teams 48	t	2017-01-11 08:43:05.243-04:30	2017-01-11 08:43:05.243-04:30
2101	1328	1171	3	FEED ITEM OF events 1171	t	2017-01-11 08:43:05.244-04:30	2017-01-11 08:43:05.244-04:30
2106	1327	299	3	FEED ITEM OF players 299	t	2017-01-11 08:43:05.245-04:30	2017-01-11 08:43:05.245-04:30
2111	1329	180	3	FEED ITEM OF players 180	t	2017-01-11 08:43:05.251-04:30	2017-01-11 08:43:05.251-04:30
2116	1330	1174	3	FEED ITEM OF events 1174	t	2017-01-11 08:43:05.256-04:30	2017-01-11 08:43:05.256-04:30
2121	1332	43	3	FEED ITEM OF teams 43	t	2017-01-11 08:43:05.262-04:30	2017-01-11 08:43:05.262-04:30
2126	1333	43	3	FEED ITEM OF teams 43	t	2017-01-11 08:43:05.263-04:30	2017-01-11 08:43:05.263-04:30
2132	1334	43	3	FEED ITEM OF teams 43	t	2017-01-11 08:43:05.269-04:30	2017-01-11 08:43:05.269-04:30
2137	1335	44	3	FEED ITEM OF teams 44	t	2017-01-11 08:43:05.275-04:30	2017-01-11 08:43:05.275-04:30
2142	1336	44	3	FEED ITEM OF teams 44	t	2017-01-11 08:43:05.276-04:30	2017-01-11 08:43:05.276-04:30
2147	1337	44	3	FEED ITEM OF teams 44	t	2017-01-11 08:43:05.284-04:30	2017-01-11 08:43:05.284-04:30
2150	1337	823	3	FEED ITEM OF players 823	t	2017-01-11 08:43:05.284-04:30	2017-01-11 08:43:05.284-04:30
2157	1338	1171	3	FEED ITEM OF events 1171	t	2017-01-11 08:43:05.285-04:30	2017-01-11 08:43:05.285-04:30
2163	1339	1171	3	FEED ITEM OF events 1171	t	2017-01-11 08:43:05.291-04:30	2017-01-11 08:43:05.291-04:30
2168	1340	129	3	FEED ITEM OF players 129	t	2017-01-11 08:43:05.298-04:30	2017-01-11 08:43:05.298-04:30
2172	1341	60	3	FEED ITEM OF matches 60	t	2017-01-11 08:43:05.298-04:30	2017-01-11 08:43:05.298-04:30
2177	1342	44	3	FEED ITEM OF teams 44	t	2017-01-11 08:43:05.308-04:30	2017-01-11 08:43:05.308-04:30
2182	1343	43	3	FEED ITEM OF teams 43	t	2017-01-11 08:43:05.309-04:30	2017-01-11 08:43:05.309-04:30
2184	1343	60	3	FEED ITEM OF matches 60	t	2017-01-11 08:43:05.309-04:30	2017-01-11 08:43:05.309-04:30
2190	1344	44	3	FEED ITEM OF teams 44	t	2017-01-11 08:43:05.334-04:30	2017-01-11 08:43:05.334-04:30
2197	1345	591	3	FEED ITEM OF players 591	t	2017-01-11 08:43:05.342-04:30	2017-01-11 08:43:05.342-04:30
2202	1346	60	3	FEED ITEM OF matches 60	t	2017-01-11 08:43:05.343-04:30	2017-01-11 08:43:05.343-04:30
2207	1347	124	3	FEED ITEM OF players 124	t	2017-01-11 08:43:05.35-04:30	2017-01-11 08:43:05.35-04:30
2212	1348	62	3	FEED ITEM OF matches 62	t	2017-01-11 08:43:05.351-04:30	2017-01-11 08:43:05.351-04:30
2217	1349	47	3	FEED ITEM OF teams 47	t	2017-01-11 08:43:05.358-04:30	2017-01-11 08:43:05.358-04:30
2222	1350	45	3	FEED ITEM OF teams 45	t	2017-01-11 08:43:05.364-04:30	2017-01-11 08:43:05.364-04:30
2227	1351	45	3	FEED ITEM OF teams 45	t	2017-01-11 08:43:05.365-04:30	2017-01-11 08:43:05.365-04:30
2232	1352	47	3	FEED ITEM OF teams 47	t	2017-01-11 08:43:05.372-04:30	2017-01-11 08:43:05.372-04:30
2237	1353	47	3	FEED ITEM OF teams 47	t	2017-01-11 08:43:05.373-04:30	2017-01-11 08:43:05.373-04:30
2242	1354	45	3	FEED ITEM OF teams 45	t	2017-01-11 08:43:05.378-04:30	2017-01-11 08:43:05.378-04:30
2247	1354	1171	3	FEED ITEM OF events 1171	t	2017-01-11 08:43:05.379-04:30	2017-01-11 08:43:05.379-04:30
2252	1355	1169	3	FEED ITEM OF events 1169	t	2017-01-11 08:43:05.385-04:30	2017-01-11 08:43:05.385-04:30
2257	1356	206	3	FEED ITEM OF players 206	t	2017-01-11 08:43:05.386-04:30	2017-01-11 08:43:05.386-04:30
2262	1357	209	3	FEED ITEM OF players 209	t	2017-01-11 08:43:05.393-04:30	2017-01-11 08:43:05.393-04:30
2266	1358	62	3	FEED ITEM OF matches 62	t	2017-01-11 08:43:05.394-04:30	2017-01-11 08:43:05.394-04:30
2271	1359	47	3	FEED ITEM OF teams 47	t	2017-01-11 08:43:05.399-04:30	2017-01-11 08:43:05.399-04:30
2276	1360	45	3	FEED ITEM OF teams 45	t	2017-01-11 08:43:05.408-04:30	2017-01-11 08:43:05.408-04:30
2281	1361	45	3	FEED ITEM OF teams 45	t	2017-01-11 08:43:05.408-04:30	2017-01-11 08:43:05.408-04:30
2286	1362	47	3	FEED ITEM OF teams 47	t	2017-01-11 08:43:05.415-04:30	2017-01-11 08:43:05.415-04:30
2291	1363	41	3	FEED ITEM OF teams 41	t	2017-01-11 08:43:05.416-04:30	2017-01-11 08:43:05.416-04:30
2296	1363	1171	3	FEED ITEM OF events 1171	t	2017-01-11 08:43:05.417-04:30	2017-01-11 08:43:05.417-04:30
2300	1364	93	3	FEED ITEM OF players 93	t	2017-01-11 08:43:05.424-04:30	2017-01-11 08:43:05.424-04:30
2305	1365	56	3	FEED ITEM OF matches 56	t	2017-01-11 08:43:05.43-04:30	2017-01-11 08:43:05.43-04:30
2311	1368	56	3	FEED ITEM OF matches 56	t	2017-01-11 08:43:05.44-04:30	2017-01-11 08:43:05.44-04:30
2316	1367	42	3	FEED ITEM OF teams 42	t	2017-01-11 08:43:05.441-04:30	2017-01-11 08:43:05.441-04:30
2321	1366	56	3	FEED ITEM OF matches 56	t	2017-01-11 08:43:05.442-04:30	2017-01-11 08:43:05.442-04:30
2326	1370	42	3	FEED ITEM OF teams 42	t	2017-01-11 08:43:05.449-04:30	2017-01-11 08:43:05.449-04:30
2331	1369	56	3	FEED ITEM OF matches 56	t	2017-01-11 08:43:05.45-04:30	2017-01-11 08:43:05.45-04:30
2336	1371	60	3	FEED ITEM OF matches 60	t	2017-01-11 08:43:05.457-04:30	2017-01-11 08:43:05.457-04:30
2341	1375	67	3	FEED ITEM OF teams 67	t	2017-01-11 08:43:05.465-04:30	2017-01-11 08:43:05.465-04:30
2346	1372	67	3	FEED ITEM OF teams 67	t	2017-01-11 08:43:05.466-04:30	2017-01-11 08:43:05.466-04:30
2350	1373	66	3	FEED ITEM OF matches 66	t	2017-01-11 08:43:05.467-04:30	2017-01-11 08:43:05.467-04:30
2356	1374	48	3	FEED ITEM OF teams 48	t	2017-01-11 08:43:05.468-04:30	2017-01-11 08:43:05.468-04:30
2361	1376	43	3	FEED ITEM OF teams 43	t	2017-01-11 08:43:05.48-04:30	2017-01-11 08:43:05.48-04:30
2366	1379	48	3	FEED ITEM OF teams 48	t	2017-01-11 08:43:05.489-04:30	2017-01-11 08:43:05.489-04:30
2371	1380	43	3	FEED ITEM OF teams 43	t	2017-01-11 08:43:05.49-04:30	2017-01-11 08:43:05.49-04:30
2376	1377	41	3	FEED ITEM OF teams 41	t	2017-01-11 08:43:05.491-04:30	2017-01-11 08:43:05.491-04:30
2381	1377	1171	3	FEED ITEM OF events 1171	t	2017-01-11 08:43:05.492-04:30	2017-01-11 08:43:05.492-04:30
2386	1378	131	3	FEED ITEM OF players 131	t	2017-01-11 08:43:05.493-04:30	2017-01-11 08:43:05.493-04:30
2391	1381	100	3	FEED ITEM OF players 100	t	2017-01-11 08:43:05.505-04:30	2017-01-11 08:43:05.505-04:30
2396	1382	56	3	FEED ITEM OF matches 56	t	2017-01-11 08:43:05.518-04:30	2017-01-11 08:43:05.518-04:30
2401	1385	66	3	FEED ITEM OF matches 66	t	2017-01-11 08:43:05.519-04:30	2017-01-11 08:43:05.519-04:30
2406	1383	41	3	FEED ITEM OF teams 41	t	2017-01-11 08:43:05.52-04:30	2017-01-11 08:43:05.52-04:30
2411	1383	1171	3	FEED ITEM OF events 1171	t	2017-01-11 08:43:05.521-04:30	2017-01-11 08:43:05.521-04:30
2416	1384	1184	3	FEED ITEM OF events 1184	t	2017-01-11 08:43:05.522-04:30	2017-01-11 08:43:05.522-04:30
2082	1324	503	3	FEED ITEM OF players 503	t	2017-01-11 08:43:05.228-04:30	2017-01-11 08:43:05.228-04:30
2087	1326	68	3	FEED ITEM OF players 68	t	2017-01-11 08:43:05.235-04:30	2017-01-11 08:43:05.235-04:30
2092	1325	67	3	FEED ITEM OF teams 67	t	2017-01-11 08:43:05.236-04:30	2017-01-11 08:43:05.236-04:30
2095	1325	1171	3	FEED ITEM OF events 1171	t	2017-01-11 08:43:05.236-04:30	2017-01-11 08:43:05.236-04:30
2100	1328	487	3	FEED ITEM OF players 487	t	2017-01-11 08:43:05.244-04:30	2017-01-11 08:43:05.244-04:30
2105	1327	72	3	FEED ITEM OF players 72	t	2017-01-11 08:43:05.245-04:30	2017-01-11 08:43:05.245-04:30
2110	1329	67	3	FEED ITEM OF teams 67	t	2017-01-11 08:43:05.25-04:30	2017-01-11 08:43:05.25-04:30
2115	1330	67	3	FEED ITEM OF teams 67	t	2017-01-11 08:43:05.255-04:30	2017-01-11 08:43:05.255-04:30
2120	1331	1173	3	FEED ITEM OF events 1173	t	2017-01-11 08:43:05.256-04:30	2017-01-11 08:43:05.256-04:30
2125	1332	1169	3	FEED ITEM OF events 1169	t	2017-01-11 08:43:05.263-04:30	2017-01-11 08:43:05.263-04:30
2130	1333	1169	3	FEED ITEM OF events 1169	t	2017-01-11 08:43:05.264-04:30	2017-01-11 08:43:05.264-04:30
2135	1334	1169	3	FEED ITEM OF events 1169	t	2017-01-11 08:43:05.27-04:30	2017-01-11 08:43:05.27-04:30
2139	1335	606	3	FEED ITEM OF players 606	t	2017-01-11 08:43:05.275-04:30	2017-01-11 08:43:05.275-04:30
2144	1336	238	3	FEED ITEM OF players 238	t	2017-01-11 08:43:05.276-04:30	2017-01-11 08:43:05.276-04:30
2149	1337	218	3	FEED ITEM OF players 218	t	2017-01-11 08:43:05.284-04:30	2017-01-11 08:43:05.284-04:30
2154	1338	60	3	FEED ITEM OF matches 60	t	2017-01-11 08:43:05.285-04:30	2017-01-11 08:43:05.285-04:30
2158	1339	43	3	FEED ITEM OF teams 43	t	2017-01-11 08:43:05.29-04:30	2017-01-11 08:43:05.29-04:30
2161	1339	221	3	FEED ITEM OF players 221	t	2017-01-11 08:43:05.291-04:30	2017-01-11 08:43:05.291-04:30
2166	1340	60	3	FEED ITEM OF matches 60	t	2017-01-11 08:43:05.297-04:30	2017-01-11 08:43:05.297-04:30
2171	1341	44	3	FEED ITEM OF teams 44	t	2017-01-11 08:43:05.298-04:30	2017-01-11 08:43:05.298-04:30
2175	1341	1171	3	FEED ITEM OF events 1171	t	2017-01-11 08:43:05.299-04:30	2017-01-11 08:43:05.299-04:30
2180	1342	220	3	FEED ITEM OF players 220	t	2017-01-11 08:43:05.308-04:30	2017-01-11 08:43:05.308-04:30
2186	1343	231	3	FEED ITEM OF players 231	t	2017-01-11 08:43:05.31-04:30	2017-01-11 08:43:05.31-04:30
2189	1344	60	3	FEED ITEM OF matches 60	t	2017-01-11 08:43:05.335-04:30	2017-01-11 08:43:05.335-04:30
2194	1345	43	3	FEED ITEM OF teams 43	t	2017-01-11 08:43:05.342-04:30	2017-01-11 08:43:05.342-04:30
2199	1345	1171	3	FEED ITEM OF events 1171	t	2017-01-11 08:43:05.343-04:30	2017-01-11 08:43:05.343-04:30
2204	1347	43	3	FEED ITEM OF teams 43	t	2017-01-11 08:43:05.35-04:30	2017-01-11 08:43:05.35-04:30
2209	1347	1171	3	FEED ITEM OF events 1171	t	2017-01-11 08:43:05.351-04:30	2017-01-11 08:43:05.351-04:30
2214	1348	208	3	FEED ITEM OF players 208	t	2017-01-11 08:43:05.353-04:30	2017-01-11 08:43:05.353-04:30
2219	1349	198	3	FEED ITEM OF players 198	t	2017-01-11 08:43:05.358-04:30	2017-01-11 08:43:05.358-04:30
2224	1350	62	3	FEED ITEM OF matches 62	t	2017-01-11 08:43:05.364-04:30	2017-01-11 08:43:05.364-04:30
2229	1351	62	3	FEED ITEM OF matches 62	t	2017-01-11 08:43:05.365-04:30	2017-01-11 08:43:05.365-04:30
2234	1352	205	3	FEED ITEM OF players 205	t	2017-01-11 08:43:05.372-04:30	2017-01-11 08:43:05.372-04:30
2090	1325	48	3	FEED ITEM OF teams 48	t	2017-01-11 08:43:05.235-04:30	2017-01-11 08:43:05.235-04:30
2094	1325	183	3	FEED ITEM OF players 183	t	2017-01-11 08:43:05.236-04:30	2017-01-11 08:43:05.236-04:30
2099	1328	89	3	FEED ITEM OF players 89	t	2017-01-11 08:43:05.244-04:30	2017-01-11 08:43:05.244-04:30
2104	1327	67	3	FEED ITEM OF teams 67	t	2017-01-11 08:43:05.245-04:30	2017-01-11 08:43:05.245-04:30
2109	1329	66	3	FEED ITEM OF matches 66	t	2017-01-11 08:43:05.25-04:30	2017-01-11 08:43:05.25-04:30
2114	1330	66	3	FEED ITEM OF matches 66	t	2017-01-11 08:43:05.255-04:30	2017-01-11 08:43:05.255-04:30
2119	1331	60	3	FEED ITEM OF matches 60	t	2017-01-11 08:43:05.256-04:30	2017-01-11 08:43:05.256-04:30
2124	1332	129	3	FEED ITEM OF players 129	t	2017-01-11 08:43:05.263-04:30	2017-01-11 08:43:05.263-04:30
2128	1333	60	3	FEED ITEM OF matches 60	t	2017-01-11 08:43:05.264-04:30	2017-01-11 08:43:05.264-04:30
2134	1334	60	3	FEED ITEM OF matches 60	t	2017-01-11 08:43:05.269-04:30	2017-01-11 08:43:05.269-04:30
2140	1335	1169	3	FEED ITEM OF events 1169	t	2017-01-11 08:43:05.275-04:30	2017-01-11 08:43:05.275-04:30
2145	1336	1169	3	FEED ITEM OF events 1169	t	2017-01-11 08:43:05.276-04:30	2017-01-11 08:43:05.276-04:30
2151	1337	1171	3	FEED ITEM OF events 1171	t	2017-01-11 08:43:05.284-04:30	2017-01-11 08:43:05.284-04:30
2155	1338	222	3	FEED ITEM OF players 222	t	2017-01-11 08:43:05.285-04:30	2017-01-11 08:43:05.285-04:30
2160	1339	60	3	FEED ITEM OF matches 60	t	2017-01-11 08:43:05.291-04:30	2017-01-11 08:43:05.291-04:30
2165	1340	44	3	FEED ITEM OF teams 44	t	2017-01-11 08:43:05.297-04:30	2017-01-11 08:43:05.297-04:30
2170	1341	43	3	FEED ITEM OF teams 43	t	2017-01-11 08:43:05.298-04:30	2017-01-11 08:43:05.298-04:30
2176	1342	43	3	FEED ITEM OF teams 43	t	2017-01-11 08:43:05.307-04:30	2017-01-11 08:43:05.307-04:30
2181	1342	1171	3	FEED ITEM OF events 1171	t	2017-01-11 08:43:05.309-04:30	2017-01-11 08:43:05.309-04:30
2187	1343	1171	3	FEED ITEM OF events 1171	t	2017-01-11 08:43:05.31-04:30	2017-01-11 08:43:05.31-04:30
2192	1344	125	3	FEED ITEM OF players 125	t	2017-01-11 08:43:05.335-04:30	2017-01-11 08:43:05.335-04:30
2195	1345	44	3	FEED ITEM OF teams 44	t	2017-01-11 08:43:05.342-04:30	2017-01-11 08:43:05.342-04:30
2200	1346	43	3	FEED ITEM OF teams 43	t	2017-01-11 08:43:05.343-04:30	2017-01-11 08:43:05.343-04:30
2205	1347	44	3	FEED ITEM OF teams 44	t	2017-01-11 08:43:05.35-04:30	2017-01-11 08:43:05.35-04:30
2210	1348	45	3	FEED ITEM OF teams 45	t	2017-01-11 08:43:05.351-04:30	2017-01-11 08:43:05.351-04:30
2215	1348	1171	3	FEED ITEM OF events 1171	t	2017-01-11 08:43:05.353-04:30	2017-01-11 08:43:05.353-04:30
2220	1349	202	3	FEED ITEM OF players 202	t	2017-01-11 08:43:05.359-04:30	2017-01-11 08:43:05.359-04:30
2225	1350	148	3	FEED ITEM OF players 148	t	2017-01-11 08:43:05.364-04:30	2017-01-11 08:43:05.364-04:30
2230	1351	1173	3	FEED ITEM OF events 1173	t	2017-01-11 08:43:05.365-04:30	2017-01-11 08:43:05.365-04:30
2235	1352	1184	3	FEED ITEM OF events 1184	t	2017-01-11 08:43:05.372-04:30	2017-01-11 08:43:05.372-04:30
2240	1353	211	3	FEED ITEM OF players 211	t	2017-01-11 08:43:05.373-04:30	2017-01-11 08:43:05.373-04:30
2245	1354	156	3	FEED ITEM OF players 156	t	2017-01-11 08:43:05.379-04:30	2017-01-11 08:43:05.379-04:30
2250	1355	62	3	FEED ITEM OF matches 62	t	2017-01-11 08:43:05.385-04:30	2017-01-11 08:43:05.385-04:30
2255	1356	62	3	FEED ITEM OF matches 62	t	2017-01-11 08:43:05.386-04:30	2017-01-11 08:43:05.386-04:30
2260	1357	47	3	FEED ITEM OF teams 47	t	2017-01-11 08:43:05.393-04:30	2017-01-11 08:43:05.393-04:30
2265	1358	47	3	FEED ITEM OF teams 47	t	2017-01-11 08:43:05.393-04:30	2017-01-11 08:43:05.393-04:30
2269	1358	1171	3	FEED ITEM OF events 1171	t	2017-01-11 08:43:05.394-04:30	2017-01-11 08:43:05.394-04:30
2274	1359	162	3	FEED ITEM OF players 162	t	2017-01-11 08:43:05.4-04:30	2017-01-11 08:43:05.4-04:30
2280	1360	1169	3	FEED ITEM OF events 1169	t	2017-01-11 08:43:05.408-04:30	2017-01-11 08:43:05.408-04:30
2285	1362	45	3	FEED ITEM OF teams 45	t	2017-01-11 08:43:05.415-04:30	2017-01-11 08:43:05.415-04:30
2290	1362	1171	3	FEED ITEM OF events 1171	t	2017-01-11 08:43:05.416-04:30	2017-01-11 08:43:05.416-04:30
2295	1363	844	3	FEED ITEM OF players 844	t	2017-01-11 08:43:05.417-04:30	2017-01-11 08:43:05.417-04:30
2301	1364	103	3	FEED ITEM OF players 103	t	2017-01-11 08:43:05.424-04:30	2017-01-11 08:43:05.424-04:30
2306	1365	246	3	FEED ITEM OF players 246	t	2017-01-11 08:43:05.43-04:30	2017-01-11 08:43:05.43-04:30
2310	1368	42	3	FEED ITEM OF teams 42	t	2017-01-11 08:43:05.44-04:30	2017-01-11 08:43:05.44-04:30
2315	1367	41	3	FEED ITEM OF teams 41	t	2017-01-11 08:43:05.441-04:30	2017-01-11 08:43:05.441-04:30
2320	1366	42	3	FEED ITEM OF teams 42	t	2017-01-11 08:43:05.442-04:30	2017-01-11 08:43:05.442-04:30
2324	1366	1171	3	FEED ITEM OF events 1171	t	2017-01-11 08:43:05.443-04:30	2017-01-11 08:43:05.443-04:30
2329	1369	41	3	FEED ITEM OF teams 41	t	2017-01-11 08:43:05.45-04:30	2017-01-11 08:43:05.45-04:30
2239	1353	197	3	FEED ITEM OF players 197	t	2017-01-11 08:43:05.373-04:30	2017-01-11 08:43:05.373-04:30
2244	1354	62	3	FEED ITEM OF matches 62	t	2017-01-11 08:43:05.379-04:30	2017-01-11 08:43:05.379-04:30
2249	1355	47	3	FEED ITEM OF teams 47	t	2017-01-11 08:43:05.385-04:30	2017-01-11 08:43:05.385-04:30
2254	1356	47	3	FEED ITEM OF teams 47	t	2017-01-11 08:43:05.386-04:30	2017-01-11 08:43:05.386-04:30
2259	1357	45	3	FEED ITEM OF teams 45	t	2017-01-11 08:43:05.392-04:30	2017-01-11 08:43:05.392-04:30
2264	1358	45	3	FEED ITEM OF teams 45	t	2017-01-11 08:43:05.393-04:30	2017-01-11 08:43:05.393-04:30
2270	1359	45	3	FEED ITEM OF teams 45	t	2017-01-11 08:43:05.399-04:30	2017-01-11 08:43:05.399-04:30
2275	1359	1171	3	FEED ITEM OF events 1171	t	2017-01-11 08:43:05.4-04:30	2017-01-11 08:43:05.4-04:30
2279	1360	160	3	FEED ITEM OF players 160	t	2017-01-11 08:43:05.408-04:30	2017-01-11 08:43:05.408-04:30
2284	1361	1174	3	FEED ITEM OF events 1174	t	2017-01-11 08:43:05.409-04:30	2017-01-11 08:43:05.409-04:30
2289	1362	386	3	FEED ITEM OF players 386	t	2017-01-11 08:43:05.416-04:30	2017-01-11 08:43:05.416-04:30
2294	1363	94	3	FEED ITEM OF players 94	t	2017-01-11 08:43:05.417-04:30	2017-01-11 08:43:05.417-04:30
2299	1364	56	3	FEED ITEM OF matches 56	t	2017-01-11 08:43:05.423-04:30	2017-01-11 08:43:05.423-04:30
2304	1365	42	3	FEED ITEM OF teams 42	t	2017-01-11 08:43:05.429-04:30	2017-01-11 08:43:05.429-04:30
2309	1368	41	3	FEED ITEM OF teams 41	t	2017-01-11 08:43:05.44-04:30	2017-01-11 08:43:05.44-04:30
2314	1368	1171	3	FEED ITEM OF events 1171	t	2017-01-11 08:43:05.441-04:30	2017-01-11 08:43:05.441-04:30
2319	1366	41	3	FEED ITEM OF teams 41	t	2017-01-11 08:43:05.442-04:30	2017-01-11 08:43:05.442-04:30
2325	1370	41	3	FEED ITEM OF teams 41	t	2017-01-11 08:43:05.449-04:30	2017-01-11 08:43:05.449-04:30
2330	1369	42	3	FEED ITEM OF teams 42	t	2017-01-11 08:43:05.45-04:30	2017-01-11 08:43:05.45-04:30
2334	1371	44	3	FEED ITEM OF teams 44	t	2017-01-11 08:43:05.457-04:30	2017-01-11 08:43:05.457-04:30
2339	1375	47	3	FEED ITEM OF teams 47	t	2017-01-11 08:43:05.465-04:30	2017-01-11 08:43:05.465-04:30
2344	1372	48	3	FEED ITEM OF teams 48	t	2017-01-11 08:43:05.466-04:30	2017-01-11 08:43:05.466-04:30
2349	1373	48	3	FEED ITEM OF teams 48	t	2017-01-11 08:43:05.467-04:30	2017-01-11 08:43:05.467-04:30
2354	1373	1171	3	FEED ITEM OF events 1171	t	2017-01-11 08:43:05.468-04:30	2017-01-11 08:43:05.468-04:30
2359	1374	1184	3	FEED ITEM OF events 1184	t	2017-01-11 08:43:05.469-04:30	2017-01-11 08:43:05.469-04:30
2364	1376	224	3	FEED ITEM OF players 224	t	2017-01-11 08:43:05.48-04:30	2017-01-11 08:43:05.48-04:30
2369	1379	180	3	FEED ITEM OF players 180	t	2017-01-11 08:43:05.49-04:30	2017-01-11 08:43:05.49-04:30
2374	1380	123	3	FEED ITEM OF players 123	t	2017-01-11 08:43:05.491-04:30	2017-01-11 08:43:05.491-04:30
2379	1377	251	3	FEED ITEM OF players 251	t	2017-01-11 08:43:05.492-04:30	2017-01-11 08:43:05.492-04:30
2384	1378	60	3	FEED ITEM OF matches 60	t	2017-01-11 08:43:05.493-04:30	2017-01-11 08:43:05.493-04:30
2389	1381	42	3	FEED ITEM OF teams 42	t	2017-01-11 08:43:05.503-04:30	2017-01-11 08:43:05.503-04:30
2394	1382	41	3	FEED ITEM OF teams 41	t	2017-01-11 08:43:05.517-04:30	2017-01-11 08:43:05.517-04:30
2399	1382	1171	3	FEED ITEM OF events 1171	t	2017-01-11 08:43:05.518-04:30	2017-01-11 08:43:05.518-04:30
2404	1385	287	3	FEED ITEM OF players 287	t	2017-01-11 08:43:05.519-04:30	2017-01-11 08:43:05.519-04:30
2409	1383	93	3	FEED ITEM OF players 93	t	2017-01-11 08:43:05.521-04:30	2017-01-11 08:43:05.521-04:30
2414	1384	56	3	FEED ITEM OF matches 56	t	2017-01-11 08:43:05.522-04:30	2017-01-11 08:43:05.522-04:30
2335	1371	43	3	FEED ITEM OF teams 43	t	2017-01-11 08:43:05.456-04:30	2017-01-11 08:43:05.456-04:30
2340	1375	65	3	FEED ITEM OF matches 65	t	2017-01-11 08:43:05.465-04:30	2017-01-11 08:43:05.465-04:30
2345	1372	66	3	FEED ITEM OF matches 66	t	2017-01-11 08:43:05.466-04:30	2017-01-11 08:43:05.466-04:30
2351	1373	67	3	FEED ITEM OF teams 67	t	2017-01-11 08:43:05.467-04:30	2017-01-11 08:43:05.467-04:30
2357	1374	61	3	FEED ITEM OF matches 61	t	2017-01-11 08:43:05.468-04:30	2017-01-11 08:43:05.468-04:30
2362	1376	58	3	FEED ITEM OF matches 58	t	2017-01-11 08:43:05.48-04:30	2017-01-11 08:43:05.48-04:30
2367	1379	66	3	FEED ITEM OF matches 66	t	2017-01-11 08:43:05.489-04:30	2017-01-11 08:43:05.489-04:30
2372	1380	44	3	FEED ITEM OF teams 44	t	2017-01-11 08:43:05.49-04:30	2017-01-11 08:43:05.49-04:30
2377	1377	42	3	FEED ITEM OF teams 42	t	2017-01-11 08:43:05.491-04:30	2017-01-11 08:43:05.491-04:30
2382	1378	43	3	FEED ITEM OF teams 43	t	2017-01-11 08:43:05.492-04:30	2017-01-11 08:43:05.492-04:30
2387	1378	1171	3	FEED ITEM OF events 1171	t	2017-01-11 08:43:05.494-04:30	2017-01-11 08:43:05.494-04:30
2392	1381	116	3	FEED ITEM OF players 116	t	2017-01-11 08:43:05.505-04:30	2017-01-11 08:43:05.505-04:30
2397	1382	256	3	FEED ITEM OF players 256	t	2017-01-11 08:43:05.518-04:30	2017-01-11 08:43:05.518-04:30
2402	1385	67	3	FEED ITEM OF teams 67	t	2017-01-11 08:43:05.519-04:30	2017-01-11 08:43:05.519-04:30
2408	1383	56	3	FEED ITEM OF matches 56	t	2017-01-11 08:43:05.52-04:30	2017-01-11 08:43:05.52-04:30
2413	1384	42	3	FEED ITEM OF teams 42	t	2017-01-11 08:43:05.522-04:30	2017-01-11 08:43:05.522-04:30
2373	1380	60	3	FEED ITEM OF matches 60	t	2017-01-11 08:43:05.491-04:30	2017-01-11 08:43:05.491-04:30
2378	1377	56	3	FEED ITEM OF matches 56	t	2017-01-11 08:43:05.492-04:30	2017-01-11 08:43:05.492-04:30
2383	1378	44	3	FEED ITEM OF teams 44	t	2017-01-11 08:43:05.493-04:30	2017-01-11 08:43:05.493-04:30
2388	1381	41	3	FEED ITEM OF teams 41	t	2017-01-11 08:43:05.503-04:30	2017-01-11 08:43:05.503-04:30
2393	1381	1171	3	FEED ITEM OF events 1171	t	2017-01-11 08:43:05.505-04:30	2017-01-11 08:43:05.505-04:30
2398	1382	258	3	FEED ITEM OF players 258	t	2017-01-11 08:43:05.518-04:30	2017-01-11 08:43:05.518-04:30
2403	1385	176	3	FEED ITEM OF players 176	t	2017-01-11 08:43:05.519-04:30	2017-01-11 08:43:05.519-04:30
2407	1383	42	3	FEED ITEM OF teams 42	t	2017-01-11 08:43:05.52-04:30	2017-01-11 08:43:05.52-04:30
2412	1384	41	3	FEED ITEM OF teams 41	t	2017-01-11 08:43:05.521-04:30	2017-01-11 08:43:05.521-04:30
2453	9	1471	1	OWNER	t	2017-03-09 11:30:16.937-04:30	2017-03-09 11:30:16.937-04:30
2454	9	1472	1	OWNER	t	2017-03-09 11:30:16.998-04:30	2017-03-09 11:30:16.998-04:30
2455	9	1473	1	OWNER	t	2017-03-09 11:39:23.116-04:30	2017-03-09 11:39:23.116-04:30
2456	9	1474	1	OWNER	t	2017-03-09 11:39:23.157-04:30	2017-03-09 11:39:23.157-04:30
2473	9	1493	1	OWNER	t	2017-03-15 16:43:05.645-04:30	2017-03-15 16:43:05.645-04:30
2491	1514	1515	1	OWNER	t	2017-03-22 11:40:53.876-04:30	2017-03-22 11:40:53.876-04:30
2492	1514	1516	1	OWNER	t	2017-03-22 11:40:53.976-04:30	2017-03-22 11:40:53.976-04:30
2493	1514	1517	1	OWNER	t	2017-03-22 13:05:20.973-04:30	2017-03-22 13:05:20.973-04:30
2494	1514	1518	1	OWNER	t	2017-03-22 13:54:09.928-04:30	2017-03-22 13:54:09.928-04:30
2495	1514	1519	1	OWNER	t	2017-03-22 13:54:10.092-04:30	2017-03-22 13:54:10.092-04:30
2496	1514	1520	1	OWNER	t	2017-03-22 13:56:17.757-04:30	2017-03-22 13:56:17.757-04:30
2497	1514	1521	1	OWNER	t	2017-03-22 13:56:17.849-04:30	2017-03-22 13:56:17.849-04:30
2498	1514	1522	1	OWNER	t	2017-03-22 14:05:51.853-04:30	2017-03-22 14:05:51.853-04:30
2499	1514	1523	1	OWNER	t	2017-03-22 14:05:52.005-04:30	2017-03-22 14:05:52.005-04:30
2500	1514	1524	1	OWNER	t	2017-03-22 14:19:58.997-04:30	2017-03-22 14:19:58.997-04:30
2501	1514	1525	1	OWNER	t	2017-03-22 14:19:59.056-04:30	2017-03-22 14:19:59.056-04:30
2502	1514	1526	1	OWNER	t	2017-03-22 14:23:32.739-04:30	2017-03-22 14:23:32.739-04:30
2503	1514	1527	1	OWNER	t	2017-03-22 14:23:32.781-04:30	2017-03-22 14:23:32.781-04:30
2504	1514	1528	1	OWNER	t	2017-03-22 14:52:12.225-04:30	2017-03-22 14:52:12.225-04:30
2505	1514	1529	1	OWNER	t	2017-03-22 15:14:23.111-04:30	2017-03-22 15:14:23.111-04:30
2506	1514	1530	1	OWNER	t	2017-03-22 15:27:56.192-04:30	2017-03-22 15:27:56.192-04:30
2507	1514	1531	1	OWNER	t	2017-03-22 15:29:10.172-04:30	2017-03-22 15:29:10.172-04:30
2508	1514	1532	1	OWNER	t	2017-03-22 15:34:23.114-04:30	2017-03-22 15:34:23.114-04:30
2509	1514	1533	1	OWNER	t	2017-03-22 15:40:27.891-04:30	2017-03-22 15:40:27.891-04:30
2510	1514	1534	1	OWNER	t	2017-03-22 15:40:28.015-04:30	2017-03-22 15:40:28.015-04:30
2512	9	1536	1	OWNER	t	2017-03-22 16:11:35.021-04:30	2017-03-22 16:11:35.021-04:30
2513	9	1537	1	OWNER	t	2017-03-22 16:13:24.248-04:30	2017-03-22 16:13:24.248-04:30
2514	9	1538	1	OWNER	t	2017-03-22 16:13:53.05-04:30	2017-03-22 16:13:53.05-04:30
2516	9	1541	1	OWNER	t	2017-03-22 17:36:45.057-04:30	2017-03-22 17:36:45.057-04:30
2517	9	1542	1	OWNER	t	2017-03-22 17:36:45.112-04:30	2017-03-22 17:36:45.112-04:30
2518	9	1543	1	OWNER	t	2017-03-22 17:37:53.037-04:30	2017-03-22 17:37:53.037-04:30
2519	9	1544	1	OWNER	t	2017-03-22 17:44:34.536-04:30	2017-03-22 17:44:34.536-04:30
2520	9	1545	1	OWNER	t	2017-03-22 17:45:19.749-04:30	2017-03-22 17:45:19.749-04:30
2521	9	1546	1	OWNER	t	2017-03-22 17:47:06.034-04:30	2017-03-22 17:47:06.034-04:30
2522	9	1547	1	OWNER	t	2017-03-22 17:47:06.114-04:30	2017-03-22 17:47:06.114-04:30
2523	9	1548	1	OWNER	t	2017-03-22 17:49:04.687-04:30	2017-03-22 17:49:04.687-04:30
2528	1568	1473	8	EVENT CALENDAR OF	t	2017-03-31 07:45:47.577-04:30	2017-03-31 07:45:47.577-04:30
\.


--
-- Name: entities_relationships_id_seq; Type: SEQUENCE SET; Schema: public; Owner: postgres
--

SELECT pg_catalog.setval('entities_relationships_id_seq', 2528, true);


--
-- Data for Name: entities_requests; Type: TABLE DATA; Schema: public; Owner: postgres
--

COPY entities_requests (id, ent_ref_from_id, ent_ref_to_id, active, created_by, created_at, updated_at, status_id) FROM stdin;
\.


--
-- Name: entities_requests_id_seq; Type: SEQUENCE SET; Schema: public; Owner: postgres
--

SELECT pg_catalog.setval('entities_requests_id_seq', 1, false);


--
-- Data for Name: entities_types; Type: TABLE DATA; Schema: public; Owner: postgres
--

COPY entities_types (id, active, created_at, updated_at, description) FROM stdin;
1	t	2016-11-18 11:15:44.133139-04:30	2016-11-18 11:15:44.133139-04:30	User
2	t	2016-11-18 11:15:44.133436-04:30	2016-11-18 11:15:44.133436-04:30	Team
3	t	2016-11-18 11:15:44.133953-04:30	2016-11-18 11:15:44.133953-04:30	Player
4	t	2016-11-18 11:15:44.134243-04:30	2016-11-18 11:15:44.134243-04:30	Category
5	t	2016-11-18 11:15:44.135787-04:30	2016-11-18 11:15:44.135787-04:30	Club
6	t	2016-11-18 11:15:44.13658-04:30	2016-11-18 11:15:44.13658-04:30	Competition
7	t	2016-11-18 11:15:44.13731-04:30	2016-11-18 11:15:44.13731-04:30	Couch
8	t	2016-11-18 11:15:44.138033-04:30	2016-11-18 11:15:44.138033-04:30	Person
\.


--
-- Name: entities_types_id_seq; Type: SEQUENCE SET; Schema: public; Owner: postgres
--

SELECT pg_catalog.setval('entities_types_id_seq', 8, true);


--
-- Data for Name: events; Type: TABLE DATA; Schema: public; Owner: postgres
--

COPY events (id, active, img_url, name, description, level, increments_by, code, created_at, updated_at, subdiscipline_id) FROM stdin;
1	t	https://s3.amazonaws.com/codefuel/media/event_gol.png	Gol	Score the rival with one gol!	1	1	#GOL	2016-11-18 11:15:44.106212-04:30	2016-11-18 11:15:44.106212-04:30	4
2	t	https://s3.amazonaws.com/codefuel/media/event_card_red.png	Red Card	Game amonstation for bad behaviour on the field, requires player expulsion	1	1	#RED	2016-11-18 11:15:44.107143-04:30	2016-11-18 11:15:44.107143-04:30	4
5	t	https://s3.amazonaws.com/codefuel/media/event_change.png	Change	Requires a player to leave the game and be sustituted by another team player	1	1	#CHANGE	2016-11-18 11:15:44.109106-04:30	2016-11-18 11:15:44.109106-04:30	4
6	t	https://s3.amazonaws.com/codefuel/media/event_penal.png	Penalty	A straigth gol oportunity because of a fault in the field	1	1	#PENAL	2016-11-18 11:15:44.111013-04:30	2016-11-18 11:15:44.111013-04:30	4
7	t	https://s3.amazonaws.com/codefuel/media/Term-Starts+copy.png	Start Match	Match started	2	1	#GSTART	2016-11-18 11:15:44.113543-04:30	2016-11-18 11:15:44.113543-04:30	4
8	t	https://s3.amazonaws.com/codefuel/media/Term-Ends.png	Match Ends	Match ends	2	1	#GEND	2016-11-18 11:15:44.113715-04:30	2016-11-18 11:15:44.113715-04:30	4
9	t	https://s3.amazonaws.com/codefuel/media/Term-Starts+copy.png	Regular term starts	Regular term starts	2	1	#TSTART	2016-11-18 11:15:44.114148-04:30	2016-11-18 11:15:44.114148-04:30	4
10	t	https://s3.amazonaws.com/codefuel/media/Term-Ends.png	Regular term finish	Regular term finish	2	1	#TEND	2016-11-18 11:15:44.114904-04:30	2016-11-18 11:15:44.114904-04:30	4
11	t		Extra Time	Assigned by the referees to avoid the accumulated time on the field while playing	2	1	#TEXTRA	2016-11-18 11:15:44.115888-04:30	2016-11-18 11:15:44.115888-04:30	4
12	t		Extra Term starts	When the match requieres a match winner there migth be able to allow 2 extra terms to find one	2	1	#TEXTRASTARTS	2016-11-18 11:15:44.117033-04:30	2016-11-18 11:15:44.117033-04:30	4
13	t		Extra Term finish	The end of the extra term time	2	1	#TEXTRAENDS	2016-11-18 11:15:44.118933-04:30	2016-11-18 11:15:44.118933-04:30	4
14	t		Penalty round	When the match requieres a match winner	2	1	#PR	2016-11-18 11:15:44.119388-04:30	2016-11-18 11:15:44.119388-04:30	4
15	t		Match suspended	Match started but not finished	2	1	#MS	2016-11-18 11:15:44.119785-04:30	2016-11-18 11:15:44.119785-04:30	4
16	t		Match Cancel	Match not played	2	1	#MC	2016-11-18 11:15:44.120491-04:30	2016-11-18 11:15:44.120491-04:30	4
4	t	https://s3.amazonaws.com/codefuel/media/event_autogol.png	Auto Gol	Scored agains your own team	1	1	#AGOL	2016-11-18 11:15:44.107501-04:30	2016-11-18 11:15:44.107501-04:30	4
3	t	https://s3.amazonaws.com/codefuel/media/event_card_yellow.png	Yellow Card	Game amonstation for bad behaviour on the field	1	1	#YELLOW	2016-11-18 11:15:44.108023-04:30	2016-11-18 11:15:44.108023-04:30	4
\.


--
-- Data for Name: events_calendars; Type: TABLE DATA; Schema: public; Owner: postgres
--

COPY events_calendars (id, title, "startsAt", "endsAt", place, comment, events_calendars_types_id, active, created_at, updated_at) FROM stdin;
7	Reunion  de planificacion	2017-03-31 13:30:00-04:30	2017-03-31 16:30:59.999-04:30	Oficina 4h	\N	\N	t	2017-03-31 07:45:47.529-04:30	2017-03-31 07:45:47.529-04:30
\.


--
-- Data for Name: events_calendars_comments; Type: TABLE DATA; Schema: public; Owner: postgres
--

COPY events_calendars_comments (id, comment, user_id, event_id, active, created_at, updated_at) FROM stdin;
\.


--
-- Name: events_calendars_comments_id_seq; Type: SEQUENCE SET; Schema: public; Owner: postgres
--

SELECT pg_catalog.setval('events_calendars_comments_id_seq', 1, false);


--
-- Name: events_calendars_id_seq; Type: SEQUENCE SET; Schema: public; Owner: postgres
--

SELECT pg_catalog.setval('events_calendars_id_seq', 7, true);


--
-- Data for Name: events_calendars_types; Type: TABLE DATA; Schema: public; Owner: postgres
--

COPY events_calendars_types (id, code, img_url, created_at, updated_at) FROM stdin;
\.


--
-- Name: events_calendars_types_id_seq; Type: SEQUENCE SET; Schema: public; Owner: postgres
--

SELECT pg_catalog.setval('events_calendars_types_id_seq', 1, false);


--
-- Name: events_id_seq; Type: SEQUENCE SET; Schema: public; Owner: postgres
--

SELECT pg_catalog.setval('events_id_seq', 17, true);


--
-- Data for Name: events_matches; Type: TABLE DATA; Schema: public; Owner: postgres
--

COPY events_matches (id, active, img_url, name, description, level, increments_by, created_at, updated_at, subdiscipline_id) FROM stdin;
\.


--
-- Name: events_matches_id_seq; Type: SEQUENCE SET; Schema: public; Owner: postgres
--

SELECT pg_catalog.setval('events_matches_id_seq', 1, false);


--
-- Data for Name: events_matches_players; Type: TABLE DATA; Schema: public; Owner: postgres
--

COPY events_matches_players (id, active, created_at, updated_at, instant, player_in, player_out, match_id, event_id, team_id) FROM stdin;
1	t	2016-12-27 15:37:56.326-04:30	2016-12-27 15:37:56.326-04:30	0	\N	\N	16	7	\N
2	t	2016-12-27 15:58:00.816-04:30	2016-12-27 15:58:00.816-04:30	19	172	\N	16	1	24
3	t	2016-12-27 16:04:47.312-04:30	2016-12-27 16:04:47.312-04:30	25	168	164	16	5	24
4	t	2016-12-27 16:07:31.322-04:30	2016-12-27 16:07:31.322-04:30	28	43	\N	16	1	28
5	t	2016-12-27 16:09:17.931-04:30	2016-12-27 16:09:17.931-04:30	0	\N	\N	15	7	\N
6	t	2016-12-27 16:09:18.031-04:30	2016-12-27 16:09:18.031-04:30	46	141	137	15	5	27
7	t	2016-12-27 16:09:18.076-04:30	2016-12-27 16:09:18.076-04:30	19	137	\N	15	1	27
8	t	2016-12-27 16:09:18.077-04:30	2016-12-27 16:09:18.077-04:30	46	131	143	15	5	27
10	t	2016-12-27 16:09:18.131-04:30	2016-12-27 16:09:18.131-04:30	46	245	147	15	5	27
11	t	2016-12-27 16:09:18.19-04:30	2016-12-27 16:09:18.19-04:30	75	134	\N	15	1	27
14	t	2016-12-27 16:09:18.218-04:30	2016-12-27 16:09:18.218-04:30	58	144	149	15	5	27
15	t	2016-12-27 16:09:18.296-04:30	2016-12-27 16:09:18.296-04:30	58	135	232	15	5	27
16	t	2016-12-27 16:09:18.315-04:30	2016-12-27 16:09:18.315-04:30	32	114	110	15	5	26
19	t	2016-12-27 16:09:18.415-04:30	2016-12-27 16:09:18.415-04:30	75	120	113	15	5	26
21	t	2016-12-27 16:09:18.521-04:30	2016-12-27 16:09:18.521-04:30	0	\N	\N	15	8	\N
22	t	2016-12-27 16:09:18.339-04:30	2016-12-27 16:09:18.339-04:30	71	344	121	15	5	26
23	t	2016-12-27 16:17:04.402-04:30	2016-12-27 16:17:04.402-04:30	37	170	160	16	5	24
25	t	2016-12-27 16:35:15.607-04:30	2016-12-27 16:35:15.607-04:30	45	161	166	16	5	24
28	t	2016-12-27 16:45:31.374-04:30	2016-12-27 16:45:31.374-04:30	52	170	\N	16	1	24
30	t	2016-12-27 16:50:18.182-04:30	2016-12-27 16:50:18.182-04:30	56	33	38	16	5	28
31	t	2016-12-27 16:54:47.46-04:30	2016-12-27 16:54:47.46-04:30	61	167	162	16	5	24
32	t	2016-12-27 16:57:02.665-04:30	2016-12-27 16:57:02.665-04:30	63	161	\N	16	1	24
34	t	2016-12-27 17:05:32.12-04:30	2016-12-27 17:05:32.12-04:30	0	\N	\N	9	7	\N
37	t	2016-12-27 17:26:37.882-04:30	2016-12-27 17:26:37.882-04:30	90	\N	\N	16	8	\N
35	t	2016-12-27 17:06:41.825-04:30	2016-12-27 17:06:41.825-04:30	73	167	\N	16	1	24
38	t	2016-12-27 17:36:00.487-04:30	2016-12-27 17:36:00.487-04:30	30	58	\N	9	1	21
40	t	2016-12-27 17:58:32.777-04:30	2016-12-27 17:58:32.777-04:30	45	61	77	9	5	21
41	t	2016-12-27 17:58:40.123-04:30	2016-12-27 17:58:40.123-04:30	45	59	74	9	5	21
42	t	2016-12-27 17:59:03.211-04:30	2016-12-27 17:59:03.211-04:30	45	199	189	9	5	22
43	t	2016-12-27 17:59:10.716-04:30	2016-12-27 17:59:10.716-04:30	45	188	182	9	5	22
44	t	2016-12-27 18:05:41.131-04:30	2016-12-27 18:05:41.131-04:30	49	193	\N	9	1	22
45	t	2016-12-27 18:06:43.174-04:30	2016-12-27 18:06:43.174-04:30	50	70	\N	9	1	21
46	t	2016-12-27 18:21:55.234-04:30	2016-12-27 18:21:55.234-04:30	65	181	187	9	5	22
47	t	2016-12-27 18:24:14.059-04:30	2016-12-27 18:24:14.059-04:30	68	418	63	9	5	21
48	t	2016-12-27 18:24:24.634-04:30	2016-12-27 18:24:24.634-04:30	68	179	779	9	5	22
49	t	2016-12-27 18:24:32.693-04:30	2016-12-27 18:24:32.693-04:30	68	192	180	9	5	22
50	t	2016-12-27 18:29:31.271-04:30	2016-12-27 18:29:31.271-04:30	73	196	191	9	5	22
51	t	2016-12-27 18:46:37.654-04:30	2016-12-27 18:46:37.654-04:30	90	72	\N	9	1	21
52	t	2016-12-27 18:47:52.175-04:30	2016-12-27 18:47:52.175-04:30	91	418	\N	9	1	21
53	t	2016-12-27 18:48:11.25-04:30	2016-12-27 18:48:11.25-04:30	92	\N	\N	9	8	\N
54	t	2016-12-27 19:12:10.198-04:30	2016-12-27 19:12:10.198-04:30	0	\N	\N	10	7	\N
55	t	2016-12-27 19:25:00.517-04:30	2016-12-27 19:25:00.517-04:30	12	212	\N	10	1	20
57	t	2016-12-27 19:48:56.314-04:30	2016-12-27 19:48:56.314-04:30	35	218	210	10	5	20
58	t	2016-12-27 19:51:29.024-04:30	2016-12-27 19:51:29.024-04:30	38	80	\N	10	1	23
59	t	2016-12-27 20:08:33.79-04:30	2016-12-27 20:08:33.79-04:30	46	217	208	10	5	20
61	t	2016-12-27 20:18:01.019-04:30	2016-12-27 20:18:01.019-04:30	54	216	209	10	5	20
62	t	2016-12-27 20:18:46.012-04:30	2016-12-27 20:18:46.012-04:30	55	90	567	10	5	23
63	t	2016-12-27 20:20:46.6-04:30	2016-12-27 20:20:46.6-04:30	57	80	\N	10	1	23
65	t	2016-12-27 20:25:19.267-04:30	2016-12-27 20:25:19.267-04:30	61	91	548	10	5	23
67	t	2016-12-27 20:29:37.486-04:30	2016-12-27 20:29:37.486-04:30	65	88	80	10	5	23
68	t	2016-12-27 20:32:50.104-04:30	2016-12-27 20:32:50.104-04:30	68	220	213	10	5	20
69	t	2016-12-27 20:38:00.538-04:30	2016-12-27 20:38:00.538-04:30	73	86	92	10	5	23
70	t	2016-12-27 20:41:57.771-04:30	2016-12-27 20:41:57.771-04:30	77	221	211	10	5	20
73	t	2016-12-27 20:52:48.9-04:30	2016-12-27 20:52:48.9-04:30	88	87	91	10	5	23
74	t	2016-12-27 20:54:38.343-04:30	2016-12-27 20:54:38.343-04:30	90	89	562	10	5	23
75	t	2016-12-27 21:00:09.84-04:30	2016-12-27 21:00:09.84-04:30	95	\N	\N	10	8	\N
100	t	2016-12-28 14:58:37.141-04:30	2016-12-28 14:58:37.141-04:30	63	117	108	17	5	26
76	t	2016-12-28 13:37:51.187-04:30	2016-12-28 13:37:51.187-04:30	0	\N	\N	17	7	\N
77	t	2016-12-28 13:38:13.094-04:30	2016-12-28 13:38:13.094-04:30	0	\N	\N	14	7	\N
78	t	2016-12-28 13:43:53.963-04:30	2016-12-28 13:43:53.963-04:30	5	149	\N	14	1	27
80	t	2016-12-28 14:00:34.11-04:30	2016-12-28 14:00:34.11-04:30	22	162	155	14	5	24
81	t	2016-12-28 14:04:55.751-04:30	2016-12-28 14:04:55.751-04:30	26	167	\N	14	1	24
83	t	2016-12-28 14:34:13.842-04:30	2016-12-28 14:34:13.842-04:30	46	141	137	14	5	27
84	t	2016-12-28 14:34:35.365-04:30	2016-12-28 14:34:35.365-04:30	46	245	143	14	5	27
85	t	2016-12-28 14:34:59.724-04:30	2016-12-28 14:34:59.724-04:30	46	232	147	14	5	27
86	t	2016-12-28 14:37:41.536-04:30	2016-12-28 14:37:41.536-04:30	46	166	172	14	5	24
87	t	2016-12-28 14:37:48.297-04:30	2016-12-28 14:37:48.297-04:30	46	169	161	14	5	24
88	t	2016-12-28 14:37:59.722-04:30	2016-12-28 14:37:59.722-04:30	46	163	167	14	5	24
95	t	2016-12-28 14:50:00.787-04:30	2016-12-28 14:50:00.787-04:30	56	141	\N	14	1	27
96	t	2016-12-28 14:51:59.172-04:30	2016-12-28 14:51:59.172-04:30	57	144	146	14	5	27
97	t	2016-12-28 14:52:09.408-04:30	2016-12-28 14:52:09.408-04:30	58	135	149	14	5	27
102	t	2016-12-28 14:59:17.59-04:30	2016-12-28 14:59:17.59-04:30	65	158	\N	14	1	24
93	t	2016-12-28 14:46:29.856-04:30	2016-12-28 14:46:29.856-04:30	52	113	\N	17	1	26
101	t	2016-12-28 14:58:52.376-04:30	2016-12-28 14:58:52.376-04:30	64	120	334	17	5	26
104	t	2016-12-28 15:22:42.784-04:30	2016-12-28 15:22:42.784-04:30	88	40	\N	17	1	28
98	t	2016-12-28 14:55:21.941-04:30	2016-12-28 14:55:21.941-04:30	61	256	50	17	5	28
99	t	2016-12-28 14:55:41.34-04:30	2016-12-28 14:55:41.34-04:30	61	37	30	17	5	28
94	t	2016-12-28 14:49:42.275-04:30	2016-12-28 14:49:42.275-04:30	55	123	\N	17	1	26
89	t	2016-12-28 14:38:17.428-04:30	2016-12-28 14:38:17.428-04:30	46	30	446	17	5	28
90	t	2016-12-28 14:38:49.003-04:30	2016-12-28 14:38:49.003-04:30	46	123	121	17	5	26
82	t	2016-12-28 14:22:02.579-04:30	2016-12-28 14:22:02.579-04:30	43	331	\N	17	1	26
91	t	2016-12-28 14:39:04.843-04:30	2016-12-28 14:39:04.843-04:30	46	111	114	17	5	26
79	t	2016-12-28 13:55:54.072-04:30	2016-12-28 13:55:54.072-04:30	17	121	\N	17	1	26
33	t	2016-12-27 17:01:22.985-04:30	2016-12-27 17:01:22.985-04:30	67	50	431	16	5	28
27	t	2016-12-27 16:37:54.908-04:30	2016-12-27 16:37:54.908-04:30	45	30	256	16	5	28
26	t	2016-12-27 16:37:25.681-04:30	2016-12-27 16:37:25.681-04:30	45	37	446	16	5	28
24	t	2016-12-27 16:34:55.889-04:30	2016-12-27 16:34:55.889-04:30	45	163	169	16	5	24
20	t	2016-12-27 16:09:18.452-04:30	2016-12-27 16:09:18.452-04:30	21	121	\N	15	1	26
18	t	2016-12-27 16:09:18.399-04:30	2016-12-27 16:09:18.399-04:30	75	123	114	15	5	26
17	t	2016-12-27 16:09:18.342-04:30	2016-12-27 16:09:18.342-04:30	66	117	349	15	5	26
39	t	2016-12-27 17:58:20.823-04:30	2016-12-27 17:58:20.823-04:30	45	76	406	9	5	21
105	t	2016-12-28 15:24:26.506-04:30	2016-12-28 15:24:26.506-04:30	90	\N	\N	17	8	\N
107	t	2016-12-28 15:24:44.56-04:30	2016-12-28 15:24:44.56-04:30	90	\N	\N	14	8	\N
9	t	2016-12-27 16:09:18.081-04:30	2016-12-27 16:09:18.081-04:30	46	137	\N	15	3	27
12	t	2016-12-27 16:09:18.194-04:30	2016-12-27 16:09:18.194-04:30	86	141	\N	15	3	27
13	t	2016-12-27 16:09:18.213-04:30	2016-12-27 16:09:18.213-04:30	90	146	\N	15	3	27
29	t	2016-12-27 16:47:44.917-04:30	2016-12-27 16:47:44.917-04:30	54	168	\N	16	3	24
36	t	2016-12-27 17:18:29.71-04:30	2016-12-27 17:18:29.71-04:30	84	52	\N	16	3	28
56	t	2016-12-27 19:41:43.613-04:30	2016-12-27 19:41:43.613-04:30	29	562	\N	10	3	23
64	t	2016-12-27 20:21:58.103-04:30	2016-12-27 20:21:58.103-04:30	58	566	\N	10	3	23
66	t	2016-12-27 20:26:36.55-04:30	2016-12-27 20:26:36.55-04:30	62	211	\N	10	3	20
71	t	2016-12-27 20:44:16.907-04:30	2016-12-27 20:44:16.907-04:30	80	93	\N	10	3	23
72	t	2016-12-27 20:51:18.399-04:30	2016-12-27 20:51:18.399-04:30	87	91	\N	10	3	23
103	t	2016-12-28 15:19:22.459-04:30	2016-12-28 15:19:22.459-04:30	85	170	\N	14	3	24
108	t	2016-12-28 15:40:56.467-04:30	2016-12-28 15:40:56.467-04:30	0	\N	\N	11	7	\N
109	t	2016-12-28 15:44:50.86-04:30	2016-12-28 15:44:50.86-04:30	0	\N	\N	8	7	\N
110	t	2016-12-28 15:45:50.011-04:30	2016-12-28 15:45:50.011-04:30	0	213	\N	8	1	20
111	t	2016-12-28 15:50:21.15-04:30	2016-12-28 15:50:21.15-04:30	9	57	\N	11	3	21
112	t	2016-12-28 15:54:56.276-04:30	2016-12-28 15:54:56.276-04:30	14	56	\N	11	1	21
113	t	2016-12-28 16:03:04.025-04:30	2016-12-28 16:03:04.025-04:30	21	72	\N	11	1	21
114	t	2016-12-28 16:07:31.373-04:30	2016-12-28 16:07:31.373-04:30	22	213	\N	8	1	20
115	t	2016-12-28 16:12:25.874-04:30	2016-12-28 16:12:25.874-04:30	30	548	86	11	5	23
116	t	2016-12-28 16:23:48.092-04:30	2016-12-28 16:23:48.092-04:30	38	213	\N	8	1	20
117	t	2016-12-28 16:26:13.162-04:30	2016-12-28 16:26:13.162-04:30	41	208	\N	8	1	20
118	t	2016-12-28 16:34:57.91-04:30	2016-12-28 16:34:57.91-04:30	45	85	87	11	5	23
119	t	2016-12-28 16:35:06.425-04:30	2016-12-28 16:35:06.425-04:30	45	90	89	11	5	23
120	t	2016-12-28 16:35:15.938-04:30	2016-12-28 16:35:15.938-04:30	45	80	83	11	5	23
121	t	2016-12-28 16:36:01.786-04:30	2016-12-28 16:36:01.786-04:30	45	562	88	11	5	23
123	t	2016-12-28 16:38:44.136-04:30	2016-12-28 16:38:44.136-04:30	45	179	779	8	5	22
124	t	2016-12-28 16:41:17.898-04:30	2016-12-28 16:41:17.898-04:30	46	187	183	8	5	22
125	t	2016-12-28 16:42:54.466-04:30	2016-12-28 16:42:54.466-04:30	48	198	181	8	5	22
126	t	2016-12-28 16:46:29.406-04:30	2016-12-28 16:46:29.406-04:30	51	199	\N	8	1	22
127	t	2016-12-28 16:52:03.59-04:30	2016-12-28 16:52:03.59-04:30	60	76	56	11	5	21
128	t	2016-12-28 16:56:05.328-04:30	2016-12-28 16:56:05.328-04:30	61	217	208	8	5	20
129	t	2016-12-28 16:59:52.759-04:30	2016-12-28 16:59:52.759-04:30	67	61	64	11	5	21
130	t	2016-12-28 17:00:55.081-04:30	2016-12-28 17:00:55.081-04:30	65	180	199	8	5	22
131	t	2016-12-28 17:01:21.218-04:30	2016-12-28 17:01:21.218-04:30	66	196	188	8	5	22
132	t	2016-12-28 17:03:16.57-04:30	2016-12-28 17:03:16.57-04:30	71	566	79	11	5	23
133	t	2016-12-28 17:07:16.29-04:30	2016-12-28 17:07:16.29-04:30	72	221	211	8	5	20
135	t	2016-12-28 17:15:10.937-04:30	2016-12-28 17:15:10.937-04:30	78	220	214	8	5	20
136	t	2016-12-28 17:17:11.913-04:30	2016-12-28 17:17:11.913-04:30	84	418	72	11	5	21
137	t	2016-12-28 17:20:37.642-04:30	2016-12-28 17:20:37.642-04:30	83	212	\N	8	1	20
138	t	2016-12-28 17:24:11.32-04:30	2016-12-28 17:24:11.32-04:30	87	217	\N	8	1	20
139	t	2016-12-28 17:24:54.107-04:30	2016-12-28 17:24:54.107-04:30	87	\N	\N	8	8	\N
140	t	2016-12-28 17:25:43.625-04:30	2016-12-28 17:25:43.625-04:30	93	\N	\N	11	8	\N
122	t	2016-12-28 16:38:05.392-04:30	2016-12-28 16:38:05.392-04:30	46	80	\N	11	1	23
142	t	2016-12-30 11:18:22.869-04:30	2016-12-30 11:18:22.869-04:30	0	\N	\N	18	7	\N
143	t	2016-12-30 12:14:09.507-04:30	2016-12-30 12:14:09.507-04:30	45	147	135	18	5	27
144	t	2016-12-30 12:14:20.737-04:30	2016-12-30 12:14:20.737-04:30	45	149	232	18	5	27
145	t	2016-12-30 12:14:42.951-04:30	2016-12-30 12:14:42.951-04:30	45	134	144	18	5	27
147	t	2016-12-30 12:15:53.719-04:30	2016-12-30 12:15:53.719-04:30	46	431	463	18	5	28
148	t	2016-12-30 12:16:07.503-04:30	2016-12-30 12:16:07.503-04:30	46	37	30	18	5	28
149	t	2016-12-30 12:30:57.318-04:30	2016-12-30 12:30:57.318-04:30	61	33	256	18	5	28
150	t	2016-12-30 12:36:08.075-04:30	2016-12-30 12:36:08.075-04:30	66	50	446	18	5	28
151	t	2016-12-30 12:38:45.314-04:30	2016-12-30 12:38:45.314-04:30	68	141	\N	18	1	27
153	t	2016-12-30 13:00:14.743-04:30	2016-12-30 13:00:14.743-04:30	90	\N	\N	18	8	\N
154	t	2016-12-30 13:28:28.576-04:30	2016-12-30 13:28:28.576-04:30	0	\N	\N	12	7	\N
155	t	2016-12-30 13:31:57.204-04:30	2016-12-30 13:31:57.204-04:30	3	198	\N	12	1	22
156	t	2016-12-30 13:42:17.303-04:30	2016-12-30 13:42:17.303-04:30	13	90	\N	12	1	23
157	t	2016-12-30 13:53:23.023-04:30	2016-12-30 13:53:23.023-04:30	24	562	\N	12	1	23
158	t	2016-12-30 14:01:45.663-04:30	2016-12-30 14:01:45.663-04:30	33	562	\N	12	1	23
159	t	2016-12-30 14:04:51.902-04:30	2016-12-30 14:04:51.902-04:30	36	199	\N	12	1	22
160	t	2016-12-30 14:20:09.762-04:30	2016-12-30 14:20:09.762-04:30	45	179	779	12	5	22
161	t	2016-12-30 14:20:15.093-04:30	2016-12-30 14:20:15.093-04:30	46	186	180	12	5	22
162	t	2016-12-30 14:20:32.888-04:30	2016-12-30 14:20:32.888-04:30	46	182	196	12	5	22
163	t	2016-12-30 14:31:09.95-04:30	2016-12-30 14:31:09.95-04:30	56	83	90	12	5	23
164	t	2016-12-30 14:31:17.644-04:30	2016-12-30 14:31:17.644-04:30	56	89	562	12	5	23
166	t	2016-12-30 14:36:22.926-04:30	2016-12-30 14:36:22.926-04:30	61	192	188	12	5	22
167	t	2016-12-30 14:37:57.389-04:30	2016-12-30 14:37:57.389-04:30	63	181	183	12	5	22
168	t	2016-12-30 14:38:23.857-04:30	2016-12-30 14:38:23.857-04:30	63	86	80	12	5	23
169	t	2016-12-30 14:38:52.073-04:30	2016-12-30 14:38:52.073-04:30	63	558	548	12	5	23
171	t	2016-12-30 14:56:27.341-04:30	2016-12-30 14:56:27.341-04:30	81	530	85	12	5	23
172	t	2016-12-30 15:05:41.959-04:30	2016-12-30 15:05:41.959-04:30	90	\N	\N	12	8	\N
173	t	2016-12-30 15:13:50.134-04:30	2016-12-30 15:13:50.134-04:30	46	158	169	13	5	24
174	t	2016-12-30 15:13:50.212-04:30	2016-12-30 15:13:50.212-04:30	46	159	162	13	5	24
175	t	2016-12-30 15:13:50.217-04:30	2016-12-30 15:13:50.217-04:30	0	\N	\N	13	7	\N
176	t	2016-12-30 15:13:50.223-04:30	2016-12-30 15:13:50.223-04:30	28	109	\N	13	3	26
177	t	2016-12-30 15:13:50.341-04:30	2016-12-30 15:13:50.341-04:30	46	172	157	13	5	24
178	t	2016-12-30 15:13:50.355-04:30	2016-12-30 15:13:50.355-04:30	60	166	\N	13	3	24
179	t	2016-12-30 15:13:50.37-04:30	2016-12-30 15:13:50.37-04:30	61	167	166	13	5	24
180	t	2016-12-30 15:13:50.455-04:30	2016-12-30 15:13:50.455-04:30	66	113	\N	13	1	26
181	t	2016-12-30 15:13:50.468-04:30	2016-12-30 15:13:50.468-04:30	73	120	117	13	5	26
182	t	2016-12-30 15:13:50.507-04:30	2016-12-30 15:13:50.507-04:30	63	170	\N	13	3	24
183	t	2016-12-30 15:13:50.611-04:30	2016-12-30 15:13:50.611-04:30	80	114	113	13	5	26
184	t	2016-12-30 15:13:50.617-04:30	2016-12-30 15:13:50.617-04:30	70	123	121	13	5	26
185	t	2016-12-30 15:13:50.635-04:30	2016-12-30 15:13:50.635-04:30	12	121	\N	13	1	26
186	t	2016-12-30 15:13:50.649-04:30	2016-12-30 15:13:50.649-04:30	81	344	109	13	5	26
187	t	2016-12-30 15:13:50.745-04:30	2016-12-30 15:13:50.745-04:30	0	\N	\N	13	8	\N
188	t	2016-12-30 15:25:30.089-04:30	2016-12-30 15:25:30.089-04:30	46	56	800	7	5	21
189	t	2016-12-30 15:25:30.182-04:30	2016-12-30 15:25:30.182-04:30	46	54	64	7	5	21
190	t	2016-12-30 15:25:30.237-04:30	2016-12-30 15:25:30.237-04:30	46	209	207	7	5	20
192	t	2016-12-30 15:25:30.244-04:30	2016-12-30 15:25:30.244-04:30	44	211	\N	7	3	20
193	t	2016-12-30 15:25:30.26-04:30	2016-12-30 15:25:30.26-04:30	47	219	208	7	5	20
194	t	2016-12-30 15:25:30.395-04:30	2016-12-30 15:25:30.395-04:30	54	221	210	7	5	20
170	t	2016-12-30 14:50:30.875-04:30	2016-12-30 14:50:30.875-04:30	65	199	\N	12	1	22
152	t	2016-12-30 12:40:38.566-04:30	2016-12-30 12:40:38.566-04:30	70	146	\N	18	1	27
146	t	2016-12-30 12:15:01.23-04:30	2016-12-30 12:15:01.23-04:30	45	146	143	18	5	27
106	t	2016-12-28 15:24:36.616-04:30	2016-12-28 15:24:36.616-04:30	90	157	\N	14	3	24
92	t	2016-12-28 14:45:14.001-04:30	2016-12-28 14:45:14.001-04:30	51	344	\N	17	3	26
134	t	2016-12-28 17:11:18.639-04:30	2016-12-28 17:11:18.639-04:30	74	183	187	8	5	22
196	t	2016-12-30 15:25:30.467-04:30	2016-12-30 15:25:30.467-04:30	46	220	212	7	5	20
197	t	2016-12-30 15:47:03.343587-04:30	2016-12-30 15:47:03.343587-04:30	63	94	92	12	5	23
198	t	2017-01-10 09:20:23.174012-04:30	2017-01-10 09:20:23.174012-04:30	3	141	\N	18	1	27
165	t	2016-12-30 14:34:25.499-04:30	2016-12-30 14:34:25.499-04:30	59	84	\N	12	1	23
199	t	2017-01-10 14:25:58.734352-04:30	2017-01-10 14:25:58.734352-04:30	61	77	61	7	5	21
200	t	2017-01-10 14:26:38.442733-04:30	2017-01-10 14:26:38.442733-04:30	70	217	219	7	5	20
201	t	2017-01-10 14:39:31.429274-04:30	2017-01-10 14:39:31.429274-04:30	46	418	54	7	5	21
202	t	2017-01-10 14:39:31.429274-04:30	2017-01-10 14:39:31.429274-04:30	89	418	\N	7	3	21
203	t	2017-01-10 15:16:58.322836-04:30	2017-01-10 15:16:58.322836-04:30	45	245	137	18	5	27
205	t	2017-01-20 09:19:34.513-04:30	2017-01-20 09:19:34.513-04:30	20	835	\N	20	1	66
204	t	2017-01-20 09:18:39.115-04:30	2017-01-20 09:18:39.115-04:30	37	16	\N	20	1	8
191	t	2016-12-30 15:25:30.244-04:30	2016-12-30 15:25:30.244-04:30	90	\N	\N	20	8	\N
195	t	2016-12-30 15:25:30.463-04:30	2016-12-30 15:25:30.463-04:30	88	833	\N	20	1	66
206	t	2017-02-14 13:12:20.133892-04:30	2017-02-14 13:12:20.133892-04:30	0	\N	\N	20	7	\N
\.


--
-- Name: events_matches_players_id_seq; Type: SEQUENCE SET; Schema: public; Owner: postgres
--

SELECT pg_catalog.setval('events_matches_players_id_seq', 206, true);


--
-- Data for Name: feed_items; Type: TABLE DATA; Schema: public; Owner: postgres
--

COPY feed_items (id, message_en, message_es, active, created_at, updated_at) FROM stdin;
294	The Match #1 between CONCORDE FIRE USSDA 9899 (GA) and SOLAR SC CHELSEA USSDA 9899 (TXN) has started	El Partido #1 entre CONCORDE FIRE USSDA 9899 (GA) Y SOLAR SC CHELSEA USSDA 9899 (TXN) ha iniciado	t	2017-01-11 08:43:03.19-04:30	2017-01-11 08:43:03.19-04:30
299	SOLAR SC CHELSEA USSDA 9899 (TXN) has changed Player 9 SOLAR SC CHELSEA by Player 13 SOLAR SC CHELSEA on 46'	SOLAR SC CHELSEA USSDA 9899 (TXN) ha cambiado a Player 9 SOLAR SC CHELSEA por Player 13 SOLAR SC CHELSEA en el minuto 46'	t	2017-01-11 08:43:03.201-04:30	2017-01-11 08:43:03.201-04:30
304	SOLAR SC CHELSEA USSDA 9899 (TXN) has changed Player 28 SOLAR SC CHELSEA by Player 7 SOLAR SC CHELSEA on 58'	SOLAR SC CHELSEA USSDA 9899 (TXN) ha cambiado a Player 28 SOLAR SC CHELSEA por Player 7 SOLAR SC CHELSEA en el minuto 58'	t	2017-01-11 08:43:03.212-04:30	2017-01-11 08:43:03.212-04:30
309	CONCORDE FIRE USSDA 9899 (GA) has changed Player 10 CONCORDE FIRE by Player 17 CONCORDE FIRE on 75'	CONCORDE FIRE USSDA 9899 (GA) ha cambiado a Player 10 CONCORDE FIRE por Player 17 CONCORDE FIRE en el minuto 75'	t	2017-01-11 08:43:03.22-04:30	2017-01-11 08:43:03.22-04:30
313	CHARGERS SC USSDA 9899 (FL) has changed Player 7 CHARGERS SC by Player 17 CHARGERS SC on 37'	CHARGERS SC USSDA 9899 (FL) ha cambiado a Player 7 CHARGERS SC por Player 17 CHARGERS SC en el minuto 37'	t	2017-01-11 08:43:03.227-04:30	2017-01-11 08:43:03.227-04:30
320	Player 17 CHARGERS SC of CHARGERS SC USSDA 9899 (FL) scored a goal on 52' of Match #2	Player 17 CHARGERS SC de CHARGERS SC USSDA 9899 (FL) anot un gol el 52' de Partido #2	t	2017-01-11 08:43:03.235-04:30	2017-01-11 08:43:03.235-04:30
326	Player 5 WESTON FC of WESTON FC USSDA 98/99 scored a goal on 30' of Match #3	Player 5 WESTON FC de WESTON FC USSDA 98/99 anot un gol el 30' de Partido #3	t	2017-01-11 08:43:03.264-04:30	2017-01-11 08:43:03.264-04:30
331	DALLAS TEXANS USSDA 98/99 (TXN) has changed Player 4 DALLAS TEXANS by Player 10 DALLAS TEXANS on 45'	DALLAS TEXANS USSDA 98/99 (TXN) ha cambiado a Player 4 DALLAS TEXANS por Player 10 DALLAS TEXANS en el minuto 45'	t	2017-01-11 08:43:03.273-04:30	2017-01-11 08:43:03.273-04:30
336	DALLAS TEXANS USSDA 98/99 (TXN) has changed Player 00 DALLAS TEXANS by Player 1 DALLAS TEXANS on 68'	DALLAS TEXANS USSDA 98/99 (TXN) ha cambiado a Player 00 DALLAS TEXANS por Player 1 DALLAS TEXANS en el minuto 68'	t	2017-01-11 08:43:03.285-04:30	2017-01-11 08:43:03.285-04:30
341	The Match #3 between WESTON FC USSDA 98/99 and DALLAS TEXANS USSDA 98/99 (TXN) has ended	El Partido #3 entre WESTON FC USSDA 98/99 Y DALLAS TEXANS USSDA 98/99 (TXN) ha terminado	t	2017-01-11 08:43:03.306-04:30	2017-01-11 08:43:03.306-04:30
345	AS ROMA PRIMAVERA has changed Player 7 AS ROMA PRIMAVERA by Player 15 AS ROMA PRIMAVERA on 35'	AS ROMA PRIMAVERA ha cambiado a Player 7 AS ROMA PRIMAVERA por Player 15 AS ROMA PRIMAVERA en el minuto 35'	t	2017-01-11 08:43:03.325-04:30	2017-01-11 08:43:03.325-04:30
349	Monday Bassey Etim of SIMA GOLD (FL) scored a goal on 57' of Match #4	Monday Bassey Etim de SIMA GOLD (FL) anot un gol el 57' de Partido #4	t	2017-01-11 08:43:03.344-04:30	2017-01-11 08:43:03.344-04:30
352	AS ROMA PRIMAVERA has changed Player 10 AS ROMA PRIMAVERA by Player 17 AS ROMA PRIMAVERA on 68'	AS ROMA PRIMAVERA ha cambiado a Player 10 AS ROMA PRIMAVERA por Player 17 AS ROMA PRIMAVERA en el minuto 68'	t	2017-01-11 08:43:03.356-04:30	2017-01-11 08:43:03.356-04:30
357	The Match #4 between AS ROMA PRIMAVERA and SIMA GOLD (FL) has ended	El Partido #4 entre AS ROMA PRIMAVERA Y SIMA GOLD (FL) ha terminado	t	2017-01-11 08:43:03.376-04:30	2017-01-11 08:43:03.376-04:30
362	CHARGERS SC USSDA 9899 (FL) has changed Player 2 CHARGERS SC by Player 9 CHARGERS SC on 22'	CHARGERS SC USSDA 9899 (FL) ha cambiado a Player 2 CHARGERS SC por Player 9 CHARGERS SC en el minuto 22'	t	2017-01-11 08:43:03.394-04:30	2017-01-11 08:43:03.394-04:30
366	SOLAR SC CHELSEA USSDA 9899 (TXN) has changed Player 19 SOLAR SC CHELSEA by Player 28 SOLAR SC CHELSEA on 46'	SOLAR SC CHELSEA USSDA 9899 (TXN) ha cambiado a Player 19 SOLAR SC CHELSEA por Player 28 SOLAR SC CHELSEA en el minuto 46'	t	2017-01-11 08:43:03.407-04:30	2017-01-11 08:43:03.407-04:30
371	SOLAR SC CHELSEA USSDA 9899 (TXN) has changed Player 18 SOLAR SC CHELSEA by Player 16 SOLAR SC CHELSEA on 57'	SOLAR SC CHELSEA USSDA 9899 (TXN) ha cambiado a Player 18 SOLAR SC CHELSEA por Player 16 SOLAR SC CHELSEA en el minuto 57'	t	2017-01-11 08:43:03.426-04:30	2017-01-11 08:43:03.426-04:30
376	Player 12 BOCA UNITED ACADEMY USSDA 9899 (FL) of BOCA UNITED ACADEMY USSDA 9899 (FL) scored a goal on 88' of Match #5	Player 12 BOCA UNITED ACADEMY USSDA 9899 (FL) de BOCA UNITED ACADEMY USSDA 9899 (FL) anot un gol el 88' de Partido #5	t	2017-01-11 08:43:03.465-04:30	2017-01-11 08:43:03.465-04:30
381	CONCORDE FIRE USSDA 9899 (GA) has changed Player 18 CONCORDE FIRE by Player 20 CONCORDE FIRE on 46'	CONCORDE FIRE USSDA 9899 (GA) ha cambiado a Player 18 CONCORDE FIRE por Player 20 CONCORDE FIRE en el minuto 46'	t	2017-01-11 08:43:03.498-04:30	2017-01-11 08:43:03.498-04:30
386	The Match #6 between CHARGERS SC USSDA 9899 (FL) and SOLAR SC CHELSEA USSDA 9899 (TXN) has ended	El Partido #6 entre CHARGERS SC USSDA 9899 (FL) Y SOLAR SC CHELSEA USSDA 9899 (TXN) ha terminado	t	2017-01-11 08:43:03.529-04:30	2017-01-11 08:43:03.529-04:30
387	Player 9 SOLAR SC CHELSEA of SOLAR SC CHELSEA USSDA 9899 (TXN) has received a yellow card on 46'	Player 9 SOLAR SC CHELSEA de SOLAR SC CHELSEA USSDA 9899 (TXN) ha recibido una tarjeta amarilla en el minuto 46'	t	2017-01-11 08:43:03.539-04:30	2017-01-11 08:43:03.539-04:30
391	Player 24 BOCA UNITED ACADEMY USSDA 9899 (FL) of BOCA UNITED ACADEMY USSDA 9899 (FL) has received a yellow card on 84'	Player 24 BOCA UNITED ACADEMY USSDA 9899 (FL) de BOCA UNITED ACADEMY USSDA 9899 (FL) ha recibido una tarjeta amarilla en el minuto 84'	t	2017-01-11 08:43:03.553-04:30	2017-01-11 08:43:03.553-04:30
392	Albert Dikwa Lega of SIMA GOLD (FL) has received a yellow card on 29'	Albert Dikwa Lega de SIMA GOLD (FL) ha recibido una tarjeta amarilla en el minuto 29'	t	2017-01-11 08:43:03.568-04:30	2017-01-11 08:43:03.568-04:30
396	Joao Lucas Santos Nunes of SIMA GOLD (FL) has received a yellow card on 87'	Joao Lucas Santos Nunes de SIMA GOLD (FL) ha recibido una tarjeta amarilla en el minuto 87'	t	2017-01-11 08:43:03.584-04:30	2017-01-11 08:43:03.584-04:30
397	Player 17 CHARGERS SC of CHARGERS SC USSDA 9899 (FL) has received a yellow card on 85'	Player 17 CHARGERS SC de CHARGERS SC USSDA 9899 (FL) ha recibido una tarjeta amarilla en el minuto 85'	t	2017-01-11 08:43:03.586-04:30	2017-01-11 08:43:03.586-04:30
401	Player 4 WESTON FC of WESTON FC USSDA 98/99 has received a yellow card on 9'	Player 4 WESTON FC de WESTON FC USSDA 98/99 ha recibido una tarjeta amarilla en el minuto 9'	t	2017-01-11 08:43:03.612-04:30	2017-01-11 08:43:03.612-04:30
402	Player 3 WESTON FC of WESTON FC USSDA 98/99 scored a goal on 14' of Match #7	Player 3 WESTON FC de WESTON FC USSDA 98/99 anot un gol el 14' de Partido #7	t	2017-01-11 08:43:03.615-04:30	2017-01-11 08:43:03.615-04:30
406	Player 10 AS ROMA PRIMAVERA of AS ROMA PRIMAVERA scored a goal on 38' of Match #8	Player 10 AS ROMA PRIMAVERA de AS ROMA PRIMAVERA anot un gol el 38' de Partido #8	t	2017-01-11 08:43:03.629-04:30	2017-01-11 08:43:03.629-04:30
407	Player 6 AS ROMA PRIMAVERA of AS ROMA PRIMAVERA scored a goal on 41' of Match #8	Player 6 AS ROMA PRIMAVERA de AS ROMA PRIMAVERA anot un gol el 41' de Partido #8	t	2017-01-11 08:43:03.63-04:30	2017-01-11 08:43:03.63-04:30
295	The Match #2 between CHARGERS SC USSDA 9899 (FL) and BOCA UNITED ACADEMY USSDA 9899 (FL) has started	El Partido #2 entre CHARGERS SC USSDA 9899 (FL) Y BOCA UNITED ACADEMY USSDA 9899 (FL) ha iniciado	t	2017-01-11 08:43:03.194-04:30	2017-01-11 08:43:03.194-04:30
300	Player 9 SOLAR SC CHELSEA of SOLAR SC CHELSEA USSDA 9899 (TXN) scored a goal on 19' of Match #1	Player 9 SOLAR SC CHELSEA de SOLAR SC CHELSEA USSDA 9899 (TXN) anot un gol el 19' de Partido #1	t	2017-01-11 08:43:03.203-04:30	2017-01-11 08:43:03.203-04:30
305	SOLAR SC CHELSEA USSDA 9899 (TXN) has changed Player 21 SOLAR SC CHELSEA by Player 16 SOLAR SC CHELSEA on 58'	SOLAR SC CHELSEA USSDA 9899 (TXN) ha cambiado a Player 21 SOLAR SC CHELSEA por Player 16 SOLAR SC CHELSEA en el minuto 58'	t	2017-01-11 08:43:03.215-04:30	2017-01-11 08:43:03.215-04:30
454	SIMA GOLD (FL) has changed Shelove Achelus by Moussa Diarra on 63'	SIMA GOLD (FL) ha cambiado a Shelove Achelus por Moussa Diarra en el minuto 63'	t	2017-01-11 08:43:03.763-04:30	2017-01-11 08:43:03.763-04:30
310	Player 1 CONCORDE FIRE of CONCORDE FIRE USSDA 9899 (GA) scored a goal on 21' of Match #1	Player 1 CONCORDE FIRE de CONCORDE FIRE USSDA 9899 (GA) anot un gol el 21' de Partido #1	t	2017-01-11 08:43:03.222-04:30	2017-01-11 08:43:03.222-04:30
315	CHARGERS SC USSDA 9899 (FL) has changed Player 13 CHARGERS SC by Player 8 CHARGERS SC on 45'	CHARGERS SC USSDA 9899 (FL) ha cambiado a Player 13 CHARGERS SC por Player 8 CHARGERS SC en el minuto 45'	t	2017-01-11 08:43:03.229-04:30	2017-01-11 08:43:03.229-04:30
319	BOCA UNITED ACADEMY USSDA 9899 (FL) has changed Player 10 BOCA UNITED ACADEMY USSDA 9899 (FL) by Player 5 BOCA UNITED ACADEMY USSDA 9899 (FL) on 56'	BOCA UNITED ACADEMY USSDA 9899 (FL) ha cambiado a Player 10 BOCA UNITED ACADEMY USSDA 9899 (FL) por Player 5 BOCA UNITED ACADEMY USSDA 9899 (FL) en el minuto 56'	t	2017-01-11 08:43:03.238-04:30	2017-01-11 08:43:03.238-04:30
325	Player 14 CHARGERS SC of CHARGERS SC USSDA 9899 (FL) scored a goal on 73' of Match #2	Player 14 CHARGERS SC de CHARGERS SC USSDA 9899 (FL) anot un gol el 73' de Partido #2	t	2017-01-11 08:43:03.261-04:30	2017-01-11 08:43:03.261-04:30
329	DALLAS TEXANS USSDA 98/99 (TXN) has changed Player 11 DALLAS TEXANS by Player 21 DALLAS TEXANS on 45'	DALLAS TEXANS USSDA 98/99 (TXN) ha cambiado a Player 11 DALLAS TEXANS por Player 21 DALLAS TEXANS en el minuto 45'	t	2017-01-11 08:43:03.271-04:30	2017-01-11 08:43:03.271-04:30
334	DALLAS TEXANS USSDA 98/99 (TXN) has changed Player 9 DALLAS TEXANS by Player 3 DALLAS TEXANS on 65'	DALLAS TEXANS USSDA 98/99 (TXN) ha cambiado a Player 9 DALLAS TEXANS por Player 3 DALLAS TEXANS en el minuto 65'	t	2017-01-11 08:43:03.282-04:30	2017-01-11 08:43:03.282-04:30
339	Player 19 WESTON FC of WESTON FC USSDA 98/99 scored a goal on 90' of Match #3	Player 19 WESTON FC de WESTON FC USSDA 98/99 anot un gol el 90' de Partido #3	t	2017-01-11 08:43:03.298-04:30	2017-01-11 08:43:03.298-04:30
344	Monday Bassey Etim of SIMA GOLD (FL) scored a goal on 38' of Match #4	Monday Bassey Etim de SIMA GOLD (FL) anot un gol el 38' de Partido #4	t	2017-01-11 08:43:03.324-04:30	2017-01-11 08:43:03.324-04:30
348	SIMA GOLD (FL) has changed Alassane Ates Diouf by Fairs Pemi Moumbagna on 55'	SIMA GOLD (FL) ha cambiado a Alassane Ates Diouf por Fairs Pemi Moumbagna en el minuto 55'	t	2017-01-11 08:43:03.334-04:30	2017-01-11 08:43:03.334-04:30
354	AS ROMA PRIMAVERA has changed Player 8 AS ROMA PRIMAVERA by Player 18 AS ROMA PRIMAVERA on 77'	AS ROMA PRIMAVERA ha cambiado a Player 8 AS ROMA PRIMAVERA por Player 18 AS ROMA PRIMAVERA en el minuto 77'	t	2017-01-11 08:43:03.366-04:30	2017-01-11 08:43:03.366-04:30
359	The Match #6 between CHARGERS SC USSDA 9899 (FL) and SOLAR SC CHELSEA USSDA 9899 (TXN) has started	El Partido #6 entre CHARGERS SC USSDA 9899 (FL) Y SOLAR SC CHELSEA USSDA 9899 (TXN) ha iniciado	t	2017-01-11 08:43:03.388-04:30	2017-01-11 08:43:03.388-04:30
364	SOLAR SC CHELSEA USSDA 9899 (TXN) has changed Player 9 SOLAR SC CHELSEA by Player 13 SOLAR SC CHELSEA on 46'	SOLAR SC CHELSEA USSDA 9899 (TXN) ha cambiado a Player 9 SOLAR SC CHELSEA por Player 13 SOLAR SC CHELSEA en el minuto 46'	t	2017-01-11 08:43:03.407-04:30	2017-01-11 08:43:03.407-04:30
369	CHARGERS SC USSDA 9899 (FL) has changed Player 14 CHARGERS SC by Player 10 CHARGERS SC on 46'	CHARGERS SC USSDA 9899 (FL) ha cambiado a Player 14 CHARGERS SC por Player 10 CHARGERS SC en el minuto 46'	t	2017-01-11 08:43:03.426-04:30	2017-01-11 08:43:03.426-04:30
374	Player 10 CONCORDE FIRE of CONCORDE FIRE USSDA 9899 (GA) scored a goal on 52' of Match #5	Player 10 CONCORDE FIRE de CONCORDE FIRE USSDA 9899 (GA) anot un gol el 52' de Partido #5	t	2017-01-11 08:43:03.463-04:30	2017-01-11 08:43:03.463-04:30
379	Player 20 CONCORDE FIRE of CONCORDE FIRE USSDA 9899 (GA) scored a goal on 55' of Match #5	Player 20 CONCORDE FIRE de CONCORDE FIRE USSDA 9899 (GA) anot un gol el 55' de Partido #5	t	2017-01-11 08:43:03.495-04:30	2017-01-11 08:43:03.495-04:30
384	Player 18 CONCORDE FIRE of CONCORDE FIRE USSDA 9899 (GA) scored a goal on 17' of Match #5	Player 18 CONCORDE FIRE de CONCORDE FIRE USSDA 9899 (GA) anot un gol el 17' de Partido #5	t	2017-01-11 08:43:03.513-04:30	2017-01-11 08:43:03.513-04:30
388	Player 13 SOLAR SC CHELSEA of SOLAR SC CHELSEA USSDA 9899 (TXN) has received a yellow card on 86'	Player 13 SOLAR SC CHELSEA de SOLAR SC CHELSEA USSDA 9899 (TXN) ha recibido una tarjeta amarilla en el minuto 86'	t	2017-01-11 08:43:03.541-04:30	2017-01-11 08:43:03.541-04:30
389	Player 18 SOLAR SC CHELSEA of SOLAR SC CHELSEA USSDA 9899 (TXN) has received a yellow card on 90'	Player 18 SOLAR SC CHELSEA de SOLAR SC CHELSEA USSDA 9899 (TXN) ha recibido una tarjeta amarilla en el minuto 90'	t	2017-01-11 08:43:03.55-04:30	2017-01-11 08:43:03.55-04:30
393	Talla Faye of SIMA GOLD (FL) has received a yellow card on 58'	Talla Faye de SIMA GOLD (FL) ha recibido una tarjeta amarilla en el minuto 58'	t	2017-01-11 08:43:03.57-04:30	2017-01-11 08:43:03.57-04:30
394	Player 8 AS ROMA PRIMAVERA of AS ROMA PRIMAVERA has received a yellow card on 62'	Player 8 AS ROMA PRIMAVERA de AS ROMA PRIMAVERA ha recibido una tarjeta amarilla en el minuto 62'	t	2017-01-11 08:43:03.578-04:30	2017-01-11 08:43:03.578-04:30
398	The Match #7 between WESTON FC USSDA 98/99 and SIMA GOLD (FL) has started	El Partido #7 entre WESTON FC USSDA 98/99 Y SIMA GOLD (FL) ha iniciado	t	2017-01-11 08:43:03.587-04:30	2017-01-11 08:43:03.587-04:30
399	The Match #8 between AS ROMA PRIMAVERA and DALLAS TEXANS USSDA 98/99 (TXN) has started	El Partido #8 entre AS ROMA PRIMAVERA Y DALLAS TEXANS USSDA 98/99 (TXN) ha iniciado	t	2017-01-11 08:43:03.595-04:30	2017-01-11 08:43:03.595-04:30
403	Player 19 WESTON FC of WESTON FC USSDA 98/99 scored a goal on 21' of Match #7	Player 19 WESTON FC de WESTON FC USSDA 98/99 anot un gol el 21' de Partido #7	t	2017-01-11 08:43:03.615-04:30	2017-01-11 08:43:03.615-04:30
404	Player 10 AS ROMA PRIMAVERA of AS ROMA PRIMAVERA scored a goal on 22' of Match #8	Player 10 AS ROMA PRIMAVERA de AS ROMA PRIMAVERA anot un gol el 22' de Partido #8	t	2017-01-11 08:43:03.625-04:30	2017-01-11 08:43:03.625-04:30
408	SIMA GOLD (FL) has changed Harold Meek Mayenga by Justin Malou on 45'	SIMA GOLD (FL) ha cambiado a Harold Meek Mayenga por Justin Malou en el minuto 45'	t	2017-01-11 08:43:03.63-04:30	2017-01-11 08:43:03.63-04:30
409	SIMA GOLD (FL) has changed Sylvain Jordan Njouokep Fotso by Fairs Pemi Moumbagna on 45'	SIMA GOLD (FL) ha cambiado a Sylvain Jordan Njouokep Fotso por Fairs Pemi Moumbagna en el minuto 45'	t	2017-01-11 08:43:03.634-04:30	2017-01-11 08:43:03.634-04:30
296	CHARGERS SC USSDA 9899 (FL) has changed Player 11 CHARGERS SC by Player 15 CHARGERS SC on 25'	CHARGERS SC USSDA 9899 (FL) ha cambiado a Player 11 CHARGERS SC por Player 15 CHARGERS SC en el minuto 25'	t	2017-01-11 08:43:03.195-04:30	2017-01-11 08:43:03.195-04:30
301	SOLAR SC CHELSEA USSDA 9899 (TXN) has changed Player 15 SOLAR SC CHELSEA by Player 3 SOLAR SC CHELSEA on 46'	SOLAR SC CHELSEA USSDA 9899 (TXN) ha cambiado a Player 15 SOLAR SC CHELSEA por Player 3 SOLAR SC CHELSEA en el minuto 46'	t	2017-01-11 08:43:03.203-04:30	2017-01-11 08:43:03.203-04:30
306	CONCORDE FIRE USSDA 9899 (GA) has changed Player 7 CONCORDE FIRE by Player 11 CONCORDE FIRE on 32'	CONCORDE FIRE USSDA 9899 (GA) ha cambiado a Player 7 CONCORDE FIRE por Player 11 CONCORDE FIRE en el minuto 32'	t	2017-01-11 08:43:03.215-04:30	2017-01-11 08:43:03.215-04:30
311	The Match #1 between CONCORDE FIRE USSDA 9899 (GA) and SOLAR SC CHELSEA USSDA 9899 (TXN) has ended	El Partido #1 entre CONCORDE FIRE USSDA 9899 (GA) Y SOLAR SC CHELSEA USSDA 9899 (TXN) ha terminado	t	2017-01-11 08:43:03.223-04:30	2017-01-11 08:43:03.223-04:30
316	BOCA UNITED ACADEMY USSDA 9899 (FL) has changed Player 49 BOCA UNITED ACADEMY by Player 9 BOCA UNITED ACADEMY USSDA 9899 (FL) on 45'	BOCA UNITED ACADEMY USSDA 9899 (FL) ha cambiado a Player 49 BOCA UNITED ACADEMY por Player 9 BOCA UNITED ACADEMY USSDA 9899 (FL) en el minuto 45'	t	2017-01-11 08:43:03.232-04:30	2017-01-11 08:43:03.232-04:30
322	BOCA UNITED ACADEMY USSDA 9899 (FL) has changed Player 50 BOCA UNITED ACADEMY by Player 22 BOCA UNITED ACADEMY USSDA 9899 (FL) on 67'	BOCA UNITED ACADEMY USSDA 9899 (FL) ha cambiado a Player 50 BOCA UNITED ACADEMY por Player 22 BOCA UNITED ACADEMY USSDA 9899 (FL) en el minuto 67'	t	2017-01-11 08:43:03.243-04:30	2017-01-11 08:43:03.243-04:30
327	WESTON FC USSDA 98/99 has changed Player 3 WESTON FC by Player 23 WESTON FC on 45'	WESTON FC USSDA 98/99 ha cambiado a Player 3 WESTON FC por Player 23 WESTON FC en el minuto 45'	t	2017-01-11 08:43:03.266-04:30	2017-01-11 08:43:03.266-04:30
332	Player 15 DALLAS TEXANS of DALLAS TEXANS USSDA 98/99 (TXN) scored a goal on 49' of Match #3	Player 15 DALLAS TEXANS de DALLAS TEXANS USSDA 98/99 (TXN) anot un gol el 49' de Partido #3	t	2017-01-11 08:43:03.276-04:30	2017-01-11 08:43:03.276-04:30
337	DALLAS TEXANS USSDA 98/99 (TXN) has changed Player 2 DALLAS TEXANS by Player 14 DALLAS TEXANS on 68'	DALLAS TEXANS USSDA 98/99 (TXN) ha cambiado a Player 2 DALLAS TEXANS por Player 14 DALLAS TEXANS en el minuto 68'	t	2017-01-11 08:43:03.287-04:30	2017-01-11 08:43:03.287-04:30
342	The Match #4 between AS ROMA PRIMAVERA and SIMA GOLD (FL) has started	El Partido #4 entre AS ROMA PRIMAVERA Y SIMA GOLD (FL) ha iniciado	t	2017-01-11 08:43:03.309-04:30	2017-01-11 08:43:03.309-04:30
347	AS ROMA PRIMAVERA has changed Player 5 AS ROMA PRIMAVERA by Player 13 AS ROMA PRIMAVERA on 54'	AS ROMA PRIMAVERA ha cambiado a Player 5 AS ROMA PRIMAVERA por Player 13 AS ROMA PRIMAVERA en el minuto 54'	t	2017-01-11 08:43:03.332-04:30	2017-01-11 08:43:03.332-04:30
353	SIMA GOLD (FL) has changed Caua Szot Soares by Pierre Mane on 73'	SIMA GOLD (FL) ha cambiado a Caua Szot Soares por Pierre Mane en el minuto 73'	t	2017-01-11 08:43:03.363-04:30	2017-01-11 08:43:03.363-04:30
360	The Match #5 between CONCORDE FIRE USSDA 9899 (GA) and BOCA UNITED ACADEMY USSDA 9899 (FL) has started	El Partido #5 entre CONCORDE FIRE USSDA 9899 (GA) Y BOCA UNITED ACADEMY USSDA 9899 (FL) ha iniciado	t	2017-01-11 08:43:03.388-04:30	2017-01-11 08:43:03.388-04:30
365	SOLAR SC CHELSEA USSDA 9899 (TXN) has changed Player 15 SOLAR SC CHELSEA by Player 41 SOLAR SC CHELSEA on 46'	SOLAR SC CHELSEA USSDA 9899 (TXN) ha cambiado a Player 15 SOLAR SC CHELSEA por Player 41 SOLAR SC CHELSEA en el minuto 46'	t	2017-01-11 08:43:03.407-04:30	2017-01-11 08:43:03.407-04:30
370	Player 13 SOLAR SC CHELSEA of SOLAR SC CHELSEA USSDA 9899 (TXN) scored a goal on 56' of Match #6	Player 13 SOLAR SC CHELSEA de SOLAR SC CHELSEA USSDA 9899 (TXN) anot un gol el 56' de Partido #6	t	2017-01-11 08:43:03.426-04:30	2017-01-11 08:43:03.426-04:30
375	CONCORDE FIRE USSDA 9899 (GA) has changed Player 30 CONCORDE FIRE by Player 17 CONCORDE FIRE on 64'	CONCORDE FIRE USSDA 9899 (GA) ha cambiado a Player 30 CONCORDE FIRE por Player 17 CONCORDE FIRE en el minuto 64'	t	2017-01-11 08:43:03.463-04:30	2017-01-11 08:43:03.463-04:30
380	BOCA UNITED ACADEMY USSDA 9899 (FL) has changed Player 67 BOCA UNITED ACADEMY by Player 2 BOCA UNITED ACADEMY USSDA 9899 (FL) on 46'	BOCA UNITED ACADEMY USSDA 9899 (FL) ha cambiado a Player 67 BOCA UNITED ACADEMY por Player 2 BOCA UNITED ACADEMY USSDA 9899 (FL) en el minuto 46'	t	2017-01-11 08:43:03.495-04:30	2017-01-11 08:43:03.495-04:30
385	The Match #5 between CONCORDE FIRE USSDA 9899 (GA) and BOCA UNITED ACADEMY USSDA 9899 (FL) has ended	El Partido #5 entre CONCORDE FIRE USSDA 9899 (GA) Y BOCA UNITED ACADEMY USSDA 9899 (FL) ha terminado	t	2017-01-11 08:43:03.517-04:30	2017-01-11 08:43:03.517-04:30
390	Player 15 CHARGERS SC of CHARGERS SC USSDA 9899 (FL) has received a yellow card on 54'	Player 15 CHARGERS SC de CHARGERS SC USSDA 9899 (FL) ha recibido una tarjeta amarilla en el minuto 54'	t	2017-01-11 08:43:03.551-04:30	2017-01-11 08:43:03.551-04:30
395	Chase Vosvick of SIMA GOLD (FL) has received a yellow card on 80'	Chase Vosvick de SIMA GOLD (FL) ha recibido una tarjeta amarilla en el minuto 80'	t	2017-01-11 08:43:03.578-04:30	2017-01-11 08:43:03.578-04:30
400	Player 10 AS ROMA PRIMAVERA of AS ROMA PRIMAVERA scored a goal on 0' of Match #8	Player 10 AS ROMA PRIMAVERA de AS ROMA PRIMAVERA anot un gol el 0' de Partido #8	t	2017-01-11 08:43:03.603-04:30	2017-01-11 08:43:03.603-04:30
405	SIMA GOLD (FL) has changed Pierre Mane by Shelove Achelus on 30'	SIMA GOLD (FL) ha cambiado a Pierre Mane por Shelove Achelus en el minuto 30'	t	2017-01-11 08:43:03.627-04:30	2017-01-11 08:43:03.627-04:30
410	SIMA GOLD (FL) has changed Kizza Edward by Monday Bassey Etim on 45'	SIMA GOLD (FL) ha cambiado a Kizza Edward por Monday Bassey Etim en el minuto 45'	t	2017-01-11 08:43:03.636-04:30	2017-01-11 08:43:03.636-04:30
411	SIMA GOLD (FL) has changed Michee Ngalina by Albert Dikwa Lega on 45'	SIMA GOLD (FL) ha cambiado a Michee Ngalina por Albert Dikwa Lega en el minuto 45'	t	2017-01-11 08:43:03.638-04:30	2017-01-11 08:43:03.638-04:30
412	DALLAS TEXANS USSDA 98/99 (TXN) has changed Player 00 DALLAS TEXANS by Player 1 DALLAS TEXANS on 45'	DALLAS TEXANS USSDA 98/99 (TXN) ha cambiado a Player 00 DALLAS TEXANS por Player 1 DALLAS TEXANS en el minuto 45'	t	2017-01-11 08:43:03.641-04:30	2017-01-11 08:43:03.641-04:30
413	DALLAS TEXANS USSDA 98/99 (TXN) has changed Player 5 DALLAS TEXANS by Player 9 DALLAS TEXANS on 46'	DALLAS TEXANS USSDA 98/99 (TXN) ha cambiado a Player 5 DALLAS TEXANS por Player 9 DALLAS TEXANS en el minuto 46'	t	2017-01-11 08:43:03.641-04:30	2017-01-11 08:43:03.641-04:30
297	Player 19 CHARGERS SC of CHARGERS SC USSDA 9899 (FL) scored a goal on 19' of Match #2	Player 19 CHARGERS SC de CHARGERS SC USSDA 9899 (FL) anot un gol el 19' de Partido #2	t	2017-01-11 08:43:03.197-04:30	2017-01-11 08:43:03.197-04:30
302	SOLAR SC CHELSEA USSDA 9899 (TXN) has changed Player 19 SOLAR SC CHELSEA by Player 41 SOLAR SC CHELSEA on 46'	SOLAR SC CHELSEA USSDA 9899 (TXN) ha cambiado a Player 19 SOLAR SC CHELSEA por Player 41 SOLAR SC CHELSEA en el minuto 46'	t	2017-01-11 08:43:03.205-04:30	2017-01-11 08:43:03.205-04:30
307	CONCORDE FIRE USSDA 9899 (GA) has changed Player 15 CONCORDE FIRE by Player 14 CONCORDE FIRE on 66'	CONCORDE FIRE USSDA 9899 (GA) ha cambiado a Player 15 CONCORDE FIRE por Player 14 CONCORDE FIRE en el minuto 66'	t	2017-01-11 08:43:03.217-04:30	2017-01-11 08:43:03.217-04:30
312	CONCORDE FIRE USSDA 9899 (GA) has changed Player 18 CONCORDE FIRE by Player 40 CONCORDE FIRE on 71'	CONCORDE FIRE USSDA 9899 (GA) ha cambiado a Player 18 CONCORDE FIRE por Player 40 CONCORDE FIRE en el minuto 71'	t	2017-01-11 08:43:03.225-04:30	2017-01-11 08:43:03.225-04:30
317	BOCA UNITED ACADEMY USSDA 9899 (FL) has changed Player 47 BOCA UNITED ACADEMY by Player 2 BOCA UNITED ACADEMY USSDA 9899 (FL) on 45'	BOCA UNITED ACADEMY USSDA 9899 (FL) ha cambiado a Player 47 BOCA UNITED ACADEMY por Player 2 BOCA UNITED ACADEMY USSDA 9899 (FL) en el minuto 45'	t	2017-01-11 08:43:03.234-04:30	2017-01-11 08:43:03.234-04:30
321	Player 8 CHARGERS SC of CHARGERS SC USSDA 9899 (FL) scored a goal on 63' of Match #2	Player 8 CHARGERS SC de CHARGERS SC USSDA 9899 (FL) anot un gol el 63' de Partido #2	t	2017-01-11 08:43:03.241-04:30	2017-01-11 08:43:03.241-04:30
324	The Match #2 between CHARGERS SC USSDA 9899 (FL) and BOCA UNITED ACADEMY USSDA 9899 (FL) has ended	El Partido #2 entre CHARGERS SC USSDA 9899 (FL) Y BOCA UNITED ACADEMY USSDA 9899 (FL) ha terminado	t	2017-01-11 08:43:03.248-04:30	2017-01-11 08:43:03.248-04:30
330	WESTON FC USSDA 98/99 has changed Player 21 WESTON FC by Player 6 WESTON FC on 45'	WESTON FC USSDA 98/99 ha cambiado a Player 21 WESTON FC por Player 6 WESTON FC en el minuto 45'	t	2017-01-11 08:43:03.271-04:30	2017-01-11 08:43:03.271-04:30
335	WESTON FC USSDA 98/99 has changed Player 10 WESTON FC by Player 39 WESTON FC on 68'	WESTON FC USSDA 98/99 ha cambiado a Player 10 WESTON FC por Player 39 WESTON FC en el minuto 68'	t	2017-01-11 08:43:03.282-04:30	2017-01-11 08:43:03.282-04:30
340	Player 39 WESTON FC of WESTON FC USSDA 98/99 scored a goal on 91' of Match #3	Player 39 WESTON FC de WESTON FC USSDA 98/99 anot un gol el 91' de Partido #3	t	2017-01-11 08:43:03.299-04:30	2017-01-11 08:43:03.299-04:30
346	AS ROMA PRIMAVERA has changed Player 6 AS ROMA PRIMAVERA by Player 14 AS ROMA PRIMAVERA on 46'	AS ROMA PRIMAVERA ha cambiado a Player 6 AS ROMA PRIMAVERA por Player 14 AS ROMA PRIMAVERA en el minuto 46'	t	2017-01-11 08:43:03.329-04:30	2017-01-11 08:43:03.329-04:30
351	SIMA GOLD (FL) has changed Monday Bassey Etim by Michee Ngalina on 65'	SIMA GOLD (FL) ha cambiado a Monday Bassey Etim por Michee Ngalina en el minuto 65'	t	2017-01-11 08:43:03.347-04:30	2017-01-11 08:43:03.347-04:30
356	SIMA GOLD (FL) has changed Albert Dikwa Lega by Sylvain Jordan Njouokep Fotso on 90'	SIMA GOLD (FL) ha cambiado a Albert Dikwa Lega por Sylvain Jordan Njouokep Fotso en el minuto 90'	t	2017-01-11 08:43:03.372-04:30	2017-01-11 08:43:03.372-04:30
361	Player 21 SOLAR SC CHELSEA of SOLAR SC CHELSEA USSDA 9899 (TXN) scored a goal on 5' of Match #6	Player 21 SOLAR SC CHELSEA de SOLAR SC CHELSEA USSDA 9899 (TXN) anot un gol el 5' de Partido #6	t	2017-01-11 08:43:03.388-04:30	2017-01-11 08:43:03.388-04:30
298	Player 15 BOCA UNITED ACADEMY USSDA 9899 (FL) of BOCA UNITED ACADEMY USSDA 9899 (FL) scored a goal on 28' of Match #2	Player 15 BOCA UNITED ACADEMY USSDA 9899 (FL) de BOCA UNITED ACADEMY USSDA 9899 (FL) anot un gol el 28' de Partido #2	t	2017-01-11 08:43:03.199-04:30	2017-01-11 08:43:03.199-04:30
303	Player 6 SOLAR SC CHELSEA of SOLAR SC CHELSEA USSDA 9899 (TXN) scored a goal on 75' of Match #1	Player 6 SOLAR SC CHELSEA de SOLAR SC CHELSEA USSDA 9899 (TXN) anot un gol el 75' de Partido #1	t	2017-01-11 08:43:03.211-04:30	2017-01-11 08:43:03.211-04:30
308	CONCORDE FIRE USSDA 9899 (GA) has changed Player 11 CONCORDE FIRE by Player 2 CONCORDE FIRE on 75'	CONCORDE FIRE USSDA 9899 (GA) ha cambiado a Player 11 CONCORDE FIRE por Player 2 CONCORDE FIRE en el minuto 75'	t	2017-01-11 08:43:03.219-04:30	2017-01-11 08:43:03.219-04:30
314	CHARGERS SC USSDA 9899 (FL) has changed Player 16 CHARGERS SC by Player 1 CHARGERS SC on 45'	CHARGERS SC USSDA 9899 (FL) ha cambiado a Player 16 CHARGERS SC por Player 1 CHARGERS SC en el minuto 45'	t	2017-01-11 08:43:03.229-04:30	2017-01-11 08:43:03.229-04:30
318	CHARGERS SC USSDA 9899 (FL) has changed Player 9 CHARGERS SC by Player 14 CHARGERS SC on 61'	CHARGERS SC USSDA 9899 (FL) ha cambiado a Player 9 CHARGERS SC por Player 14 CHARGERS SC en el minuto 61'	t	2017-01-11 08:43:03.238-04:30	2017-01-11 08:43:03.238-04:30
323	The Match #3 between WESTON FC USSDA 98/99 and DALLAS TEXANS USSDA 98/99 (TXN) has started	El Partido #3 entre WESTON FC USSDA 98/99 Y DALLAS TEXANS USSDA 98/99 (TXN) ha iniciado	t	2017-01-11 08:43:03.245-04:30	2017-01-11 08:43:03.245-04:30
328	WESTON FC USSDA 98/99 has changed Player 24 WESTON FC by Player 8 WESTON FC on 45'	WESTON FC USSDA 98/99 ha cambiado a Player 24 WESTON FC por Player 8 WESTON FC en el minuto 45'	t	2017-01-11 08:43:03.268-04:30	2017-01-11 08:43:03.268-04:30
333	Player 17 WESTON FC of WESTON FC USSDA 98/99 scored a goal on 50' of Match #3	Player 17 WESTON FC de WESTON FC USSDA 98/99 anot un gol el 50' de Partido #3	t	2017-01-11 08:43:03.279-04:30	2017-01-11 08:43:03.279-04:30
338	DALLAS TEXANS USSDA 98/99 (TXN) has changed Player 13 DALLAS TEXANS by Player 18 DALLAS TEXANS on 73'	DALLAS TEXANS USSDA 98/99 (TXN) ha cambiado a Player 13 DALLAS TEXANS por Player 18 DALLAS TEXANS en el minuto 73'	t	2017-01-11 08:43:03.296-04:30	2017-01-11 08:43:03.296-04:30
343	Player 9 AS ROMA PRIMAVERA of AS ROMA PRIMAVERA scored a goal on 12' of Match #4	Player 9 AS ROMA PRIMAVERA de AS ROMA PRIMAVERA anot un gol el 12' de Partido #4	t	2017-01-11 08:43:03.315-04:30	2017-01-11 08:43:03.315-04:30
350	SIMA GOLD (FL) has changed Shelove Achelus by Joao Lucas Santos Nunes on 61'	SIMA GOLD (FL) ha cambiado a Shelove Achelus por Joao Lucas Santos Nunes en el minuto 61'	t	2017-01-11 08:43:03.344-04:30	2017-01-11 08:43:03.344-04:30
355	SIMA GOLD (FL) has changed Joao Lucas Santos Nunes by Harold Meek Mayenga on 88'	SIMA GOLD (FL) ha cambiado a Joao Lucas Santos Nunes por Harold Meek Mayenga en el minuto 88'	t	2017-01-11 08:43:03.372-04:30	2017-01-11 08:43:03.372-04:30
358	CONCORDE FIRE USSDA 9899 (GA) has changed Player 5 CONCORDE FIRE by Player 14 CONCORDE FIRE on 63'	CONCORDE FIRE USSDA 9899 (GA) ha cambiado a Player 5 CONCORDE FIRE por Player 14 CONCORDE FIRE en el minuto 63'	t	2017-01-11 08:43:03.379-04:30	2017-01-11 08:43:03.379-04:30
363	Player 14 CHARGERS SC of CHARGERS SC USSDA 9899 (FL) scored a goal on 26' of Match #6	Player 14 CHARGERS SC de CHARGERS SC USSDA 9899 (FL) anot un gol el 26' de Partido #6	t	2017-01-11 08:43:03.397-04:30	2017-01-11 08:43:03.397-04:30
368	CHARGERS SC USSDA 9899 (FL) has changed Player 8 CHARGERS SC by Player 16 CHARGERS SC on 46'	CHARGERS SC USSDA 9899 (FL) ha cambiado a Player 8 CHARGERS SC por Player 16 CHARGERS SC en el minuto 46'	t	2017-01-11 08:43:03.422-04:30	2017-01-11 08:43:03.422-04:30
373	Player 5 CHARGERS SC of CHARGERS SC USSDA 9899 (FL) scored a goal on 65' of Match #6	Player 5 CHARGERS SC de CHARGERS SC USSDA 9899 (FL) anot un gol el 65' de Partido #6	t	2017-01-11 08:43:03.442-04:30	2017-01-11 08:43:03.442-04:30
377	BOCA UNITED ACADEMY USSDA 9899 (FL) has changed Player 22 BOCA UNITED ACADEMY USSDA 9899 (FL) by Player 27 BOCA UNITED ACADEMY on 61'	BOCA UNITED ACADEMY USSDA 9899 (FL) ha cambiado a Player 22 BOCA UNITED ACADEMY USSDA 9899 (FL) por Player 27 BOCA UNITED ACADEMY en el minuto 61'	t	2017-01-11 08:43:03.475-04:30	2017-01-11 08:43:03.475-04:30
382	Player 27 CONCORDE FIRE of CONCORDE FIRE USSDA 9899 (GA) scored a goal on 43' of Match #5	Player 27 CONCORDE FIRE de CONCORDE FIRE USSDA 9899 (GA) anot un gol el 43' de Partido #5	t	2017-01-11 08:43:03.501-04:30	2017-01-11 08:43:03.501-04:30
367	CHARGERS SC USSDA 9899 (FL) has changed Player 19 CHARGERS SC by Player 13 CHARGERS SC on 46'	CHARGERS SC USSDA 9899 (FL) ha cambiado a Player 19 CHARGERS SC por Player 13 CHARGERS SC en el minuto 46'	t	2017-01-11 08:43:03.418-04:30	2017-01-11 08:43:03.418-04:30
372	SOLAR SC CHELSEA USSDA 9899 (TXN) has changed Player 21 SOLAR SC CHELSEA by Player 7 SOLAR SC CHELSEA on 58'	SOLAR SC CHELSEA USSDA 9899 (TXN) ha cambiado a Player 21 SOLAR SC CHELSEA por Player 7 SOLAR SC CHELSEA en el minuto 58'	t	2017-01-11 08:43:03.437-04:30	2017-01-11 08:43:03.437-04:30
378	BOCA UNITED ACADEMY USSDA 9899 (FL) has changed Player 2 BOCA UNITED ACADEMY USSDA 9899 (FL) by Player 9 BOCA UNITED ACADEMY USSDA 9899 (FL) on 61'	BOCA UNITED ACADEMY USSDA 9899 (FL) ha cambiado a Player 2 BOCA UNITED ACADEMY USSDA 9899 (FL) por Player 9 BOCA UNITED ACADEMY USSDA 9899 (FL) en el minuto 61'	t	2017-01-11 08:43:03.486-04:30	2017-01-11 08:43:03.486-04:30
383	CONCORDE FIRE USSDA 9899 (GA) has changed Player 11 CONCORDE FIRE by Player 8 CONCORDE FIRE on 46'	CONCORDE FIRE USSDA 9899 (GA) ha cambiado a Player 11 CONCORDE FIRE por Player 8 CONCORDE FIRE en el minuto 46'	t	2017-01-11 08:43:03.503-04:30	2017-01-11 08:43:03.503-04:30
416	WESTON FC USSDA 98/99 has changed Player 3 WESTON FC by Player 23 WESTON FC on 60'	WESTON FC USSDA 98/99 ha cambiado a Player 3 WESTON FC por Player 23 WESTON FC en el minuto 60'	t	2017-01-11 08:43:03.648-04:30	2017-01-11 08:43:03.648-04:30
414	DALLAS TEXANS USSDA 98/99 (TXN) has changed Player 3 DALLAS TEXANS by Player 20 DALLAS TEXANS on 48'	DALLAS TEXANS USSDA 98/99 (TXN) ha cambiado a Player 3 DALLAS TEXANS por Player 20 DALLAS TEXANS en el minuto 48'	t	2017-01-11 08:43:03.644-04:30	2017-01-11 08:43:03.644-04:30
419	DALLAS TEXANS USSDA 98/99 (TXN) has changed Player 21 DALLAS TEXANS by Player 2 DALLAS TEXANS on 65'	DALLAS TEXANS USSDA 98/99 (TXN) ha cambiado a Player 21 DALLAS TEXANS por Player 2 DALLAS TEXANS en el minuto 65'	t	2017-01-11 08:43:03.654-04:30	2017-01-11 08:43:03.654-04:30
424	WESTON FC USSDA 98/99 has changed Player 19 WESTON FC by Player 39 WESTON FC on 84'	WESTON FC USSDA 98/99 ha cambiado a Player 19 WESTON FC por Player 39 WESTON FC en el minuto 84'	t	2017-01-11 08:43:03.663-04:30	2017-01-11 08:43:03.663-04:30
429	Monday Bassey Etim of SIMA GOLD (FL) scored a goal on 46' of Match #7	Monday Bassey Etim de SIMA GOLD (FL) anot un gol el 46' de Partido #7	t	2017-01-11 08:43:03.675-04:30	2017-01-11 08:43:03.675-04:30
432	SOLAR SC CHELSEA USSDA 9899 (TXN) has changed Player 28 SOLAR SC CHELSEA by Player 21 SOLAR SC CHELSEA on 45'	SOLAR SC CHELSEA USSDA 9899 (TXN) ha cambiado a Player 28 SOLAR SC CHELSEA por Player 21 SOLAR SC CHELSEA en el minuto 45'	t	2017-01-11 08:43:03.682-04:30	2017-01-11 08:43:03.682-04:30
437	BOCA UNITED ACADEMY USSDA 9899 (FL) has changed Player 67 BOCA UNITED ACADEMY by Player 22 BOCA UNITED ACADEMY USSDA 9899 (FL) on 66'	BOCA UNITED ACADEMY USSDA 9899 (FL) ha cambiado a Player 67 BOCA UNITED ACADEMY por Player 22 BOCA UNITED ACADEMY USSDA 9899 (FL) en el minuto 66'	t	2017-01-11 08:43:03.734-04:30	2017-01-11 08:43:03.734-04:30
442	Player 20 DALLAS TEXANS of DALLAS TEXANS USSDA 98/99 (TXN) scored a goal on 3' of Match #11	Player 20 DALLAS TEXANS de DALLAS TEXANS USSDA 98/99 (TXN) anot un gol el 3' de Partido #11	t	2017-01-11 08:43:03.743-04:30	2017-01-11 08:43:03.743-04:30
447	DALLAS TEXANS USSDA 98/99 (TXN) has changed Player 2 DALLAS TEXANS by Player 8 DALLAS TEXANS on 46'	DALLAS TEXANS USSDA 98/99 (TXN) ha cambiado a Player 2 DALLAS TEXANS por Player 8 DALLAS TEXANS en el minuto 46'	t	2017-01-11 08:43:03.753-04:30	2017-01-11 08:43:03.753-04:30
453	SIMA GOLD (FL) has changed Monday Bassey Etim by Pierre Mane on 63'	SIMA GOLD (FL) ha cambiado a Monday Bassey Etim por Pierre Mane en el minuto 63'	t	2017-01-11 08:43:03.761-04:30	2017-01-11 08:43:03.761-04:30
458	CHARGERS SC USSDA 9899 (FL) has changed Player 9 CHARGERS SC by Player 6 CHARGERS SC on 46'	CHARGERS SC USSDA 9899 (FL) ha cambiado a Player 9 CHARGERS SC por Player 6 CHARGERS SC en el minuto 46'	t	2017-01-11 08:43:03.77-04:30	2017-01-11 08:43:03.77-04:30
463	CHARGERS SC USSDA 9899 (FL) has changed Player 13 CHARGERS SC by Player 14 CHARGERS SC on 61'	CHARGERS SC USSDA 9899 (FL) ha cambiado a Player 13 CHARGERS SC por Player 14 CHARGERS SC en el minuto 61'	t	2017-01-11 08:43:03.778-04:30	2017-01-11 08:43:03.778-04:30
470	CONCORDE FIRE USSDA 9899 (GA) has changed Player 6 CONCORDE FIRE by Player 40 CONCORDE FIRE on 81'	CONCORDE FIRE USSDA 9899 (GA) ha cambiado a Player 6 CONCORDE FIRE por Player 40 CONCORDE FIRE en el minuto 81'	t	2017-01-11 08:43:03.799-04:30	2017-01-11 08:43:03.799-04:30
475	AS ROMA PRIMAVERA has changed Player 7 AS ROMA PRIMAVERA by Player 18 AS ROMA PRIMAVERA on 54'	AS ROMA PRIMAVERA ha cambiado a Player 7 AS ROMA PRIMAVERA por Player 18 AS ROMA PRIMAVERA en el minuto 54'	t	2017-01-11 08:43:03.813-04:30	2017-01-11 08:43:03.813-04:30
480	Player 21 DALLAS TEXANS of DALLAS TEXANS USSDA 98/99 (TXN) scored a goal on 65' of Match #11	Player 21 DALLAS TEXANS de DALLAS TEXANS USSDA 98/99 (TXN) anot un gol el 65' de Partido #11	t	2017-01-11 08:43:03.822-04:30	2017-01-11 08:43:03.822-04:30
485	DALLAS TEXANS USSDA 98/99 (TXN) has changed Player 9 DALLAS TEXANS by Player 5 DALLAS TEXANS on 74'	DALLAS TEXANS USSDA 98/99 (TXN) ha cambiado a Player 9 DALLAS TEXANS por Player 5 DALLAS TEXANS en el minuto 74'	t	2017-01-11 08:43:03.833-04:30	2017-01-11 08:43:03.833-04:30
490	WESTON FC USSDA 98/99 has changed Player 8 WESTON FC by Player 24 WESTON FC on 61'	WESTON FC USSDA 98/99 ha cambiado a Player 8 WESTON FC por Player 24 WESTON FC en el minuto 61'	t	2017-01-11 08:43:03.852-04:30	2017-01-11 08:43:03.852-04:30
415	Player 21 DALLAS TEXANS of DALLAS TEXANS USSDA 98/99 (TXN) scored a goal on 51' of Match #8	Player 21 DALLAS TEXANS de DALLAS TEXANS USSDA 98/99 (TXN) anot un gol el 51' de Partido #8	t	2017-01-11 08:43:03.646-04:30	2017-01-11 08:43:03.646-04:30
420	DALLAS TEXANS USSDA 98/99 (TXN) has changed Player 10 DALLAS TEXANS by Player 18 DALLAS TEXANS on 66'	DALLAS TEXANS USSDA 98/99 (TXN) ha cambiado a Player 10 DALLAS TEXANS por Player 18 DALLAS TEXANS en el minuto 66'	t	2017-01-11 08:43:03.656-04:30	2017-01-11 08:43:03.656-04:30
425	Player 9 AS ROMA PRIMAVERA of AS ROMA PRIMAVERA scored a goal on 83' of Match #8	Player 9 AS ROMA PRIMAVERA de AS ROMA PRIMAVERA anot un gol el 83' de Partido #8	t	2017-01-11 08:43:03.667-04:30	2017-01-11 08:43:03.667-04:30
430	The Match #9 between SOLAR SC CHELSEA USSDA 9899 (TXN) and BOCA UNITED ACADEMY USSDA 9899 (FL) has started	El Partido #9 entre SOLAR SC CHELSEA USSDA 9899 (TXN) Y BOCA UNITED ACADEMY USSDA 9899 (FL) ha iniciado	t	2017-01-11 08:43:03.678-04:30	2017-01-11 08:43:03.678-04:30
435	BOCA UNITED ACADEMY USSDA 9899 (FL) has changed Player 2 BOCA UNITED ACADEMY USSDA 9899 (FL) by Player 9 BOCA UNITED ACADEMY USSDA 9899 (FL) on 46'	BOCA UNITED ACADEMY USSDA 9899 (FL) ha cambiado a Player 2 BOCA UNITED ACADEMY USSDA 9899 (FL) por Player 9 BOCA UNITED ACADEMY USSDA 9899 (FL) en el minuto 46'	t	2017-01-11 08:43:03.706-04:30	2017-01-11 08:43:03.706-04:30
440	The Match #11 between DALLAS TEXANS USSDA 98/99 (TXN) and SIMA GOLD (FL) has started	El Partido #11 entre DALLAS TEXANS USSDA 98/99 (TXN) Y SIMA GOLD (FL) ha iniciado	t	2017-01-11 08:43:03.739-04:30	2017-01-11 08:43:03.739-04:30
445	Player 21 DALLAS TEXANS of DALLAS TEXANS USSDA 98/99 (TXN) scored a goal on 36' of Match #11	Player 21 DALLAS TEXANS de DALLAS TEXANS USSDA 98/99 (TXN) anot un gol el 36' de Partido #11	t	2017-01-11 08:43:03.748-04:30	2017-01-11 08:43:03.748-04:30
450	SIMA GOLD (FL) has changed Albert Dikwa Lega by Sylvain Jordan Njouokep Fotso on 56'	SIMA GOLD (FL) ha cambiado a Albert Dikwa Lega por Sylvain Jordan Njouokep Fotso en el minuto 56'	t	2017-01-11 08:43:03.757-04:30	2017-01-11 08:43:03.757-04:30
455	The Match #11 between DALLAS TEXANS USSDA 98/99 (TXN) and SIMA GOLD (FL) has ended	El Partido #11 entre DALLAS TEXANS USSDA 98/99 (TXN) Y SIMA GOLD (FL) ha terminado	t	2017-01-11 08:43:03.766-04:30	2017-01-11 08:43:03.766-04:30
460	Player 6 CONCORDE FIRE of CONCORDE FIRE USSDA 9899 (GA) has received a yellow card on 28'	Player 6 CONCORDE FIRE de CONCORDE FIRE USSDA 9899 (GA) ha recibido una tarjeta amarilla en el minuto 28'	t	2017-01-11 08:43:03.774-04:30	2017-01-11 08:43:03.774-04:30
464	Player 10 CONCORDE FIRE of CONCORDE FIRE USSDA 9899 (GA) scored a goal on 66' of Match #12	Player 10 CONCORDE FIRE de CONCORDE FIRE USSDA 9899 (GA) anot un gol el 66' de Partido #12	t	2017-01-11 08:43:03.781-04:30	2017-01-11 08:43:03.781-04:30
469	Player 18 CONCORDE FIRE of CONCORDE FIRE USSDA 9899 (GA) scored a goal on 12' of Match #12	Player 18 CONCORDE FIRE de CONCORDE FIRE USSDA 9899 (GA) anot un gol el 12' de Partido #12	t	2017-01-11 08:43:03.797-04:30	2017-01-11 08:43:03.797-04:30
473	AS ROMA PRIMAVERA has changed Player 4 AS ROMA PRIMAVERA by Player 5 AS ROMA PRIMAVERA on 46'	AS ROMA PRIMAVERA ha cambiado a Player 4 AS ROMA PRIMAVERA por Player 5 AS ROMA PRIMAVERA en el minuto 46'	t	2017-01-11 08:43:03.806-04:30	2017-01-11 08:43:03.806-04:30
479	The Match #10 between AS ROMA PRIMAVERA and WESTON FC USSDA 98/99 has ended	El Partido #10 entre AS ROMA PRIMAVERA Y WESTON FC USSDA 98/99 ha terminado	t	2017-01-11 08:43:03.819-04:30	2017-01-11 08:43:03.819-04:30
484	Player 40 CONCORDE FIRE of CONCORDE FIRE USSDA 9899 (GA) has received a yellow card on 51'	Player 40 CONCORDE FIRE de CONCORDE FIRE USSDA 9899 (GA) ha recibido una tarjeta amarilla en el minuto 51'	t	2017-01-11 08:43:03.829-04:30	2017-01-11 08:43:03.829-04:30
489	Babacar Laniane of SIMA GOLD (FL) scored a goal on 59' of Match #11	Babacar Laniane de SIMA GOLD (FL) anot un gol el 59' de Partido #11	t	2017-01-11 08:43:03.84-04:30	2017-01-11 08:43:03.84-04:30
494	SOLAR SC CHELSEA USSDA 9899 (TXN) has changed Player 9 SOLAR SC CHELSEA by Player 41 SOLAR SC CHELSEA on 45'	SOLAR SC CHELSEA USSDA 9899 (TXN) ha cambiado a Player 9 SOLAR SC CHELSEA por Player 41 SOLAR SC CHELSEA en el minuto 45'	t	2017-01-11 08:43:03.869-04:30	2017-01-11 08:43:03.869-04:30
417	WESTON FC USSDA 98/99 has changed Player 11 WESTON FC by Player 8 WESTON FC on 67'	WESTON FC USSDA 98/99 ha cambiado a Player 11 WESTON FC por Player 8 WESTON FC en el minuto 67'	t	2017-01-11 08:43:03.651-04:30	2017-01-11 08:43:03.651-04:30
423	AS ROMA PRIMAVERA has changed Player 11 AS ROMA PRIMAVERA by Player 17 AS ROMA PRIMAVERA on 78'	AS ROMA PRIMAVERA ha cambiado a Player 11 AS ROMA PRIMAVERA por Player 17 AS ROMA PRIMAVERA en el minuto 78'	t	2017-01-11 08:43:03.661-04:30	2017-01-11 08:43:03.661-04:30
427	The Match #8 between AS ROMA PRIMAVERA and DALLAS TEXANS USSDA 98/99 (TXN) has ended	El Partido #8 entre AS ROMA PRIMAVERA Y DALLAS TEXANS USSDA 98/99 (TXN) ha terminado	t	2017-01-11 08:43:03.673-04:30	2017-01-11 08:43:03.673-04:30
433	SOLAR SC CHELSEA USSDA 9899 (TXN) has changed Player 16 SOLAR SC CHELSEA by Player 6 SOLAR SC CHELSEA on 45'	SOLAR SC CHELSEA USSDA 9899 (TXN) ha cambiado a Player 16 SOLAR SC CHELSEA por Player 6 SOLAR SC CHELSEA en el minuto 45'	t	2017-01-11 08:43:03.683-04:30	2017-01-11 08:43:03.683-04:30
439	The Match #9 between SOLAR SC CHELSEA USSDA 9899 (TXN) and BOCA UNITED ACADEMY USSDA 9899 (FL) has ended	El Partido #9 entre SOLAR SC CHELSEA USSDA 9899 (TXN) Y BOCA UNITED ACADEMY USSDA 9899 (FL) ha terminado	t	2017-01-11 08:43:03.737-04:30	2017-01-11 08:43:03.737-04:30
444	Albert Dikwa Lega of SIMA GOLD (FL) scored a goal on 33' of Match #11	Albert Dikwa Lega de SIMA GOLD (FL) anot un gol el 33' de Partido #11	t	2017-01-11 08:43:03.746-04:30	2017-01-11 08:43:03.746-04:30
449	SIMA GOLD (FL) has changed Fairs Pemi Moumbagna by Kizza Edward on 56'	SIMA GOLD (FL) ha cambiado a Fairs Pemi Moumbagna por Kizza Edward en el minuto 56'	t	2017-01-11 08:43:03.755-04:30	2017-01-11 08:43:03.755-04:30
459	The Match #12 between CHARGERS SC USSDA 9899 (FL) and CONCORDE FIRE USSDA 9899 (GA) has started	El Partido #12 entre CHARGERS SC USSDA 9899 (FL) Y CONCORDE FIRE USSDA 9899 (GA) ha iniciado	t	2017-01-11 08:43:03.772-04:30	2017-01-11 08:43:03.772-04:30
465	CONCORDE FIRE USSDA 9899 (GA) has changed Player 14 CONCORDE FIRE by Player 17 CONCORDE FIRE on 73'	CONCORDE FIRE USSDA 9899 (GA) ha cambiado a Player 14 CONCORDE FIRE por Player 17 CONCORDE FIRE en el minuto 73'	t	2017-01-11 08:43:03.784-04:30	2017-01-11 08:43:03.784-04:30
468	CONCORDE FIRE USSDA 9899 (GA) has changed Player 18 CONCORDE FIRE by Player 20 CONCORDE FIRE on 70'	CONCORDE FIRE USSDA 9899 (GA) ha cambiado a Player 18 CONCORDE FIRE por Player 20 CONCORDE FIRE en el minuto 70'	t	2017-01-11 08:43:03.794-04:30	2017-01-11 08:43:03.794-04:30
474	WESTON FC USSDA 98/99 has changed Player 11 WESTON FC by Player 1 WESTON FC on 46'	WESTON FC USSDA 98/99 ha cambiado a Player 11 WESTON FC por Player 1 WESTON FC en el minuto 46'	t	2017-01-11 08:43:03.804-04:30	2017-01-11 08:43:03.804-04:30
478	Player 8 AS ROMA PRIMAVERA of AS ROMA PRIMAVERA has received a yellow card on 44'	Player 8 AS ROMA PRIMAVERA de AS ROMA PRIMAVERA ha recibido una tarjeta amarilla en el minuto 44'	t	2017-01-11 08:43:03.816-04:30	2017-01-11 08:43:03.816-04:30
483	Player 4 CHARGERS SC of CHARGERS SC USSDA 9899 (FL) has received a yellow card on 90'	Player 4 CHARGERS SC de CHARGERS SC USSDA 9899 (FL) ha recibido una tarjeta amarilla en el minuto 90'	t	2017-01-11 08:43:03.826-04:30	2017-01-11 08:43:03.826-04:30
488	Player 13 SOLAR SC CHELSEA of SOLAR SC CHELSEA USSDA 9899 (TXN) scored a goal on 3' of Match #9	Player 13 SOLAR SC CHELSEA de SOLAR SC CHELSEA USSDA 9899 (TXN) anot un gol el 3' de Partido #9	t	2017-01-11 08:43:03.837-04:30	2017-01-11 08:43:03.837-04:30
493	Player 39 WESTON FC of WESTON FC USSDA 98/99 has received a yellow card on 89'	Player 39 WESTON FC de WESTON FC USSDA 98/99 ha recibido una tarjeta amarilla en el minuto 89'	t	2017-01-11 08:43:03.866-04:30	2017-01-11 08:43:03.866-04:30
418	AS ROMA PRIMAVERA has changed Player 6 AS ROMA PRIMAVERA by Player 14 AS ROMA PRIMAVERA on 61'	AS ROMA PRIMAVERA ha cambiado a Player 6 AS ROMA PRIMAVERA por Player 14 AS ROMA PRIMAVERA en el minuto 61'	t	2017-01-11 08:43:03.651-04:30	2017-01-11 08:43:03.651-04:30
422	AS ROMA PRIMAVERA has changed Player 8 AS ROMA PRIMAVERA by Player 18 AS ROMA PRIMAVERA on 72'	AS ROMA PRIMAVERA ha cambiado a Player 8 AS ROMA PRIMAVERA por Player 18 AS ROMA PRIMAVERA en el minuto 72'	t	2017-01-11 08:43:03.661-04:30	2017-01-11 08:43:03.661-04:30
428	The Match #7 between WESTON FC USSDA 98/99 and SIMA GOLD (FL) has ended	El Partido #7 entre WESTON FC USSDA 98/99 Y SIMA GOLD (FL) ha terminado	t	2017-01-11 08:43:03.673-04:30	2017-01-11 08:43:03.673-04:30
434	BOCA UNITED ACADEMY USSDA 9899 (FL) has changed Player 84 BOCA UNITED ACADEMY by Player 52 BOCA UNITED ACADEMY on 46'	BOCA UNITED ACADEMY USSDA 9899 (FL) ha cambiado a Player 84 BOCA UNITED ACADEMY por Player 52 BOCA UNITED ACADEMY en el minuto 46'	t	2017-01-11 08:43:03.691-04:30	2017-01-11 08:43:03.691-04:30
438	Player 13 SOLAR SC CHELSEA of SOLAR SC CHELSEA USSDA 9899 (TXN) scored a goal on 68' of Match #9	Player 13 SOLAR SC CHELSEA de SOLAR SC CHELSEA USSDA 9899 (TXN) anot un gol el 68' de Partido #9	t	2017-01-11 08:43:03.734-04:30	2017-01-11 08:43:03.734-04:30
443	Albert Dikwa Lega of SIMA GOLD (FL) scored a goal on 24' of Match #11	Albert Dikwa Lega de SIMA GOLD (FL) anot un gol el 24' de Partido #11	t	2017-01-11 08:43:03.744-04:30	2017-01-11 08:43:03.744-04:30
448	DALLAS TEXANS USSDA 98/99 (TXN) has changed Player 18 DALLAS TEXANS by Player 4 DALLAS TEXANS on 46'	DALLAS TEXANS USSDA 98/99 (TXN) ha cambiado a Player 18 DALLAS TEXANS por Player 4 DALLAS TEXANS en el minuto 46'	t	2017-01-11 08:43:03.753-04:30	2017-01-11 08:43:03.753-04:30
452	DALLAS TEXANS USSDA 98/99 (TXN) has changed Player 5 DALLAS TEXANS by Player 3 DALLAS TEXANS on 63'	DALLAS TEXANS USSDA 98/99 (TXN) ha cambiado a Player 5 DALLAS TEXANS por Player 3 DALLAS TEXANS en el minuto 63'	t	2017-01-11 08:43:03.761-04:30	2017-01-11 08:43:03.761-04:30
456	SIMA GOLD (FL) has changed Justin Malou by Hamady Diop on 81'	SIMA GOLD (FL) ha cambiado a Justin Malou por Hamady Diop en el minuto 81'	t	2017-01-11 08:43:03.767-04:30	2017-01-11 08:43:03.767-04:30
461	Player 13 CHARGERS SC of CHARGERS SC USSDA 9899 (FL) has received a yellow card on 60'	Player 13 CHARGERS SC de CHARGERS SC USSDA 9899 (FL) ha recibido una tarjeta amarilla en el minuto 60'	t	2017-01-11 08:43:03.776-04:30	2017-01-11 08:43:03.776-04:30
466	Player 17 CHARGERS SC of CHARGERS SC USSDA 9899 (FL) has received a yellow card on 63'	Player 17 CHARGERS SC de CHARGERS SC USSDA 9899 (FL) ha recibido una tarjeta amarilla en el minuto 63'	t	2017-01-11 08:43:03.791-04:30	2017-01-11 08:43:03.791-04:30
471	The Match #12 between CHARGERS SC USSDA 9899 (FL) and CONCORDE FIRE USSDA 9899 (GA) has ended	El Partido #12 entre CHARGERS SC USSDA 9899 (FL) Y CONCORDE FIRE USSDA 9899 (GA) ha terminado	t	2017-01-11 08:43:03.801-04:30	2017-01-11 08:43:03.801-04:30
476	The Match #10 between AS ROMA PRIMAVERA and WESTON FC USSDA 98/99 has started	El Partido #10 entre AS ROMA PRIMAVERA Y WESTON FC USSDA 98/99 ha iniciado	t	2017-01-11 08:43:03.81-04:30	2017-01-11 08:43:03.81-04:30
481	Player 18 SOLAR SC CHELSEA of SOLAR SC CHELSEA USSDA 9899 (TXN) scored a goal on 70' of Match #9	Player 18 SOLAR SC CHELSEA de SOLAR SC CHELSEA USSDA 9899 (TXN) anot un gol el 70' de Partido #9	t	2017-01-11 08:43:03.823-04:30	2017-01-11 08:43:03.823-04:30
486	AS ROMA PRIMAVERA has changed Player 9 AS ROMA PRIMAVERA by Player 17 AS ROMA PRIMAVERA on 46'	AS ROMA PRIMAVERA ha cambiado a Player 9 AS ROMA PRIMAVERA por Player 17 AS ROMA PRIMAVERA en el minuto 46'	t	2017-01-11 08:43:03.833-04:30	2017-01-11 08:43:03.833-04:30
491	AS ROMA PRIMAVERA has changed Player 16 AS ROMA PRIMAVERA by Player 14 AS ROMA PRIMAVERA on 70'	AS ROMA PRIMAVERA ha cambiado a Player 16 AS ROMA PRIMAVERA por Player 14 AS ROMA PRIMAVERA en el minuto 70'	t	2017-01-11 08:43:03.86-04:30	2017-01-11 08:43:03.86-04:30
421	SIMA GOLD (FL) has changed Abdoul Jacques Doumbia by Talla Faye on 71'	SIMA GOLD (FL) ha cambiado a Abdoul Jacques Doumbia por Talla Faye en el minuto 71'	t	2017-01-11 08:43:03.658-04:30	2017-01-11 08:43:03.658-04:30
426	Player 14 AS ROMA PRIMAVERA of AS ROMA PRIMAVERA scored a goal on 87' of Match #8	Player 14 AS ROMA PRIMAVERA de AS ROMA PRIMAVERA anot un gol el 87' de Partido #8	t	2017-01-11 08:43:03.67-04:30	2017-01-11 08:43:03.67-04:30
431	SOLAR SC CHELSEA USSDA 9899 (TXN) has changed Player 7 SOLAR SC CHELSEA by Player 19 SOLAR SC CHELSEA on 45'	SOLAR SC CHELSEA USSDA 9899 (TXN) ha cambiado a Player 7 SOLAR SC CHELSEA por Player 19 SOLAR SC CHELSEA en el minuto 45'	t	2017-01-11 08:43:03.68-04:30	2017-01-11 08:43:03.68-04:30
436	BOCA UNITED ACADEMY USSDA 9899 (FL) has changed Player 27 BOCA UNITED ACADEMY by Player 5 BOCA UNITED ACADEMY USSDA 9899 (FL) on 61'	BOCA UNITED ACADEMY USSDA 9899 (FL) ha cambiado a Player 27 BOCA UNITED ACADEMY por Player 5 BOCA UNITED ACADEMY USSDA 9899 (FL) en el minuto 61'	t	2017-01-11 08:43:03.728-04:30	2017-01-11 08:43:03.728-04:30
441	Fairs Pemi Moumbagna of SIMA GOLD (FL) scored a goal on 13' of Match #11	Fairs Pemi Moumbagna de SIMA GOLD (FL) anot un gol el 13' de Partido #11	t	2017-01-11 08:43:03.741-04:30	2017-01-11 08:43:03.741-04:30
446	DALLAS TEXANS USSDA 98/99 (TXN) has changed Player 00 DALLAS TEXANS by Player 1 DALLAS TEXANS on 45'	DALLAS TEXANS USSDA 98/99 (TXN) ha cambiado a Player 00 DALLAS TEXANS por Player 1 DALLAS TEXANS en el minuto 45'	t	2017-01-11 08:43:03.75-04:30	2017-01-11 08:43:03.75-04:30
451	DALLAS TEXANS USSDA 98/99 (TXN) has changed Player 10 DALLAS TEXANS by Player 14 DALLAS TEXANS on 61'	DALLAS TEXANS USSDA 98/99 (TXN) ha cambiado a Player 10 DALLAS TEXANS por Player 14 DALLAS TEXANS en el minuto 61'	t	2017-01-11 08:43:03.759-04:30	2017-01-11 08:43:03.759-04:30
457	CHARGERS SC USSDA 9899 (FL) has changed Player 16 CHARGERS SC by Player 5 CHARGERS SC on 46'	CHARGERS SC USSDA 9899 (FL) ha cambiado a Player 16 CHARGERS SC por Player 5 CHARGERS SC en el minuto 46'	t	2017-01-11 08:43:03.77-04:30	2017-01-11 08:43:03.77-04:30
462	CHARGERS SC USSDA 9899 (FL) has changed Player 4 CHARGERS SC by Player 19 CHARGERS SC on 46'	CHARGERS SC USSDA 9899 (FL) ha cambiado a Player 4 CHARGERS SC por Player 19 CHARGERS SC en el minuto 46'	t	2017-01-11 08:43:03.778-04:30	2017-01-11 08:43:03.778-04:30
467	CONCORDE FIRE USSDA 9899 (GA) has changed Player 10 CONCORDE FIRE by Player 11 CONCORDE FIRE on 80'	CONCORDE FIRE USSDA 9899 (GA) ha cambiado a Player 10 CONCORDE FIRE por Player 11 CONCORDE FIRE en el minuto 80'	t	2017-01-11 08:43:03.794-04:30	2017-01-11 08:43:03.794-04:30
472	WESTON FC USSDA 98/99 has changed Player 71 WESTON FC by Player 3 WESTON FC on 46'	WESTON FC USSDA 98/99 ha cambiado a Player 71 WESTON FC por Player 3 WESTON FC en el minuto 46'	t	2017-01-11 08:43:03.804-04:30	2017-01-11 08:43:03.804-04:30
477	AS ROMA PRIMAVERA has changed Player 6 AS ROMA PRIMAVERA by Player 16 AS ROMA PRIMAVERA on 47'	AS ROMA PRIMAVERA ha cambiado a Player 6 AS ROMA PRIMAVERA por Player 16 AS ROMA PRIMAVERA en el minuto 47'	t	2017-01-11 08:43:03.815-04:30	2017-01-11 08:43:03.815-04:30
482	SOLAR SC CHELSEA USSDA 9899 (TXN) has changed Player 15 SOLAR SC CHELSEA by Player 18 SOLAR SC CHELSEA on 45'	SOLAR SC CHELSEA USSDA 9899 (TXN) ha cambiado a Player 15 SOLAR SC CHELSEA por Player 18 SOLAR SC CHELSEA en el minuto 45'	t	2017-01-11 08:43:03.826-04:30	2017-01-11 08:43:03.826-04:30
487	SIMA GOLD (FL) has changed Caua Szot Soares by Jackson Walti on 63'	SIMA GOLD (FL) ha cambiado a Caua Szot Soares por Jackson Walti en el minuto 63'	t	2017-01-11 08:43:03.836-04:30	2017-01-11 08:43:03.836-04:30
492	WESTON FC USSDA 98/99 has changed Player 1 WESTON FC by Player 39 WESTON FC on 46'	WESTON FC USSDA 98/99 ha cambiado a Player 1 WESTON FC por Player 39 WESTON FC en el minuto 46'	t	2017-01-11 08:43:03.865-04:30	2017-01-11 08:43:03.865-04:30
\.


--
-- Name: feed_items_id_seq; Type: SEQUENCE SET; Schema: public; Owner: postgres
--

SELECT pg_catalog.setval('feed_items_id_seq', 494, true);


--
-- Data for Name: genders; Type: TABLE DATA; Schema: public; Owner: postgres
--

COPY genders (id, name, image_url, active, created_at, updated_at, name_en, name_es) FROM stdin;
3	Mixed	https://s3.amazonaws.com/codefuel/media/somosport-vector-icons-championship.svg	t	2016-11-18 11:15:44.023662-04:30	2016-11-18 11:15:44.023662-04:30	Coed	Mixto
1	Male	https://s3.amazonaws.com/codefuel/media/somosport-vector-icons-league.svg	t	2016-11-18 11:15:44.023662-04:30	2016-11-18 11:15:44.023662-04:30	Male	Masculino
2	Female	https://s3.amazonaws.com/codefuel/media/somosport-vector-icons-cup.svg	t	2016-11-18 11:15:44.023662-04:30	2016-11-18 11:15:44.023662-04:30	Female	Femenino
\.


--
-- Name: genders_id_seq; Type: SEQUENCE SET; Schema: public; Owner: postgres
--

SELECT pg_catalog.setval('genders_id_seq', 3, true);


--
-- Data for Name: groups; Type: TABLE DATA; Schema: public; Owner: postgres
--

COPY groups (id, name, active, participant_team, classified_team, phase_id, created_at, updated_at) FROM stdin;
15	Group 2	t	3	1	7	2016-11-18 17:17:03.901-04:30	2016-11-18 17:17:03.901-04:30
16	Group 3	t	3	1	7	2016-11-18 17:17:04.48-04:30	2016-11-18 17:17:04.48-04:30
11	Group 1	t	3	1	7	2016-11-18 17:16:03.112-04:30	2016-11-18 17:16:03.112-04:30
13	Group 1	t	4	2	9	2016-11-18 17:16:05.476-04:30	2016-11-18 17:16:05.476-04:30
18	Group 5	t	3	1	7	2016-11-18 17:17:06.022-04:30	2016-11-18 17:17:06.022-04:30
14	Group 1	t	2	1	10	2016-11-18 17:16:06.586-04:30	2016-11-18 17:16:06.586-04:30
17	Group 4	t	3	1	7	2016-11-18 17:17:05.38-04:30	2016-11-18 17:17:05.38-04:30
19	Group 6	t	3	1	7	2016-11-18 17:17:06.704-04:30	2016-11-18 17:17:06.704-04:30
21	Group 8	t	3	1	7	2016-11-18 17:17:08.108-04:30	2016-11-18 17:17:08.108-04:30
12	Group 1	t	8	4	8	2016-11-18 17:16:04.621-04:30	2016-11-18 17:16:04.621-04:30
20	Group 7	t	3	1	7	2016-11-18 17:17:07.361-04:30	2016-11-18 17:17:07.361-04:30
24	Group B	t	4	1	11	2016-12-26 14:41:19.794-04:30	2016-12-26 14:41:19.794-04:30
23	Group A	t	4	1	11	2016-12-26 14:40:51.794-04:30	2016-12-26 14:40:51.794-04:30
7	A	t	4	2	4	2016-11-18 16:56:39.16-04:30	2016-11-18 16:56:39.16-04:30
8	Group B	t	4	2	4	2016-11-18 16:57:33.439-04:30	2016-11-18 16:57:33.439-04:30
9	Unique	t	4	2	5	2016-11-18 16:57:51.051-04:30	2016-11-18 16:57:51.051-04:30
10	Unique	t	2	1	6	2016-11-18 16:58:14.81-04:30	2016-11-18 16:58:14.81-04:30
1	Group A	t	4	1	1	2016-11-18 16:53:34.202-04:30	2016-11-18 16:53:34.202-04:30
2	Group B	t	4	1	1	2016-11-18 16:54:14.526-04:30	2016-11-18 16:54:14.526-04:30
3	Group C	t	4	1	1	2016-11-18 16:54:28.324-04:30	2016-11-18 16:54:28.324-04:30
5	Unique	t	4	2	2	2016-11-18 16:54:53.663-04:30	2016-11-18 16:54:53.663-04:30
6	Unique	t	2	1	3	2016-11-18 16:55:24.822-04:30	2016-11-18 16:55:24.822-04:30
4	Group C	t	4	1	1	2016-11-18 16:54:41.6-04:30	2016-11-18 16:54:41.6-04:30
25	Grupo 1	t	4	2	12	2017-01-30 13:42:30.407-04:30	2017-01-30 13:42:30.407-04:30
26	Grupo 1	t	4	2	13	2017-01-30 13:42:30.408-04:30	2017-01-30 13:42:30.408-04:30
27	Grupo 2	t	4	2	12	2017-01-30 13:42:30.408-04:30	2017-01-30 13:42:30.408-04:30
28	Grupo 1	t	4	2	14	2017-01-30 13:42:30.417-04:30	2017-01-30 13:42:30.417-04:30
\.


--
-- Name: groups_id_seq; Type: SEQUENCE SET; Schema: public; Owner: postgres
--

SELECT pg_catalog.setval('groups_id_seq', 28, true);


--
-- Data for Name: matches; Type: TABLE DATA; Schema: public; Owner: postgres
--

COPY matches (id, location, number, home_team_id, home_team_score, visitor_team_id, visitor_team_score, round_id, played, date, active, created_at, updated_at, placeholder_home_team_group, placeholder_home_team_position, placeholder_visitor_team_group, placeholder_visitor_team_position, group_id, club_id) FROM stdin;
16	EWWS #16	2	24	4	28	1	4	t	2016-12-27 15:30:00-04:30	t	2016-12-26 14:46:04.281-04:30	2016-12-27 17:27:46.828-04:30	\N	\N	\N	\N	24	\N
9	EWWS #17	3	21	4	22	1	5	t	2016-12-27 17:00:00-04:30	t	2016-12-26 14:46:04.28-04:30	2016-12-27 18:48:13.794-04:30	\N	\N	\N	\N	23	\N
10	EWWS #17	4	20	1	23	2	6	t	2016-12-27 19:00:00-04:30	t	2016-12-26 14:46:04.28-04:30	2016-12-27 21:00:26.451-04:30	\N	\N	\N	\N	23	\N
17	EWWS #16	5	26	4	28	1	7	t	2016-12-28 13:30:00-04:30	t	2016-12-26 14:46:04.282-04:30	2016-12-28 15:24:48.145-04:30	\N	\N	\N	\N	24	\N
8	EWWS #17	8	20	6	22	1	9	t	2016-12-28 15:30:00-04:30	t	2016-12-26 14:46:04.28-04:30	2016-12-28 17:25:11.5-04:30	\N	\N	\N	\N	23	\N
12	EWWS #16	11	22	3	23	4	12	t	2016-12-30 13:30:00-04:30	t	2016-12-26 14:46:04.281-04:30	2016-12-30 15:05:55.495-04:30	\N	\N	\N	\N	23	\N
13	EWWS #17	12	24	0	26	2	13	t	2016-12-30 13:30:00-04:30	t	2016-12-26 14:46:04.281-04:30	2016-12-30 15:13:49.996-04:30	\N	\N	\N	\N	24	\N
21		3	\N	\N	\N	\N	16	f	\N	t	2017-01-30 13:42:30.549-04:30	2017-01-30 13:42:30.549-04:30	\N	\N	\N	\N	\N	\N
22		4	\N	\N	\N	\N	16	f	\N	t	2017-01-30 13:42:30.552-04:30	2017-01-30 13:42:30.552-04:30	\N	\N	\N	\N	\N	\N
26		8	\N	\N	\N	\N	18	f	\N	t	2017-01-30 13:42:30.565-04:30	2017-01-30 13:42:30.565-04:30	\N	\N	\N	\N	\N	\N
7	EWWS #17	10	20	0	21	0	14	t	2016-12-30 11:15:00-04:30	t	2016-12-26 14:46:04.28-04:30	2016-12-30 15:25:29.893-04:30	\N	\N	\N	\N	23	\N
14	EWWS #17	6	24	2	27	2	8	t	2016-12-28 13:30:00-04:30	t	2016-12-26 14:46:04.281-04:30	2016-12-28 15:24:53.169-04:30	\N	\N	\N	\N	24	\N
15	EWWS #16	1	26	1	27	2	3	t	2016-12-27 13:30:00-04:30	t	2016-12-26 14:46:04.281-04:30	2016-12-27 16:09:18.53-04:30	\N	\N	\N	\N	24	\N
18	EWWS #16	9	27	3	28	0	11	t	2016-12-30 11:15:00-04:30	t	2016-12-26 14:46:04.282-04:30	2016-12-30 13:00:16.042-04:30	\N	\N	\N	\N	24	\N
11	EWWS #16	7	21	2	23	1	10	t	2016-12-28 15:30:00-04:30	t	2016-12-26 14:46:04.28-04:30	2016-12-28 17:25:44.798-04:30	\N	\N	\N	\N	23	\N
27	EWWS #7	1	17	\N	27	\N	\N	f	2017-02-17 11:38:29.14117-04:30	t	2017-02-13 11:38:29.14117-04:30	2017-02-13 11:38:29.14117-04:30	\N	\N	\N	\N	\N	\N
25		7	66	\N	75	\N	18	f	2017-04-15 13:42:30.54-04:30	t	2017-01-30 13:42:30.564-04:30	2017-01-30 13:42:30.564-04:30	\N	\N	\N	\N	\N	78
24		6	28	\N	75	\N	17	f	2017-04-08 13:42:30.54-04:30	t	2017-01-30 13:42:30.564-04:30	2017-01-30 13:42:30.564-04:30	\N	\N	\N	\N	\N	78
20		2	66	2	8	1	15	t	2017-03-30 13:42:30.54-04:30	t	2017-01-30 13:42:30.54-04:30	2017-01-30 13:42:30.54-04:30	\N	\N	\N	\N	\N	78
\.


--
-- Name: matches_id_seq; Type: SEQUENCE SET; Schema: public; Owner: postgres
--

SELECT pg_catalog.setval('matches_id_seq', 27, true);


--
-- Data for Name: matches_referees; Type: TABLE DATA; Schema: public; Owner: postgres
--

COPY matches_referees (id, active, created_at, updated_at, referee_id, match_id) FROM stdin;
2	t	2016-12-27 08:35:29.606-04:30	2016-12-27 16:09:18.551-04:30	31	15
3	t	2016-12-27 08:35:48.534-04:30	2016-12-27 17:27:46.85-04:30	31	16
4	t	2016-12-27 08:36:07.45-04:30	2016-12-27 18:48:13.819-04:30	2	9
5	t	2016-12-27 08:36:19.791-04:30	2016-12-27 21:00:26.477-04:30	2	10
6	t	2016-12-27 08:36:39.727-04:30	2016-12-28 15:24:48.195-04:30	31	17
7	t	2016-12-27 08:36:58.176-04:30	2016-12-28 15:24:53.215-04:30	2	14
9	t	2016-12-27 08:37:33.584-04:30	2016-12-28 17:25:11.526-04:30	2	8
8	t	2016-12-27 08:37:14.687-04:30	2016-12-28 17:25:44.821-04:30	31	11
10	t	2016-12-27 08:37:49.906-04:30	2016-12-30 13:00:16.075-04:30	31	18
11	t	2016-12-27 08:38:17.859-04:30	2016-12-30 15:05:55.52-04:30	31	12
12	t	2016-12-27 08:38:36.555-04:30	2016-12-30 15:13:50.023-04:30	2	13
1	t	2016-12-26 15:21:17.602-04:30	2016-12-30 15:25:29.907-04:30	2	7
\.


--
-- Name: matches_referees_id_seq; Type: SEQUENCE SET; Schema: public; Owner: postgres
--

SELECT pg_catalog.setval('matches_referees_id_seq', 12, true);


--
-- Data for Name: matches_teams_players; Type: TABLE DATA; Schema: public; Owner: postgres
--

COPY matches_teams_players (id, active, created_at, updated_at, number, "position", team_id, player_id, match_id, is_initial) FROM stdin;
348	t	2017-01-11 18:03:07.565417-04:30	2017-01-11 18:03:07.565417-04:30	120	\N	28	40	18	f
349	t	2017-01-11 18:03:07.696866-04:30	2017-01-11 18:03:07.696866-04:30	820	\N	28	461	18	f
350	t	2017-01-11 18:03:07.829014-04:30	2017-01-11 18:03:07.829014-04:30	100	\N	28	38	18	f
351	t	2017-01-11 18:03:07.965011-04:30	2017-01-11 18:03:07.965011-04:30	840	\N	28	463	18	f
352	t	2017-01-11 18:03:08.102454-04:30	2017-01-11 18:03:08.102454-04:30	280	\N	28	257	18	f
353	t	2017-01-11 18:03:08.23993-04:30	2017-01-11 18:03:08.23993-04:30	670	\N	28	446	18	f
354	t	2017-01-11 18:03:08.375122-04:30	2017-01-11 18:03:08.375122-04:30	150	\N	28	43	18	f
355	t	2017-01-11 18:03:08.512183-04:30	2017-01-11 18:03:08.512183-04:30	20	\N	28	30	18	f
356	t	2017-01-11 18:03:08.649029-04:30	2017-01-11 18:03:08.649029-04:30	240	\N	28	52	18	f
357	t	2017-01-11 18:03:08.787171-04:30	2017-01-11 18:03:08.787171-04:30	390	\N	28	268	18	f
358	t	2017-01-11 18:03:08.929526-04:30	2017-01-11 18:03:08.929526-04:30	270	\N	28	256	18	f
359	t	2017-01-11 18:08:34.842894-04:30	2017-01-11 18:08:34.842894-04:30	190	\N	27	147	14	f
360	t	2017-01-11 18:08:34.983278-04:30	2017-01-11 18:08:34.983278-04:30	150	\N	27	143	14	f
361	t	2017-01-11 18:08:35.122073-04:30	2017-01-11 18:08:35.122073-04:30	120	\N	27	140	14	f
362	t	2017-01-11 18:08:35.261437-04:30	2017-01-11 18:08:35.261437-04:30	140	\N	27	142	14	f
363	t	2017-01-11 18:08:35.400678-04:30	2017-01-11 18:08:35.400678-04:30	230	\N	27	151	14	f
364	t	2017-01-11 18:08:35.540906-04:30	2017-01-11 18:08:35.540906-04:30	90	\N	27	137	14	f
365	t	2017-01-11 18:08:35.679666-04:30	2017-01-11 18:08:35.679666-04:30	180	\N	27	146	14	f
366	t	2017-01-11 18:08:35.819576-04:30	2017-01-11 18:08:35.819576-04:30	30	\N	27	131	14	f
367	t	2017-01-11 18:08:35.95855-04:30	2017-01-11 18:08:35.95855-04:30	60	\N	27	134	14	f
368	t	2017-01-11 18:08:36.096772-04:30	2017-01-11 18:08:36.096772-04:30	20	\N	27	130	14	f
369	t	2017-01-11 18:08:36.238654-04:30	2017-01-11 18:08:36.238654-04:30	210	\N	27	149	14	f
370	t	2017-01-11 18:08:36.377766-04:30	2017-01-11 18:08:36.377766-04:30	190	\N	24	172	14	f
371	t	2017-01-11 18:08:36.517275-04:30	2017-01-11 18:08:36.517275-04:30	150	\N	24	168	14	f
372	t	2017-01-11 18:08:36.66371-04:30	2017-01-11 18:08:36.66371-04:30	170	\N	24	170	14	f
373	t	2017-01-11 18:08:36.803146-04:30	2017-01-11 18:08:36.803146-04:30	50	\N	24	158	14	f
374	t	2017-01-11 18:08:36.943139-04:30	2017-01-11 18:08:36.943139-04:30	70	\N	24	160	14	f
375	t	2017-01-11 18:08:37.086438-04:30	2017-01-11 18:08:37.086438-04:30	40	\N	24	157	14	f
376	t	2017-01-11 18:08:37.225602-04:30	2017-01-11 18:08:37.225602-04:30	140	\N	24	167	14	f
377	t	2017-01-11 18:08:37.366603-04:30	2017-01-11 18:08:37.366603-04:30	20	\N	24	155	14	f
378	t	2017-01-11 18:08:37.513588-04:30	2017-01-11 18:08:37.513588-04:30	60	\N	24	159	14	f
379	t	2017-01-11 18:08:37.657657-04:30	2017-01-11 18:08:37.657657-04:30	10	\N	24	154	14	f
380	t	2017-01-11 18:08:37.796957-04:30	2017-01-11 18:08:37.796957-04:30	80	\N	24	161	14	f
47	t	2017-01-05 13:48:40.656411-04:30	2017-01-05 13:48:40.656411-04:30	20	\N	27	130	15	f
49	t	2017-01-05 13:48:40.974478-04:30	2017-01-05 13:48:40.974478-04:30	60	\N	27	134	15	f
50	t	2017-01-05 13:48:41.136685-04:30	2017-01-05 13:48:41.136685-04:30	120	\N	27	140	15	f
52	t	2017-01-05 13:48:41.46034-04:30	2017-01-05 13:48:41.46034-04:30	140	\N	27	142	15	f
53	t	2017-01-05 13:48:41.618499-04:30	2017-01-05 13:48:41.618499-04:30	180	\N	27	146	15	f
54	t	2017-01-05 13:48:41.782-04:30	2017-01-05 13:48:41.782-04:30	210	\N	27	149	15	f
55	t	2017-01-05 13:48:41.941369-04:30	2017-01-05 13:48:41.941369-04:30	230	\N	27	151	15	f
56	t	2017-01-05 13:48:42.104326-04:30	2017-01-05 13:48:42.104326-04:30	280	\N	27	232	15	f
58	t	2017-01-05 13:48:51.889505-04:30	2017-01-05 13:48:51.889505-04:30	270	\N	26	331	15	f
59	t	2017-01-05 13:48:52.399945-04:30	2017-01-05 13:48:52.399945-04:30	50	\N	26	108	15	f
60	t	2017-01-05 13:48:53.309104-04:30	2017-01-05 13:48:53.309104-04:30	120	\N	26	115	15	f
61	t	2017-01-05 13:48:53.469701-04:30	2017-01-05 13:48:53.469701-04:30	430	\N	26	347	15	f
62	t	2017-01-05 13:48:53.628822-04:30	2017-01-05 13:48:53.628822-04:30	70	\N	26	110	15	f
63	t	2017-01-05 13:48:53.788302-04:30	2017-01-05 13:48:53.788302-04:30	180	\N	26	121	15	f
64	t	2017-01-05 13:48:53.950482-04:30	2017-01-05 13:48:53.950482-04:30	100	\N	26	113	15	f
65	t	2017-01-05 13:48:54.108869-04:30	2017-01-05 13:48:54.108869-04:30	240	\N	26	127	15	f
66	t	2017-01-05 13:48:54.266054-04:30	2017-01-05 13:48:54.266054-04:30	150	\N	26	118	15	f
67	t	2017-01-05 13:48:54.423713-04:30	2017-01-05 13:48:54.423713-04:30	80	\N	26	111	15	f
68	t	2017-01-05 13:48:54.582535-04:30	2017-01-05 13:48:54.582535-04:30	10	\N	26	104	15	f
69	t	2017-01-05 13:48:59.023257-04:30	2017-01-05 13:48:59.023257-04:30	100	\N	28	38	16	f
70	t	2017-01-05 13:48:59.199598-04:30	2017-01-05 13:48:59.199598-04:30	10	\N	28	29	16	f
71	t	2017-01-05 13:48:59.71812-04:30	2017-01-05 13:48:59.71812-04:30	120	\N	28	40	16	f
72	t	2017-01-05 13:48:59.87701-04:30	2017-01-05 13:48:59.87701-04:30	150	\N	28	43	16	f
73	t	2017-01-05 13:49:00.041711-04:30	2017-01-05 13:49:00.041711-04:30	240	\N	28	52	16	f
74	t	2017-01-05 13:49:00.208128-04:30	2017-01-05 13:49:00.208128-04:30	450	\N	28	274	16	f
75	t	2017-01-05 13:49:00.36663-04:30	2017-01-05 13:49:00.36663-04:30	460	\N	28	275	16	f
76	t	2017-01-05 13:49:00.52364-04:30	2017-01-05 13:49:00.52364-04:30	270	\N	28	256	16	f
77	t	2017-01-05 13:49:00.688148-04:30	2017-01-05 13:49:00.688148-04:30	280	\N	28	257	16	f
78	t	2017-01-05 13:49:00.844747-04:30	2017-01-05 13:49:00.844747-04:30	290	\N	28	258	16	f
79	t	2017-01-05 13:49:01.006362-04:30	2017-01-05 13:49:01.006362-04:30	400	\N	28	269	16	f
80	t	2017-01-05 13:49:04.219627-04:30	2017-01-05 13:49:04.219627-04:30	20	\N	24	155	16	f
81	t	2017-01-05 13:49:04.765676-04:30	2017-01-05 13:49:04.765676-04:30	40	\N	24	157	16	f
82	t	2017-01-05 13:49:04.923912-04:30	2017-01-05 13:49:04.923912-04:30	50	\N	24	158	16	f
83	t	2017-01-05 13:49:05.082492-04:30	2017-01-05 13:49:05.082492-04:30	60	\N	24	159	16	f
84	t	2017-01-05 13:49:05.60214-04:30	2017-01-05 13:49:05.60214-04:30	70	\N	24	160	16	f
85	t	2017-01-05 13:49:05.761672-04:30	2017-01-05 13:49:05.761672-04:30	90	\N	24	162	16	f
86	t	2017-01-05 13:49:05.921185-04:30	2017-01-05 13:49:05.921185-04:30	110	\N	24	164	16	f
87	t	2017-01-05 13:49:06.081836-04:30	2017-01-05 13:49:06.081836-04:30	130	\N	24	166	16	f
88	t	2017-01-05 13:49:06.242899-04:30	2017-01-05 13:49:06.242899-04:30	160	\N	24	169	16	f
89	t	2017-01-05 13:49:06.403166-04:30	2017-01-05 13:49:06.403166-04:30	190	\N	24	172	16	f
90	t	2017-01-05 13:49:06.563405-04:30	2017-01-05 13:49:06.563405-04:30	0	\N	24	529	16	f
102	t	2017-01-05 14:23:49.027981-04:30	2017-01-05 14:23:49.027981-04:30	110	\N	21	64	9	f
103	t	2017-01-05 14:23:49.188744-04:30	2017-01-05 14:23:49.188744-04:30	240	\N	21	77	9	f
104	t	2017-01-05 14:23:49.3539-04:30	2017-01-05 14:23:49.3539-04:30	190	\N	21	72	9	f
105	t	2017-01-05 14:23:49.512679-04:30	2017-01-05 14:23:49.512679-04:30	210	\N	21	74	9	f
106	t	2017-01-05 14:23:49.671974-04:30	2017-01-05 14:23:49.671974-04:30	40	\N	21	57	9	f
107	t	2017-01-05 14:23:49.830984-04:30	2017-01-05 14:23:49.830984-04:30	170	\N	21	70	9	f
108	t	2017-01-05 14:23:49.996643-04:30	2017-01-05 14:23:49.996643-04:30	30	\N	21	56	9	f
109	t	2017-01-05 14:23:50.163249-04:30	2017-01-05 14:23:50.163249-04:30	140	\N	21	67	9	f
110	t	2017-01-05 14:23:50.325906-04:30	2017-01-05 14:23:50.325906-04:30	710	\N	21	800	9	f
111	t	2017-01-05 14:23:50.487102-04:30	2017-01-05 14:23:50.487102-04:30	50	\N	21	58	9	f
112	t	2017-01-05 14:23:50.646466-04:30	2017-01-05 14:23:50.646466-04:30	100	\N	21	63	9	f
113	t	2017-01-05 15:32:10.739952-04:30	2017-01-05 15:32:10.739952-04:30	26	\N	23	93	10	f
114	t	2017-01-05 15:32:10.905755-04:30	2017-01-05 15:32:10.905755-04:30	3	\N	23	553	10	f
115	t	2017-01-05 15:32:11.062044-04:30	2017-01-05 15:32:11.062044-04:30	4	\N	23	85	10	f
116	t	2017-01-05 15:32:11.218012-04:30	2017-01-05 15:32:11.218012-04:30	5	\N	23	81	10	f
117	t	2017-01-05 15:32:11.374553-04:30	2017-01-05 15:32:11.374553-04:30	2	\N	23	566	10	f
118	t	2017-01-05 15:32:11.530936-04:30	2017-01-05 15:32:11.530936-04:30	6	\N	23	92	10	f
119	t	2017-01-05 15:32:11.688716-04:30	2017-01-05 15:32:11.688716-04:30	19	\N	23	530	10	f
120	t	2017-01-05 15:32:11.873663-04:30	2017-01-05 15:32:11.873663-04:30	10	\N	23	567	10	f
121	t	2017-01-05 15:32:12.030935-04:30	2017-01-05 15:32:12.030935-04:30	7	\N	23	548	10	f
122	t	2017-01-05 15:32:12.227437-04:30	2017-01-05 15:32:12.227437-04:30	9	\N	23	562	10	f
123	t	2017-01-05 15:32:12.388794-04:30	2017-01-05 15:32:12.388794-04:30	11	\N	23	80	10	f
124	t	2017-01-05 15:38:58.939887-04:30	2017-01-05 15:38:58.939887-04:30	10	\N	20	204	10	f
125	t	2017-01-05 15:38:59.101187-04:30	2017-01-05 15:38:59.101187-04:30	20	\N	20	205	10	f
126	t	2017-01-05 15:38:59.298068-04:30	2017-01-05 15:38:59.298068-04:30	30	\N	20	206	10	f
127	t	2017-01-05 15:38:59.454258-04:30	2017-01-05 15:38:59.454258-04:30	40	\N	20	207	10	f
128	t	2017-01-05 15:38:59.612252-04:30	2017-01-05 15:38:59.612252-04:30	50	\N	20	208	10	f
129	t	2017-01-05 15:38:59.770409-04:30	2017-01-05 15:38:59.770409-04:30	60	\N	20	209	10	f
130	t	2017-01-05 15:38:59.933008-04:30	2017-01-05 15:38:59.933008-04:30	70	\N	20	210	10	f
131	t	2017-01-05 15:39:00.094628-04:30	2017-01-05 15:39:00.094628-04:30	80	\N	20	211	10	f
132	t	2017-01-05 15:39:00.25654-04:30	2017-01-05 15:39:00.25654-04:30	90	\N	20	212	10	f
133	t	2017-01-05 15:39:00.416539-04:30	2017-01-05 15:39:00.416539-04:30	100	\N	20	213	10	f
134	t	2017-01-05 15:39:00.575331-04:30	2017-01-05 15:39:00.575331-04:30	110	\N	20	214	10	f
135	t	2017-01-05 16:32:14.847316-04:30	2017-01-05 16:32:14.847316-04:30	400	\N	26	344	17	f
136	t	2017-01-05 16:32:15.033443-04:30	2017-01-05 16:32:15.033443-04:30	110	\N	26	114	17	f
137	t	2017-01-05 16:32:15.219686-04:30	2017-01-05 16:32:15.219686-04:30	150	\N	26	118	17	f
138	t	2017-01-05 16:32:15.405769-04:30	2017-01-05 16:32:15.405769-04:30	60	\N	26	109	17	f
139	t	2017-01-05 16:32:15.5858-04:30	2017-01-05 16:32:15.5858-04:30	120	\N	26	115	17	f
140	t	2017-01-05 16:32:15.773616-04:30	2017-01-05 16:32:15.773616-04:30	50	\N	26	108	17	f
141	t	2017-01-05 16:32:15.959071-04:30	2017-01-05 16:32:15.959071-04:30	430	\N	26	347	17	f
142	t	2017-01-05 16:32:16.147756-04:30	2017-01-05 16:32:16.147756-04:30	270	\N	26	331	17	f
143	t	2017-01-05 16:32:16.336575-04:30	2017-01-05 16:32:16.336575-04:30	180	\N	26	121	17	f
144	t	2017-01-05 16:32:16.52634-04:30	2017-01-05 16:32:16.52634-04:30	190	\N	26	122	17	f
145	t	2017-01-05 16:32:16.708437-04:30	2017-01-05 16:32:16.708437-04:30	10	\N	26	104	17	f
157	t	2017-01-05 17:20:22.652131-04:30	2017-01-05 17:20:22.652131-04:30	190	\N	27	147	17	f
158	t	2017-01-05 17:20:22.814787-04:30	2017-01-05 17:20:22.814787-04:30	150	\N	27	143	17	f
159	t	2017-01-05 17:20:22.972053-04:30	2017-01-05 17:20:22.972053-04:30	120	\N	27	140	17	f
160	t	2017-01-05 17:20:23.130931-04:30	2017-01-05 17:20:23.130931-04:30	140	\N	27	142	17	f
161	t	2017-01-05 17:20:23.286862-04:30	2017-01-05 17:20:23.286862-04:30	230	\N	27	151	17	f
162	t	2017-01-05 17:20:23.449247-04:30	2017-01-05 17:20:23.449247-04:30	90	\N	27	137	17	f
163	t	2017-01-05 17:20:23.60954-04:30	2017-01-05 17:20:23.60954-04:30	180	\N	27	146	17	f
164	t	2017-01-05 17:20:23.769437-04:30	2017-01-05 17:20:23.769437-04:30	30	\N	27	131	17	f
165	t	2017-01-05 17:20:23.927307-04:30	2017-01-05 17:20:23.927307-04:30	60	\N	27	134	17	f
166	t	2017-01-05 17:20:24.083571-04:30	2017-01-05 17:20:24.083571-04:30	20	\N	27	130	17	f
167	t	2017-01-05 17:20:24.238882-04:30	2017-01-05 17:20:24.238882-04:30	210	\N	27	149	17	f
168	t	2017-01-05 17:36:01.643016-04:30	2017-01-05 17:36:01.643016-04:30	10	\N	23	567	11	f
169	t	2017-01-05 17:36:01.815148-04:30	2017-01-05 17:36:01.815148-04:30	19	\N	23	530	11	f
170	t	2017-01-05 17:36:01.988851-04:30	2017-01-05 17:36:01.988851-04:30	5	\N	23	81	11	f
171	t	2017-01-05 17:36:02.155766-04:30	2017-01-05 17:36:02.155766-04:30	12	\N	23	86	11	f
172	t	2017-01-05 17:36:02.34385-04:30	2017-01-05 17:36:02.34385-04:30	18	\N	23	88	11	f
173	t	2017-01-05 17:36:02.519192-04:30	2017-01-05 17:36:02.519192-04:30	8	\N	23	571	11	f
174	t	2017-01-05 17:36:02.692557-04:30	2017-01-05 17:36:02.692557-04:30	23	\N	23	89	11	f
175	t	2017-01-05 17:36:02.909688-04:30	2017-01-05 17:36:02.909688-04:30	20	\N	23	83	11	f
176	t	2017-01-05 17:36:03.095693-04:30	2017-01-05 17:36:03.095693-04:30	36	\N	23	831	11	f
177	t	2017-01-05 17:36:03.277909-04:30	2017-01-05 17:36:03.277909-04:30	17	\N	23	87	11	f
178	t	2017-01-05 17:36:03.460586-04:30	2017-01-05 17:36:03.460586-04:30	14	\N	23	79	11	f
179	t	2017-01-05 17:36:21.611854-04:30	2017-01-05 17:36:21.611854-04:30	110	\N	21	64	11	f
180	t	2017-01-05 17:36:21.797558-04:30	2017-01-05 17:36:21.797558-04:30	240	\N	21	77	11	f
181	t	2017-01-05 17:36:21.988268-04:30	2017-01-05 17:36:21.988268-04:30	190	\N	21	72	11	f
182	t	2017-01-05 17:36:22.187207-04:30	2017-01-05 17:36:22.187207-04:30	210	\N	21	74	11	f
183	t	2017-01-05 17:36:22.396291-04:30	2017-01-05 17:36:22.396291-04:30	40	\N	21	57	11	f
184	t	2017-01-05 17:36:22.589402-04:30	2017-01-05 17:36:22.589402-04:30	170	\N	21	70	11	f
185	t	2017-01-05 17:36:22.781667-04:30	2017-01-05 17:36:22.781667-04:30	30	\N	21	56	11	f
186	t	2017-01-05 17:36:22.979222-04:30	2017-01-05 17:36:22.979222-04:30	140	\N	21	67	11	f
187	t	2017-01-05 17:36:23.183324-04:30	2017-01-05 17:36:23.183324-04:30	710	\N	21	800	11	f
188	t	2017-01-05 17:36:23.382422-04:30	2017-01-05 17:36:23.382422-04:30	50	\N	21	58	11	f
189	t	2017-01-05 17:36:23.544851-04:30	2017-01-05 17:36:23.544851-04:30	100	\N	21	63	11	f
190	t	2017-01-05 17:56:17.046874-04:30	2017-01-05 17:56:17.046874-04:30	10	\N	20	204	8	f
191	t	2017-01-05 17:56:17.2451-04:30	2017-01-05 17:56:17.2451-04:30	130	\N	20	216	8	f
192	t	2017-01-05 17:56:17.567344-04:30	2017-01-05 17:56:17.567344-04:30	30	\N	20	206	8	f
193	t	2017-01-05 17:56:18.482423-04:30	2017-01-05 17:56:18.482423-04:30	40	\N	20	207	8	f
194	t	2017-01-05 17:56:18.63898-04:30	2017-01-05 17:56:18.63898-04:30	50	\N	20	208	8	f
195	t	2017-01-05 17:56:18.795027-04:30	2017-01-05 17:56:18.795027-04:30	60	\N	20	209	8	f
196	t	2017-01-05 17:56:18.95073-04:30	2017-01-05 17:56:18.95073-04:30	70	\N	20	210	8	f
197	t	2017-01-05 17:56:19.106934-04:30	2017-01-05 17:56:19.106934-04:30	80	\N	20	211	8	f
198	t	2017-01-05 17:56:19.270722-04:30	2017-01-05 17:56:19.270722-04:30	90	\N	20	212	8	f
199	t	2017-01-05 17:56:19.475698-04:30	2017-01-05 17:56:19.475698-04:30	100	\N	20	213	8	f
200	t	2017-01-05 17:56:19.70777-04:30	2017-01-05 17:56:19.70777-04:30	110	\N	20	214	8	f
223	t	2017-01-06 09:20:17.986125-04:30	2017-01-06 09:20:17.986125-04:30	160	\N	27	144	18	f
224	t	2017-01-06 09:20:18.099187-04:30	2017-01-06 09:20:18.099187-04:30	150	\N	27	143	18	f
225	t	2017-01-06 09:20:18.212738-04:30	2017-01-06 09:20:18.212738-04:30	120	\N	27	140	18	f
226	t	2017-01-06 09:20:18.325876-04:30	2017-01-06 09:20:18.325876-04:30	140	\N	27	142	18	f
227	t	2017-01-06 09:20:18.439771-04:30	2017-01-06 09:20:18.439771-04:30	230	\N	27	151	18	f
228	t	2017-01-06 09:20:18.552819-04:30	2017-01-06 09:20:18.552819-04:30	90	\N	27	137	18	f
229	t	2017-01-06 09:20:18.666446-04:30	2017-01-06 09:20:18.666446-04:30	130	\N	27	141	18	f
230	t	2017-01-06 09:20:18.779223-04:30	2017-01-06 09:20:18.779223-04:30	30	\N	27	131	18	f
231	t	2017-01-06 09:20:18.892826-04:30	2017-01-06 09:20:18.892826-04:30	70	\N	27	135	18	f
232	t	2017-01-06 09:20:19.006123-04:30	2017-01-06 09:20:19.006123-04:30	20	\N	27	130	18	f
233	t	2017-01-06 09:20:19.12612-04:30	2017-01-06 09:20:19.12612-04:30	280	\N	27	232	18	f
234	t	2017-01-06 09:34:34.50097-04:30	2017-01-06 09:34:34.50097-04:30	10	\N	20	204	7	f
235	t	2017-01-06 09:34:34.614885-04:30	2017-01-06 09:34:34.614885-04:30	130	\N	20	216	7	f
236	t	2017-01-06 09:34:34.728428-04:30	2017-01-06 09:34:34.728428-04:30	30	\N	20	206	7	f
237	t	2017-01-06 09:34:34.841949-04:30	2017-01-06 09:34:34.841949-04:30	40	\N	20	207	7	f
238	t	2017-01-06 09:34:34.955292-04:30	2017-01-06 09:34:34.955292-04:30	20	\N	20	205	7	f
239	t	2017-01-06 09:34:35.068915-04:30	2017-01-06 09:34:35.068915-04:30	60	\N	20	209	7	f
240	t	2017-01-06 09:34:35.182481-04:30	2017-01-06 09:34:35.182481-04:30	70	\N	20	210	7	f
241	t	2017-01-06 09:34:35.30126-04:30	2017-01-06 09:34:35.30126-04:30	80	\N	20	211	7	f
242	t	2017-01-06 09:34:35.417829-04:30	2017-01-06 09:34:35.417829-04:30	90	\N	20	212	7	f
243	t	2017-01-06 09:34:35.530839-04:30	2017-01-06 09:34:35.530839-04:30	100	\N	20	213	7	f
244	t	2017-01-06 09:34:35.644228-04:30	2017-01-06 09:34:35.644228-04:30	110	\N	20	214	7	f
245	t	2017-01-06 09:34:48.744446-04:30	2017-01-06 09:34:48.744446-04:30	110	\N	21	64	7	f
246	t	2017-01-06 09:34:48.85816-04:30	2017-01-06 09:34:48.85816-04:30	60	\N	21	59	7	f
247	t	2017-01-06 09:34:48.972019-04:30	2017-01-06 09:34:48.972019-04:30	190	\N	21	72	7	f
248	t	2017-01-06 09:34:49.085572-04:30	2017-01-06 09:34:49.085572-04:30	80	\N	21	61	7	f
249	t	2017-01-06 09:34:49.198694-04:30	2017-01-06 09:34:49.198694-04:30	40	\N	21	57	7	f
250	t	2017-01-06 09:34:49.312-04:30	2017-01-06 09:34:49.312-04:30	230	\N	21	76	7	f
251	t	2017-01-06 09:34:49.425606-04:30	2017-01-06 09:34:49.425606-04:30	170	\N	21	70	7	f
252	t	2017-01-06 09:34:49.539196-04:30	2017-01-06 09:34:49.539196-04:30	140	\N	21	67	7	f
253	t	2017-01-06 09:34:49.655787-04:30	2017-01-06 09:34:49.655787-04:30	710	\N	21	800	7	f
254	t	2017-01-06 09:34:49.7693-04:30	2017-01-06 09:34:49.7693-04:30	50	\N	21	58	7	f
255	t	2017-01-06 09:34:49.882428-04:30	2017-01-06 09:34:49.882428-04:30	100	\N	21	63	7	f
267	t	2017-01-06 09:49:30.303885-04:30	2017-01-06 09:49:30.303885-04:30	110	\N	23	80	12	f
268	t	2017-01-06 09:49:30.417308-04:30	2017-01-06 09:49:30.417308-04:30	80	\N	23	571	12	f
269	t	2017-01-06 09:49:30.534409-04:30	2017-01-06 09:49:30.534409-04:30	70	\N	23	548	12	f
270	t	2017-01-06 09:49:30.648183-04:30	2017-01-06 09:49:30.648183-04:30	90	\N	23	562	12	f
271	t	2017-01-06 09:49:30.761572-04:30	2017-01-06 09:49:30.761572-04:30	50	\N	23	81	12	f
272	t	2017-01-06 09:49:30.874391-04:30	2017-01-06 09:49:30.874391-04:30	40	\N	23	85	12	f
273	t	2017-01-06 09:49:30.987971-04:30	2017-01-06 09:49:30.987971-04:30	20	\N	23	566	12	f
274	t	2017-01-06 09:49:31.101017-04:30	2017-01-06 09:49:31.101017-04:30	30	\N	23	553	12	f
275	t	2017-01-06 09:49:31.21473-04:30	2017-01-06 09:49:31.21473-04:30	60	\N	23	92	12	f
276	t	2017-01-06 09:49:31.327741-04:30	2017-01-06 09:49:31.327741-04:30	250	\N	23	84	12	f
277	t	2017-01-06 09:49:31.448683-04:30	2017-01-06 09:49:31.448683-04:30	160	\N	23	90	12	f
278	t	2017-01-06 10:00:14.905672-04:30	2017-01-06 10:00:14.905672-04:30	70	\N	24	160	13	f
279	t	2017-01-06 10:00:15.032116-04:30	2017-01-06 10:00:15.032116-04:30	100	\N	24	163	13	f
280	t	2017-01-06 10:00:15.158276-04:30	2017-01-06 10:00:15.158276-04:30	160	\N	24	169	13	f
281	t	2017-01-06 10:00:15.284262-04:30	2017-01-06 10:00:15.284262-04:30	130	\N	24	166	13	f
282	t	2017-01-06 10:00:15.411998-04:30	2017-01-06 10:00:15.411998-04:30	10	\N	24	154	13	f
283	t	2017-01-06 10:00:15.542307-04:30	2017-01-06 10:00:15.542307-04:30	90	\N	24	162	13	f
284	t	2017-01-06 10:00:15.665512-04:30	2017-01-06 10:00:15.665512-04:30	80	\N	24	161	13	f
285	t	2017-01-06 10:00:15.788519-04:30	2017-01-06 10:00:15.788519-04:30	170	\N	24	170	13	f
286	t	2017-01-06 10:00:15.916286-04:30	2017-01-06 10:00:15.916286-04:30	150	\N	24	168	13	f
287	t	2017-01-06 10:00:16.041269-04:30	2017-01-06 10:00:16.041269-04:30	20	\N	24	155	13	f
288	t	2017-01-06 10:00:16.166921-04:30	2017-01-06 10:00:16.166921-04:30	40	\N	24	157	13	f
289	t	2017-01-06 10:00:35.25696-04:30	2017-01-06 10:00:35.25696-04:30	100	\N	26	113	13	f
290	t	2017-01-06 10:00:35.384207-04:30	2017-01-06 10:00:35.384207-04:30	60	\N	26	109	13	f
291	t	2017-01-06 10:00:35.508152-04:30	2017-01-06 10:00:35.508152-04:30	140	\N	26	117	13	f
292	t	2017-01-06 10:00:35.631113-04:30	2017-01-06 10:00:35.631113-04:30	270	\N	26	331	13	f
293	t	2017-01-06 10:00:35.754988-04:30	2017-01-06 10:00:35.754988-04:30	180	\N	26	121	13	f
294	t	2017-01-06 10:00:35.878698-04:30	2017-01-06 10:00:35.878698-04:30	80	\N	26	111	13	f
295	t	2017-01-06 10:00:36.001975-04:30	2017-01-06 10:00:36.001975-04:30	430	\N	26	347	13	f
296	t	2017-01-06 10:00:36.12906-04:30	2017-01-06 10:00:36.12906-04:30	50	\N	26	108	13	f
297	t	2017-01-06 10:00:36.252486-04:30	2017-01-06 10:00:36.252486-04:30	150	\N	26	118	13	f
298	t	2017-01-06 10:00:36.376151-04:30	2017-01-06 10:00:36.376151-04:30	10	\N	26	104	13	f
299	t	2017-01-06 10:00:36.50155-04:30	2017-01-06 10:00:36.50155-04:30	120	\N	26	115	13	f
303	t	2017-01-09 13:01:27.8033-04:30	2017-01-09 13:01:27.8033-04:30	150	\N	27	143	15	f
302	t	2017-01-09 12:58:38.577602-04:30	2017-01-09 12:58:38.577602-04:30	90	\N	27	137	15	f
301	t	2017-01-09 12:57:55.371535-04:30	2017-01-09 12:57:55.371535-04:30	190	\N	27	147	15	f
304	t	2017-01-11 11:03:12.997872-04:30	2017-01-11 11:03:12.997872-04:30	20	\N	22	180	9	f
305	t	2017-01-11 11:03:13.098321-04:30	2017-01-11 11:03:13.098321-04:30	110	\N	22	189	9	f
306	t	2017-01-11 11:03:13.215954-04:30	2017-01-11 11:03:13.215954-04:30	200	\N	22	198	9	f
307	t	2017-01-11 11:03:13.342549-04:30	2017-01-11 11:03:13.342549-04:30	80	\N	22	186	9	f
308	t	2017-01-11 11:03:13.446749-04:30	2017-01-11 11:03:13.446749-04:30	90	\N	22	187	9	f
309	t	2017-01-11 11:03:13.577593-04:30	2017-01-11 11:03:13.577593-04:30	40	\N	22	182	9	f
310	t	2017-01-11 11:03:13.725911-04:30	2017-01-11 11:03:13.725911-04:30	150	\N	22	193	9	f
311	t	2017-01-11 11:03:13.824745-04:30	2017-01-11 11:03:13.824745-04:30	130	\N	22	191	9	f
312	t	2017-01-11 11:03:13.966654-04:30	2017-01-11 11:03:13.966654-04:30	70	\N	22	185	9	f
313	t	2017-01-11 11:03:14.094174-04:30	2017-01-11 11:03:14.094174-04:30	0	\N	22	779	9	f
314	t	2017-01-11 11:03:14.191676-04:30	2017-01-11 11:03:14.191676-04:30	50	\N	22	183	9	f
315	t	2017-01-11 17:00:29.805702-04:30	2017-01-11 17:00:29.805702-04:30	80	\N	22	186	8	f
316	t	2017-01-11 17:00:29.946819-04:30	2017-01-11 17:00:29.946819-04:30	110	\N	22	189	8	f
317	t	2017-01-11 17:00:30.086271-04:30	2017-01-11 17:00:30.086271-04:30	150	\N	22	193	8	f
318	t	2017-01-11 17:00:30.223892-04:30	2017-01-11 17:00:30.223892-04:30	0	\N	22	779	8	f
319	t	2017-01-11 17:00:30.363607-04:30	2017-01-11 17:00:30.363607-04:30	50	\N	22	183	8	f
320	t	2017-01-11 17:00:30.502881-04:30	2017-01-11 17:00:30.502881-04:30	30	\N	22	181	8	f
321	t	2017-01-11 17:00:30.652362-04:30	2017-01-11 17:00:30.652362-04:30	100	\N	22	188	8	f
322	t	2017-01-11 17:00:30.790098-04:30	2017-01-11 17:00:30.790098-04:30	140	\N	22	192	8	f
323	t	2017-01-11 17:00:30.927696-04:30	2017-01-11 17:00:30.927696-04:30	120	\N	22	190	8	f
324	t	2017-01-11 17:00:31.067173-04:30	2017-01-11 17:00:31.067173-04:30	210	\N	22	199	8	f
325	t	2017-01-11 17:00:31.205344-04:30	2017-01-11 17:00:31.205344-04:30	70	\N	22	185	8	f
326	t	2017-01-11 17:11:00.703922-04:30	2017-01-11 17:11:00.703922-04:30	120	\N	22	187	12	f
327	t	2017-01-11 17:11:00.843302-04:30	2017-01-11 17:11:00.843302-04:30	110	\N	22	189	12	f
328	t	2017-01-11 17:11:00.982386-04:30	2017-01-11 17:11:00.982386-04:30	150	\N	22	193	12	f
329	t	2017-01-11 17:11:01.12115-04:30	2017-01-11 17:11:01.12115-04:30	0	\N	22	779	12	f
330	t	2017-01-11 17:11:01.259503-04:30	2017-01-11 17:11:01.259503-04:30	50	\N	22	183	12	f
331	t	2017-01-11 17:11:01.39713-04:30	2017-01-11 17:11:01.39713-04:30	20	\N	22	180	12	f
332	t	2017-01-11 17:11:01.543408-04:30	2017-01-11 17:11:01.543408-04:30	100	\N	22	188	12	f
333	t	2017-01-11 17:11:01.682216-04:30	2017-01-11 17:11:01.682216-04:30	180	\N	22	196	12	f
334	t	2017-01-11 17:11:01.82009-04:30	2017-01-11 17:11:01.82009-04:30	200	\N	22	198	12	f
335	t	2017-01-11 17:11:01.958175-04:30	2017-01-11 17:11:01.958175-04:30	210	\N	22	199	12	f
336	t	2017-01-11 17:11:02.099544-04:30	2017-01-11 17:11:02.099544-04:30	70	\N	22	185	12	f
337	t	2017-01-11 17:59:17.656224-04:30	2017-01-11 17:59:17.656224-04:30	120	\N	28	40	17	f
338	t	2017-01-11 17:59:17.804322-04:30	2017-01-11 17:59:17.804322-04:30	820	\N	28	461	17	f
339	t	2017-01-11 17:59:17.95268-04:30	2017-01-11 17:59:17.95268-04:30	90	\N	28	37	17	f
340	t	2017-01-11 17:59:18.0986-04:30	2017-01-11 17:59:18.0986-04:30	840	\N	28	463	17	f
341	t	2017-01-11 17:59:18.2399-04:30	2017-01-11 17:59:18.2399-04:30	280	\N	28	257	17	f
342	t	2017-01-11 17:59:18.378584-04:30	2017-01-11 17:59:18.378584-04:30	670	\N	28	446	17	f
343	t	2017-01-11 17:59:18.516307-04:30	2017-01-11 17:59:18.516307-04:30	150	\N	28	43	17	f
344	t	2017-01-11 17:59:18.661431-04:30	2017-01-11 17:59:18.661431-04:30	620	\N	28	441	17	f
345	t	2017-01-11 17:59:18.807789-04:30	2017-01-11 17:59:18.807789-04:30	240	\N	28	52	17	f
346	t	2017-01-11 17:59:18.955124-04:30	2017-01-11 17:59:18.955124-04:30	290	\N	28	258	17	f
347	t	2017-01-11 17:59:19.099057-04:30	2017-01-11 17:59:19.099057-04:30	400	\N	28	269	17	f
\.


--
-- Name: matches_teams_players_id_seq; Type: SEQUENCE SET; Schema: public; Owner: postgres
--

SELECT pg_catalog.setval('matches_teams_players_id_seq', 380, true);


--
-- Data for Name: organizations; Type: TABLE DATA; Schema: public; Owner: postgres
--

COPY organizations (id, name, description, foundation_date, organization_type_id, active, created_at, updated_at) FROM stdin;
1	Alianza de futbtol	http://www.alianzadefutbol.com	2000-12-24 16:41:56.576272-04	2	t	2016-08-10 16:16:55.769461-04:30	2016-08-10 16:16:55.769461-04:30
2	Barcelona Futbol Club	http://http://www.fcbarcelona.com	1899-11-29 16:14:16.576272-04:27:40	3	t	2016-08-10 16:16:55.769707-04:30	2016-08-10 16:16:55.769707-04:30
3	Testing Club 2	Testing Club 2	2016-02-01 16:11:56.576272-04:30	3	t	2016-08-10 16:16:55.770388-04:30	2016-08-10 16:16:55.770388-04:30
4	Testing Club 1	Testing Club 1	2016-01-01 16:11:56.576272-04:30	3	t	2016-08-10 16:16:55.770552-04:30	2016-08-10 16:16:55.770552-04:30
5	Cholitas	Cholitas Prueba Alianza Atlanta	2016-02-01 16:11:56.576272-04:30	5	t	2016-08-10 16:16:56.21894-04:30	2016-08-10 16:16:56.21894-04:30
6	Costa Chica	Costa Chica Prueba Alianza Atlanta	2016-02-01 16:11:56.576272-04:30	5	t	2016-08-10 16:16:56.220397-04:30	2016-08-10 16:16:56.220397-04:30
7	Norcross Eagles	Norcross Eagles Prueba Alianza Atlanta	2016-02-01 16:11:56.576272-04:30	5	t	2016-08-10 16:16:56.220654-04:30	2016-08-10 16:16:56.220654-04:30
8	Sur Carolina (Del)	Sur Carolina (Del) Prueba Alianza Atlanta	2016-02-01 16:11:56.576272-04:30	5	t	2016-08-10 16:16:56.221232-04:30	2016-08-10 16:16:56.221232-04:30
9	United Academia	United Academia Prueba Alianza Atlanta	2016-02-01 16:11:56.576272-04:30	5	t	2016-08-10 16:16:56.221527-04:30	2016-08-10 16:16:56.221527-04:30
10	Archi	Archi Prueba Alianza Atlanta	2016-02-01 16:11:56.576272-04:30	5	t	2016-08-10 16:16:56.223858-04:30	2016-08-10 16:16:56.223858-04:30
11	Fusion	Fusion Prueba Alianza Atlanta	2016-02-01 16:11:56.576272-04:30	5	t	2016-08-10 16:16:56.224622-04:30	2016-08-10 16:16:56.224622-04:30
12	Pedro Espinoza	Pedro Espinoza Prueba Alianza Atlanta	2016-02-01 16:11:56.576272-04:30	5	t	2016-08-10 16:16:56.225226-04:30	2016-08-10 16:16:56.225226-04:30
13	Irving Test Club	Irving subiendo equipos desde alianza 	\N	3	t	2016-10-25 10:21:35.343-04:30	2016-10-25 10:21:35.343-04:30
14	probando file upload Club	probando fileupload	\N	3	t	2016-10-25 10:38:02.397-04:30	2016-10-25 10:38:02.397-04:30
15	fileupload Club	testing fileupload	\N	3	t	2016-10-25 11:18:03.06-04:30	2016-10-25 11:18:03.06-04:30
16	undefined Club	\N	\N	3	t	2016-10-25 11:30:03.545-04:30	2016-10-25 11:30:03.545-04:30
17	team form done Club	Probando la creacion de un equipo con todos los atributos	\N	3	t	2016-10-26 22:15:24.443-04:30	2016-10-26 22:15:24.443-04:30
18	sin logo Club	probando team sin logo	\N	3	t	2016-10-27 00:08:16.05-04:30	2016-10-27 00:08:16.05-04:30
19	creation Club	Testing team create in production	\N	3	t	2016-10-27 01:50:44.08-04:30	2016-10-27 01:50:44.08-04:30
52	Lopez Club	Equipo de prueba 	\N	3	t	2016-10-31 17:08:24.416-04:30	2016-10-31 17:08:24.416-04:30
53	Jorge Club	Equipo de prueba creado desde alianza.codefuel.me\n	\N	3	t	2016-11-01 15:55:55.343-04:30	2016-11-01 15:55:55.343-04:30
54	Probando Club	Probando inscripcion de equipo	\N	3	t	2016-11-02 01:15:18.795-04:30	2016-11-02 01:15:18.795-04:30
55	Los robertos Club	Equipo de prueba 	\N	3	t	2016-11-02 14:06:03.319-04:30	2016-11-02 14:06:03.319-04:30
56	Equipo5 Club	\N	\N	3	t	2016-11-02 14:12:54.879-04:30	2016-11-02 14:12:54.879-04:30
57	Equipo1 Club	\N	\N	3	t	2016-11-02 14:13:06.194-04:30	2016-11-02 14:13:06.194-04:30
58	Equipo2 Club	\N	\N	3	t	2016-11-02 14:13:15.142-04:30	2016-11-02 14:13:15.142-04:30
59	Los Robertos Club	Equipo Los Robertos pertenecientes al club Lopez	\N	3	t	2016-11-02 15:22:28.541-04:30	2016-11-02 15:22:28.541-04:30
60	Los Ventura Club	Probando refactor de fast-subscribe	\N	3	t	2016-11-03 17:49:37.511-04:30	2016-11-03 17:49:37.511-04:30
61	Equipo sin logo Club	Probando equipo sin logo\n	\N	3	t	2016-11-04 09:54:52.966-04:30	2016-11-04 09:54:52.966-04:30
62	Equipo con Logo Club	Probando equipo con logo	\N	3	t	2016-11-04 09:55:41.185-04:30	2016-11-04 09:55:41.185-04:30
63	Probando token sin imagen Club	Probando Token sin Imagen	\N	3	t	2016-11-04 11:02:18.433-04:30	2016-11-04 11:02:18.433-04:30
64	Probando token con imagen Club	Probando token con imagen	\N	3	t	2016-11-04 11:46:33.057-04:30	2016-11-04 11:46:33.057-04:30
65	Probando desde wordpress Club	Probando desde wordpress antes de hacer merge	\N	3	t	2016-11-04 12:59:58.133-04:30	2016-11-04 12:59:58.133-04:30
66	probando Loading Club	probando loading	\N	3	t	2016-11-04 16:31:26.807-04:30	2016-11-04 16:31:26.807-04:30
67	probando loading 2  Club	asd	\N	3	t	2016-11-04 16:32:43.369-04:30	2016-11-04 16:32:43.369-04:30
68	testing loader with image Club	probando equipo con loader	\N	3	t	2016-11-04 16:39:49.331-04:30	2016-11-04 16:39:49.331-04:30
69	testing loader without image Club	probando equipo con loader	\N	3	t	2016-11-04 16:47:46.254-04:30	2016-11-04 16:47:46.254-04:30
70	Probando equipo con Imagen Club	probando equipo con imagen	\N	3	t	2016-11-04 16:49:54.064-04:30	2016-11-04 16:49:54.064-04:30
71	Los Chacarrones Club	Test.	\N	3	t	2016-11-05 00:08:25.82-04:30	2016-11-05 00:08:25.82-04:30
72	coders Club	\N	\N	3	t	2016-11-07 11:50:18.143-04:30	2016-11-07 11:50:18.143-04:30
73	Nougat Club	Probando asociando de equipos a usuarios	\N	3	t	2016-11-07 14:19:37.906-04:30	2016-11-07 14:19:37.906-04:30
74	marshmallow Club	Probando asociando de equipos a usuarios	\N	3	t	2016-11-07 14:25:57.052-04:30	2016-11-07 14:25:57.052-04:30
75	Cupcake Club	Cupcake team from android, testing 	\N	3	t	2016-11-07 14:51:35.553-04:30	2016-11-07 14:51:35.553-04:30
76	Donut Club	probando segundo equipo asociado a usuario 	\N	3	t	2016-11-07 17:55:30.665-04:30	2016-11-07 17:55:30.665-04:30
77	Eclair Club	Android Eclair	\N	3	t	2016-11-08 15:49:52.107-04:30	2016-11-08 15:49:52.107-04:30
78	Froyo Club	Probando creacion de equipo y push after submit	\N	3	t	2016-11-09 10:39:33.871-04:30	2016-11-09 10:39:33.871-04:30
79	Blues U15 Club	Equipo de prueba de weston	\N	3	t	2016-11-09 11:25:04.543-04:30	2016-11-09 11:25:04.543-04:30
80	testing response Club	string	\N	3	t	2016-11-09 23:23:04.971-04:30	2016-11-09 23:23:04.971-04:30
81	Gingerbread Club	Probando Creacion de equipo asociado a categoria	\N	3	t	2016-11-10 00:39:51.001-04:30	2016-11-10 00:39:51.001-04:30
82	Gingerbread 2 Club	Probando creacion de equipo asociado a categoria 2	\N	3	t	2016-11-10 00:41:34.128-04:30	2016-11-10 00:41:34.128-04:30
83	Gingerbread 3 Club	Probando registro de equipo en categoria	\N	3	t	2016-11-10 10:21:18.418-04:30	2016-11-10 10:21:18.418-04:30
84	San Ignacio Sub 15 Club	El equipo donde jugue de chiquito	\N	3	t	2016-11-11 10:38:01.101-04:30	2016-11-11 10:38:01.101-04:30
85	Real Caracas Club Club	\N	\N	3	t	2016-11-14 09:55:35.572-04:30	2016-11-14 09:55:35.572-04:30
86	PDE Club	\N	\N	3	t	2016-11-14 10:19:56.846-04:30	2016-11-14 10:19:56.846-04:30
87	PDE Futball club Club	\N	\N	3	t	2016-11-14 11:16:01.345-04:30	2016-11-14 11:16:01.345-04:30
88	Los Arcos Club	\N	\N	3	t	2016-11-14 15:31:39.555-04:30	2016-11-14 15:31:39.555-04:30
89	PRueba Jorge Club	\N	\N	3	t	2016-11-23 16:13:34.668-04:30	2016-11-23 16:13:34.668-04:30
90	Colegio Canigua Club	Colegio canigua, soccer futbol	\N	3	t	2016-12-02 09:26:07.725-04:30	2016-12-02 09:26:07.725-04:30
91	Colegio Clare Club	askgfnasgj jdsgjaipsfjgaskngabiosjfh jisghasjg klasfga s'gskjaisfjg.,gals;fj gajsf poga]rsjg ;Z gsagiSDgk'fsjg 'asgjs'fhj	\N	3	t	2016-12-02 09:35:59.912-04:30	2016-12-02 09:35:59.912-04:30
92	adfadsfa Club	asdfasdfasdfasfdasf	\N	3	t	2016-12-02 09:39:53.367-04:30	2016-12-02 09:39:53.367-04:30
93	hfdghdghdh Club	sdfhhsdfhdfhsdfhsdfh	\N	3	t	2016-12-02 09:41:58.757-04:30	2016-12-02 09:41:58.757-04:30
94	XZZXcZX Club	adfasdfasdf	\N	3	t	2016-12-02 09:43:07.843-04:30	2016-12-02 09:43:07.843-04:30
95	nxvcn Club	xvbxv xvbxvbfzxbzxvbzxbzvbzxfbxzvbzxvbxcvvxcxvv  xxv ssfd sdh sfdhhdf 	\N	3	t	2016-12-02 10:43:15.991-04:30	2016-12-02 10:43:15.991-04:30
96	Cholitas Club	adfasdfasdfasdfsdf	\N	3	t	2016-12-08 15:48:45.903-04:30	2016-12-08 15:48:45.903-04:30
98	Prueba	PRueba desde swagger	\N	3	t	2017-01-19 15:56:52.429-04:30	2017-01-19 15:56:52.429-04:30
99	PRUEAB PUT SWAGGER	string afjhalskdhgashfg ashfghfs ghsfjghsfgshx;g hsklz;ghz;fsg lkzsgzklglzkxhvlkhzcvhzshvhz;x hzfsh glzh lxchvxhc hjh	\N	3	t	2017-01-19 15:58:22.076-04:30	2017-01-19 15:58:22.076-04:30
100	PEufuar	alsfnad gnadsjgnsdlaglsagsfkgsf	\N	3	t	2017-01-19 16:18:40.108-04:30	2017-01-19 16:18:40.108-04:30
101	Euskadi Club	Euskadi futbol club	\N	3	t	2017-01-20 11:03:54.343-04:30	2017-01-20 11:03:54.343-04:30
102	Prueba Relacion grupo Equipo Club		\N	3	t	2017-01-25 16:33:32.771-04:30	2017-01-25 16:33:32.771-04:30
103	Juvenil A Club		\N	3	t	2017-01-26 14:20:57.598-04:30	2017-01-26 14:20:57.598-04:30
104	Juvenil B Club		\N	3	t	2017-01-26 16:50:41.757-04:30	2017-01-26 16:50:41.757-04:30
105	Pro Club	Equipo profesional del club Los Arcos	\N	3	t	2017-02-03 10:55:13.946-04:30	2017-02-03 10:55:13.946-04:30
97	Los Arcos	Colegio los arcos alkdsngld nadg dngngan kafsugnaskfgkasg nzkjvkjzvc kjzcnvkjanzkj z,jxz,nbjkzgk ag kbdgzk gbjzb zbckjvsfkvnkszvknsf zd gkzb kz bgkzbj	\N	3	t	2017-01-19 13:55:56.473-04:30	2017-02-03 14:46:13.688-04:30
27	SOLAR SC CHELSEA USSDA	SOLAR SC CHELSEA USSDA	\N	3	t	2017-02-10 15:33:51.813-04:30	2017-02-10 15:33:51.813-04:30
\.


--
-- Name: organizations_id_seq; Type: SEQUENCE SET; Schema: public; Owner: postgres
--

SELECT pg_catalog.setval('organizations_id_seq', 27, true);


--
-- Data for Name: organizations_roles_users; Type: TABLE DATA; Schema: public; Owner: postgres
--

COPY organizations_roles_users (id, user_id, organization_id, rol_id, active, created_at, updated_at) FROM stdin;
\.


--
-- Name: organizations_roles_users_id_seq; Type: SEQUENCE SET; Schema: public; Owner: postgres
--

SELECT pg_catalog.setval('organizations_roles_users_id_seq', 1, false);


--
-- Data for Name: organizations_types; Type: TABLE DATA; Schema: public; Owner: postgres
--

COPY organizations_types (id, name, description, active, created_at, updated_at) FROM stdin;
1	Federacin	Federacin description	t	2016-11-18 11:15:43.998446-04:30	2016-11-18 11:15:43.998446-04:30
2	Club	Club description	t	2016-11-18 11:15:43.999258-04:30	2016-11-18 11:15:43.999258-04:30
3	Liga	Liga description	t	2016-11-18 11:15:43.999072-04:30	2016-11-18 11:15:43.999072-04:30
4	Seleccin	Seleccin description	t	2016-11-18 11:15:44.003646-04:30	2016-11-18 11:15:44.003646-04:30
5	Equipo	Equipo description	t	2016-11-18 11:15:44.009139-04:30	2016-11-18 11:15:44.009139-04:30
6	Unipersonal	Unipersonal description	t	2016-11-18 11:15:44.010609-04:30	2016-11-18 11:15:44.010609-04:30
\.


--
-- Name: organizations_types_id_seq; Type: SEQUENCE SET; Schema: public; Owner: postgres
--

SELECT pg_catalog.setval('organizations_types_id_seq', 6, true);


--
-- Data for Name: phases; Type: TABLE DATA; Schema: public; Owner: postgres
--

COPY phases (id, name, "position", participant_team, classified_team, active, category_id, created_at, updated_at) FROM stdin;
4	Initial	1	8	4	t	1	2016-11-18 16:56:38.876-04:30	2016-11-18 16:56:38.876-04:30
1	Initial Phase	1	16	4	t	2	2016-11-18 16:53:33.925-04:30	2016-11-18 16:53:33.925-04:30
7	Initial	1	24	8	t	3	2016-11-18 17:16:02.842-04:30	2016-11-18 17:16:02.842-04:30
5	Semifinals	2	4	2	t	1	2016-11-18 16:57:50.788-04:30	2016-11-18 16:57:50.788-04:30
2	Semifinals	2	4	2	t	2	2016-11-18 16:54:53.408-04:30	2016-11-18 16:54:53.408-04:30
8	Quarter Finals	2	8	4	t	3	2016-11-18 17:16:04.235-04:30	2016-11-18 17:16:04.235-04:30
6	Finals	3	2	1	t	1	2016-11-18 16:58:14.539-04:30	2016-11-18 16:58:14.539-04:30
3	Finals	3	2	1	t	2	2016-11-18 16:55:24.566-04:30	2016-11-18 16:55:24.566-04:30
10	Final	4	2	1	t	3	2016-11-18 17:16:06.438-04:30	2016-11-18 17:16:06.438-04:30
9	Semi finals	3	4	2	t	3	2016-11-18 17:16:05.298-04:30	2016-11-18 17:16:05.298-04:30
11	Unique	1	8	2	t	4	2016-12-26 14:28:39.503-04:30	2016-12-26 14:28:39.503-04:30
12	Fase 1	1	8	4	t	8	2017-01-30 13:42:30.374-04:30	2017-01-30 13:42:30.374-04:30
13	Semifinal	2	4	4	t	8	2017-01-30 13:42:30.375-04:30	2017-01-30 13:42:30.375-04:30
14	Final	3	4	0	t	8	2017-01-30 13:42:30.376-04:30	2017-01-30 13:42:30.376-04:30
\.


--
-- Name: phases_id_seq; Type: SEQUENCE SET; Schema: public; Owner: postgres
--

SELECT pg_catalog.setval('phases_id_seq', 14, true);


--
-- Data for Name: players; Type: TABLE DATA; Schema: public; Owner: postgres
--

COPY players (id, first_name, last_name, img_url, portrait_url, document_number, nickname, birthday, status_id, email, active, created_at, updated_at, gender_id, document_img_url) FROM stdin;
1	Irving	Ventura	https://somosport-s3.s3.amazonaws.com/gingerbread_icon.png	\N	dkjshskjhf		1992-12-07	1	irvingv8@gmail.com	t	2016-11-18 17:25:58.529-04:30	2016-11-18 17:26:11.135-04:30	1	\N
2	Miguel	Fox	https://somosport-s3.s3.amazonaws.com/663959.jpg	\N	IFE	Fox	2002-01-02	1		t	2016-11-24 00:44:31.008-04:30	2016-11-24 00:44:31.008-04:30	1	\N
3	Bartolome	Simpson	https://somosport-s3.s3.amazonaws.com/bart-simpson-11.gif	\N	Pasaporte	Bart	2000-01-06	1	\N	t	2016-11-24 00:46:52.549-04:30	2016-11-24 00:47:33.404-04:30	1	\N
4	Cosijoeza	Mendez	https://somosport-s3.s3.amazonaws.com/ecoloco1.jpg	\N	\N	Ecoloco	2002-02-03	1	\N	t	2016-11-24 00:48:58.13-04:30	2016-11-24 00:49:28.229-04:30	1	\N
5	Joseph	Memeloski	https://somosport-s3.s3.amazonaws.com/hqdefault.jpg	\N	\N	El Profersor	2002-06-03	1	\N	t	2016-11-24 00:56:21.165-04:30	2016-11-24 00:57:05.744-04:30	1	\N
6	Aurelio	Lopez	https://somosport-s3.s3.amazonaws.com/images-1.jpeg	\N	\N	Morfeo	2003-05-09	1	\N	t	2016-11-24 00:58:39.595-04:30	2016-11-24 00:58:39.595-04:30	1	\N
7	Emet	Brown	https://somosport-s3.s3.amazonaws.com/images-2.jpeg	\N	\N	Doctor	2001-12-29	1	\N	t	2016-11-24 01:00:06.253-04:30	2016-11-24 01:00:06.253-04:30	1	\N
8	Lucio	Cabaas	https://somosport-s3.s3.amazonaws.com/images.jpeg	\N		Mimoso	2002-04-01	1	\N	t	2016-11-24 01:00:56.276-04:30	2016-11-24 01:00:56.276-04:30	1	\N
9	Rafael	Maccio	https://somosport-s3.s3.amazonaws.com/maccio.JPG	\N	\N	Kid	2003-11-12	1	\N	t	2016-11-24 01:02:45.955-04:30	2016-11-24 01:02:45.955-04:30	1	\N
10	Lucia	Mendez	https://somosport-s3.s3.amazonaws.com/mafafa m.jpg	\N	\N	Mafafa	2005-06-20	1	\N	t	2016-11-24 01:04:50.751-04:30	2016-11-24 01:04:50.751-04:30	2	\N
11	Daniel	Amador	https://somosport-s3.s3.amazonaws.com/patasverdes2.jpg	\N	\N	Patas Verdes	2002-09-05	1	\N	t	2016-11-24 01:06:31.901-04:30	2016-11-24 01:06:31.901-04:30	1	\N
12	Pedro	Paramo	https://somosport-s3.s3.amazonaws.com/pistachon_N.jpg	\N	\N	Pistachon	2004-09-04	1	\N	t	2016-11-24 01:07:21.459-04:30	2016-11-24 01:07:21.459-04:30	1	\N
13	Ernesto	Neve	https://somosport-s3.s3.amazonaws.com/simpson-XxXx80.jpg	\N	\N	el Presi	2003-11-07	1	\N	t	2016-11-24 01:08:21.618-04:30	2016-11-24 01:08:21.618-04:30	1	\N
14	Montgomery	Burns	https://somosport-s3.s3.amazonaws.com/sr_burns.jpg	\N	\N	Monty	2000-02-04	1	\N	t	2016-11-24 01:35:57.433-04:30	2016-11-24 01:35:57.433-04:30	2	\N
15	Eduardo 	Ruiz	https://somosport-s3.s3.amazonaws.com/ed.ruizved.ruizv.jpg	\N	Credencial escolar	\N	1919-09-26	1	eruiz@brcgrp.com	t	2016-11-24 14:14:07.256-04:30	2016-11-24 14:14:07.256-04:30	1	\N
16	Joaquin 	Escoto	https://somosport-s3.s3.amazonaws.com/Captura de pantalla 2016-11-24 a las 12.45.48.png	\N	IFE		1924-03-02	1	jescoto@brcgrp.com	t	2016-11-24 14:17:17.529-04:30	2016-11-24 14:17:17.529-04:30	1	\N
17	Beto	No se	https://somosport-s3.s3.amazonaws.com/Captura de pantalla 2016-11-24 a las 12.45.53.png	\N	Pasaporte	El Beto	2016-05-05	1	eruiz@brcgrp.com	t	2016-11-24 14:20:55.513-04:30	2016-11-24 14:20:55.513-04:30	2	\N
18	Roberto	Lopez 	https://somosport-s3.s3.amazonaws.com/Captura de pantalla 2016-11-24 a las 12.52.13.png	\N		Tito	1930-05-04	1	\N	t	2016-11-24 14:24:36.498-04:30	2016-11-24 14:24:36.498-04:30	3	\N
54	Player 1	WESTON FC	\N	\N	\N	\N	1999-03-01	1	\N	t	2016-12-26 16:53:45.857-04:30	2016-12-26 16:53:45.857-04:30	1	\N
55	Player 2	WESTON FC	\N	\N	\N	\N	1999-03-02	1	\N	t	2016-12-26 16:53:45.858-04:30	2016-12-26 16:53:45.858-04:30	1	\N
22	VE905	Lopez	\N	\N	\N	test	2002-06-17	1	\N	t	2016-11-25 15:44:20.431-04:30	2016-11-25 15:44:20.431-04:30	1	\N
23	VE905	Lopez	\N	\N	\N	test	2002-06-17	1	\N	t	2016-11-25 15:45:00.458-04:30	2016-11-25 15:45:00.458-04:30	1	\N
24	VE905	Lopez	\N	\N	SKJsda627wdqa	test	2002-06-17	1	pepe	t	2016-11-25 15:45:58.445-04:30	2016-11-25 15:45:58.445-04:30	1	\N
25	VE905	Lopez	\N	\N	SKJsda627wdqa	test	2002-06-17	1	pepe	t	2016-11-25 15:46:10.706-04:30	2016-11-25 15:46:10.706-04:30	1	\N
21	Ramses	Lopez	\N	\N	\N	\N	2002-06-16	1	ramses.lopezs@gmail.com	t	2016-11-25 15:43:24.718-04:30	2016-11-25 15:46:21.945-04:30	1	\N
26	pepe	perez	\N	\N	\N	\N	2003-07-12	1	\N	t	2016-11-25 15:54:44.44-04:30	2016-11-25 15:54:44.44-04:30	1	\N
27	Eduardo	Ruiz	https://somosport-s3.s3.amazonaws.com/ed.ruizved.ruizv.jpg	\N	Pasaporte	El Gol	2016-03-07	1	601lomensurt	t	2016-11-28 11:39:33.77-04:30	2016-11-28 11:39:33.77-04:30	1	\N
28	Eduardo 	Ruiz	https://somosport-s3.s3.amazonaws.com/ed.ruizved.ruizv.jpg	\N	IFE	Gol	2010-02-01	1	jasdflajsd	t	2016-11-28 11:42:40.276-04:30	2016-11-28 11:42:40.276-04:30	1	\N
29	Player 1	BOCA UNITED ACADEMY USSDA 9899 (FL)	\N	\N	\N	\N	1999-03-01	1	\N	t	2016-12-26 16:51:57.649-04:30	2016-12-26 16:51:57.649-04:30	1	\N
30	Player 2	BOCA UNITED ACADEMY USSDA 9899 (FL)	\N	\N	\N	\N	1999-03-02	1	\N	t	2016-12-26 16:51:57.649-04:30	2016-12-26 16:51:57.649-04:30	1	\N
31	Player 3	BOCA UNITED ACADEMY USSDA 9899 (FL)	\N	\N	\N	\N	1999-03-03	1	\N	t	2016-12-26 16:51:57.649-04:30	2016-12-26 16:51:57.649-04:30	1	\N
32	Player 4	BOCA UNITED ACADEMY USSDA 9899 (FL)	\N	\N	\N	\N	1999-03-04	1	\N	t	2016-12-26 16:51:57.65-04:30	2016-12-26 16:51:57.65-04:30	1	\N
33	Player 5	BOCA UNITED ACADEMY USSDA 9899 (FL)	\N	\N	\N	\N	1999-03-05	1	\N	t	2016-12-26 16:51:57.65-04:30	2016-12-26 16:51:57.65-04:30	1	\N
34	Player 6	BOCA UNITED ACADEMY USSDA 9899 (FL)	\N	\N	\N	\N	1999-03-06	1	\N	t	2016-12-26 16:51:57.65-04:30	2016-12-26 16:51:57.65-04:30	1	\N
35	Player 7	BOCA UNITED ACADEMY USSDA 9899 (FL)	\N	\N	\N	\N	1999-03-07	1	\N	t	2016-12-26 16:51:57.65-04:30	2016-12-26 16:51:57.65-04:30	1	\N
36	Player 8	BOCA UNITED ACADEMY USSDA 9899 (FL)	\N	\N	\N	\N	1999-03-08	1	\N	t	2016-12-26 16:51:57.651-04:30	2016-12-26 16:51:57.651-04:30	1	\N
37	Player 9	BOCA UNITED ACADEMY USSDA 9899 (FL)	\N	\N	\N	\N	1999-03-09	1	\N	t	2016-12-26 16:51:57.651-04:30	2016-12-26 16:51:57.651-04:30	1	\N
38	Player 10	BOCA UNITED ACADEMY USSDA 9899 (FL)	\N	\N	\N	\N	1999-03-10	1	\N	t	2016-12-26 16:51:57.651-04:30	2016-12-26 16:51:57.651-04:30	1	\N
39	Player 11	BOCA UNITED ACADEMY USSDA 9899 (FL)	\N	\N	\N	\N	1999-03-11	1	\N	t	2016-12-26 16:51:57.651-04:30	2016-12-26 16:51:57.651-04:30	1	\N
40	Player 12	BOCA UNITED ACADEMY USSDA 9899 (FL)	\N	\N	\N	\N	1999-03-12	1	\N	t	2016-12-26 16:51:57.651-04:30	2016-12-26 16:51:57.651-04:30	1	\N
41	Player 13	BOCA UNITED ACADEMY USSDA 9899 (FL)	\N	\N	\N	\N	1999-03-13	1	\N	t	2016-12-26 16:51:57.652-04:30	2016-12-26 16:51:57.652-04:30	1	\N
42	Player 14	BOCA UNITED ACADEMY USSDA 9899 (FL)	\N	\N	\N	\N	1999-03-14	1	\N	t	2016-12-26 16:51:57.652-04:30	2016-12-26 16:51:57.652-04:30	1	\N
43	Player 15	BOCA UNITED ACADEMY USSDA 9899 (FL)	\N	\N	\N	\N	1999-03-15	1	\N	t	2016-12-26 16:51:57.652-04:30	2016-12-26 16:51:57.652-04:30	1	\N
44	Player 16	BOCA UNITED ACADEMY USSDA 9899 (FL)	\N	\N	\N	\N	1999-03-16	1	\N	t	2016-12-26 16:51:57.652-04:30	2016-12-26 16:51:57.652-04:30	1	\N
45	Player 17	BOCA UNITED ACADEMY USSDA 9899 (FL)	\N	\N	\N	\N	1999-03-17	1	\N	t	2016-12-26 16:51:57.652-04:30	2016-12-26 16:51:57.652-04:30	1	\N
46	Player 18	BOCA UNITED ACADEMY USSDA 9899 (FL)	\N	\N	\N	\N	1999-03-18	1	\N	t	2016-12-26 16:51:57.653-04:30	2016-12-26 16:51:57.653-04:30	1	\N
47	Player 19	BOCA UNITED ACADEMY USSDA 9899 (FL)	\N	\N	\N	\N	1999-03-19	1	\N	t	2016-12-26 16:51:57.653-04:30	2016-12-26 16:51:57.653-04:30	1	\N
48	Player 20	BOCA UNITED ACADEMY USSDA 9899 (FL)	\N	\N	\N	\N	1999-03-20	1	\N	t	2016-12-26 16:51:57.653-04:30	2016-12-26 16:51:57.653-04:30	1	\N
49	Player 21	BOCA UNITED ACADEMY USSDA 9899 (FL)	\N	\N	\N	\N	1999-03-21	1	\N	t	2016-12-26 16:51:57.653-04:30	2016-12-26 16:51:57.653-04:30	1	\N
50	Player 22	BOCA UNITED ACADEMY USSDA 9899 (FL)	\N	\N	\N	\N	1999-03-22	1	\N	t	2016-12-26 16:51:57.654-04:30	2016-12-26 16:51:57.654-04:30	1	\N
51	Player 23	BOCA UNITED ACADEMY USSDA 9899 (FL)	\N	\N	\N	\N	1999-03-23	1	\N	t	2016-12-26 16:51:57.655-04:30	2016-12-26 16:51:57.655-04:30	1	\N
52	Player 24	BOCA UNITED ACADEMY USSDA 9899 (FL)	\N	\N	\N	\N	1999-03-24	1	\N	t	2016-12-26 16:51:57.655-04:30	2016-12-26 16:51:57.655-04:30	1	\N
56	Player 3	WESTON FC	\N	\N	\N	\N	1999-03-03	1	\N	t	2016-12-26 16:53:45.858-04:30	2016-12-26 16:53:45.858-04:30	1	\N
58	Player 5	WESTON FC	\N	\N	\N	\N	1999-03-05	1	\N	t	2016-12-26 16:53:45.859-04:30	2016-12-26 16:53:45.859-04:30	1	\N
59	Player 6	WESTON FC	\N	\N	\N	\N	1999-03-06	1	\N	t	2016-12-26 16:53:45.859-04:30	2016-12-26 16:53:45.859-04:30	1	\N
60	Player 7	WESTON FC	\N	\N	\N	\N	1999-03-07	1	\N	t	2016-12-26 16:53:45.86-04:30	2016-12-26 16:53:45.86-04:30	1	\N
61	Player 8	WESTON FC	\N	\N	\N	\N	1999-03-08	1	\N	t	2016-12-26 16:53:45.86-04:30	2016-12-26 16:53:45.86-04:30	1	\N
63	Player 10	WESTON FC	\N	\N	\N	\N	1999-03-10	1	\N	t	2016-12-26 16:53:45.862-04:30	2016-12-26 16:53:45.862-04:30	1	\N
64	Player 11	WESTON FC	\N	\N	\N	\N	1999-03-11	1	\N	t	2016-12-26 16:53:45.863-04:30	2016-12-26 16:53:45.863-04:30	1	\N
20	a	b	\N	\N	wdsf	a	2003-01-01	1	sd	t	2016-11-25 11:09:36.75-04:30	2017-01-20 12:49:26.666-04:30	1	\N
53	Player 25	BOCA UNITED ACADEMY USSDA 9899 (FL)	\N	\N	\N	\N	1999-03-25	1	\N	t	2016-12-26 16:51:57.655-04:30	2016-12-26 16:51:57.655-04:30	1	\N
57	Player 4	WESTON FC	\N	\N	\N	\N	1999-03-04	1	\N	t	2016-12-26 16:53:45.859-04:30	2016-12-26 16:53:45.859-04:30	1	\N
62	Player 9	WESTON FC	\N	\N	\N	\N	1999-03-09	1	\N	t	2016-12-26 16:53:45.862-04:30	2016-12-26 16:53:45.862-04:30	1	\N
67	Player 14	WESTON FC	\N	\N	\N	\N	1999-03-14	1	\N	t	2016-12-26 16:53:45.863-04:30	2016-12-26 16:53:45.863-04:30	1	\N
72	Player 19	WESTON FC	\N	\N	\N	\N	1999-03-19	1	\N	t	2016-12-26 16:53:45.865-04:30	2016-12-26 16:53:45.865-04:30	1	\N
77	Player 24	WESTON FC	\N	\N	\N	\N	1999-03-24	1	\N	t	2016-12-26 16:53:45.867-04:30	2016-12-26 16:53:45.867-04:30	1	\N
65	Player 12	WESTON FC	\N	\N	\N	\N	1999-03-12	1	\N	t	2016-12-26 16:53:45.863-04:30	2016-12-26 16:53:45.863-04:30	1	\N
70	Player 17	WESTON FC	\N	\N	\N	\N	1999-03-17	1	\N	t	2016-12-26 16:53:45.865-04:30	2016-12-26 16:53:45.865-04:30	1	\N
75	Player 22	WESTON FC	\N	\N	\N	\N	1999-03-22	1	\N	t	2016-12-26 16:53:45.866-04:30	2016-12-26 16:53:45.866-04:30	1	\N
66	Player 13	WESTON FC	\N	\N	\N	\N	1999-03-13	1	\N	t	2016-12-26 16:53:45.863-04:30	2016-12-26 16:53:45.863-04:30	1	\N
71	Player 18	WESTON FC	\N	\N	\N	\N	1999-03-18	1	\N	t	2016-12-26 16:53:45.865-04:30	2016-12-26 16:53:45.865-04:30	1	\N
76	Player 23	WESTON FC	\N	\N	\N	\N	1999-03-23	1	\N	t	2016-12-26 16:53:45.866-04:30	2016-12-26 16:53:45.866-04:30	1	\N
68	Player 15	WESTON FC	\N	\N	\N	\N	1999-03-15	1	\N	t	2016-12-26 16:53:45.864-04:30	2016-12-26 16:53:45.864-04:30	1	\N
73	Player 20	WESTON FC	\N	\N	\N	\N	1999-03-20	1	\N	t	2016-12-26 16:53:45.866-04:30	2016-12-26 16:53:45.866-04:30	1	\N
78	Player 25	WESTON FC	\N	\N	\N	\N	1999-03-25	1	\N	t	2016-12-26 16:53:45.867-04:30	2016-12-26 16:53:45.867-04:30	1	\N
69	Player 16	WESTON FC	\N	\N	\N	\N	1999-03-16	1	\N	t	2016-12-26 16:53:45.864-04:30	2016-12-26 16:53:45.864-04:30	1	\N
74	Player 21	WESTON FC	\N	\N	\N	\N	1999-03-21	1	\N	t	2016-12-26 16:53:45.866-04:30	2016-12-26 16:53:45.866-04:30	1	\N
95	Player 17	SIMA GOLD	\N	\N	\N	\N	1999-03-17	1	\N	t	2016-12-26 16:55:35.119-04:30	2016-12-26 16:55:35.119-04:30	1	\N
96	Player 18	SIMA GOLD	\N	\N	\N	\N	1999-03-18	1	\N	t	2016-12-26 16:55:35.119-04:30	2016-12-26 16:55:35.119-04:30	1	\N
97	Player 19	SIMA GOLD	\N	\N	\N	\N	1999-03-19	1	\N	t	2016-12-26 16:55:35.119-04:30	2016-12-26 16:55:35.119-04:30	1	\N
98	Player 20	SIMA GOLD	\N	\N	\N	\N	1999-03-20	1	\N	t	2016-12-26 16:55:35.12-04:30	2016-12-26 16:55:35.12-04:30	1	\N
99	Player 21	SIMA GOLD	\N	\N	\N	\N	1999-03-21	1	\N	t	2016-12-26 16:55:35.12-04:30	2016-12-26 16:55:35.12-04:30	1	\N
100	Player 22	SIMA GOLD	\N	\N	\N	\N	1999-03-22	1	\N	t	2016-12-26 16:55:35.12-04:30	2016-12-26 16:55:35.12-04:30	1	\N
101	Player 23	SIMA GOLD	\N	\N	\N	\N	1999-03-23	1	\N	t	2016-12-26 16:55:35.12-04:30	2016-12-26 16:55:35.12-04:30	1	\N
102	Player 24	SIMA GOLD	\N	\N	\N	\N	1999-03-24	1	\N	t	2016-12-26 16:55:35.12-04:30	2016-12-26 16:55:35.12-04:30	1	\N
103	Player 25	SIMA GOLD	\N	\N	\N	\N	1999-03-25	1	\N	t	2016-12-26 16:55:35.121-04:30	2016-12-26 16:55:35.121-04:30	1	\N
104	Player 1	CONCORDE FIRE	\N	\N	\N	\N	1999-03-01	1	\N	t	2016-12-26 16:56:39.165-04:30	2016-12-26 16:56:39.165-04:30	1	\N
105	Player 2	CONCORDE FIRE	\N	\N	\N	\N	1999-03-02	1	\N	t	2016-12-26 16:56:39.165-04:30	2016-12-26 16:56:39.165-04:30	1	\N
106	Player 3	CONCORDE FIRE	\N	\N	\N	\N	1999-03-03	1	\N	t	2016-12-26 16:56:39.165-04:30	2016-12-26 16:56:39.165-04:30	1	\N
107	Player 4	CONCORDE FIRE	\N	\N	\N	\N	1999-03-04	1	\N	t	2016-12-26 16:56:39.165-04:30	2016-12-26 16:56:39.165-04:30	1	\N
108	Player 5	CONCORDE FIRE	\N	\N	\N	\N	1999-03-05	1	\N	t	2016-12-26 16:56:39.166-04:30	2016-12-26 16:56:39.166-04:30	1	\N
109	Player 6	CONCORDE FIRE	\N	\N	\N	\N	1999-03-06	1	\N	t	2016-12-26 16:56:39.166-04:30	2016-12-26 16:56:39.166-04:30	1	\N
110	Player 7	CONCORDE FIRE	\N	\N	\N	\N	1999-03-07	1	\N	t	2016-12-26 16:56:39.166-04:30	2016-12-26 16:56:39.166-04:30	1	\N
111	Player 8	CONCORDE FIRE	\N	\N	\N	\N	1999-03-08	1	\N	t	2016-12-26 16:56:39.166-04:30	2016-12-26 16:56:39.166-04:30	1	\N
112	Player 9	CONCORDE FIRE	\N	\N	\N	\N	1999-03-09	1	\N	t	2016-12-26 16:56:39.167-04:30	2016-12-26 16:56:39.167-04:30	1	\N
113	Player 10	CONCORDE FIRE	\N	\N	\N	\N	1999-03-10	1	\N	t	2016-12-26 16:56:39.167-04:30	2016-12-26 16:56:39.167-04:30	1	\N
114	Player 11	CONCORDE FIRE	\N	\N	\N	\N	1999-03-11	1	\N	t	2016-12-26 16:56:39.167-04:30	2016-12-26 16:56:39.167-04:30	1	\N
115	Player 12	CONCORDE FIRE	\N	\N	\N	\N	1999-03-12	1	\N	t	2016-12-26 16:56:39.167-04:30	2016-12-26 16:56:39.167-04:30	1	\N
116	Player 13	CONCORDE FIRE	\N	\N	\N	\N	1999-03-13	1	\N	t	2016-12-26 16:56:39.167-04:30	2016-12-26 16:56:39.167-04:30	1	\N
117	Player 14	CONCORDE FIRE	\N	\N	\N	\N	1999-03-14	1	\N	t	2016-12-26 16:56:39.168-04:30	2016-12-26 16:56:39.168-04:30	1	\N
118	Player 15	CONCORDE FIRE	\N	\N	\N	\N	1999-03-15	1	\N	t	2016-12-26 16:56:39.168-04:30	2016-12-26 16:56:39.168-04:30	1	\N
119	Player 16	CONCORDE FIRE	\N	\N	\N	\N	1999-03-16	1	\N	t	2016-12-26 16:56:39.168-04:30	2016-12-26 16:56:39.168-04:30	1	\N
120	Player 17	CONCORDE FIRE	\N	\N	\N	\N	1999-03-17	1	\N	t	2016-12-26 16:56:39.168-04:30	2016-12-26 16:56:39.168-04:30	1	\N
121	Player 18	CONCORDE FIRE	\N	\N	\N	\N	1999-03-18	1	\N	t	2016-12-26 16:56:39.169-04:30	2016-12-26 16:56:39.169-04:30	1	\N
122	Player 19	CONCORDE FIRE	\N	\N	\N	\N	1999-03-19	1	\N	t	2016-12-26 16:56:39.169-04:30	2016-12-26 16:56:39.169-04:30	1	\N
123	Player 20	CONCORDE FIRE	\N	\N	\N	\N	1999-03-20	1	\N	t	2016-12-26 16:56:39.169-04:30	2016-12-26 16:56:39.169-04:30	1	\N
124	Player 21	CONCORDE FIRE	\N	\N	\N	\N	1999-03-21	1	\N	t	2016-12-26 16:56:39.169-04:30	2016-12-26 16:56:39.169-04:30	1	\N
125	Player 22	CONCORDE FIRE	\N	\N	\N	\N	1999-03-22	1	\N	t	2016-12-26 16:56:39.169-04:30	2016-12-26 16:56:39.169-04:30	1	\N
126	Player 23	CONCORDE FIRE	\N	\N	\N	\N	1999-03-23	1	\N	t	2016-12-26 16:56:39.17-04:30	2016-12-26 16:56:39.17-04:30	1	\N
127	Player 24	CONCORDE FIRE	\N	\N	\N	\N	1999-03-24	1	\N	t	2016-12-26 16:56:39.17-04:30	2016-12-26 16:56:39.17-04:30	1	\N
128	Player 25	CONCORDE FIRE	\N	\N	\N	\N	1999-03-25	1	\N	t	2016-12-26 16:56:39.17-04:30	2016-12-26 16:56:39.17-04:30	1	\N
129	Player 1	SOLAR SC CHELSEA	\N	\N	\N	\N	1999-03-01	1	\N	t	2016-12-26 16:58:50.646-04:30	2016-12-26 16:58:50.646-04:30	1	\N
130	Player 2	SOLAR SC CHELSEA	\N	\N	\N	\N	1999-03-02	1	\N	t	2016-12-26 16:58:50.646-04:30	2016-12-26 16:58:50.646-04:30	1	\N
131	Player 3	SOLAR SC CHELSEA	\N	\N	\N	\N	1999-03-03	1	\N	t	2016-12-26 16:58:50.647-04:30	2016-12-26 16:58:50.647-04:30	1	\N
132	Player 4	SOLAR SC CHELSEA	\N	\N	\N	\N	1999-03-04	1	\N	t	2016-12-26 16:58:50.648-04:30	2016-12-26 16:58:50.648-04:30	1	\N
133	Player 5	SOLAR SC CHELSEA	\N	\N	\N	\N	1999-03-05	1	\N	t	2016-12-26 16:58:50.648-04:30	2016-12-26 16:58:50.648-04:30	1	\N
134	Player 6	SOLAR SC CHELSEA	\N	\N	\N	\N	1999-03-06	1	\N	t	2016-12-26 16:58:50.648-04:30	2016-12-26 16:58:50.648-04:30	1	\N
135	Player 7	SOLAR SC CHELSEA	\N	\N	\N	\N	1999-03-07	1	\N	t	2016-12-26 16:58:50.649-04:30	2016-12-26 16:58:50.649-04:30	1	\N
136	Player 8	SOLAR SC CHELSEA	\N	\N	\N	\N	1999-03-08	1	\N	t	2016-12-26 16:58:50.65-04:30	2016-12-26 16:58:50.65-04:30	1	\N
137	Player 9	SOLAR SC CHELSEA	\N	\N	\N	\N	1999-03-09	1	\N	t	2016-12-26 16:58:50.65-04:30	2016-12-26 16:58:50.65-04:30	1	\N
138	Player 10	SOLAR SC CHELSEA	\N	\N	\N	\N	1999-03-10	1	\N	t	2016-12-26 16:58:50.65-04:30	2016-12-26 16:58:50.65-04:30	1	\N
139	Player 11	SOLAR SC CHELSEA	\N	\N	\N	\N	1999-03-11	1	\N	t	2016-12-26 16:58:50.651-04:30	2016-12-26 16:58:50.651-04:30	1	\N
140	Player 12	SOLAR SC CHELSEA	\N	\N	\N	\N	1999-03-12	1	\N	t	2016-12-26 16:58:50.651-04:30	2016-12-26 16:58:50.651-04:30	1	\N
141	Player 13	SOLAR SC CHELSEA	\N	\N	\N	\N	1999-03-13	1	\N	t	2016-12-26 16:58:50.651-04:30	2016-12-26 16:58:50.651-04:30	1	\N
142	Player 14	SOLAR SC CHELSEA	\N	\N	\N	\N	1999-03-14	1	\N	t	2016-12-26 16:58:50.651-04:30	2016-12-26 16:58:50.651-04:30	1	\N
143	Player 15	SOLAR SC CHELSEA	\N	\N	\N	\N	1999-03-15	1	\N	t	2016-12-26 16:58:50.652-04:30	2016-12-26 16:58:50.652-04:30	1	\N
144	Player 16	SOLAR SC CHELSEA	\N	\N	\N	\N	1999-03-16	1	\N	t	2016-12-26 16:58:50.652-04:30	2016-12-26 16:58:50.652-04:30	1	\N
145	Player 17	SOLAR SC CHELSEA	\N	\N	\N	\N	1999-03-17	1	\N	t	2016-12-26 16:58:50.652-04:30	2016-12-26 16:58:50.652-04:30	1	\N
146	Player 18	SOLAR SC CHELSEA	\N	\N	\N	\N	1999-03-18	1	\N	t	2016-12-26 16:58:50.652-04:30	2016-12-26 16:58:50.652-04:30	1	\N
147	Player 19	SOLAR SC CHELSEA	\N	\N	\N	\N	1999-03-19	1	\N	t	2016-12-26 16:58:50.653-04:30	2016-12-26 16:58:50.653-04:30	1	\N
148	Player 20	SOLAR SC CHELSEA	\N	\N	\N	\N	1999-03-20	1	\N	t	2016-12-26 16:58:50.653-04:30	2016-12-26 16:58:50.653-04:30	1	\N
149	Player 21	SOLAR SC CHELSEA	\N	\N	\N	\N	1999-03-21	1	\N	t	2016-12-26 16:58:50.653-04:30	2016-12-26 16:58:50.653-04:30	1	\N
150	Player 22	SOLAR SC CHELSEA	\N	\N	\N	\N	1999-03-22	1	\N	t	2016-12-26 16:58:50.653-04:30	2016-12-26 16:58:50.653-04:30	1	\N
151	Player 23	SOLAR SC CHELSEA	\N	\N	\N	\N	1999-03-23	1	\N	t	2016-12-26 16:58:50.654-04:30	2016-12-26 16:58:50.654-04:30	1	\N
152	Player 24	SOLAR SC CHELSEA	\N	\N	\N	\N	1999-03-24	1	\N	t	2016-12-26 16:58:50.654-04:30	2016-12-26 16:58:50.654-04:30	1	\N
153	Player 25	SOLAR SC CHELSEA	\N	\N	\N	\N	1999-03-25	1	\N	t	2016-12-26 16:58:50.654-04:30	2016-12-26 16:58:50.654-04:30	1	\N
154	Player 1	CHARGERS SC	\N	\N	\N	\N	1999-03-01	1	\N	t	2016-12-26 16:59:56.381-04:30	2016-12-26 16:59:56.381-04:30	1	\N
155	Player 2	CHARGERS SC	\N	\N	\N	\N	1999-03-02	1	\N	t	2016-12-26 16:59:56.381-04:30	2016-12-26 16:59:56.381-04:30	1	\N
91	Joao Lucas	Santos Nunes	https://somosport-s3.s3.amazonaws.com/image1482879830166.jpg	\N	\N	\N	1999-03-09	1	\N	t	2016-12-26 16:55:35.118-04:30	2016-12-27 18:33:54.186-04:30	1	\N
379	Player 50	CHARGERS SC	\N	\N	\N	\N	1999-03-25	1	\N	t	2016-12-27 14:10:25.525-04:30	2016-12-27 14:10:25.525-04:30	1	\N
81	Moussa	Gueye	https://somosport-s3.s3.amazonaws.com/image1482879750742.jpg	\N	\N	\N	1999-02-28	1	\N	t	2016-12-26 16:55:35.115-04:30	2016-12-27 18:32:35.428-04:30	1	\N
80	Monday Bassey	Etim	https://somosport-s3.s3.amazonaws.com/image1482881153920.jpg	\N	\N	\N	1999-02-27	1	\N	t	2016-12-26 16:55:35.115-04:30	2016-12-27 18:55:57.12-04:30	1	\N
83	Kizza	Edward	https://somosport-s3.s3.amazonaws.com/image1482880221377.jpg	\N	\N	\N	1999-03-01	1	\N	t	2016-12-26 16:55:35.116-04:30	2016-12-27 18:40:26.843-04:30	1	\N
84	Babacar	Laniane	https://somosport-s3.s3.amazonaws.com/image1482880568072.jpg	\N	\N	\N	1999-03-03	1	\N	t	2016-12-26 16:55:35.116-04:30	2016-12-27 18:46:11.333-04:30	1	\N
88	Michee	Ngalina	https://somosport-s3.s3.amazonaws.com/image1482880319929.jpg	\N	\N	\N	1999-03-06	1	\N	t	2016-12-26 16:55:35.117-04:30	2016-12-27 18:42:05.657-04:30	1	\N
94	Jackson	Walti	https://somosport-s3.s3.amazonaws.com/image1482879880099.jpg	\N	\N	\N	1999-03-11	1	\N	t	2016-12-26 16:55:35.119-04:30	2016-12-27 18:34:50.542-04:30	1	\N
90	Fairs	Pemi Moumbagna	https://somosport-s3.s3.amazonaws.com/image1482879990656.jpg	\N	\N	\N	1999-03-09	1	\N	t	2016-12-26 16:55:35.117-04:30	2016-12-27 18:36:34.669-04:30	1	\N
82	Connor	Jones	https://somosport-s3.s3.amazonaws.com/img_00231482879695000.jpg	\N	\N	\N	1999-02-28	1	\N	t	2016-12-26 16:55:35.115-04:30	2016-12-27 18:31:43.278-04:30	1	\N
156	Player 3	CHARGERS SC	\N	\N	\N	\N	1999-03-03	1	\N	t	2016-12-26 16:59:56.381-04:30	2016-12-26 16:59:56.381-04:30	1	\N
161	Player 8	CHARGERS SC	\N	\N	\N	\N	1999-03-08	1	\N	t	2016-12-26 16:59:56.383-04:30	2016-12-26 16:59:56.383-04:30	1	\N
167	Player 14	CHARGERS SC	\N	\N	\N	\N	1999-03-14	1	\N	t	2016-12-26 16:59:56.385-04:30	2016-12-26 16:59:56.385-04:30	1	\N
172	Player 19	CHARGERS SC	\N	\N	\N	\N	1999-03-19	1	\N	t	2016-12-26 16:59:56.386-04:30	2016-12-26 16:59:56.386-04:30	1	\N
177	Player 24	CHARGERS SC	\N	\N	\N	\N	1999-03-24	1	\N	t	2016-12-26 16:59:56.387-04:30	2016-12-26 16:59:56.387-04:30	1	\N
182	Player 4	DALLAS TEXANS	\N	\N	\N	\N	1999-03-04	1	\N	t	2016-12-26 17:01:15.748-04:30	2016-12-26 17:01:15.748-04:30	1	\N
188	Player 10	DALLAS TEXANS	\N	\N	\N	\N	1999-03-10	1	\N	t	2016-12-26 17:01:15.749-04:30	2016-12-26 17:01:15.749-04:30	1	\N
193	Player 15	DALLAS TEXANS	\N	\N	\N	\N	1999-03-15	1	\N	t	2016-12-26 17:01:15.75-04:30	2016-12-26 17:01:15.75-04:30	1	\N
198	Player 20	DALLAS TEXANS	\N	\N	\N	\N	1999-03-20	1	\N	t	2016-12-26 17:01:15.751-04:30	2016-12-26 17:01:15.751-04:30	1	\N
203	Player 25	DALLAS TEXANS	\N	\N	\N	\N	1999-03-25	1	\N	t	2016-12-26 17:01:15.752-04:30	2016-12-26 17:01:15.752-04:30	1	\N
157	Player 4	CHARGERS SC	\N	\N	\N	\N	1999-03-04	1	\N	t	2016-12-26 16:59:56.382-04:30	2016-12-26 16:59:56.382-04:30	1	\N
163	Player 10	CHARGERS SC	\N	\N	\N	\N	1999-03-10	1	\N	t	2016-12-26 16:59:56.384-04:30	2016-12-26 16:59:56.384-04:30	1	\N
166	Player 13	CHARGERS SC	\N	\N	\N	\N	1999-03-13	1	\N	t	2016-12-26 16:59:56.385-04:30	2016-12-26 16:59:56.385-04:30	1	\N
171	Player 18	CHARGERS SC	\N	\N	\N	\N	1999-03-18	1	\N	t	2016-12-26 16:59:56.386-04:30	2016-12-26 16:59:56.386-04:30	1	\N
176	Player 23	CHARGERS SC	\N	\N	\N	\N	1999-03-23	1	\N	t	2016-12-26 16:59:56.387-04:30	2016-12-26 16:59:56.387-04:30	1	\N
179	Player 1	DALLAS TEXANS	\N	\N	\N	\N	1999-03-01	1	\N	t	2016-12-26 17:01:15.747-04:30	2016-12-26 17:01:15.747-04:30	1	\N
184	Player 6	DALLAS TEXANS	\N	\N	\N	\N	1999-03-06	1	\N	t	2016-12-26 17:01:15.748-04:30	2016-12-26 17:01:15.748-04:30	1	\N
189	Player 11	DALLAS TEXANS	\N	\N	\N	\N	1999-03-11	1	\N	t	2016-12-26 17:01:15.749-04:30	2016-12-26 17:01:15.749-04:30	1	\N
194	Player 16	DALLAS TEXANS	\N	\N	\N	\N	1999-03-16	1	\N	t	2016-12-26 17:01:15.75-04:30	2016-12-26 17:01:15.75-04:30	1	\N
199	Player 21	DALLAS TEXANS	\N	\N	\N	\N	1999-03-21	1	\N	t	2016-12-26 17:01:15.751-04:30	2016-12-26 17:01:15.751-04:30	1	\N
158	Player 5	CHARGERS SC	\N	\N	\N	\N	1999-03-05	1	\N	t	2016-12-26 16:59:56.382-04:30	2016-12-26 16:59:56.382-04:30	1	\N
160	Player 7	CHARGERS SC	\N	\N	\N	\N	1999-03-07	1	\N	t	2016-12-26 16:59:56.382-04:30	2016-12-26 16:59:56.382-04:30	1	\N
165	Player 12	CHARGERS SC	\N	\N	\N	\N	1999-03-12	1	\N	t	2016-12-26 16:59:56.385-04:30	2016-12-26 16:59:56.385-04:30	1	\N
170	Player 17	CHARGERS SC	\N	\N	\N	\N	1999-03-17	1	\N	t	2016-12-26 16:59:56.386-04:30	2016-12-26 16:59:56.386-04:30	1	\N
175	Player 22	CHARGERS SC	\N	\N	\N	\N	1999-03-22	1	\N	t	2016-12-26 16:59:56.387-04:30	2016-12-26 16:59:56.387-04:30	1	\N
183	Player 5	DALLAS TEXANS	\N	\N	\N	\N	1999-03-05	1	\N	t	2016-12-26 17:01:15.748-04:30	2016-12-26 17:01:15.748-04:30	1	\N
185	Player 7	DALLAS TEXANS	\N	\N	\N	\N	1999-03-07	1	\N	t	2016-12-26 17:01:15.748-04:30	2016-12-26 17:01:15.748-04:30	1	\N
191	Player 13	DALLAS TEXANS	\N	\N	\N	\N	1999-03-13	1	\N	t	2016-12-26 17:01:15.749-04:30	2016-12-26 17:01:15.749-04:30	1	\N
196	Player 18	DALLAS TEXANS	\N	\N	\N	\N	1999-03-18	1	\N	t	2016-12-26 17:01:15.751-04:30	2016-12-26 17:01:15.751-04:30	1	\N
201	Player 23	DALLAS TEXANS	\N	\N	\N	\N	1999-03-23	1	\N	t	2016-12-26 17:01:15.751-04:30	2016-12-26 17:01:15.751-04:30	1	\N
159	Player 6	CHARGERS SC	\N	\N	\N	\N	1999-03-06	1	\N	t	2016-12-26 16:59:56.382-04:30	2016-12-26 16:59:56.382-04:30	1	\N
164	Player 11	CHARGERS SC	\N	\N	\N	\N	1999-03-11	1	\N	t	2016-12-26 16:59:56.384-04:30	2016-12-26 16:59:56.384-04:30	1	\N
169	Player 16	CHARGERS SC	\N	\N	\N	\N	1999-03-16	1	\N	t	2016-12-26 16:59:56.386-04:30	2016-12-26 16:59:56.386-04:30	1	\N
174	Player 21	CHARGERS SC	\N	\N	\N	\N	1999-03-21	1	\N	t	2016-12-26 16:59:56.387-04:30	2016-12-26 16:59:56.387-04:30	1	\N
181	Player 3	DALLAS TEXANS	\N	\N	\N	\N	1999-03-03	1	\N	t	2016-12-26 17:01:15.748-04:30	2016-12-26 17:01:15.748-04:30	1	\N
186	Player 8	DALLAS TEXANS	\N	\N	\N	\N	1999-03-08	1	\N	t	2016-12-26 17:01:15.749-04:30	2016-12-26 17:01:15.749-04:30	1	\N
192	Player 14	DALLAS TEXANS	\N	\N	\N	\N	1999-03-14	1	\N	t	2016-12-26 17:01:15.75-04:30	2016-12-26 17:01:15.75-04:30	1	\N
197	Player 19	DALLAS TEXANS	\N	\N	\N	\N	1999-03-19	1	\N	t	2016-12-26 17:01:15.751-04:30	2016-12-26 17:01:15.751-04:30	1	\N
202	Player 24	DALLAS TEXANS	\N	\N	\N	\N	1999-03-24	1	\N	t	2016-12-26 17:01:15.752-04:30	2016-12-26 17:01:15.752-04:30	1	\N
162	Player 9	CHARGERS SC	\N	\N	\N	\N	1999-03-09	1	\N	t	2016-12-26 16:59:56.383-04:30	2016-12-26 16:59:56.383-04:30	1	\N
168	Player 15	CHARGERS SC	\N	\N	\N	\N	1999-03-15	1	\N	t	2016-12-26 16:59:56.385-04:30	2016-12-26 16:59:56.385-04:30	1	\N
173	Player 20	CHARGERS SC	\N	\N	\N	\N	1999-03-20	1	\N	t	2016-12-26 16:59:56.386-04:30	2016-12-26 16:59:56.386-04:30	1	\N
178	Player 25	CHARGERS SC	\N	\N	\N	\N	1999-03-25	1	\N	t	2016-12-26 16:59:56.388-04:30	2016-12-26 16:59:56.388-04:30	1	\N
180	Player 2	DALLAS TEXANS	\N	\N	\N	\N	1999-03-02	1	\N	t	2016-12-26 17:01:15.747-04:30	2016-12-26 17:01:15.747-04:30	1	\N
187	Player 9	DALLAS TEXANS	\N	\N	\N	\N	1999-03-09	1	\N	t	2016-12-26 17:01:15.749-04:30	2016-12-26 17:01:15.749-04:30	1	\N
190	Player 12	DALLAS TEXANS	\N	\N	\N	\N	1999-03-12	1	\N	t	2016-12-26 17:01:15.749-04:30	2016-12-26 17:01:15.749-04:30	1	\N
195	Player 17	DALLAS TEXANS	\N	\N	\N	\N	1999-03-17	1	\N	t	2016-12-26 17:01:15.75-04:30	2016-12-26 17:01:15.75-04:30	1	\N
200	Player 22	DALLAS TEXANS	\N	\N	\N	\N	1999-03-22	1	\N	t	2016-12-26 17:01:15.751-04:30	2016-12-26 17:01:15.751-04:30	1	\N
204	Player 1	AS ROMA PRIMAVERA	\N	\N	\N	\N	1999-03-01	1	\N	t	2016-12-26 17:05:09.218-04:30	2016-12-26 17:05:09.218-04:30	1	\N
205	Player 2	AS ROMA PRIMAVERA	\N	\N	\N	\N	1999-03-02	1	\N	t	2016-12-26 17:05:09.218-04:30	2016-12-26 17:05:09.218-04:30	1	\N
206	Player 3	AS ROMA PRIMAVERA	\N	\N	\N	\N	1999-03-03	1	\N	t	2016-12-26 17:05:09.219-04:30	2016-12-26 17:05:09.219-04:30	1	\N
207	Player 4	AS ROMA PRIMAVERA	\N	\N	\N	\N	1999-03-04	1	\N	t	2016-12-26 17:05:09.219-04:30	2016-12-26 17:05:09.219-04:30	1	\N
208	Player 6	AS ROMA PRIMAVERA	\N	\N	\N	\N	1999-03-06	1	\N	t	2016-12-26 17:05:09.219-04:30	2016-12-26 17:05:09.219-04:30	1	\N
209	Player 5	AS ROMA PRIMAVERA	\N	\N	\N	\N	1999-03-05	1	\N	t	2016-12-26 17:05:09.219-04:30	2016-12-26 17:05:09.219-04:30	1	\N
210	Player 7	AS ROMA PRIMAVERA	\N	\N	\N	\N	1999-03-07	1	\N	t	2016-12-26 17:05:09.22-04:30	2016-12-26 17:05:09.22-04:30	1	\N
211	Player 8	AS ROMA PRIMAVERA	\N	\N	\N	\N	1999-03-08	1	\N	t	2016-12-26 17:05:09.22-04:30	2016-12-26 17:05:09.22-04:30	1	\N
212	Player 9	AS ROMA PRIMAVERA	\N	\N	\N	\N	1999-03-09	1	\N	t	2016-12-26 17:05:09.22-04:30	2016-12-26 17:05:09.22-04:30	1	\N
213	Player 10	AS ROMA PRIMAVERA	\N	\N	\N	\N	1999-03-10	1	\N	t	2016-12-26 17:05:09.22-04:30	2016-12-26 17:05:09.22-04:30	1	\N
214	Player 11	AS ROMA PRIMAVERA	\N	\N	\N	\N	1999-03-11	1	\N	t	2016-12-26 17:05:09.221-04:30	2016-12-26 17:05:09.221-04:30	1	\N
215	Player 12	AS ROMA PRIMAVERA	\N	\N	\N	\N	1999-03-12	1	\N	t	2016-12-26 17:05:09.221-04:30	2016-12-26 17:05:09.221-04:30	1	\N
216	Player 13	AS ROMA PRIMAVERA	\N	\N	\N	\N	1999-03-13	1	\N	t	2016-12-26 17:05:09.221-04:30	2016-12-26 17:05:09.221-04:30	1	\N
217	Player 14	AS ROMA PRIMAVERA	\N	\N	\N	\N	1999-03-14	1	\N	t	2016-12-26 17:05:09.222-04:30	2016-12-26 17:05:09.222-04:30	1	\N
218	Player 15	AS ROMA PRIMAVERA	\N	\N	\N	\N	1999-03-15	1	\N	t	2016-12-26 17:05:09.222-04:30	2016-12-26 17:05:09.222-04:30	1	\N
219	Player 16	AS ROMA PRIMAVERA	\N	\N	\N	\N	1999-03-16	1	\N	t	2016-12-26 17:05:09.222-04:30	2016-12-26 17:05:09.222-04:30	1	\N
220	Player 17	AS ROMA PRIMAVERA	\N	\N	\N	\N	1999-03-17	1	\N	t	2016-12-26 17:05:09.222-04:30	2016-12-26 17:05:09.222-04:30	1	\N
221	Player 18	AS ROMA PRIMAVERA	\N	\N	\N	\N	1999-03-18	1	\N	t	2016-12-26 17:05:09.222-04:30	2016-12-26 17:05:09.222-04:30	1	\N
222	Player 19	AS ROMA PRIMAVERA	\N	\N	\N	\N	1999-03-19	1	\N	t	2016-12-26 17:05:09.223-04:30	2016-12-26 17:05:09.223-04:30	1	\N
223	Player 20	AS ROMA PRIMAVERA	\N	\N	\N	\N	1999-03-20	1	\N	t	2016-12-26 17:05:09.223-04:30	2016-12-26 17:05:09.223-04:30	1	\N
224	Player 21	AS ROMA PRIMAVERA	\N	\N	\N	\N	1999-03-21	1	\N	t	2016-12-26 17:05:09.223-04:30	2016-12-26 17:05:09.223-04:30	1	\N
225	Player 22	AS ROMA PRIMAVERA	\N	\N	\N	\N	1999-03-22	1	\N	t	2016-12-26 17:05:09.223-04:30	2016-12-26 17:05:09.223-04:30	1	\N
226	Player 23	AS ROMA PRIMAVERA	\N	\N	\N	\N	1999-03-23	1	\N	t	2016-12-26 17:05:09.224-04:30	2016-12-26 17:05:09.224-04:30	1	\N
227	Player 24	AS ROMA PRIMAVERA	\N	\N	\N	\N	1999-03-24	1	\N	t	2016-12-26 17:05:09.225-04:30	2016-12-26 17:05:09.225-04:30	1	\N
228	Player 25	AS ROMA PRIMAVERA	\N	\N	\N	\N	1999-03-25	1	\N	t	2016-12-26 17:05:09.225-04:30	2016-12-26 17:05:09.225-04:30	1	\N
229	Juan	VidaL	https://somosport-s3.s3.amazonaws.com/image.jpg	\N	\N	\N	1998-08-07	1	\N	t	2016-12-27 12:27:11.747-04:30	2016-12-27 12:27:11.747-04:30	1	\N
230	Player 26	SOLAR SC CHELSEA	\N	\N	\N	\N	1999-03-01	1	\N	t	2016-12-27 14:07:02.565-04:30	2016-12-27 14:07:02.565-04:30	1	\N
231	Player 27	SOLAR SC CHELSEA	\N	\N	\N	\N	1999-03-02	1	\N	t	2016-12-27 14:07:02.566-04:30	2016-12-27 14:07:02.566-04:30	1	\N
232	Player 28	SOLAR SC CHELSEA	\N	\N	\N	\N	1999-03-03	1	\N	t	2016-12-27 14:07:02.566-04:30	2016-12-27 14:07:02.566-04:30	1	\N
233	Player 29	SOLAR SC CHELSEA	\N	\N	\N	\N	1999-03-04	1	\N	t	2016-12-27 14:07:02.566-04:30	2016-12-27 14:07:02.566-04:30	1	\N
234	Player 30	SOLAR SC CHELSEA	\N	\N	\N	\N	1999-03-05	1	\N	t	2016-12-27 14:07:02.567-04:30	2016-12-27 14:07:02.567-04:30	1	\N
235	Player 31	SOLAR SC CHELSEA	\N	\N	\N	\N	1999-03-06	1	\N	t	2016-12-27 14:07:02.567-04:30	2016-12-27 14:07:02.567-04:30	1	\N
236	Player 32	SOLAR SC CHELSEA	\N	\N	\N	\N	1999-03-07	1	\N	t	2016-12-27 14:07:02.567-04:30	2016-12-27 14:07:02.567-04:30	1	\N
237	Player 33	SOLAR SC CHELSEA	\N	\N	\N	\N	1999-03-08	1	\N	t	2016-12-27 14:07:02.568-04:30	2016-12-27 14:07:02.568-04:30	1	\N
238	Player 34	SOLAR SC CHELSEA	\N	\N	\N	\N	1999-03-09	1	\N	t	2016-12-27 14:07:02.568-04:30	2016-12-27 14:07:02.568-04:30	1	\N
239	Player 35	SOLAR SC CHELSEA	\N	\N	\N	\N	1999-03-10	1	\N	t	2016-12-27 14:07:02.57-04:30	2016-12-27 14:07:02.57-04:30	1	\N
240	Player 36	SOLAR SC CHELSEA	\N	\N	\N	\N	1999-03-11	1	\N	t	2016-12-27 14:07:02.57-04:30	2016-12-27 14:07:02.57-04:30	1	\N
241	Player 37	SOLAR SC CHELSEA	\N	\N	\N	\N	1999-03-12	1	\N	t	2016-12-27 14:07:02.57-04:30	2016-12-27 14:07:02.57-04:30	1	\N
242	Player 38	SOLAR SC CHELSEA	\N	\N	\N	\N	1999-03-13	1	\N	t	2016-12-27 14:07:02.57-04:30	2016-12-27 14:07:02.57-04:30	1	\N
243	Player 39	SOLAR SC CHELSEA	\N	\N	\N	\N	1999-03-14	1	\N	t	2016-12-27 14:07:02.571-04:30	2016-12-27 14:07:02.571-04:30	1	\N
244	Player 40	SOLAR SC CHELSEA	\N	\N	\N	\N	1999-03-15	1	\N	t	2016-12-27 14:07:02.571-04:30	2016-12-27 14:07:02.571-04:30	1	\N
245	Player 41	SOLAR SC CHELSEA	\N	\N	\N	\N	1999-03-16	1	\N	t	2016-12-27 14:07:02.572-04:30	2016-12-27 14:07:02.572-04:30	1	\N
246	Player 42	SOLAR SC CHELSEA	\N	\N	\N	\N	1999-03-17	1	\N	t	2016-12-27 14:07:02.572-04:30	2016-12-27 14:07:02.572-04:30	1	\N
247	Player 43	SOLAR SC CHELSEA	\N	\N	\N	\N	1999-03-18	1	\N	t	2016-12-27 14:07:02.573-04:30	2016-12-27 14:07:02.573-04:30	1	\N
248	Player 44	SOLAR SC CHELSEA	\N	\N	\N	\N	1999-03-19	1	\N	t	2016-12-27 14:07:02.573-04:30	2016-12-27 14:07:02.573-04:30	1	\N
249	Player 45	SOLAR SC CHELSEA	\N	\N	\N	\N	1999-03-20	1	\N	t	2016-12-27 14:07:02.573-04:30	2016-12-27 14:07:02.573-04:30	1	\N
250	Player 46	SOLAR SC CHELSEA	\N	\N	\N	\N	1999-03-21	1	\N	t	2016-12-27 14:07:02.573-04:30	2016-12-27 14:07:02.573-04:30	1	\N
251	Player 47	SOLAR SC CHELSEA	\N	\N	\N	\N	1999-03-22	1	\N	t	2016-12-27 14:07:02.574-04:30	2016-12-27 14:07:02.574-04:30	1	\N
252	Player 48	SOLAR SC CHELSEA	\N	\N	\N	\N	1999-03-23	1	\N	t	2016-12-27 14:07:02.575-04:30	2016-12-27 14:07:02.575-04:30	1	\N
253	Player 49	SOLAR SC CHELSEA	\N	\N	\N	\N	1999-03-24	1	\N	t	2016-12-27 14:07:02.575-04:30	2016-12-27 14:07:02.575-04:30	1	\N
254	Player 50	SOLAR SC CHELSEA	\N	\N	\N	\N	1999-03-25	1	\N	t	2016-12-27 14:07:02.575-04:30	2016-12-27 14:07:02.575-04:30	1	\N
255	Player 26	BOCA UNITED ACADEMY	\N	\N	\N	\N	1999-03-01	1	\N	t	2016-12-27 14:08:05.102-04:30	2016-12-27 14:08:05.102-04:30	1	\N
256	Player 27	BOCA UNITED ACADEMY	\N	\N	\N	\N	1999-03-02	1	\N	t	2016-12-27 14:08:05.102-04:30	2016-12-27 14:08:05.102-04:30	1	\N
257	Player 28	BOCA UNITED ACADEMY	\N	\N	\N	\N	1999-03-03	1	\N	t	2016-12-27 14:08:05.103-04:30	2016-12-27 14:08:05.103-04:30	1	\N
258	Player 29	BOCA UNITED ACADEMY	\N	\N	\N	\N	1999-03-04	1	\N	t	2016-12-27 14:08:05.103-04:30	2016-12-27 14:08:05.103-04:30	1	\N
259	Player 30	BOCA UNITED ACADEMY	\N	\N	\N	\N	1999-03-05	1	\N	t	2016-12-27 14:08:05.103-04:30	2016-12-27 14:08:05.103-04:30	1	\N
260	Player 31	BOCA UNITED ACADEMY	\N	\N	\N	\N	1999-03-06	1	\N	t	2016-12-27 14:08:05.104-04:30	2016-12-27 14:08:05.104-04:30	1	\N
261	Player 32	BOCA UNITED ACADEMY	\N	\N	\N	\N	1999-03-07	1	\N	t	2016-12-27 14:08:05.104-04:30	2016-12-27 14:08:05.104-04:30	1	\N
262	Player 33	BOCA UNITED ACADEMY	\N	\N	\N	\N	1999-03-08	1	\N	t	2016-12-27 14:08:05.104-04:30	2016-12-27 14:08:05.104-04:30	1	\N
263	Player 34	BOCA UNITED ACADEMY	\N	\N	\N	\N	1999-03-09	1	\N	t	2016-12-27 14:08:05.104-04:30	2016-12-27 14:08:05.104-04:30	1	\N
264	Player 35	BOCA UNITED ACADEMY	\N	\N	\N	\N	1999-03-10	1	\N	t	2016-12-27 14:08:05.105-04:30	2016-12-27 14:08:05.105-04:30	1	\N
265	Player 36	BOCA UNITED ACADEMY	\N	\N	\N	\N	1999-03-11	1	\N	t	2016-12-27 14:08:05.105-04:30	2016-12-27 14:08:05.105-04:30	1	\N
266	Player 37	BOCA UNITED ACADEMY	\N	\N	\N	\N	1999-03-12	1	\N	t	2016-12-27 14:08:05.107-04:30	2016-12-27 14:08:05.107-04:30	1	\N
267	Player 38	BOCA UNITED ACADEMY	\N	\N	\N	\N	1999-03-13	1	\N	t	2016-12-27 14:08:05.107-04:30	2016-12-27 14:08:05.107-04:30	1	\N
268	Player 39	BOCA UNITED ACADEMY	\N	\N	\N	\N	1999-03-14	1	\N	t	2016-12-27 14:08:05.107-04:30	2016-12-27 14:08:05.107-04:30	1	\N
269	Player 40	BOCA UNITED ACADEMY	\N	\N	\N	\N	1999-03-15	1	\N	t	2016-12-27 14:08:05.108-04:30	2016-12-27 14:08:05.108-04:30	1	\N
270	Player 41	BOCA UNITED ACADEMY	\N	\N	\N	\N	1999-03-16	1	\N	t	2016-12-27 14:08:05.113-04:30	2016-12-27 14:08:05.113-04:30	1	\N
271	Player 42	BOCA UNITED ACADEMY	\N	\N	\N	\N	1999-03-17	1	\N	t	2016-12-27 14:08:05.113-04:30	2016-12-27 14:08:05.113-04:30	1	\N
278	Player 49	BOCA UNITED ACADEMY	\N	\N	\N	\N	1999-03-24	1	\N	t	2016-12-27 14:08:05.115-04:30	2016-12-27 14:08:05.115-04:30	1	\N
280	Player 26	SIMA GOLD	\N	\N	\N	\N	1999-03-01	1	\N	t	2016-12-27 14:08:40.415-04:30	2016-12-27 14:08:40.415-04:30	1	\N
285	Player 31	SIMA GOLD	\N	\N	\N	\N	1999-03-06	1	\N	t	2016-12-27 14:08:40.417-04:30	2016-12-27 14:08:40.417-04:30	1	\N
290	Player 36	SIMA GOLD	\N	\N	\N	\N	1999-03-11	1	\N	t	2016-12-27 14:08:40.418-04:30	2016-12-27 14:08:40.418-04:30	1	\N
295	Player 41	SIMA GOLD	\N	\N	\N	\N	1999-03-16	1	\N	t	2016-12-27 14:08:40.419-04:30	2016-12-27 14:08:40.419-04:30	1	\N
299	Player 45	SIMA GOLD	\N	\N	\N	\N	1999-03-20	1	\N	t	2016-12-27 14:08:40.42-04:30	2016-12-27 14:08:40.42-04:30	1	\N
304	Player 50	SIMA GOLD	\N	\N	\N	\N	1999-03-25	1	\N	t	2016-12-27 14:08:40.421-04:30	2016-12-27 14:08:40.421-04:30	1	\N
308	Player 29	AS ROMA PRIMAVERA	\N	\N	\N	\N	1999-03-04	1	\N	t	2016-12-27 14:09:12.085-04:30	2016-12-27 14:09:12.085-04:30	1	\N
311	Player 32	AS ROMA PRIMAVERA	\N	\N	\N	\N	1999-03-07	1	\N	t	2016-12-27 14:09:12.086-04:30	2016-12-27 14:09:12.086-04:30	1	\N
316	Player 37	AS ROMA PRIMAVERA	\N	\N	\N	\N	1999-03-12	1	\N	t	2016-12-27 14:09:12.096-04:30	2016-12-27 14:09:12.096-04:30	1	\N
321	Player 42	AS ROMA PRIMAVERA	\N	\N	\N	\N	1999-03-17	1	\N	t	2016-12-27 14:09:12.097-04:30	2016-12-27 14:09:12.097-04:30	1	\N
326	Player 47	AS ROMA PRIMAVERA	\N	\N	\N	\N	1999-03-22	1	\N	t	2016-12-27 14:09:12.099-04:30	2016-12-27 14:09:12.099-04:30	1	\N
332	Player 28	CONCORDE FIRE	\N	\N	\N	\N	1999-03-03	1	\N	t	2016-12-27 14:09:50.548-04:30	2016-12-27 14:09:50.548-04:30	1	\N
338	Player 34	CONCORDE FIRE	\N	\N	\N	\N	1999-03-09	1	\N	t	2016-12-27 14:09:50.55-04:30	2016-12-27 14:09:50.55-04:30	1	\N
343	Player 39	CONCORDE FIRE	\N	\N	\N	\N	1999-03-14	1	\N	t	2016-12-27 14:09:50.574-04:30	2016-12-27 14:09:50.574-04:30	1	\N
348	Player 44	CONCORDE FIRE	\N	\N	\N	\N	1999-03-19	1	\N	t	2016-12-27 14:09:50.576-04:30	2016-12-27 14:09:50.576-04:30	1	\N
354	Player 50	CONCORDE FIRE	\N	\N	\N	\N	1999-03-25	1	\N	t	2016-12-27 14:09:50.578-04:30	2016-12-27 14:09:50.578-04:30	1	\N
272	Player 43	BOCA UNITED ACADEMY	\N	\N	\N	\N	1999-03-18	1	\N	t	2016-12-27 14:08:05.113-04:30	2016-12-27 14:08:05.113-04:30	1	\N
279	Player 50	BOCA UNITED ACADEMY	\N	\N	\N	\N	1999-03-25	1	\N	t	2016-12-27 14:08:05.115-04:30	2016-12-27 14:08:05.115-04:30	1	\N
282	Player 28	SIMA GOLD	\N	\N	\N	\N	1999-03-03	1	\N	t	2016-12-27 14:08:40.416-04:30	2016-12-27 14:08:40.416-04:30	1	\N
286	Player 32	SIMA GOLD	\N	\N	\N	\N	1999-03-07	1	\N	t	2016-12-27 14:08:40.417-04:30	2016-12-27 14:08:40.417-04:30	1	\N
294	Player 40	SIMA GOLD	\N	\N	\N	\N	1999-03-15	1	\N	t	2016-12-27 14:08:40.419-04:30	2016-12-27 14:08:40.419-04:30	1	\N
300	Player 46	SIMA GOLD	\N	\N	\N	\N	1999-03-21	1	\N	t	2016-12-27 14:08:40.42-04:30	2016-12-27 14:08:40.42-04:30	1	\N
309	Player 30	AS ROMA PRIMAVERA	\N	\N	\N	\N	1999-03-05	1	\N	t	2016-12-27 14:09:12.086-04:30	2016-12-27 14:09:12.086-04:30	1	\N
312	Player 33	AS ROMA PRIMAVERA	\N	\N	\N	\N	1999-03-08	1	\N	t	2016-12-27 14:09:12.093-04:30	2016-12-27 14:09:12.093-04:30	1	\N
320	Player 41	AS ROMA PRIMAVERA	\N	\N	\N	\N	1999-03-16	1	\N	t	2016-12-27 14:09:12.097-04:30	2016-12-27 14:09:12.097-04:30	1	\N
325	Player 46	AS ROMA PRIMAVERA	\N	\N	\N	\N	1999-03-21	1	\N	t	2016-12-27 14:09:12.098-04:30	2016-12-27 14:09:12.098-04:30	1	\N
329	Player 50	AS ROMA PRIMAVERA	\N	\N	\N	\N	1999-03-25	1	\N	t	2016-12-27 14:09:12.099-04:30	2016-12-27 14:09:12.099-04:30	1	\N
330	Player 26	CONCORDE FIRE	\N	\N	\N	\N	1999-03-01	1	\N	t	2016-12-27 14:09:50.547-04:30	2016-12-27 14:09:50.547-04:30	1	\N
335	Player 31	CONCORDE FIRE	\N	\N	\N	\N	1999-03-06	1	\N	t	2016-12-27 14:09:50.549-04:30	2016-12-27 14:09:50.549-04:30	1	\N
340	Player 36	CONCORDE FIRE	\N	\N	\N	\N	1999-03-11	1	\N	t	2016-12-27 14:09:50.574-04:30	2016-12-27 14:09:50.574-04:30	1	\N
345	Player 41	CONCORDE FIRE	\N	\N	\N	\N	1999-03-16	1	\N	t	2016-12-27 14:09:50.575-04:30	2016-12-27 14:09:50.575-04:30	1	\N
350	Player 46	CONCORDE FIRE	\N	\N	\N	\N	1999-03-21	1	\N	t	2016-12-27 14:09:50.577-04:30	2016-12-27 14:09:50.577-04:30	1	\N
273	Player 44	BOCA UNITED ACADEMY	\N	\N	\N	\N	1999-03-19	1	\N	t	2016-12-27 14:08:05.113-04:30	2016-12-27 14:08:05.113-04:30	1	\N
276	Player 47	BOCA UNITED ACADEMY	\N	\N	\N	\N	1999-03-22	1	\N	t	2016-12-27 14:08:05.114-04:30	2016-12-27 14:08:05.114-04:30	1	\N
283	Player 29	SIMA GOLD	\N	\N	\N	\N	1999-03-04	1	\N	t	2016-12-27 14:08:40.416-04:30	2016-12-27 14:08:40.416-04:30	1	\N
288	Player 34	SIMA GOLD	\N	\N	\N	\N	1999-03-09	1	\N	t	2016-12-27 14:08:40.417-04:30	2016-12-27 14:08:40.417-04:30	1	\N
291	Player 37	SIMA GOLD	\N	\N	\N	\N	1999-03-12	1	\N	t	2016-12-27 14:08:40.418-04:30	2016-12-27 14:08:40.418-04:30	1	\N
296	Player 42	SIMA GOLD	\N	\N	\N	\N	1999-03-17	1	\N	t	2016-12-27 14:08:40.419-04:30	2016-12-27 14:08:40.419-04:30	1	\N
301	Player 47	SIMA GOLD	\N	\N	\N	\N	1999-03-22	1	\N	t	2016-12-27 14:08:40.42-04:30	2016-12-27 14:08:40.42-04:30	1	\N
305	Player 26	AS ROMA PRIMAVERA	\N	\N	\N	\N	1999-03-01	1	\N	t	2016-12-27 14:09:12.084-04:30	2016-12-27 14:09:12.084-04:30	1	\N
310	Player 31	AS ROMA PRIMAVERA	\N	\N	\N	\N	1999-03-06	1	\N	t	2016-12-27 14:09:12.086-04:30	2016-12-27 14:09:12.086-04:30	1	\N
315	Player 36	AS ROMA PRIMAVERA	\N	\N	\N	\N	1999-03-11	1	\N	t	2016-12-27 14:09:12.095-04:30	2016-12-27 14:09:12.095-04:30	1	\N
317	Player 38	AS ROMA PRIMAVERA	\N	\N	\N	\N	1999-03-13	1	\N	t	2016-12-27 14:09:12.096-04:30	2016-12-27 14:09:12.096-04:30	1	\N
322	Player 43	AS ROMA PRIMAVERA	\N	\N	\N	\N	1999-03-18	1	\N	t	2016-12-27 14:09:12.097-04:30	2016-12-27 14:09:12.097-04:30	1	\N
327	Player 48	AS ROMA PRIMAVERA	\N	\N	\N	\N	1999-03-23	1	\N	t	2016-12-27 14:09:12.099-04:30	2016-12-27 14:09:12.099-04:30	1	\N
331	Player 27	CONCORDE FIRE	\N	\N	\N	\N	1999-03-02	1	\N	t	2016-12-27 14:09:50.547-04:30	2016-12-27 14:09:50.547-04:30	1	\N
337	Player 33	CONCORDE FIRE	\N	\N	\N	\N	1999-03-08	1	\N	t	2016-12-27 14:09:50.55-04:30	2016-12-27 14:09:50.55-04:30	1	\N
341	Player 37	CONCORDE FIRE	\N	\N	\N	\N	1999-03-12	1	\N	t	2016-12-27 14:09:50.574-04:30	2016-12-27 14:09:50.574-04:30	1	\N
346	Player 42	CONCORDE FIRE	\N	\N	\N	\N	1999-03-17	1	\N	t	2016-12-27 14:09:50.576-04:30	2016-12-27 14:09:50.576-04:30	1	\N
351	Player 47	CONCORDE FIRE	\N	\N	\N	\N	1999-03-22	1	\N	t	2016-12-27 14:09:50.577-04:30	2016-12-27 14:09:50.577-04:30	1	\N
274	Player 45	BOCA UNITED ACADEMY	\N	\N	\N	\N	1999-03-20	1	\N	t	2016-12-27 14:08:05.114-04:30	2016-12-27 14:08:05.114-04:30	1	\N
277	Player 48	BOCA UNITED ACADEMY	\N	\N	\N	\N	1999-03-23	1	\N	t	2016-12-27 14:08:05.115-04:30	2016-12-27 14:08:05.115-04:30	1	\N
281	Player 27	SIMA GOLD	\N	\N	\N	\N	1999-03-02	1	\N	t	2016-12-27 14:08:40.416-04:30	2016-12-27 14:08:40.416-04:30	1	\N
287	Player 33	SIMA GOLD	\N	\N	\N	\N	1999-03-08	1	\N	t	2016-12-27 14:08:40.417-04:30	2016-12-27 14:08:40.417-04:30	1	\N
293	Player 39	SIMA GOLD	\N	\N	\N	\N	1999-03-14	1	\N	t	2016-12-27 14:08:40.419-04:30	2016-12-27 14:08:40.419-04:30	1	\N
298	Player 44	SIMA GOLD	\N	\N	\N	\N	1999-03-19	1	\N	t	2016-12-27 14:08:40.42-04:30	2016-12-27 14:08:40.42-04:30	1	\N
303	Player 49	SIMA GOLD	\N	\N	\N	\N	1999-03-24	1	\N	t	2016-12-27 14:08:40.421-04:30	2016-12-27 14:08:40.421-04:30	1	\N
306	Player 27	AS ROMA PRIMAVERA	\N	\N	\N	\N	1999-03-02	1	\N	t	2016-12-27 14:09:12.084-04:30	2016-12-27 14:09:12.084-04:30	1	\N
313	Player 34	AS ROMA PRIMAVERA	\N	\N	\N	\N	1999-03-09	1	\N	t	2016-12-27 14:09:12.094-04:30	2016-12-27 14:09:12.094-04:30	1	\N
318	Player 39	AS ROMA PRIMAVERA	\N	\N	\N	\N	1999-03-14	1	\N	t	2016-12-27 14:09:12.096-04:30	2016-12-27 14:09:12.096-04:30	1	\N
323	Player 44	AS ROMA PRIMAVERA	\N	\N	\N	\N	1999-03-19	1	\N	t	2016-12-27 14:09:12.098-04:30	2016-12-27 14:09:12.098-04:30	1	\N
328	Player 49	AS ROMA PRIMAVERA	\N	\N	\N	\N	1999-03-24	1	\N	t	2016-12-27 14:09:12.099-04:30	2016-12-27 14:09:12.099-04:30	1	\N
333	Player 29	CONCORDE FIRE	\N	\N	\N	\N	1999-03-04	1	\N	t	2016-12-27 14:09:50.548-04:30	2016-12-27 14:09:50.548-04:30	1	\N
336	Player 32	CONCORDE FIRE	\N	\N	\N	\N	1999-03-07	1	\N	t	2016-12-27 14:09:50.549-04:30	2016-12-27 14:09:50.549-04:30	1	\N
344	Player 40	CONCORDE FIRE	\N	\N	\N	\N	1999-03-15	1	\N	t	2016-12-27 14:09:50.575-04:30	2016-12-27 14:09:50.575-04:30	1	\N
349	Player 45	CONCORDE FIRE	\N	\N	\N	\N	1999-03-20	1	\N	t	2016-12-27 14:09:50.577-04:30	2016-12-27 14:09:50.577-04:30	1	\N
353	Player 49	CONCORDE FIRE	\N	\N	\N	\N	1999-03-24	1	\N	t	2016-12-27 14:09:50.578-04:30	2016-12-27 14:09:50.578-04:30	1	\N
275	Player 46	BOCA UNITED ACADEMY	\N	\N	\N	\N	1999-03-21	1	\N	t	2016-12-27 14:08:05.114-04:30	2016-12-27 14:08:05.114-04:30	1	\N
284	Player 30	SIMA GOLD	\N	\N	\N	\N	1999-03-05	1	\N	t	2016-12-27 14:08:40.417-04:30	2016-12-27 14:08:40.417-04:30	1	\N
289	Player 35	SIMA GOLD	\N	\N	\N	\N	1999-03-10	1	\N	t	2016-12-27 14:08:40.417-04:30	2016-12-27 14:08:40.417-04:30	1	\N
292	Player 38	SIMA GOLD	\N	\N	\N	\N	1999-03-13	1	\N	t	2016-12-27 14:08:40.418-04:30	2016-12-27 14:08:40.418-04:30	1	\N
297	Player 43	SIMA GOLD	\N	\N	\N	\N	1999-03-18	1	\N	t	2016-12-27 14:08:40.419-04:30	2016-12-27 14:08:40.419-04:30	1	\N
302	Player 48	SIMA GOLD	\N	\N	\N	\N	1999-03-23	1	\N	t	2016-12-27 14:08:40.42-04:30	2016-12-27 14:08:40.42-04:30	1	\N
307	Player 28	AS ROMA PRIMAVERA	\N	\N	\N	\N	1999-03-03	1	\N	t	2016-12-27 14:09:12.085-04:30	2016-12-27 14:09:12.085-04:30	1	\N
314	Player 35	AS ROMA PRIMAVERA	\N	\N	\N	\N	1999-03-10	1	\N	t	2016-12-27 14:09:12.095-04:30	2016-12-27 14:09:12.095-04:30	1	\N
319	Player 40	AS ROMA PRIMAVERA	\N	\N	\N	\N	1999-03-15	1	\N	t	2016-12-27 14:09:12.096-04:30	2016-12-27 14:09:12.096-04:30	1	\N
324	Player 45	AS ROMA PRIMAVERA	\N	\N	\N	\N	1999-03-20	1	\N	t	2016-12-27 14:09:12.098-04:30	2016-12-27 14:09:12.098-04:30	1	\N
334	Player 30	CONCORDE FIRE	\N	\N	\N	\N	1999-03-05	1	\N	t	2016-12-27 14:09:50.548-04:30	2016-12-27 14:09:50.548-04:30	1	\N
339	Player 35	CONCORDE FIRE	\N	\N	\N	\N	1999-03-10	1	\N	t	2016-12-27 14:09:50.573-04:30	2016-12-27 14:09:50.573-04:30	1	\N
342	Player 38	CONCORDE FIRE	\N	\N	\N	\N	1999-03-13	1	\N	t	2016-12-27 14:09:50.574-04:30	2016-12-27 14:09:50.574-04:30	1	\N
347	Player 43	CONCORDE FIRE	\N	\N	\N	\N	1999-03-18	1	\N	t	2016-12-27 14:09:50.576-04:30	2016-12-27 14:09:50.576-04:30	1	\N
352	Player 48	CONCORDE FIRE	\N	\N	\N	\N	1999-03-23	1	\N	t	2016-12-27 14:09:50.578-04:30	2016-12-27 14:09:50.578-04:30	1	\N
355	Player 26	CHARGERS SC	\N	\N	\N	\N	1999-03-01	1	\N	t	2016-12-27 14:10:25.519-04:30	2016-12-27 14:10:25.519-04:30	1	\N
356	Player 27	CHARGERS SC	\N	\N	\N	\N	1999-03-02	1	\N	t	2016-12-27 14:10:25.52-04:30	2016-12-27 14:10:25.52-04:30	1	\N
357	Player 28	CHARGERS SC	\N	\N	\N	\N	1999-03-03	1	\N	t	2016-12-27 14:10:25.52-04:30	2016-12-27 14:10:25.52-04:30	1	\N
358	Player 29	CHARGERS SC	\N	\N	\N	\N	1999-03-04	1	\N	t	2016-12-27 14:10:25.52-04:30	2016-12-27 14:10:25.52-04:30	1	\N
359	Player 30	CHARGERS SC	\N	\N	\N	\N	1999-03-05	1	\N	t	2016-12-27 14:10:25.521-04:30	2016-12-27 14:10:25.521-04:30	1	\N
360	Player 31	CHARGERS SC	\N	\N	\N	\N	1999-03-06	1	\N	t	2016-12-27 14:10:25.521-04:30	2016-12-27 14:10:25.521-04:30	1	\N
361	Player 32	CHARGERS SC	\N	\N	\N	\N	1999-03-07	1	\N	t	2016-12-27 14:10:25.521-04:30	2016-12-27 14:10:25.521-04:30	1	\N
362	Player 33	CHARGERS SC	\N	\N	\N	\N	1999-03-08	1	\N	t	2016-12-27 14:10:25.521-04:30	2016-12-27 14:10:25.521-04:30	1	\N
363	Player 34	CHARGERS SC	\N	\N	\N	\N	1999-03-09	1	\N	t	2016-12-27 14:10:25.521-04:30	2016-12-27 14:10:25.521-04:30	1	\N
364	Player 35	CHARGERS SC	\N	\N	\N	\N	1999-03-10	1	\N	t	2016-12-27 14:10:25.522-04:30	2016-12-27 14:10:25.522-04:30	1	\N
365	Player 36	CHARGERS SC	\N	\N	\N	\N	1999-03-11	1	\N	t	2016-12-27 14:10:25.522-04:30	2016-12-27 14:10:25.522-04:30	1	\N
366	Player 37	CHARGERS SC	\N	\N	\N	\N	1999-03-12	1	\N	t	2016-12-27 14:10:25.522-04:30	2016-12-27 14:10:25.522-04:30	1	\N
367	Player 38	CHARGERS SC	\N	\N	\N	\N	1999-03-13	1	\N	t	2016-12-27 14:10:25.522-04:30	2016-12-27 14:10:25.522-04:30	1	\N
368	Player 39	CHARGERS SC	\N	\N	\N	\N	1999-03-14	1	\N	t	2016-12-27 14:10:25.523-04:30	2016-12-27 14:10:25.523-04:30	1	\N
369	Player 40	CHARGERS SC	\N	\N	\N	\N	1999-03-15	1	\N	t	2016-12-27 14:10:25.523-04:30	2016-12-27 14:10:25.523-04:30	1	\N
370	Player 41	CHARGERS SC	\N	\N	\N	\N	1999-03-16	1	\N	t	2016-12-27 14:10:25.523-04:30	2016-12-27 14:10:25.523-04:30	1	\N
371	Player 42	CHARGERS SC	\N	\N	\N	\N	1999-03-17	1	\N	t	2016-12-27 14:10:25.523-04:30	2016-12-27 14:10:25.523-04:30	1	\N
372	Player 43	CHARGERS SC	\N	\N	\N	\N	1999-03-18	1	\N	t	2016-12-27 14:10:25.523-04:30	2016-12-27 14:10:25.523-04:30	1	\N
373	Player 44	CHARGERS SC	\N	\N	\N	\N	1999-03-19	1	\N	t	2016-12-27 14:10:25.524-04:30	2016-12-27 14:10:25.524-04:30	1	\N
374	Player 45	CHARGERS SC	\N	\N	\N	\N	1999-03-20	1	\N	t	2016-12-27 14:10:25.524-04:30	2016-12-27 14:10:25.524-04:30	1	\N
375	Player 46	CHARGERS SC	\N	\N	\N	\N	1999-03-21	1	\N	t	2016-12-27 14:10:25.524-04:30	2016-12-27 14:10:25.524-04:30	1	\N
376	Player 47	CHARGERS SC	\N	\N	\N	\N	1999-03-22	1	\N	t	2016-12-27 14:10:25.524-04:30	2016-12-27 14:10:25.524-04:30	1	\N
377	Player 48	CHARGERS SC	\N	\N	\N	\N	1999-03-23	1	\N	t	2016-12-27 14:10:25.525-04:30	2016-12-27 14:10:25.525-04:30	1	\N
378	Player 49	CHARGERS SC	\N	\N	\N	\N	1999-03-24	1	\N	t	2016-12-27 14:10:25.525-04:30	2016-12-27 14:10:25.525-04:30	1	\N
380	Player 26	DALLAS TEXANS	\N	\N	\N	\N	1999-03-01	1	\N	t	2016-12-27 14:11:16.101-04:30	2016-12-27 14:11:16.101-04:30	1	\N
381	Player 27	DALLAS TEXANS	\N	\N	\N	\N	1999-03-02	1	\N	t	2016-12-27 14:11:16.102-04:30	2016-12-27 14:11:16.102-04:30	1	\N
382	Player 28	DALLAS TEXANS	\N	\N	\N	\N	1999-03-03	1	\N	t	2016-12-27 14:11:16.103-04:30	2016-12-27 14:11:16.103-04:30	1	\N
383	Player 29	DALLAS TEXANS	\N	\N	\N	\N	1999-03-04	1	\N	t	2016-12-27 14:11:16.103-04:30	2016-12-27 14:11:16.103-04:30	1	\N
384	Player 30	DALLAS TEXANS	\N	\N	\N	\N	1999-03-05	1	\N	t	2016-12-27 14:11:16.103-04:30	2016-12-27 14:11:16.103-04:30	1	\N
385	Player 31	DALLAS TEXANS	\N	\N	\N	\N	1999-03-06	1	\N	t	2016-12-27 14:11:16.103-04:30	2016-12-27 14:11:16.103-04:30	1	\N
386	Player 32	DALLAS TEXANS	\N	\N	\N	\N	1999-03-07	1	\N	t	2016-12-27 14:11:16.104-04:30	2016-12-27 14:11:16.104-04:30	1	\N
387	Player 33	DALLAS TEXANS	\N	\N	\N	\N	1999-03-08	1	\N	t	2016-12-27 14:11:16.104-04:30	2016-12-27 14:11:16.104-04:30	1	\N
388	Player 34	DALLAS TEXANS	\N	\N	\N	\N	1999-03-09	1	\N	t	2016-12-27 14:11:16.104-04:30	2016-12-27 14:11:16.104-04:30	1	\N
389	Player 35	DALLAS TEXANS	\N	\N	\N	\N	1999-03-10	1	\N	t	2016-12-27 14:11:16.105-04:30	2016-12-27 14:11:16.105-04:30	1	\N
390	Player 36	DALLAS TEXANS	\N	\N	\N	\N	1999-03-11	1	\N	t	2016-12-27 14:11:16.105-04:30	2016-12-27 14:11:16.105-04:30	1	\N
391	Player 37	DALLAS TEXANS	\N	\N	\N	\N	1999-03-12	1	\N	t	2016-12-27 14:11:16.105-04:30	2016-12-27 14:11:16.105-04:30	1	\N
392	Player 38	DALLAS TEXANS	\N	\N	\N	\N	1999-03-13	1	\N	t	2016-12-27 14:11:16.106-04:30	2016-12-27 14:11:16.106-04:30	1	\N
393	Player 39	DALLAS TEXANS	\N	\N	\N	\N	1999-03-14	1	\N	t	2016-12-27 14:11:16.106-04:30	2016-12-27 14:11:16.106-04:30	1	\N
394	Player 40	DALLAS TEXANS	\N	\N	\N	\N	1999-03-15	1	\N	t	2016-12-27 14:11:16.106-04:30	2016-12-27 14:11:16.106-04:30	1	\N
395	Player 41	DALLAS TEXANS	\N	\N	\N	\N	1999-03-16	1	\N	t	2016-12-27 14:11:16.107-04:30	2016-12-27 14:11:16.107-04:30	1	\N
396	Player 42	DALLAS TEXANS	\N	\N	\N	\N	1999-03-17	1	\N	t	2016-12-27 14:11:16.107-04:30	2016-12-27 14:11:16.107-04:30	1	\N
397	Player 43	DALLAS TEXANS	\N	\N	\N	\N	1999-03-18	1	\N	t	2016-12-27 14:11:16.107-04:30	2016-12-27 14:11:16.107-04:30	1	\N
398	Player 44	DALLAS TEXANS	\N	\N	\N	\N	1999-03-19	1	\N	t	2016-12-27 14:11:16.108-04:30	2016-12-27 14:11:16.108-04:30	1	\N
399	Player 45	DALLAS TEXANS	\N	\N	\N	\N	1999-03-20	1	\N	t	2016-12-27 14:11:16.108-04:30	2016-12-27 14:11:16.108-04:30	1	\N
400	Player 46	DALLAS TEXANS	\N	\N	\N	\N	1999-03-21	1	\N	t	2016-12-27 14:11:16.108-04:30	2016-12-27 14:11:16.108-04:30	1	\N
401	Player 47	DALLAS TEXANS	\N	\N	\N	\N	1999-03-22	1	\N	t	2016-12-27 14:11:16.109-04:30	2016-12-27 14:11:16.109-04:30	1	\N
402	Player 48	DALLAS TEXANS	\N	\N	\N	\N	1999-03-23	1	\N	t	2016-12-27 14:11:16.109-04:30	2016-12-27 14:11:16.109-04:30	1	\N
403	Player 49	DALLAS TEXANS	\N	\N	\N	\N	1999-03-24	1	\N	t	2016-12-27 14:11:16.109-04:30	2016-12-27 14:11:16.109-04:30	1	\N
404	Player 50	DALLAS TEXANS	\N	\N	\N	\N	1999-03-25	1	\N	t	2016-12-27 14:11:16.109-04:30	2016-12-27 14:11:16.109-04:30	1	\N
405	Player 26	WESTON FC	\N	\N	\N	\N	1999-03-01	1	\N	t	2016-12-27 14:11:55.799-04:30	2016-12-27 14:11:55.799-04:30	1	\N
406	Player 27	WESTON FC	\N	\N	\N	\N	1999-03-02	1	\N	t	2016-12-27 14:11:55.8-04:30	2016-12-27 14:11:55.8-04:30	1	\N
407	Player 28	WESTON FC	\N	\N	\N	\N	1999-03-03	1	\N	t	2016-12-27 14:11:55.8-04:30	2016-12-27 14:11:55.8-04:30	1	\N
408	Player 29	WESTON FC	\N	\N	\N	\N	1999-03-04	1	\N	t	2016-12-27 14:11:55.8-04:30	2016-12-27 14:11:55.8-04:30	1	\N
409	Player 30	WESTON FC	\N	\N	\N	\N	1999-03-05	1	\N	t	2016-12-27 14:11:55.8-04:30	2016-12-27 14:11:55.8-04:30	1	\N
410	Player 31	WESTON FC	\N	\N	\N	\N	1999-03-06	1	\N	t	2016-12-27 14:11:55.8-04:30	2016-12-27 14:11:55.8-04:30	1	\N
411	Player 32	WESTON FC	\N	\N	\N	\N	1999-03-07	1	\N	t	2016-12-27 14:11:55.8-04:30	2016-12-27 14:11:55.8-04:30	1	\N
412	Player 33	WESTON FC	\N	\N	\N	\N	1999-03-08	1	\N	t	2016-12-27 14:11:55.8-04:30	2016-12-27 14:11:55.8-04:30	1	\N
413	Player 34	WESTON FC	\N	\N	\N	\N	1999-03-09	1	\N	t	2016-12-27 14:11:55.801-04:30	2016-12-27 14:11:55.801-04:30	1	\N
414	Player 35	WESTON FC	\N	\N	\N	\N	1999-03-10	1	\N	t	2016-12-27 14:11:55.801-04:30	2016-12-27 14:11:55.801-04:30	1	\N
415	Player 36	WESTON FC	\N	\N	\N	\N	1999-03-11	1	\N	t	2016-12-27 14:11:55.801-04:30	2016-12-27 14:11:55.801-04:30	1	\N
416	Player 37	WESTON FC	\N	\N	\N	\N	1999-03-12	1	\N	t	2016-12-27 14:11:55.801-04:30	2016-12-27 14:11:55.801-04:30	1	\N
417	Player 38	WESTON FC	\N	\N	\N	\N	1999-03-13	1	\N	t	2016-12-27 14:11:55.801-04:30	2016-12-27 14:11:55.801-04:30	1	\N
418	Player 39	WESTON FC	\N	\N	\N	\N	1999-03-14	1	\N	t	2016-12-27 14:11:55.801-04:30	2016-12-27 14:11:55.801-04:30	1	\N
419	Player 40	WESTON FC	\N	\N	\N	\N	1999-03-15	1	\N	t	2016-12-27 14:11:55.802-04:30	2016-12-27 14:11:55.802-04:30	1	\N
420	Player 41	WESTON FC	\N	\N	\N	\N	1999-03-16	1	\N	t	2016-12-27 14:11:55.802-04:30	2016-12-27 14:11:55.802-04:30	1	\N
421	Player 42	WESTON FC	\N	\N	\N	\N	1999-03-17	1	\N	t	2016-12-27 14:11:55.802-04:30	2016-12-27 14:11:55.802-04:30	1	\N
426	Player 47	WESTON FC	\N	\N	\N	\N	1999-03-22	1	\N	t	2016-12-27 14:11:55.803-04:30	2016-12-27 14:11:55.803-04:30	1	\N
422	Player 43	WESTON FC	\N	\N	\N	\N	1999-03-18	1	\N	t	2016-12-27 14:11:55.802-04:30	2016-12-27 14:11:55.802-04:30	1	\N
427	Player 48	WESTON FC	\N	\N	\N	\N	1999-03-23	1	\N	t	2016-12-27 14:11:55.804-04:30	2016-12-27 14:11:55.804-04:30	1	\N
423	Player 44	WESTON FC	\N	\N	\N	\N	1999-03-19	1	\N	t	2016-12-27 14:11:55.803-04:30	2016-12-27 14:11:55.803-04:30	1	\N
428	Player 49	WESTON FC	\N	\N	\N	\N	1999-03-24	1	\N	t	2016-12-27 14:11:55.804-04:30	2016-12-27 14:11:55.804-04:30	1	\N
424	Player 45	WESTON FC	\N	\N	\N	\N	1999-03-20	1	\N	t	2016-12-27 14:11:55.803-04:30	2016-12-27 14:11:55.803-04:30	1	\N
429	Player 50	WESTON FC	\N	\N	\N	\N	1999-03-25	1	\N	t	2016-12-27 14:11:55.804-04:30	2016-12-27 14:11:55.804-04:30	1	\N
425	Player 46	WESTON FC	\N	\N	\N	\N	1999-03-21	1	\N	t	2016-12-27 14:11:55.803-04:30	2016-12-27 14:11:55.803-04:30	1	\N
430	Player 51	BOCA UNITED ACADEMY	\N	\N	\N	\N	1999-03-01	1	\N	t	2016-12-27 15:34:12.06-04:30	2016-12-27 15:34:12.06-04:30	1	\N
431	Player 52	BOCA UNITED ACADEMY	\N	\N	\N	\N	1999-03-02	1	\N	t	2016-12-27 15:34:12.061-04:30	2016-12-27 15:34:12.061-04:30	1	\N
432	Player 53	BOCA UNITED ACADEMY	\N	\N	\N	\N	1999-03-03	1	\N	t	2016-12-27 15:34:12.061-04:30	2016-12-27 15:34:12.061-04:30	1	\N
433	Player 55	BOCA UNITED ACADEMY	\N	\N	\N	\N	1999-03-05	1	\N	t	2016-12-27 15:34:12.062-04:30	2016-12-27 15:34:12.062-04:30	1	\N
434	Player 54	BOCA UNITED ACADEMY	\N	\N	\N	\N	1999-03-04	1	\N	t	2016-12-27 15:34:12.062-04:30	2016-12-27 15:34:12.062-04:30	1	\N
435	Player 56	BOCA UNITED ACADEMY	\N	\N	\N	\N	1999-03-06	1	\N	t	2016-12-27 15:34:12.062-04:30	2016-12-27 15:34:12.062-04:30	1	\N
436	Player 57	BOCA UNITED ACADEMY	\N	\N	\N	\N	1999-03-07	1	\N	t	2016-12-27 15:34:12.062-04:30	2016-12-27 15:34:12.062-04:30	1	\N
437	Player 58	BOCA UNITED ACADEMY	\N	\N	\N	\N	1999-03-08	1	\N	t	2016-12-27 15:34:12.062-04:30	2016-12-27 15:34:12.062-04:30	1	\N
438	Player 59	BOCA UNITED ACADEMY	\N	\N	\N	\N	1999-03-09	1	\N	t	2016-12-27 15:34:12.062-04:30	2016-12-27 15:34:12.062-04:30	1	\N
439	Player 60	BOCA UNITED ACADEMY	\N	\N	\N	\N	1999-03-10	1	\N	t	2016-12-27 15:34:12.063-04:30	2016-12-27 15:34:12.063-04:30	1	\N
440	Player 61	BOCA UNITED ACADEMY	\N	\N	\N	\N	1999-03-11	1	\N	t	2016-12-27 15:34:12.063-04:30	2016-12-27 15:34:12.063-04:30	1	\N
441	Player 62	BOCA UNITED ACADEMY	\N	\N	\N	\N	1999-03-12	1	\N	t	2016-12-27 15:34:12.063-04:30	2016-12-27 15:34:12.063-04:30	1	\N
442	Player 63	BOCA UNITED ACADEMY	\N	\N	\N	\N	1999-03-13	1	\N	t	2016-12-27 15:34:12.063-04:30	2016-12-27 15:34:12.063-04:30	1	\N
443	Player 64	BOCA UNITED ACADEMY	\N	\N	\N	\N	1999-03-14	1	\N	t	2016-12-27 15:34:12.063-04:30	2016-12-27 15:34:12.063-04:30	1	\N
444	Player 65	BOCA UNITED ACADEMY	\N	\N	\N	\N	1999-03-15	1	\N	t	2016-12-27 15:34:12.064-04:30	2016-12-27 15:34:12.064-04:30	1	\N
445	Player 66	BOCA UNITED ACADEMY	\N	\N	\N	\N	1999-03-16	1	\N	t	2016-12-27 15:34:12.064-04:30	2016-12-27 15:34:12.064-04:30	1	\N
446	Player 67	BOCA UNITED ACADEMY	\N	\N	\N	\N	1999-03-17	1	\N	t	2016-12-27 15:34:12.064-04:30	2016-12-27 15:34:12.064-04:30	1	\N
447	Player 68	BOCA UNITED ACADEMY	\N	\N	\N	\N	1999-03-18	1	\N	t	2016-12-27 15:34:12.064-04:30	2016-12-27 15:34:12.064-04:30	1	\N
448	Player 69	BOCA UNITED ACADEMY	\N	\N	\N	\N	1999-03-19	1	\N	t	2016-12-27 15:34:12.064-04:30	2016-12-27 15:34:12.064-04:30	1	\N
449	Player 70	BOCA UNITED ACADEMY	\N	\N	\N	\N	1999-03-20	1	\N	t	2016-12-27 15:34:12.064-04:30	2016-12-27 15:34:12.064-04:30	1	\N
450	Player 71	BOCA UNITED ACADEMY	\N	\N	\N	\N	1999-03-21	1	\N	t	2016-12-27 15:34:12.065-04:30	2016-12-27 15:34:12.065-04:30	1	\N
451	Player 72	BOCA UNITED ACADEMY	\N	\N	\N	\N	1999-03-22	1	\N	t	2016-12-27 15:34:12.065-04:30	2016-12-27 15:34:12.065-04:30	1	\N
452	Player 73	BOCA UNITED ACADEMY	\N	\N	\N	\N	1999-03-23	1	\N	t	2016-12-27 15:34:12.065-04:30	2016-12-27 15:34:12.065-04:30	1	\N
453	Player 74	BOCA UNITED ACADEMY	\N	\N	\N	\N	1999-03-24	1	\N	t	2016-12-27 15:34:12.065-04:30	2016-12-27 15:34:12.065-04:30	1	\N
454	Player 75	BOCA UNITED ACADEMY	\N	\N	\N	\N	1999-03-25	1	\N	t	2016-12-27 15:34:12.065-04:30	2016-12-27 15:34:12.065-04:30	1	\N
455	Player 76	BOCA UNITED ACADEMY	\N	\N	\N	\N	1999-03-01	1	\N	t	2016-12-27 15:37:16.602-04:30	2016-12-27 15:37:16.602-04:30	1	\N
456	Player 77	BOCA UNITED ACADEMY	\N	\N	\N	\N	1999-03-02	1	\N	t	2016-12-27 15:37:16.602-04:30	2016-12-27 15:37:16.602-04:30	1	\N
457	Player 78	BOCA UNITED ACADEMY	\N	\N	\N	\N	1999-03-03	1	\N	t	2016-12-27 15:37:16.603-04:30	2016-12-27 15:37:16.603-04:30	1	\N
458	Player 79	BOCA UNITED ACADEMY	\N	\N	\N	\N	1999-03-04	1	\N	t	2016-12-27 15:37:16.603-04:30	2016-12-27 15:37:16.603-04:30	1	\N
459	Player 80	BOCA UNITED ACADEMY	\N	\N	\N	\N	1999-03-05	1	\N	t	2016-12-27 15:37:16.603-04:30	2016-12-27 15:37:16.603-04:30	1	\N
460	Player 81	BOCA UNITED ACADEMY	\N	\N	\N	\N	1999-03-06	1	\N	t	2016-12-27 15:37:16.604-04:30	2016-12-27 15:37:16.604-04:30	1	\N
461	Player 82	BOCA UNITED ACADEMY	\N	\N	\N	\N	1999-03-07	1	\N	t	2016-12-27 15:37:16.604-04:30	2016-12-27 15:37:16.604-04:30	1	\N
462	Player 83	BOCA UNITED ACADEMY	\N	\N	\N	\N	1999-03-08	1	\N	t	2016-12-27 15:37:16.604-04:30	2016-12-27 15:37:16.604-04:30	1	\N
463	Player 84	BOCA UNITED ACADEMY	\N	\N	\N	\N	1999-03-09	1	\N	t	2016-12-27 15:37:16.604-04:30	2016-12-27 15:37:16.604-04:30	1	\N
464	Player 85	BOCA UNITED ACADEMY	\N	\N	\N	\N	1999-03-10	1	\N	t	2016-12-27 15:37:16.605-04:30	2016-12-27 15:37:16.605-04:30	1	\N
465	Player 86	BOCA UNITED ACADEMY	\N	\N	\N	\N	1999-03-11	1	\N	t	2016-12-27 15:37:16.605-04:30	2016-12-27 15:37:16.605-04:30	1	\N
466	Player 87	BOCA UNITED ACADEMY	\N	\N	\N	\N	1999-03-12	1	\N	t	2016-12-27 15:37:16.605-04:30	2016-12-27 15:37:16.605-04:30	1	\N
467	Player 88	BOCA UNITED ACADEMY	\N	\N	\N	\N	1999-03-13	1	\N	t	2016-12-27 15:37:16.606-04:30	2016-12-27 15:37:16.606-04:30	1	\N
468	Player 89	BOCA UNITED ACADEMY	\N	\N	\N	\N	1999-03-14	1	\N	t	2016-12-27 15:37:16.606-04:30	2016-12-27 15:37:16.606-04:30	1	\N
469	Player 90	BOCA UNITED ACADEMY	\N	\N	\N	\N	1999-03-15	1	\N	t	2016-12-27 15:37:16.606-04:30	2016-12-27 15:37:16.606-04:30	1	\N
470	Player 91	BOCA UNITED ACADEMY	\N	\N	\N	\N	1999-03-16	1	\N	t	2016-12-27 15:37:16.606-04:30	2016-12-27 15:37:16.606-04:30	1	\N
471	Player 92	BOCA UNITED ACADEMY	\N	\N	\N	\N	1999-03-17	1	\N	t	2016-12-27 15:37:16.607-04:30	2016-12-27 15:37:16.607-04:30	1	\N
472	Player 93	BOCA UNITED ACADEMY	\N	\N	\N	\N	1999-03-18	1	\N	t	2016-12-27 15:37:16.607-04:30	2016-12-27 15:37:16.607-04:30	1	\N
473	Player 94	BOCA UNITED ACADEMY	\N	\N	\N	\N	1999-03-19	1	\N	t	2016-12-27 15:37:16.607-04:30	2016-12-27 15:37:16.607-04:30	1	\N
474	Player 95	BOCA UNITED ACADEMY	\N	\N	\N	\N	1999-03-20	1	\N	t	2016-12-27 15:37:16.607-04:30	2016-12-27 15:37:16.607-04:30	1	\N
475	Player 96	BOCA UNITED ACADEMY	\N	\N	\N	\N	1999-03-21	1	\N	t	2016-12-27 15:37:16.607-04:30	2016-12-27 15:37:16.607-04:30	1	\N
476	Player 97	BOCA UNITED ACADEMY	\N	\N	\N	\N	1999-03-22	1	\N	t	2016-12-27 15:37:16.608-04:30	2016-12-27 15:37:16.608-04:30	1	\N
477	Player 98	BOCA UNITED ACADEMY	\N	\N	\N	\N	1999-03-23	1	\N	t	2016-12-27 15:37:16.608-04:30	2016-12-27 15:37:16.608-04:30	1	\N
478	Player 99	BOCA UNITED ACADEMY	\N	\N	\N	\N	1999-03-24	1	\N	t	2016-12-27 15:37:16.608-04:30	2016-12-27 15:37:16.608-04:30	1	\N
479	Player 100	BOCA UNITED ACADEMY	\N	\N	\N	\N	1999-03-25	1	\N	t	2016-12-27 15:37:16.608-04:30	2016-12-27 15:37:16.608-04:30	1	\N
480	Player 51	CHARGERS SC	\N	\N	\N	\N	1999-03-01	1	\N	t	2016-12-27 15:44:05.711-04:30	2016-12-27 15:44:05.711-04:30	1	\N
481	Player 52	CHARGERS SC	\N	\N	\N	\N	1999-03-02	1	\N	t	2016-12-27 15:44:05.712-04:30	2016-12-27 15:44:05.712-04:30	1	\N
482	Player 53	CHARGERS SC	\N	\N	\N	\N	1999-03-03	1	\N	t	2016-12-27 15:44:05.712-04:30	2016-12-27 15:44:05.712-04:30	1	\N
483	Player 54	CHARGERS SC	\N	\N	\N	\N	1999-03-04	1	\N	t	2016-12-27 15:44:05.712-04:30	2016-12-27 15:44:05.712-04:30	1	\N
484	Player 55	CHARGERS SC	\N	\N	\N	\N	1999-03-05	1	\N	t	2016-12-27 15:44:05.712-04:30	2016-12-27 15:44:05.712-04:30	1	\N
485	Player 56	CHARGERS SC	\N	\N	\N	\N	1999-03-06	1	\N	t	2016-12-27 15:44:05.713-04:30	2016-12-27 15:44:05.713-04:30	1	\N
486	Player 57	CHARGERS SC	\N	\N	\N	\N	1999-03-07	1	\N	t	2016-12-27 15:44:05.713-04:30	2016-12-27 15:44:05.713-04:30	1	\N
487	Player 58	CHARGERS SC	\N	\N	\N	\N	1999-03-08	1	\N	t	2016-12-27 15:44:05.713-04:30	2016-12-27 15:44:05.713-04:30	1	\N
488	Player 59	CHARGERS SC	\N	\N	\N	\N	1999-03-09	1	\N	t	2016-12-27 15:44:05.714-04:30	2016-12-27 15:44:05.714-04:30	1	\N
489	Player 60	CHARGERS SC	\N	\N	\N	\N	1999-03-10	1	\N	t	2016-12-27 15:44:05.714-04:30	2016-12-27 15:44:05.714-04:30	1	\N
490	Player 61	CHARGERS SC	\N	\N	\N	\N	1999-03-11	1	\N	t	2016-12-27 15:44:05.714-04:30	2016-12-27 15:44:05.714-04:30	1	\N
491	Player 62	CHARGERS SC	\N	\N	\N	\N	1999-03-12	1	\N	t	2016-12-27 15:44:05.714-04:30	2016-12-27 15:44:05.714-04:30	1	\N
492	Player 63	CHARGERS SC	\N	\N	\N	\N	1999-03-13	1	\N	t	2016-12-27 15:44:05.714-04:30	2016-12-27 15:44:05.714-04:30	1	\N
493	Player 64	CHARGERS SC	\N	\N	\N	\N	1999-03-14	1	\N	t	2016-12-27 15:44:05.715-04:30	2016-12-27 15:44:05.715-04:30	1	\N
494	Player 65	CHARGERS SC	\N	\N	\N	\N	1999-03-15	1	\N	t	2016-12-27 15:44:05.715-04:30	2016-12-27 15:44:05.715-04:30	1	\N
495	Player 66	CHARGERS SC	\N	\N	\N	\N	1999-03-16	1	\N	t	2016-12-27 15:44:05.715-04:30	2016-12-27 15:44:05.715-04:30	1	\N
496	Player 67	CHARGERS SC	\N	\N	\N	\N	1999-03-17	1	\N	t	2016-12-27 15:44:05.716-04:30	2016-12-27 15:44:05.716-04:30	1	\N
497	Player 68	CHARGERS SC	\N	\N	\N	\N	1999-03-18	1	\N	t	2016-12-27 15:44:05.716-04:30	2016-12-27 15:44:05.716-04:30	1	\N
498	Player 69	CHARGERS SC	\N	\N	\N	\N	1999-03-19	1	\N	t	2016-12-27 15:44:05.716-04:30	2016-12-27 15:44:05.716-04:30	1	\N
499	Player 70	CHARGERS SC	\N	\N	\N	\N	1999-03-20	1	\N	t	2016-12-27 15:44:05.716-04:30	2016-12-27 15:44:05.716-04:30	1	\N
500	Player 71	CHARGERS SC	\N	\N	\N	\N	1999-03-21	1	\N	t	2016-12-27 15:44:05.717-04:30	2016-12-27 15:44:05.717-04:30	1	\N
501	Player 72	CHARGERS SC	\N	\N	\N	\N	1999-03-22	1	\N	t	2016-12-27 15:44:05.717-04:30	2016-12-27 15:44:05.717-04:30	1	\N
502	Player 73	CHARGERS SC	\N	\N	\N	\N	1999-03-23	1	\N	t	2016-12-27 15:44:05.717-04:30	2016-12-27 15:44:05.717-04:30	1	\N
503	Player 74	CHARGERS SC	\N	\N	\N	\N	1999-03-24	1	\N	t	2016-12-27 15:44:05.718-04:30	2016-12-27 15:44:05.718-04:30	1	\N
504	Player 75	CHARGERS SC	\N	\N	\N	\N	1999-03-25	1	\N	t	2016-12-27 15:44:05.718-04:30	2016-12-27 15:44:05.718-04:30	1	\N
505	Player 76	CHARGERS SC	\N	\N	\N	\N	1999-03-01	1	\N	t	2016-12-27 15:44:33.13-04:30	2016-12-27 15:44:33.13-04:30	1	\N
506	Player 77	CHARGERS SC	\N	\N	\N	\N	1999-03-02	1	\N	t	2016-12-27 15:44:33.13-04:30	2016-12-27 15:44:33.13-04:30	1	\N
511	Player 82	CHARGERS SC	\N	\N	\N	\N	1999-03-07	1	\N	t	2016-12-27 15:44:33.141-04:30	2016-12-27 15:44:33.141-04:30	1	\N
517	Player 88	CHARGERS SC	\N	\N	\N	\N	1999-03-13	1	\N	t	2016-12-27 15:44:33.143-04:30	2016-12-27 15:44:33.143-04:30	1	\N
522	Player 93	CHARGERS SC	\N	\N	\N	\N	1999-03-18	1	\N	t	2016-12-27 15:44:33.144-04:30	2016-12-27 15:44:33.144-04:30	1	\N
527	Player 98	CHARGERS SC	\N	\N	\N	\N	1999-03-23	1	\N	t	2016-12-27 15:44:33.146-04:30	2016-12-27 15:44:33.146-04:30	1	\N
507	Player 78	CHARGERS SC	\N	\N	\N	\N	1999-03-03	1	\N	t	2016-12-27 15:44:33.14-04:30	2016-12-27 15:44:33.14-04:30	1	\N
512	Player 83	CHARGERS SC	\N	\N	\N	\N	1999-03-08	1	\N	t	2016-12-27 15:44:33.141-04:30	2016-12-27 15:44:33.141-04:30	1	\N
518	Player 89	CHARGERS SC	\N	\N	\N	\N	1999-03-14	1	\N	t	2016-12-27 15:44:33.143-04:30	2016-12-27 15:44:33.143-04:30	1	\N
523	Player 94	CHARGERS SC	\N	\N	\N	\N	1999-03-19	1	\N	t	2016-12-27 15:44:33.145-04:30	2016-12-27 15:44:33.145-04:30	1	\N
528	Player 99	CHARGERS SC	\N	\N	\N	\N	1999-03-24	1	\N	t	2016-12-27 15:44:33.146-04:30	2016-12-27 15:44:33.146-04:30	1	\N
508	Player 79	CHARGERS SC	\N	\N	\N	\N	1999-03-04	1	\N	t	2016-12-27 15:44:33.14-04:30	2016-12-27 15:44:33.14-04:30	1	\N
514	Player 85	CHARGERS SC	\N	\N	\N	\N	1999-03-10	1	\N	t	2016-12-27 15:44:33.142-04:30	2016-12-27 15:44:33.142-04:30	1	\N
519	Player 90	CHARGERS SC	\N	\N	\N	\N	1999-03-15	1	\N	t	2016-12-27 15:44:33.143-04:30	2016-12-27 15:44:33.143-04:30	1	\N
524	Player 95	CHARGERS SC	\N	\N	\N	\N	1999-03-20	1	\N	t	2016-12-27 15:44:33.145-04:30	2016-12-27 15:44:33.145-04:30	1	\N
509	Player 80	CHARGERS SC	\N	\N	\N	\N	1999-03-05	1	\N	t	2016-12-27 15:44:33.141-04:30	2016-12-27 15:44:33.141-04:30	1	\N
513	Player 84	CHARGERS SC	\N	\N	\N	\N	1999-03-09	1	\N	t	2016-12-27 15:44:33.142-04:30	2016-12-27 15:44:33.142-04:30	1	\N
516	Player 87	CHARGERS SC	\N	\N	\N	\N	1999-03-12	1	\N	t	2016-12-27 15:44:33.143-04:30	2016-12-27 15:44:33.143-04:30	1	\N
521	Player 92	CHARGERS SC	\N	\N	\N	\N	1999-03-17	1	\N	t	2016-12-27 15:44:33.144-04:30	2016-12-27 15:44:33.144-04:30	1	\N
526	Player 97	CHARGERS SC	\N	\N	\N	\N	1999-03-22	1	\N	t	2016-12-27 15:44:33.145-04:30	2016-12-27 15:44:33.145-04:30	1	\N
510	Player 81	CHARGERS SC	\N	\N	\N	\N	1999-03-06	1	\N	t	2016-12-27 15:44:33.141-04:30	2016-12-27 15:44:33.141-04:30	1	\N
515	Player 86	CHARGERS SC	\N	\N	\N	\N	1999-03-11	1	\N	t	2016-12-27 15:44:33.142-04:30	2016-12-27 15:44:33.142-04:30	1	\N
520	Player 91	CHARGERS SC	\N	\N	\N	\N	1999-03-16	1	\N	t	2016-12-27 15:44:33.144-04:30	2016-12-27 15:44:33.144-04:30	1	\N
525	Player 96	CHARGERS SC	\N	\N	\N	\N	1999-03-21	1	\N	t	2016-12-27 15:44:33.145-04:30	2016-12-27 15:44:33.145-04:30	1	\N
529	Player 00	CHARGERS SC	\N	\N	\N	\N	1999-03-25	1	\N	t	2016-12-27 15:44:33.146-04:30	2016-12-27 15:44:33.146-04:30	1	\N
531	Player 52	SIMA GOLD	\N	\N	\N	\N	1999-03-02	1	\N	t	2016-12-27 15:55:17.794-04:30	2016-12-27 15:55:17.794-04:30	1	\N
532	Player 53	SIMA GOLD	\N	\N	\N	\N	1999-03-03	1	\N	t	2016-12-27 15:55:17.794-04:30	2016-12-27 15:55:17.794-04:30	1	\N
533	Player 54	SIMA GOLD	\N	\N	\N	\N	1999-03-04	1	\N	t	2016-12-27 15:55:17.795-04:30	2016-12-27 15:55:17.795-04:30	1	\N
534	Player 55	SIMA GOLD	\N	\N	\N	\N	1999-03-05	1	\N	t	2016-12-27 15:55:17.795-04:30	2016-12-27 15:55:17.795-04:30	1	\N
535	Player 56	SIMA GOLD	\N	\N	\N	\N	1999-03-06	1	\N	t	2016-12-27 15:55:17.795-04:30	2016-12-27 15:55:17.795-04:30	1	\N
536	Player 57	SIMA GOLD	\N	\N	\N	\N	1999-03-07	1	\N	t	2016-12-27 15:55:17.795-04:30	2016-12-27 15:55:17.795-04:30	1	\N
537	Player 58	SIMA GOLD	\N	\N	\N	\N	1999-03-08	1	\N	t	2016-12-27 15:55:17.795-04:30	2016-12-27 15:55:17.795-04:30	1	\N
538	Player 59	SIMA GOLD	\N	\N	\N	\N	1999-03-09	1	\N	t	2016-12-27 15:55:17.796-04:30	2016-12-27 15:55:17.796-04:30	1	\N
539	Player 60	SIMA GOLD	\N	\N	\N	\N	1999-03-10	1	\N	t	2016-12-27 15:55:17.796-04:30	2016-12-27 15:55:17.796-04:30	1	\N
540	Player 61	SIMA GOLD	\N	\N	\N	\N	1999-03-11	1	\N	t	2016-12-27 15:55:17.796-04:30	2016-12-27 15:55:17.796-04:30	1	\N
541	Player 62	SIMA GOLD	\N	\N	\N	\N	1999-03-12	1	\N	t	2016-12-27 15:55:17.796-04:30	2016-12-27 15:55:17.796-04:30	1	\N
542	Player 63	SIMA GOLD	\N	\N	\N	\N	1999-03-13	1	\N	t	2016-12-27 15:55:17.796-04:30	2016-12-27 15:55:17.796-04:30	1	\N
543	Player 64	SIMA GOLD	\N	\N	\N	\N	1999-03-14	1	\N	t	2016-12-27 15:55:17.797-04:30	2016-12-27 15:55:17.797-04:30	1	\N
544	Player 65	SIMA GOLD	\N	\N	\N	\N	1999-03-15	1	\N	t	2016-12-27 15:55:17.797-04:30	2016-12-27 15:55:17.797-04:30	1	\N
545	Player 66	SIMA GOLD	\N	\N	\N	\N	1999-03-16	1	\N	t	2016-12-27 15:55:17.797-04:30	2016-12-27 15:55:17.797-04:30	1	\N
546	Player 67	SIMA GOLD	\N	\N	\N	\N	1999-03-17	1	\N	t	2016-12-27 15:55:17.797-04:30	2016-12-27 15:55:17.797-04:30	1	\N
547	Player 68	SIMA GOLD	\N	\N	\N	\N	1999-03-18	1	\N	t	2016-12-27 15:55:17.797-04:30	2016-12-27 15:55:17.797-04:30	1	\N
549	Player 70	SIMA GOLD	\N	\N	\N	\N	1999-03-20	1	\N	t	2016-12-27 15:55:17.798-04:30	2016-12-27 15:55:17.798-04:30	1	\N
550	Player 71	SIMA GOLD	\N	\N	\N	\N	1999-03-21	1	\N	t	2016-12-27 15:55:17.798-04:30	2016-12-27 15:55:17.798-04:30	1	\N
551	Player 72	SIMA GOLD	\N	\N	\N	\N	1999-03-22	1	\N	t	2016-12-27 15:55:17.798-04:30	2016-12-27 15:55:17.798-04:30	1	\N
552	Player 73	SIMA GOLD	\N	\N	\N	\N	1999-03-23	1	\N	t	2016-12-27 15:55:17.798-04:30	2016-12-27 15:55:17.798-04:30	1	\N
554	Player 75	SIMA GOLD	\N	\N	\N	\N	1999-03-25	1	\N	t	2016-12-27 15:55:17.799-04:30	2016-12-27 15:55:17.799-04:30	1	\N
555	Player 76	SIMA GOLD	\N	\N	\N	\N	1999-03-01	1	\N	t	2016-12-27 15:55:37.844-04:30	2016-12-27 15:55:37.844-04:30	1	\N
556	Player 77	SIMA GOLD	\N	\N	\N	\N	1999-03-02	1	\N	t	2016-12-27 15:55:37.845-04:30	2016-12-27 15:55:37.845-04:30	1	\N
557	Player 78	SIMA GOLD	\N	\N	\N	\N	1999-03-03	1	\N	t	2016-12-27 15:55:37.846-04:30	2016-12-27 15:55:37.846-04:30	1	\N
559	Player 80	SIMA GOLD	\N	\N	\N	\N	1999-03-05	1	\N	t	2016-12-27 15:55:37.848-04:30	2016-12-27 15:55:37.848-04:30	1	\N
560	Player 81	SIMA GOLD	\N	\N	\N	\N	1999-03-06	1	\N	t	2016-12-27 15:55:37.848-04:30	2016-12-27 15:55:37.848-04:30	1	\N
561	Player 82	SIMA GOLD	\N	\N	\N	\N	1999-03-07	1	\N	t	2016-12-27 15:55:37.848-04:30	2016-12-27 15:55:37.848-04:30	1	\N
563	Player 84	SIMA GOLD	\N	\N	\N	\N	1999-03-09	1	\N	t	2016-12-27 15:55:37.849-04:30	2016-12-27 15:55:37.849-04:30	1	\N
564	Player 85	SIMA GOLD	\N	\N	\N	\N	1999-03-10	1	\N	t	2016-12-27 15:55:37.849-04:30	2016-12-27 15:55:37.849-04:30	1	\N
565	Player 86	SIMA GOLD	\N	\N	\N	\N	1999-03-11	1	\N	t	2016-12-27 15:55:37.849-04:30	2016-12-27 15:55:37.849-04:30	1	\N
568	Player 89	SIMA GOLD	\N	\N	\N	\N	1999-03-14	1	\N	t	2016-12-27 15:55:37.851-04:30	2016-12-27 15:55:37.851-04:30	1	\N
569	Player 90	SIMA GOLD	\N	\N	\N	\N	1999-03-15	1	\N	t	2016-12-27 15:55:37.851-04:30	2016-12-27 15:55:37.851-04:30	1	\N
570	Player 91	SIMA GOLD	\N	\N	\N	\N	1999-03-16	1	\N	t	2016-12-27 15:55:37.852-04:30	2016-12-27 15:55:37.852-04:30	1	\N
572	Player 93	SIMA GOLD	\N	\N	\N	\N	1999-03-18	1	\N	t	2016-12-27 15:55:37.852-04:30	2016-12-27 15:55:37.852-04:30	1	\N
573	Player 94	SIMA GOLD	\N	\N	\N	\N	1999-03-19	1	\N	t	2016-12-27 15:55:37.853-04:30	2016-12-27 15:55:37.853-04:30	1	\N
574	Player 95	SIMA GOLD	\N	\N	\N	\N	1999-03-20	1	\N	t	2016-12-27 15:55:37.853-04:30	2016-12-27 15:55:37.853-04:30	1	\N
575	Player 96	SIMA GOLD	\N	\N	\N	\N	1999-03-21	1	\N	t	2016-12-27 15:55:37.853-04:30	2016-12-27 15:55:37.853-04:30	1	\N
577	Player 98	SIMA GOLD	\N	\N	\N	\N	1999-03-23	1	\N	t	2016-12-27 15:55:37.855-04:30	2016-12-27 15:55:37.855-04:30	1	\N
578	Player 99	SIMA GOLD	\N	\N	\N	\N	1999-03-24	1	\N	t	2016-12-27 15:55:37.855-04:30	2016-12-27 15:55:37.855-04:30	1	\N
579	Player 00	SIMA GOLD	\N	\N	\N	\N	1999-03-25	1	\N	t	2016-12-27 15:55:37.855-04:30	2016-12-27 15:55:37.855-04:30	1	\N
580	Player 51	SOLAR SC CHELSEA 	\N	\N	\N	\N	1999-03-01	1	\N	t	2016-12-27 15:57:02.224-04:30	2016-12-27 15:57:02.224-04:30	1	\N
581	Player 52	SOLAR SC CHELSEA 	\N	\N	\N	\N	1999-03-02	1	\N	t	2016-12-27 15:57:02.225-04:30	2016-12-27 15:57:02.225-04:30	1	\N
582	Player 53	SOLAR SC CHELSEA 	\N	\N	\N	\N	1999-03-03	1	\N	t	2016-12-27 15:57:02.225-04:30	2016-12-27 15:57:02.225-04:30	1	\N
583	Player 54	SOLAR SC CHELSEA 	\N	\N	\N	\N	1999-03-04	1	\N	t	2016-12-27 15:57:02.225-04:30	2016-12-27 15:57:02.225-04:30	1	\N
584	Player 55	SOLAR SC CHELSEA 	\N	\N	\N	\N	1999-03-05	1	\N	t	2016-12-27 15:57:02.225-04:30	2016-12-27 15:57:02.225-04:30	1	\N
585	Player 56	SOLAR SC CHELSEA 	\N	\N	\N	\N	1999-03-06	1	\N	t	2016-12-27 15:57:02.225-04:30	2016-12-27 15:57:02.225-04:30	1	\N
586	Player 57	SOLAR SC CHELSEA 	\N	\N	\N	\N	1999-03-07	1	\N	t	2016-12-27 15:57:02.225-04:30	2016-12-27 15:57:02.225-04:30	1	\N
587	Player 58	SOLAR SC CHELSEA 	\N	\N	\N	\N	1999-03-08	1	\N	t	2016-12-27 15:57:02.226-04:30	2016-12-27 15:57:02.226-04:30	1	\N
588	Player 59	SOLAR SC CHELSEA 	\N	\N	\N	\N	1999-03-09	1	\N	t	2016-12-27 15:57:02.226-04:30	2016-12-27 15:57:02.226-04:30	1	\N
589	Player 60	SOLAR SC CHELSEA 	\N	\N	\N	\N	1999-03-10	1	\N	t	2016-12-27 15:57:02.226-04:30	2016-12-27 15:57:02.226-04:30	1	\N
590	Player 61	SOLAR SC CHELSEA 	\N	\N	\N	\N	1999-03-11	1	\N	t	2016-12-27 15:57:02.226-04:30	2016-12-27 15:57:02.226-04:30	1	\N
591	Player 62	SOLAR SC CHELSEA 	\N	\N	\N	\N	1999-03-12	1	\N	t	2016-12-27 15:57:02.226-04:30	2016-12-27 15:57:02.226-04:30	1	\N
592	Player 63	SOLAR SC CHELSEA 	\N	\N	\N	\N	1999-03-13	1	\N	t	2016-12-27 15:57:02.227-04:30	2016-12-27 15:57:02.227-04:30	1	\N
593	Player 64	SOLAR SC CHELSEA 	\N	\N	\N	\N	1999-03-14	1	\N	t	2016-12-27 15:57:02.227-04:30	2016-12-27 15:57:02.227-04:30	1	\N
594	Player 65	SOLAR SC CHELSEA 	\N	\N	\N	\N	1999-03-15	1	\N	t	2016-12-27 15:57:02.227-04:30	2016-12-27 15:57:02.227-04:30	1	\N
595	Player 66	SOLAR SC CHELSEA 	\N	\N	\N	\N	1999-03-16	1	\N	t	2016-12-27 15:57:02.227-04:30	2016-12-27 15:57:02.227-04:30	1	\N
596	Player 67	SOLAR SC CHELSEA 	\N	\N	\N	\N	1999-03-17	1	\N	t	2016-12-27 15:57:02.227-04:30	2016-12-27 15:57:02.227-04:30	1	\N
597	Player 68	SOLAR SC CHELSEA 	\N	\N	\N	\N	1999-03-18	1	\N	t	2016-12-27 15:57:02.228-04:30	2016-12-27 15:57:02.228-04:30	1	\N
598	Player 69	SOLAR SC CHELSEA 	\N	\N	\N	\N	1999-03-19	1	\N	t	2016-12-27 15:57:02.228-04:30	2016-12-27 15:57:02.228-04:30	1	\N
599	Player 70	SOLAR SC CHELSEA 	\N	\N	\N	\N	1999-03-20	1	\N	t	2016-12-27 15:57:02.228-04:30	2016-12-27 15:57:02.228-04:30	1	\N
600	Player 71	SOLAR SC CHELSEA 	\N	\N	\N	\N	1999-03-21	1	\N	t	2016-12-27 15:57:02.228-04:30	2016-12-27 15:57:02.228-04:30	1	\N
601	Player 72	SOLAR SC CHELSEA 	\N	\N	\N	\N	1999-03-22	1	\N	t	2016-12-27 15:57:02.228-04:30	2016-12-27 15:57:02.228-04:30	1	\N
602	Player 73	SOLAR SC CHELSEA 	\N	\N	\N	\N	1999-03-23	1	\N	t	2016-12-27 15:57:02.229-04:30	2016-12-27 15:57:02.229-04:30	1	\N
603	Player 74	SOLAR SC CHELSEA 	\N	\N	\N	\N	1999-03-24	1	\N	t	2016-12-27 15:57:02.229-04:30	2016-12-27 15:57:02.229-04:30	1	\N
562	Albert	Dikwa Lega	\N	\N	\N	\N	1999-03-06	1	\N	t	2016-12-27 15:55:37.848-04:30	2016-12-27 17:40:53.204-04:30	1	\N
558	Moussa	Diarra	https://somosport-s3.s3.amazonaws.com/image1482880373165.jpg	\N	\N	\N	1999-03-01	1	\N	t	2016-12-27 15:55:37.847-04:30	2016-12-27 18:42:59.094-04:30	1	\N
571	Abdoulaye	Diop	\N	\N	\N	\N	1999-03-13	1	K	t	2016-12-27 15:55:37.852-04:30	2016-12-27 17:41:05.353-04:30	1	\N
567	Alassane Ates	Diouf	\N	\N	\N	\N	1999-03-11	1	\N	t	2016-12-27 15:55:37.85-04:30	2016-12-27 17:41:30.571-04:30	1	\N
530	Hamady	Diop	https://somosport-s3.s3.amazonaws.com/image1482880025663.jpg	\N	\N	\N	1999-02-26	1	\N	t	2016-12-27 15:55:17.794-04:30	2016-12-27 18:37:09.502-04:30	1	\N
553	Youmeni	Gildas	\N	\N	\N	\N	1999-03-22	1	\N	t	2016-12-27 15:55:17.799-04:30	2016-12-27 17:44:00.954-04:30	1	\N
604	Player 75	SOLAR SC CHELSEA 	\N	\N	\N	\N	1999-03-25	1	\N	t	2016-12-27 15:57:02.229-04:30	2016-12-27 15:57:02.229-04:30	1	\N
607	Player 78	SOLAR SC CHELSEA 	\N	\N	\N	\N	1999-03-03	1	\N	t	2016-12-27 15:58:26.049-04:30	2016-12-27 15:58:26.049-04:30	1	\N
612	Player 83	SOLAR SC CHELSEA 	\N	\N	\N	\N	1999-03-08	1	\N	t	2016-12-27 15:58:26.05-04:30	2016-12-27 15:58:26.05-04:30	1	\N
618	Player 89	SOLAR SC CHELSEA 	\N	\N	\N	\N	1999-03-14	1	\N	t	2016-12-27 15:58:26.052-04:30	2016-12-27 15:58:26.052-04:30	1	\N
623	Player 94	SOLAR SC CHELSEA 	\N	\N	\N	\N	1999-03-19	1	\N	t	2016-12-27 15:58:26.053-04:30	2016-12-27 15:58:26.053-04:30	1	\N
628	Player 99	SOLAR SC CHELSEA 	\N	\N	\N	\N	1999-03-24	1	\N	t	2016-12-27 15:58:26.054-04:30	2016-12-27 15:58:26.054-04:30	1	\N
605	Player 76	SOLAR SC CHELSEA 	\N	\N	\N	\N	1999-03-01	1	\N	t	2016-12-27 15:58:26.049-04:30	2016-12-27 15:58:26.049-04:30	1	\N
610	Player 81	SOLAR SC CHELSEA 	\N	\N	\N	\N	1999-03-06	1	\N	t	2016-12-27 15:58:26.05-04:30	2016-12-27 15:58:26.05-04:30	1	\N
615	Player 86	SOLAR SC CHELSEA 	\N	\N	\N	\N	1999-03-11	1	\N	t	2016-12-27 15:58:26.051-04:30	2016-12-27 15:58:26.051-04:30	1	\N
620	Player 91	SOLAR SC CHELSEA 	\N	\N	\N	\N	1999-03-16	1	\N	t	2016-12-27 15:58:26.052-04:30	2016-12-27 15:58:26.052-04:30	1	\N
625	Player 96	SOLAR SC CHELSEA 	\N	\N	\N	\N	1999-03-21	1	\N	t	2016-12-27 15:58:26.053-04:30	2016-12-27 15:58:26.053-04:30	1	\N
606	Player 77	SOLAR SC CHELSEA 	\N	\N	\N	\N	1999-03-02	1	\N	t	2016-12-27 15:58:26.049-04:30	2016-12-27 15:58:26.049-04:30	1	\N
613	Player 84	SOLAR SC CHELSEA 	\N	\N	\N	\N	1999-03-09	1	\N	t	2016-12-27 15:58:26.051-04:30	2016-12-27 15:58:26.051-04:30	1	\N
616	Player 87	SOLAR SC CHELSEA 	\N	\N	\N	\N	1999-03-12	1	\N	t	2016-12-27 15:58:26.051-04:30	2016-12-27 15:58:26.051-04:30	1	\N
621	Player 92	SOLAR SC CHELSEA 	\N	\N	\N	\N	1999-03-17	1	\N	t	2016-12-27 15:58:26.052-04:30	2016-12-27 15:58:26.052-04:30	1	\N
626	Player 97	SOLAR SC CHELSEA 	\N	\N	\N	\N	1999-03-22	1	\N	t	2016-12-27 15:58:26.053-04:30	2016-12-27 15:58:26.053-04:30	1	\N
608	Player 79	SOLAR SC CHELSEA 	\N	\N	\N	\N	1999-03-04	1	\N	t	2016-12-27 15:58:26.05-04:30	2016-12-27 15:58:26.05-04:30	1	\N
611	Player 82	SOLAR SC CHELSEA 	\N	\N	\N	\N	1999-03-07	1	\N	t	2016-12-27 15:58:26.05-04:30	2016-12-27 15:58:26.05-04:30	1	\N
617	Player 88	SOLAR SC CHELSEA 	\N	\N	\N	\N	1999-03-13	1	\N	t	2016-12-27 15:58:26.051-04:30	2016-12-27 15:58:26.051-04:30	1	\N
622	Player 93	SOLAR SC CHELSEA 	\N	\N	\N	\N	1999-03-18	1	\N	t	2016-12-27 15:58:26.052-04:30	2016-12-27 15:58:26.052-04:30	1	\N
627	Player 98	SOLAR SC CHELSEA 	\N	\N	\N	\N	1999-03-23	1	\N	t	2016-12-27 15:58:26.053-04:30	2016-12-27 15:58:26.053-04:30	1	\N
609	Player 80	SOLAR SC CHELSEA 	\N	\N	\N	\N	1999-03-05	1	\N	t	2016-12-27 15:58:26.05-04:30	2016-12-27 15:58:26.05-04:30	1	\N
614	Player 85	SOLAR SC CHELSEA 	\N	\N	\N	\N	1999-03-10	1	\N	t	2016-12-27 15:58:26.051-04:30	2016-12-27 15:58:26.051-04:30	1	\N
619	Player 90	SOLAR SC CHELSEA 	\N	\N	\N	\N	1999-03-15	1	\N	t	2016-12-27 15:58:26.052-04:30	2016-12-27 15:58:26.052-04:30	1	\N
624	Player 95	SOLAR SC CHELSEA 	\N	\N	\N	\N	1999-03-20	1	\N	t	2016-12-27 15:58:26.053-04:30	2016-12-27 15:58:26.053-04:30	1	\N
629	Player 00	SOLAR SC CHELSEA 	\N	\N	\N	\N	1999-03-25	1	\N	t	2016-12-27 15:58:26.054-04:30	2016-12-27 15:58:26.054-04:30	1	\N
630	Player 51	AS ROMA PRIMAVERA	\N	\N	\N	\N	1999-03-01	1	\N	t	2016-12-27 15:59:35.669-04:30	2016-12-27 15:59:35.669-04:30	1	\N
631	Player 52	AS ROMA PRIMAVERA	\N	\N	\N	\N	1999-03-02	1	\N	t	2016-12-27 15:59:35.67-04:30	2016-12-27 15:59:35.67-04:30	1	\N
632	Player 53	AS ROMA PRIMAVERA	\N	\N	\N	\N	1999-03-03	1	\N	t	2016-12-27 15:59:35.67-04:30	2016-12-27 15:59:35.67-04:30	1	\N
633	Player 54	AS ROMA PRIMAVERA	\N	\N	\N	\N	1999-03-04	1	\N	t	2016-12-27 15:59:35.671-04:30	2016-12-27 15:59:35.671-04:30	1	\N
634	Player 55	AS ROMA PRIMAVERA	\N	\N	\N	\N	1999-03-05	1	\N	t	2016-12-27 15:59:35.671-04:30	2016-12-27 15:59:35.671-04:30	1	\N
635	Player 56	AS ROMA PRIMAVERA	\N	\N	\N	\N	1999-03-06	1	\N	t	2016-12-27 15:59:35.671-04:30	2016-12-27 15:59:35.671-04:30	1	\N
636	Player 57	AS ROMA PRIMAVERA	\N	\N	\N	\N	1999-03-07	1	\N	t	2016-12-27 15:59:35.671-04:30	2016-12-27 15:59:35.671-04:30	1	\N
637	Player 58	AS ROMA PRIMAVERA	\N	\N	\N	\N	1999-03-08	1	\N	t	2016-12-27 15:59:35.671-04:30	2016-12-27 15:59:35.671-04:30	1	\N
638	Player 59	AS ROMA PRIMAVERA	\N	\N	\N	\N	1999-03-09	1	\N	t	2016-12-27 15:59:35.672-04:30	2016-12-27 15:59:35.672-04:30	1	\N
639	Player 60	AS ROMA PRIMAVERA	\N	\N	\N	\N	1999-03-10	1	\N	t	2016-12-27 15:59:35.672-04:30	2016-12-27 15:59:35.672-04:30	1	\N
640	Player 61	AS ROMA PRIMAVERA	\N	\N	\N	\N	1999-03-11	1	\N	t	2016-12-27 15:59:35.672-04:30	2016-12-27 15:59:35.672-04:30	1	\N
641	Player 62	AS ROMA PRIMAVERA	\N	\N	\N	\N	1999-03-12	1	\N	t	2016-12-27 15:59:35.672-04:30	2016-12-27 15:59:35.672-04:30	1	\N
642	Player 63	AS ROMA PRIMAVERA	\N	\N	\N	\N	1999-03-13	1	\N	t	2016-12-27 15:59:35.672-04:30	2016-12-27 15:59:35.672-04:30	1	\N
643	Player 64	AS ROMA PRIMAVERA	\N	\N	\N	\N	1999-03-14	1	\N	t	2016-12-27 15:59:35.672-04:30	2016-12-27 15:59:35.672-04:30	1	\N
644	Player 65	AS ROMA PRIMAVERA	\N	\N	\N	\N	1999-03-15	1	\N	t	2016-12-27 15:59:35.673-04:30	2016-12-27 15:59:35.673-04:30	1	\N
645	Player 66	AS ROMA PRIMAVERA	\N	\N	\N	\N	1999-03-16	1	\N	t	2016-12-27 15:59:35.673-04:30	2016-12-27 15:59:35.673-04:30	1	\N
646	Player 67	AS ROMA PRIMAVERA	\N	\N	\N	\N	1999-03-17	1	\N	t	2016-12-27 15:59:35.673-04:30	2016-12-27 15:59:35.673-04:30	1	\N
647	Player 68	AS ROMA PRIMAVERA	\N	\N	\N	\N	1999-03-18	1	\N	t	2016-12-27 15:59:35.673-04:30	2016-12-27 15:59:35.673-04:30	1	\N
648	Player 69	AS ROMA PRIMAVERA	\N	\N	\N	\N	1999-03-19	1	\N	t	2016-12-27 15:59:35.673-04:30	2016-12-27 15:59:35.673-04:30	1	\N
649	Player 70	AS ROMA PRIMAVERA	\N	\N	\N	\N	1999-03-20	1	\N	t	2016-12-27 15:59:35.673-04:30	2016-12-27 15:59:35.673-04:30	1	\N
650	Player 71	AS ROMA PRIMAVERA	\N	\N	\N	\N	1999-03-21	1	\N	t	2016-12-27 15:59:35.674-04:30	2016-12-27 15:59:35.674-04:30	1	\N
651	Player 72	AS ROMA PRIMAVERA	\N	\N	\N	\N	1999-03-22	1	\N	t	2016-12-27 15:59:35.674-04:30	2016-12-27 15:59:35.674-04:30	1	\N
652	Player 73	AS ROMA PRIMAVERA	\N	\N	\N	\N	1999-03-23	1	\N	t	2016-12-27 15:59:35.674-04:30	2016-12-27 15:59:35.674-04:30	1	\N
653	Player 74	AS ROMA PRIMAVERA	\N	\N	\N	\N	1999-03-24	1	\N	t	2016-12-27 15:59:35.674-04:30	2016-12-27 15:59:35.674-04:30	1	\N
654	Player 75	AS ROMA PRIMAVERA	\N	\N	\N	\N	1999-03-25	1	\N	t	2016-12-27 15:59:35.674-04:30	2016-12-27 15:59:35.674-04:30	1	\N
655	Player 76	AS ROMA PRIMAVERA 	\N	\N	\N	\N	1999-03-01	1	\N	t	2016-12-27 15:59:54.348-04:30	2016-12-27 15:59:54.348-04:30	1	\N
656	Player 77	AS ROMA PRIMAVERA 	\N	\N	\N	\N	1999-03-02	1	\N	t	2016-12-27 15:59:54.349-04:30	2016-12-27 15:59:54.349-04:30	1	\N
657	Player 78	AS ROMA PRIMAVERA 	\N	\N	\N	\N	1999-03-03	1	\N	t	2016-12-27 15:59:54.349-04:30	2016-12-27 15:59:54.349-04:30	1	\N
658	Player 79	AS ROMA PRIMAVERA 	\N	\N	\N	\N	1999-03-04	1	\N	t	2016-12-27 15:59:54.349-04:30	2016-12-27 15:59:54.349-04:30	1	\N
659	Player 80	AS ROMA PRIMAVERA 	\N	\N	\N	\N	1999-03-05	1	\N	t	2016-12-27 15:59:54.349-04:30	2016-12-27 15:59:54.349-04:30	1	\N
660	Player 81	AS ROMA PRIMAVERA 	\N	\N	\N	\N	1999-03-06	1	\N	t	2016-12-27 15:59:54.35-04:30	2016-12-27 15:59:54.35-04:30	1	\N
661	Player 82	AS ROMA PRIMAVERA 	\N	\N	\N	\N	1999-03-07	1	\N	t	2016-12-27 15:59:54.35-04:30	2016-12-27 15:59:54.35-04:30	1	\N
662	Player 83	AS ROMA PRIMAVERA 	\N	\N	\N	\N	1999-03-08	1	\N	t	2016-12-27 15:59:54.35-04:30	2016-12-27 15:59:54.35-04:30	1	\N
663	Player 84	AS ROMA PRIMAVERA 	\N	\N	\N	\N	1999-03-09	1	\N	t	2016-12-27 15:59:54.35-04:30	2016-12-27 15:59:54.35-04:30	1	\N
664	Player 85	AS ROMA PRIMAVERA 	\N	\N	\N	\N	1999-03-10	1	\N	t	2016-12-27 15:59:54.35-04:30	2016-12-27 15:59:54.35-04:30	1	\N
665	Player 86	AS ROMA PRIMAVERA 	\N	\N	\N	\N	1999-03-11	1	\N	t	2016-12-27 15:59:54.35-04:30	2016-12-27 15:59:54.35-04:30	1	\N
666	Player 87	AS ROMA PRIMAVERA 	\N	\N	\N	\N	1999-03-12	1	\N	t	2016-12-27 15:59:54.351-04:30	2016-12-27 15:59:54.351-04:30	1	\N
667	Player 88	AS ROMA PRIMAVERA 	\N	\N	\N	\N	1999-03-13	1	\N	t	2016-12-27 15:59:54.351-04:30	2016-12-27 15:59:54.351-04:30	1	\N
668	Player 89	AS ROMA PRIMAVERA 	\N	\N	\N	\N	1999-03-14	1	\N	t	2016-12-27 15:59:54.351-04:30	2016-12-27 15:59:54.351-04:30	1	\N
669	Player 90	AS ROMA PRIMAVERA 	\N	\N	\N	\N	1999-03-15	1	\N	t	2016-12-27 15:59:54.351-04:30	2016-12-27 15:59:54.351-04:30	1	\N
670	Player 91	AS ROMA PRIMAVERA 	\N	\N	\N	\N	1999-03-16	1	\N	t	2016-12-27 15:59:54.351-04:30	2016-12-27 15:59:54.351-04:30	1	\N
671	Player 92	AS ROMA PRIMAVERA 	\N	\N	\N	\N	1999-03-17	1	\N	t	2016-12-27 15:59:54.351-04:30	2016-12-27 15:59:54.351-04:30	1	\N
672	Player 93	AS ROMA PRIMAVERA 	\N	\N	\N	\N	1999-03-18	1	\N	t	2016-12-27 15:59:54.352-04:30	2016-12-27 15:59:54.352-04:30	1	\N
673	Player 94	AS ROMA PRIMAVERA 	\N	\N	\N	\N	1999-03-19	1	\N	t	2016-12-27 15:59:54.352-04:30	2016-12-27 15:59:54.352-04:30	1	\N
674	Player 95	AS ROMA PRIMAVERA 	\N	\N	\N	\N	1999-03-20	1	\N	t	2016-12-27 15:59:54.352-04:30	2016-12-27 15:59:54.352-04:30	1	\N
675	Player 96	AS ROMA PRIMAVERA 	\N	\N	\N	\N	1999-03-21	1	\N	t	2016-12-27 15:59:54.352-04:30	2016-12-27 15:59:54.352-04:30	1	\N
676	Player 97	AS ROMA PRIMAVERA 	\N	\N	\N	\N	1999-03-22	1	\N	t	2016-12-27 15:59:54.352-04:30	2016-12-27 15:59:54.352-04:30	1	\N
677	Player 98	AS ROMA PRIMAVERA 	\N	\N	\N	\N	1999-03-23	1	\N	t	2016-12-27 15:59:54.352-04:30	2016-12-27 15:59:54.352-04:30	1	\N
678	Player 99	AS ROMA PRIMAVERA 	\N	\N	\N	\N	1999-03-24	1	\N	t	2016-12-27 15:59:54.353-04:30	2016-12-27 15:59:54.353-04:30	1	\N
679	Player 00	AS ROMA PRIMAVERA 	\N	\N	\N	\N	1999-03-25	1	\N	t	2016-12-27 15:59:54.353-04:30	2016-12-27 15:59:54.353-04:30	1	\N
680	Player 51	CONCORDE FIRE	\N	\N	\N	\N	1999-03-01	1	\N	t	2016-12-27 16:01:13.928-04:30	2016-12-27 16:01:13.928-04:30	1	\N
681	Player 52	CONCORDE FIRE	\N	\N	\N	\N	1999-03-02	1	\N	t	2016-12-27 16:01:13.928-04:30	2016-12-27 16:01:13.928-04:30	1	\N
682	Player 53	CONCORDE FIRE	\N	\N	\N	\N	1999-03-03	1	\N	t	2016-12-27 16:01:13.928-04:30	2016-12-27 16:01:13.928-04:30	1	\N
683	Player 54	CONCORDE FIRE	\N	\N	\N	\N	1999-03-04	1	\N	t	2016-12-27 16:01:13.928-04:30	2016-12-27 16:01:13.928-04:30	1	\N
684	Player 55	CONCORDE FIRE	\N	\N	\N	\N	1999-03-05	1	\N	t	2016-12-27 16:01:13.928-04:30	2016-12-27 16:01:13.928-04:30	1	\N
685	Player 56	CONCORDE FIRE	\N	\N	\N	\N	1999-03-06	1	\N	t	2016-12-27 16:01:13.929-04:30	2016-12-27 16:01:13.929-04:30	1	\N
686	Player 57	CONCORDE FIRE	\N	\N	\N	\N	1999-03-07	1	\N	t	2016-12-27 16:01:13.929-04:30	2016-12-27 16:01:13.929-04:30	1	\N
687	Player 58	CONCORDE FIRE	\N	\N	\N	\N	1999-03-08	1	\N	t	2016-12-27 16:01:13.929-04:30	2016-12-27 16:01:13.929-04:30	1	\N
688	Player 59	CONCORDE FIRE	\N	\N	\N	\N	1999-03-09	1	\N	t	2016-12-27 16:01:13.929-04:30	2016-12-27 16:01:13.929-04:30	1	\N
689	Player 60	CONCORDE FIRE	\N	\N	\N	\N	1999-03-10	1	\N	t	2016-12-27 16:01:13.929-04:30	2016-12-27 16:01:13.929-04:30	1	\N
690	Player 61	CONCORDE FIRE	\N	\N	\N	\N	1999-03-11	1	\N	t	2016-12-27 16:01:13.93-04:30	2016-12-27 16:01:13.93-04:30	1	\N
691	Player 62	CONCORDE FIRE	\N	\N	\N	\N	1999-03-12	1	\N	t	2016-12-27 16:01:13.93-04:30	2016-12-27 16:01:13.93-04:30	1	\N
692	Player 63	CONCORDE FIRE	\N	\N	\N	\N	1999-03-13	1	\N	t	2016-12-27 16:01:13.93-04:30	2016-12-27 16:01:13.93-04:30	1	\N
693	Player 64	CONCORDE FIRE	\N	\N	\N	\N	1999-03-14	1	\N	t	2016-12-27 16:01:13.93-04:30	2016-12-27 16:01:13.93-04:30	1	\N
694	Player 65	CONCORDE FIRE	\N	\N	\N	\N	1999-03-15	1	\N	t	2016-12-27 16:01:13.93-04:30	2016-12-27 16:01:13.93-04:30	1	\N
695	Player 66	CONCORDE FIRE	\N	\N	\N	\N	1999-03-16	1	\N	t	2016-12-27 16:01:13.931-04:30	2016-12-27 16:01:13.931-04:30	1	\N
696	Player 67	CONCORDE FIRE	\N	\N	\N	\N	1999-03-17	1	\N	t	2016-12-27 16:01:13.931-04:30	2016-12-27 16:01:13.931-04:30	1	\N
697	Player 68	CONCORDE FIRE	\N	\N	\N	\N	1999-03-18	1	\N	t	2016-12-27 16:01:13.931-04:30	2016-12-27 16:01:13.931-04:30	1	\N
698	Player 69	CONCORDE FIRE	\N	\N	\N	\N	1999-03-19	1	\N	t	2016-12-27 16:01:13.931-04:30	2016-12-27 16:01:13.931-04:30	1	\N
699	Player 70	CONCORDE FIRE	\N	\N	\N	\N	1999-03-20	1	\N	t	2016-12-27 16:01:13.931-04:30	2016-12-27 16:01:13.931-04:30	1	\N
700	Player 71	CONCORDE FIRE	\N	\N	\N	\N	1999-03-21	1	\N	t	2016-12-27 16:01:13.932-04:30	2016-12-27 16:01:13.932-04:30	1	\N
701	Player 72	CONCORDE FIRE	\N	\N	\N	\N	1999-03-22	1	\N	t	2016-12-27 16:01:13.932-04:30	2016-12-27 16:01:13.932-04:30	1	\N
702	Player 73	CONCORDE FIRE	\N	\N	\N	\N	1999-03-23	1	\N	t	2016-12-27 16:01:13.932-04:30	2016-12-27 16:01:13.932-04:30	1	\N
709	Player 80	CONCORDE FIRE	\N	\N	\N	\N	1999-03-05	1	\N	t	2016-12-27 16:01:47.944-04:30	2016-12-27 16:01:47.944-04:30	1	\N
711	Player 82	CONCORDE FIRE	\N	\N	\N	\N	1999-03-07	1	\N	t	2016-12-27 16:01:47.945-04:30	2016-12-27 16:01:47.945-04:30	1	\N
718	Player 89	CONCORDE FIRE	\N	\N	\N	\N	1999-03-14	1	\N	t	2016-12-27 16:01:47.946-04:30	2016-12-27 16:01:47.946-04:30	1	\N
724	Player 95	CONCORDE FIRE	\N	\N	\N	\N	1999-03-20	1	\N	t	2016-12-27 16:01:47.947-04:30	2016-12-27 16:01:47.947-04:30	1	\N
728	Player 99	CONCORDE FIRE	\N	\N	\N	\N	1999-03-24	1	\N	t	2016-12-27 16:01:47.948-04:30	2016-12-27 16:01:47.948-04:30	1	\N
734	Player 55	DALLAS TEXANS	\N	\N	\N	\N	1999-03-05	1	\N	t	2016-12-27 16:02:36.351-04:30	2016-12-27 16:02:36.351-04:30	1	\N
739	Player 59	DALLAS TEXANS	\N	\N	\N	\N	1999-03-09	1	\N	t	2016-12-27 16:02:36.352-04:30	2016-12-27 16:02:36.352-04:30	1	\N
744	Player 65	DALLAS TEXANS	\N	\N	\N	\N	1999-03-15	1	\N	t	2016-12-27 16:02:36.353-04:30	2016-12-27 16:02:36.353-04:30	1	\N
750	Player 71	DALLAS TEXANS	\N	\N	\N	\N	1999-03-21	1	\N	t	2016-12-27 16:02:36.354-04:30	2016-12-27 16:02:36.354-04:30	1	\N
754	Player 75	DALLAS TEXANS	\N	\N	\N	\N	1999-03-25	1	\N	t	2016-12-27 16:02:36.355-04:30	2016-12-27 16:02:36.355-04:30	1	\N
703	Player 74	CONCORDE FIRE	\N	\N	\N	\N	1999-03-24	1	\N	t	2016-12-27 16:01:13.932-04:30	2016-12-27 16:01:13.932-04:30	1	\N
708	Player 78	CONCORDE FIRE	\N	\N	\N	\N	1999-03-03	1	\N	t	2016-12-27 16:01:47.944-04:30	2016-12-27 16:01:47.944-04:30	1	\N
714	Player 85	CONCORDE FIRE	\N	\N	\N	\N	1999-03-10	1	\N	t	2016-12-27 16:01:47.945-04:30	2016-12-27 16:01:47.945-04:30	1	\N
717	Player 88	CONCORDE FIRE	\N	\N	\N	\N	1999-03-13	1	\N	t	2016-12-27 16:01:47.946-04:30	2016-12-27 16:01:47.946-04:30	1	\N
722	Player 93	CONCORDE FIRE	\N	\N	\N	\N	1999-03-18	1	\N	t	2016-12-27 16:01:47.947-04:30	2016-12-27 16:01:47.947-04:30	1	\N
725	Player 96	CONCORDE FIRE	\N	\N	\N	\N	1999-03-21	1	\N	t	2016-12-27 16:01:47.947-04:30	2016-12-27 16:01:47.947-04:30	1	\N
730	Player 51	DALLAS TEXANS	\N	\N	\N	\N	1999-03-01	1	\N	t	2016-12-27 16:02:36.35-04:30	2016-12-27 16:02:36.35-04:30	1	\N
735	Player 56	DALLAS TEXANS	\N	\N	\N	\N	1999-03-06	1	\N	t	2016-12-27 16:02:36.352-04:30	2016-12-27 16:02:36.352-04:30	1	\N
740	Player 61	DALLAS TEXANS	\N	\N	\N	\N	1999-03-11	1	\N	t	2016-12-27 16:02:36.353-04:30	2016-12-27 16:02:36.353-04:30	1	\N
745	Player 66	DALLAS TEXANS	\N	\N	\N	\N	1999-03-16	1	\N	t	2016-12-27 16:02:36.354-04:30	2016-12-27 16:02:36.354-04:30	1	\N
749	Player 70	DALLAS TEXANS	\N	\N	\N	\N	1999-03-20	1	\N	t	2016-12-27 16:02:36.354-04:30	2016-12-27 16:02:36.354-04:30	1	\N
704	Player 75	CONCORDE FIRE	\N	\N	\N	\N	1999-03-25	1	\N	t	2016-12-27 16:01:13.932-04:30	2016-12-27 16:01:13.932-04:30	1	\N
707	Player 79	CONCORDE FIRE	\N	\N	\N	\N	1999-03-04	1	\N	t	2016-12-27 16:01:47.944-04:30	2016-12-27 16:01:47.944-04:30	1	\N
712	Player 83	CONCORDE FIRE	\N	\N	\N	\N	1999-03-08	1	\N	t	2016-12-27 16:01:47.945-04:30	2016-12-27 16:01:47.945-04:30	1	\N
719	Player 90	CONCORDE FIRE	\N	\N	\N	\N	1999-03-15	1	\N	t	2016-12-27 16:01:47.946-04:30	2016-12-27 16:01:47.946-04:30	1	\N
723	Player 94	CONCORDE FIRE	\N	\N	\N	\N	1999-03-19	1	\N	t	2016-12-27 16:01:47.947-04:30	2016-12-27 16:01:47.947-04:30	1	\N
729	Player 00	CONCORDE FIRE	\N	\N	\N	\N	1999-03-25	1	\N	t	2016-12-27 16:01:47.948-04:30	2016-12-27 16:01:47.948-04:30	1	\N
732	Player 53	DALLAS TEXANS	\N	\N	\N	\N	1999-03-03	1	\N	t	2016-12-27 16:02:36.351-04:30	2016-12-27 16:02:36.351-04:30	1	\N
738	Player 60	DALLAS TEXANS	\N	\N	\N	\N	1999-03-10	1	\N	t	2016-12-27 16:02:36.352-04:30	2016-12-27 16:02:36.352-04:30	1	\N
743	Player 64	DALLAS TEXANS	\N	\N	\N	\N	1999-03-14	1	\N	t	2016-12-27 16:02:36.353-04:30	2016-12-27 16:02:36.353-04:30	1	\N
748	Player 69	DALLAS TEXANS	\N	\N	\N	\N	1999-03-19	1	\N	t	2016-12-27 16:02:36.354-04:30	2016-12-27 16:02:36.354-04:30	1	\N
753	Player 74	DALLAS TEXANS	\N	\N	\N	\N	1999-03-24	1	\N	t	2016-12-27 16:02:36.355-04:30	2016-12-27 16:02:36.355-04:30	1	\N
705	Player 76	CONCORDE FIRE	\N	\N	\N	\N	1999-03-01	1	\N	t	2016-12-27 16:01:47.943-04:30	2016-12-27 16:01:47.943-04:30	1	\N
710	Player 81	CONCORDE FIRE	\N	\N	\N	\N	1999-03-06	1	\N	t	2016-12-27 16:01:47.945-04:30	2016-12-27 16:01:47.945-04:30	1	\N
715	Player 86	CONCORDE FIRE	\N	\N	\N	\N	1999-03-11	1	\N	t	2016-12-27 16:01:47.946-04:30	2016-12-27 16:01:47.946-04:30	1	\N
720	Player 91	CONCORDE FIRE	\N	\N	\N	\N	1999-03-16	1	\N	t	2016-12-27 16:01:47.946-04:30	2016-12-27 16:01:47.946-04:30	1	\N
726	Player 97	CONCORDE FIRE	\N	\N	\N	\N	1999-03-22	1	\N	t	2016-12-27 16:01:47.948-04:30	2016-12-27 16:01:47.948-04:30	1	\N
733	Player 54	DALLAS TEXANS	\N	\N	\N	\N	1999-03-04	1	\N	t	2016-12-27 16:02:36.351-04:30	2016-12-27 16:02:36.351-04:30	1	\N
737	Player 58	DALLAS TEXANS	\N	\N	\N	\N	1999-03-08	1	\N	t	2016-12-27 16:02:36.352-04:30	2016-12-27 16:02:36.352-04:30	1	\N
742	Player 63	DALLAS TEXANS	\N	\N	\N	\N	1999-03-13	1	\N	t	2016-12-27 16:02:36.353-04:30	2016-12-27 16:02:36.353-04:30	1	\N
747	Player 68	DALLAS TEXANS	\N	\N	\N	\N	1999-03-18	1	\N	t	2016-12-27 16:02:36.354-04:30	2016-12-27 16:02:36.354-04:30	1	\N
752	Player 73	DALLAS TEXANS	\N	\N	\N	\N	1999-03-23	1	\N	t	2016-12-27 16:02:36.355-04:30	2016-12-27 16:02:36.355-04:30	1	\N
706	Player 77	CONCORDE FIRE	\N	\N	\N	\N	1999-03-02	1	\N	t	2016-12-27 16:01:47.943-04:30	2016-12-27 16:01:47.943-04:30	1	\N
713	Player 84	CONCORDE FIRE	\N	\N	\N	\N	1999-03-09	1	\N	t	2016-12-27 16:01:47.945-04:30	2016-12-27 16:01:47.945-04:30	1	\N
716	Player 87	CONCORDE FIRE	\N	\N	\N	\N	1999-03-12	1	\N	t	2016-12-27 16:01:47.946-04:30	2016-12-27 16:01:47.946-04:30	1	\N
721	Player 92	CONCORDE FIRE	\N	\N	\N	\N	1999-03-17	1	\N	t	2016-12-27 16:01:47.947-04:30	2016-12-27 16:01:47.947-04:30	1	\N
727	Player 98	CONCORDE FIRE	\N	\N	\N	\N	1999-03-23	1	\N	t	2016-12-27 16:01:47.948-04:30	2016-12-27 16:01:47.948-04:30	1	\N
731	Player 52	DALLAS TEXANS	\N	\N	\N	\N	1999-03-02	1	\N	t	2016-12-27 16:02:36.35-04:30	2016-12-27 16:02:36.35-04:30	1	\N
736	Player 57	DALLAS TEXANS	\N	\N	\N	\N	1999-03-07	1	\N	t	2016-12-27 16:02:36.352-04:30	2016-12-27 16:02:36.352-04:30	1	\N
741	Player 62	DALLAS TEXANS	\N	\N	\N	\N	1999-03-12	1	\N	t	2016-12-27 16:02:36.353-04:30	2016-12-27 16:02:36.353-04:30	1	\N
746	Player 67	DALLAS TEXANS	\N	\N	\N	\N	1999-03-17	1	\N	t	2016-12-27 16:02:36.354-04:30	2016-12-27 16:02:36.354-04:30	1	\N
751	Player 72	DALLAS TEXANS	\N	\N	\N	\N	1999-03-22	1	\N	t	2016-12-27 16:02:36.355-04:30	2016-12-27 16:02:36.355-04:30	1	\N
755	Player 76	DALLAS TEXANS	\N	\N	\N	\N	1999-03-01	1	\N	t	2016-12-27 16:03:08.038-04:30	2016-12-27 16:03:08.038-04:30	1	\N
756	Player 77	DALLAS TEXANS	\N	\N	\N	\N	1999-03-02	1	\N	t	2016-12-27 16:03:08.038-04:30	2016-12-27 16:03:08.038-04:30	1	\N
757	Player 78	DALLAS TEXANS	\N	\N	\N	\N	1999-03-03	1	\N	t	2016-12-27 16:03:08.039-04:30	2016-12-27 16:03:08.039-04:30	1	\N
758	Player 79	DALLAS TEXANS	\N	\N	\N	\N	1999-03-04	1	\N	t	2016-12-27 16:03:08.039-04:30	2016-12-27 16:03:08.039-04:30	1	\N
759	Player 80	DALLAS TEXANS	\N	\N	\N	\N	1999-03-05	1	\N	t	2016-12-27 16:03:08.039-04:30	2016-12-27 16:03:08.039-04:30	1	\N
760	Player 81	DALLAS TEXANS	\N	\N	\N	\N	1999-03-06	1	\N	t	2016-12-27 16:03:08.039-04:30	2016-12-27 16:03:08.039-04:30	1	\N
761	Player 82	DALLAS TEXANS	\N	\N	\N	\N	1999-03-07	1	\N	t	2016-12-27 16:03:08.039-04:30	2016-12-27 16:03:08.039-04:30	1	\N
762	Player 83	DALLAS TEXANS	\N	\N	\N	\N	1999-03-08	1	\N	t	2016-12-27 16:03:08.039-04:30	2016-12-27 16:03:08.039-04:30	1	\N
763	Player 84	DALLAS TEXANS	\N	\N	\N	\N	1999-03-09	1	\N	t	2016-12-27 16:03:08.04-04:30	2016-12-27 16:03:08.04-04:30	1	\N
764	Player 85	DALLAS TEXANS	\N	\N	\N	\N	1999-03-10	1	\N	t	2016-12-27 16:03:08.04-04:30	2016-12-27 16:03:08.04-04:30	1	\N
765	Player 86	DALLAS TEXANS	\N	\N	\N	\N	1999-03-11	1	\N	t	2016-12-27 16:03:08.04-04:30	2016-12-27 16:03:08.04-04:30	1	\N
766	Player 87	DALLAS TEXANS	\N	\N	\N	\N	1999-03-12	1	\N	t	2016-12-27 16:03:08.04-04:30	2016-12-27 16:03:08.04-04:30	1	\N
767	Player 88	DALLAS TEXANS	\N	\N	\N	\N	1999-03-13	1	\N	t	2016-12-27 16:03:08.04-04:30	2016-12-27 16:03:08.04-04:30	1	\N
768	Player 89	DALLAS TEXANS	\N	\N	\N	\N	1999-03-14	1	\N	t	2016-12-27 16:03:08.041-04:30	2016-12-27 16:03:08.041-04:30	1	\N
769	Player 90	DALLAS TEXANS	\N	\N	\N	\N	1999-03-15	1	\N	t	2016-12-27 16:03:08.041-04:30	2016-12-27 16:03:08.041-04:30	1	\N
770	Player 91	DALLAS TEXANS	\N	\N	\N	\N	1999-03-16	1	\N	t	2016-12-27 16:03:08.041-04:30	2016-12-27 16:03:08.041-04:30	1	\N
771	Player 92	DALLAS TEXANS	\N	\N	\N	\N	1999-03-17	1	\N	t	2016-12-27 16:03:08.041-04:30	2016-12-27 16:03:08.041-04:30	1	\N
772	Player 93	DALLAS TEXANS	\N	\N	\N	\N	1999-03-18	1	\N	t	2016-12-27 16:03:08.041-04:30	2016-12-27 16:03:08.041-04:30	1	\N
773	Player 94	DALLAS TEXANS	\N	\N	\N	\N	1999-03-19	1	\N	t	2016-12-27 16:03:08.042-04:30	2016-12-27 16:03:08.042-04:30	1	\N
774	Player 95	DALLAS TEXANS	\N	\N	\N	\N	1999-03-20	1	\N	t	2016-12-27 16:03:08.042-04:30	2016-12-27 16:03:08.042-04:30	1	\N
775	Player 96	DALLAS TEXANS	\N	\N	\N	\N	1999-03-21	1	\N	t	2016-12-27 16:03:08.042-04:30	2016-12-27 16:03:08.042-04:30	1	\N
776	Player 97	DALLAS TEXANS	\N	\N	\N	\N	1999-03-22	1	\N	t	2016-12-27 16:03:08.042-04:30	2016-12-27 16:03:08.042-04:30	1	\N
777	Player 98	DALLAS TEXANS	\N	\N	\N	\N	1999-03-23	1	\N	t	2016-12-27 16:03:08.042-04:30	2016-12-27 16:03:08.042-04:30	1	\N
778	Player 99	DALLAS TEXANS	\N	\N	\N	\N	1999-03-24	1	\N	t	2016-12-27 16:03:08.042-04:30	2016-12-27 16:03:08.042-04:30	1	\N
779	Player 00	DALLAS TEXANS	\N	\N	\N	\N	1999-03-25	1	\N	t	2016-12-27 16:03:08.043-04:30	2016-12-27 16:03:08.043-04:30	1	\N
780	Player 51	WESTON FC	\N	\N	\N	\N	1999-03-01	1	\N	t	2016-12-27 16:04:14.508-04:30	2016-12-27 16:04:14.508-04:30	1	\N
781	Player 52	WESTON FC	\N	\N	\N	\N	1999-03-02	1	\N	t	2016-12-27 16:04:14.508-04:30	2016-12-27 16:04:14.508-04:30	1	\N
782	Player 53	WESTON FC	\N	\N	\N	\N	1999-03-03	1	\N	t	2016-12-27 16:04:14.508-04:30	2016-12-27 16:04:14.508-04:30	1	\N
783	Player 54	WESTON FC	\N	\N	\N	\N	1999-03-04	1	\N	t	2016-12-27 16:04:14.509-04:30	2016-12-27 16:04:14.509-04:30	1	\N
784	Player 55	WESTON FC	\N	\N	\N	\N	1999-03-05	1	\N	t	2016-12-27 16:04:14.509-04:30	2016-12-27 16:04:14.509-04:30	1	\N
785	Player 56	WESTON FC	\N	\N	\N	\N	1999-03-06	1	\N	t	2016-12-27 16:04:14.509-04:30	2016-12-27 16:04:14.509-04:30	1	\N
786	Player 57	WESTON FC	\N	\N	\N	\N	1999-03-07	1	\N	t	2016-12-27 16:04:14.51-04:30	2016-12-27 16:04:14.51-04:30	1	\N
787	Player 58	WESTON FC	\N	\N	\N	\N	1999-03-08	1	\N	t	2016-12-27 16:04:14.51-04:30	2016-12-27 16:04:14.51-04:30	1	\N
788	Player 59	WESTON FC	\N	\N	\N	\N	1999-03-09	1	\N	t	2016-12-27 16:04:14.51-04:30	2016-12-27 16:04:14.51-04:30	1	\N
789	Player 60	WESTON FC	\N	\N	\N	\N	1999-03-10	1	\N	t	2016-12-27 16:04:14.51-04:30	2016-12-27 16:04:14.51-04:30	1	\N
790	Player 61	WESTON FC	\N	\N	\N	\N	1999-03-11	1	\N	t	2016-12-27 16:04:14.51-04:30	2016-12-27 16:04:14.51-04:30	1	\N
791	Player 62	WESTON FC	\N	\N	\N	\N	1999-03-12	1	\N	t	2016-12-27 16:04:14.511-04:30	2016-12-27 16:04:14.511-04:30	1	\N
792	Player 63	WESTON FC	\N	\N	\N	\N	1999-03-13	1	\N	t	2016-12-27 16:04:14.511-04:30	2016-12-27 16:04:14.511-04:30	1	\N
793	Player 64	WESTON FC	\N	\N	\N	\N	1999-03-14	1	\N	t	2016-12-27 16:04:14.511-04:30	2016-12-27 16:04:14.511-04:30	1	\N
794	Player 65	WESTON FC	\N	\N	\N	\N	1999-03-15	1	\N	t	2016-12-27 16:04:14.511-04:30	2016-12-27 16:04:14.511-04:30	1	\N
795	Player 66	WESTON FC	\N	\N	\N	\N	1999-03-16	1	\N	t	2016-12-27 16:04:14.511-04:30	2016-12-27 16:04:14.511-04:30	1	\N
796	Player 67	WESTON FC	\N	\N	\N	\N	1999-03-17	1	\N	t	2016-12-27 16:04:14.512-04:30	2016-12-27 16:04:14.512-04:30	1	\N
797	Player 68	WESTON FC	\N	\N	\N	\N	1999-03-18	1	\N	t	2016-12-27 16:04:14.512-04:30	2016-12-27 16:04:14.512-04:30	1	\N
798	Player 69	WESTON FC	\N	\N	\N	\N	1999-03-19	1	\N	t	2016-12-27 16:04:14.512-04:30	2016-12-27 16:04:14.512-04:30	1	\N
799	Player 70	WESTON FC	\N	\N	\N	\N	1999-03-20	1	\N	t	2016-12-27 16:04:14.512-04:30	2016-12-27 16:04:14.512-04:30	1	\N
800	Player 71	WESTON FC	\N	\N	\N	\N	1999-03-21	1	\N	t	2016-12-27 16:04:14.513-04:30	2016-12-27 16:04:14.513-04:30	1	\N
801	Player 72	WESTON FC	\N	\N	\N	\N	1999-03-22	1	\N	t	2016-12-27 16:04:14.513-04:30	2016-12-27 16:04:14.513-04:30	1	\N
802	Player 73	WESTON FC	\N	\N	\N	\N	1999-03-23	1	\N	t	2016-12-27 16:04:14.513-04:30	2016-12-27 16:04:14.513-04:30	1	\N
803	Player 74	WESTON FC	\N	\N	\N	\N	1999-03-24	1	\N	t	2016-12-27 16:04:14.513-04:30	2016-12-27 16:04:14.513-04:30	1	\N
804	Player 75	WESTON FC	\N	\N	\N	\N	1999-03-25	1	\N	t	2016-12-27 16:04:14.514-04:30	2016-12-27 16:04:14.514-04:30	1	\N
805	Player 76	WESTON FC	\N	\N	\N	\N	1999-03-01	1	\N	t	2016-12-27 16:04:33.706-04:30	2016-12-27 16:04:33.706-04:30	1	\N
806	Player 77	WESTON FC	\N	\N	\N	\N	1999-03-02	1	\N	t	2016-12-27 16:04:33.707-04:30	2016-12-27 16:04:33.707-04:30	1	\N
807	Player 78	WESTON FC	\N	\N	\N	\N	1999-03-03	1	\N	t	2016-12-27 16:04:33.707-04:30	2016-12-27 16:04:33.707-04:30	1	\N
808	Player 79	WESTON FC	\N	\N	\N	\N	1999-03-04	1	\N	t	2016-12-27 16:04:33.707-04:30	2016-12-27 16:04:33.707-04:30	1	\N
809	Player 80	WESTON FC	\N	\N	\N	\N	1999-03-05	1	\N	t	2016-12-27 16:04:33.707-04:30	2016-12-27 16:04:33.707-04:30	1	\N
810	Player 81	WESTON FC	\N	\N	\N	\N	1999-03-06	1	\N	t	2016-12-27 16:04:33.708-04:30	2016-12-27 16:04:33.708-04:30	1	\N
811	Player 82	WESTON FC	\N	\N	\N	\N	1999-03-07	1	\N	t	2016-12-27 16:04:33.708-04:30	2016-12-27 16:04:33.708-04:30	1	\N
812	Player 83	WESTON FC	\N	\N	\N	\N	1999-03-08	1	\N	t	2016-12-27 16:04:33.708-04:30	2016-12-27 16:04:33.708-04:30	1	\N
813	Player 84	WESTON FC	\N	\N	\N	\N	1999-03-09	1	\N	t	2016-12-27 16:04:33.708-04:30	2016-12-27 16:04:33.708-04:30	1	\N
814	Player 85	WESTON FC	\N	\N	\N	\N	1999-03-10	1	\N	t	2016-12-27 16:04:33.709-04:30	2016-12-27 16:04:33.709-04:30	1	\N
815	Player 86	WESTON FC	\N	\N	\N	\N	1999-03-11	1	\N	t	2016-12-27 16:04:33.709-04:30	2016-12-27 16:04:33.709-04:30	1	\N
816	Player 87	WESTON FC	\N	\N	\N	\N	1999-03-12	1	\N	t	2016-12-27 16:04:33.709-04:30	2016-12-27 16:04:33.709-04:30	1	\N
817	Player 88	WESTON FC	\N	\N	\N	\N	1999-03-13	1	\N	t	2016-12-27 16:04:33.709-04:30	2016-12-27 16:04:33.709-04:30	1	\N
818	Player 89	WESTON FC	\N	\N	\N	\N	1999-03-14	1	\N	t	2016-12-27 16:04:33.71-04:30	2016-12-27 16:04:33.71-04:30	1	\N
819	Player 90	WESTON FC	\N	\N	\N	\N	1999-03-15	1	\N	t	2016-12-27 16:04:33.71-04:30	2016-12-27 16:04:33.71-04:30	1	\N
820	Player 91	WESTON FC	\N	\N	\N	\N	1999-03-16	1	\N	t	2016-12-27 16:04:33.71-04:30	2016-12-27 16:04:33.71-04:30	1	\N
821	Player 92	WESTON FC	\N	\N	\N	\N	1999-03-17	1	\N	t	2016-12-27 16:04:33.71-04:30	2016-12-27 16:04:33.71-04:30	1	\N
822	Player 93	WESTON FC	\N	\N	\N	\N	1999-03-18	1	\N	t	2016-12-27 16:04:33.711-04:30	2016-12-27 16:04:33.711-04:30	1	\N
823	Player 94	WESTON FC	\N	\N	\N	\N	1999-03-19	1	\N	t	2016-12-27 16:04:33.711-04:30	2016-12-27 16:04:33.711-04:30	1	\N
824	Player 95	WESTON FC	\N	\N	\N	\N	1999-03-20	1	\N	t	2016-12-27 16:04:33.711-04:30	2016-12-27 16:04:33.711-04:30	1	\N
825	Player 96	WESTON FC	\N	\N	\N	\N	1999-03-21	1	\N	t	2016-12-27 16:04:33.711-04:30	2016-12-27 16:04:33.711-04:30	1	\N
826	Player 97	WESTON FC	\N	\N	\N	\N	1999-03-22	1	\N	t	2016-12-27 16:04:33.711-04:30	2016-12-27 16:04:33.711-04:30	1	\N
827	Player 98	WESTON FC	\N	\N	\N	\N	1999-03-23	1	\N	t	2016-12-27 16:04:33.712-04:30	2016-12-27 16:04:33.712-04:30	1	\N
828	Player 99	WESTON FC	\N	\N	\N	\N	1999-03-24	1	\N	t	2016-12-27 16:04:33.712-04:30	2016-12-27 16:04:33.712-04:30	1	\N
829	Player 00	WESTON FC	\N	\N	\N	\N	1999-03-25	1	\N	t	2016-12-27 16:04:33.712-04:30	2016-12-27 16:04:33.712-04:30	1	\N
548	Shelove	Achelus	\N	\N	\N	\N	1999-03-15	1	\N	t	2016-12-27 15:55:17.798-04:30	2016-12-27 17:40:24.785-04:30	1	\N
93	Chase	Vosvick	https://somosport-s3.s3.amazonaws.com/image1482879629596.jpg	\N	\N	\N	1999-03-11	1	\N	t	2016-12-26 16:55:35.118-04:30	2016-12-27 18:31:27.687-04:30	1	\N
92	Caua	Szot Soares	https://somosport-s3.s3.amazonaws.com/image1482879788785.jpg	\N	\N	\N	1999-03-11	1	\N	t	2016-12-26 16:55:35.118-04:30	2016-12-27 18:33:18.656-04:30	1	\N
89	Sylvain Jordan	Njouokep Fotso	https://somosport-s3.s3.amazonaws.com/image1482879931699.jpg	\N	\N	\N	1999-03-08	1	\N	t	2016-12-26 16:55:35.117-04:30	2016-12-27 18:35:44.138-04:30	1	\N
86	Pierre	Mane	https://somosport-s3.s3.amazonaws.com/image1482880125462.jpg	\N	\N	\N	1999-03-05	1	\N	t	2016-12-26 16:55:35.116-04:30	2016-12-27 18:38:51.215-04:30	1	\N
576	Usman	Gil Ivern	https://somosport-s3.s3.amazonaws.com/image1482880172955.jpg	\N	\N	\N	1999-03-18	1	\N	t	2016-12-27 15:55:37.854-04:30	2016-12-27 18:39:37.333-04:30	1	\N
87	Harold	Meek Mayenga	https://somosport-s3.s3.amazonaws.com/image1482880456149.jpg	\N	\N	\N	1999-03-06	1	\N	t	2016-12-26 16:55:35.117-04:30	2016-12-27 18:44:24.34-04:30	1	\N
85	Justin	Malou	https://somosport-s3.s3.amazonaws.com/image1482881021818.jpg	\N	\N	\N	1999-03-04	1	\N	t	2016-12-26 16:55:35.116-04:30	2016-12-27 18:53:45.95-04:30	1	\N
566	Talla	Faye	https://somosport-s3.s3.amazonaws.com/image1482881049803.jpg	\N	\N	\N	1999-03-08	1	\N	t	2016-12-27 15:55:37.849-04:30	2016-12-27 18:54:14.133-04:30	1	\N
79	Abdoul Jacques	Doumbia	https://somosport-s3.s3.amazonaws.com/image1482881068099.jpg	\N	\N	\N	1999-02-26	1	\N	t	2016-12-26 16:55:35.114-04:30	2016-12-27 18:54:35.197-04:30	1	\N
830	Cheche	Vidal	https://somosport-s3.s3.amazonaws.com/image.jpg	\N	\N	\N	2004-11-07	1	\N	t	2016-12-28 13:51:27.469-04:30	2016-12-28 13:51:27.469-04:30	1	\N
831	player 36	SIMA					1999-02-04	1		t	2016-12-28 15:52:36.845-04:30	2016-12-28 15:52:36.845-04:30	1	\N
19	NameTest	LastNameTest	\N	\N	24757103	test	2007-12-01	1	test@gmail.com	t	2016-11-24 17:06:18.26-04:30	2017-01-20 14:14:55.809-04:30	1	\N
832	Beast	Master	https://somosport-s3.s3.amazonaws.com/Beastmaster.png	\N	asdasfdsf	El capo	2012-02-18	1	test@gmail.com	t	2017-01-19 14:37:37.214-04:30	2017-01-22 01:10:50.58-04:30	1	\N
834	Ramses Reinaldo	Lopez			15893422		2000-09-20	1	ramses.lopez@gmail.com	t	2017-03-20 10:16:20.237-04:30	2017-03-20 10:16:20.237-04:30	1	\N
835	Jonathan	Ive	https://somosport-s3.s3.amazonaws.com/3a5e88258f55794665bde228e44b40b8df73ebb2e1bc23102d9cd5b9277034ab.png		V1232132	Jhonny	2000-05-18	1	jive@test.com	t	2017-03-22 16:49:47.593-04:30	2017-03-22 16:49:47.593-04:30	1	\N
833	Ramses Reinaldo	Lopez					2000-05-11	1	ramses.lopez@gmail.com	t	2017-03-20 10:15:22.62-04:30	2017-03-22 17:20:18.526-04:30	1	\N
836	Francisco Javier	De La Blanca	https://somosport-s3.s3.amazonaws.com/0b0a48e4078a67aad2ea569a1ba4402f1eec9527a275739186fa6f4947c99477.png		V14345123	Chesco	2001-04-19	1	franciscoj.delablancam@gmail.com	t	2017-03-22 17:55:41.103-04:30	2017-03-22 17:56:22.449-04:30	1	\N
837	Ramses	Jones			v15000013		2003-04-22	1	ramsesJ@gmail.com	t	2017-03-22 17:57:35.666-04:30	2017-03-22 17:58:03.789-04:30	1	\N
838	Ivan	Mendez					2005-04-21	1		t	2017-03-23 14:02:45.357-04:30	2017-03-23 14:02:45.357-04:30	1	\N
839	Francisco Javier	De La Blanca				Chesco	2006-03-23	1		t	2017-03-23 14:10:06.465-04:30	2017-03-23 14:10:06.465-04:30	1	\N
840	Juan Carlos	Scarpone					2005-07-11	1		t	2017-03-23 14:19:08.858-04:30	2017-03-23 14:19:08.858-04:30	1	\N
842	wrgrwegerwegsdg	rewv35gvrfgsgf			24323434244234234	sfgdgfsdgsfg	2005-03-23	1		t	2017-03-23 15:16:59.275-04:30	2017-03-23 15:16:59.275-04:30	1	\N
843	wrgrwegerwegsdg	rewv35gvrfgsgf			24323434244234234	sfgdgfsdgsfg	2005-03-23	1		t	2017-03-23 15:16:59.383-04:30	2017-03-23 15:16:59.383-04:30	1	\N
844	cccccccccc	vvvvvvvvv			12313	vvv	2005-03-23	1		t	2017-03-23 15:21:31.466-04:30	2017-03-23 15:21:31.466-04:30	1	\N
845	ggggggg	hhhh					2005-03-23	1		t	2017-03-23 15:23:01.854-04:30	2017-03-23 15:23:01.854-04:30	1	\N
841	andres	zcvcxzvzxcv			qreweqwvewe	zcvzcv	2005-03-23	1	zxvzvzvz@gdsagasd.com	t	2017-03-23 15:12:09.349-04:30	2017-03-23 15:30:06.926-04:30	1	\N
846	Irving	Ventura	\N	\N	v15000003	v8	2005-03-31	1	irvingv8@somosport.com	t	2017-03-24 11:33:59.333-04:30	2017-03-24 11:33:59.333-04:30	1	\N
849	Francisco	De La Blanca	\N	\N	v15000002	Chesco	\N	1	\N	t	2017-03-24 14:26:04.225-04:30	2017-03-24 14:26:04.225-04:30	1	\N
850	Jorge	Mendoza	\N	\N	\N	Yorch	2002-07-03	1	\N	t	2017-03-24 14:26:04.227-04:30	2017-03-24 14:26:04.227-04:30	2	\N
851	Juan	Vidal	\N	\N	v15000006	Cheche	1980-04-03	1	che@somosport.com	t	2017-03-24 14:26:04.235-04:30	2017-03-24 14:26:04.235-04:30	1	\N
847	Alfonso	Leon	\N	\N	\N	Poncho	2002-12-03	1	poncho@somosport.com	t	2017-03-24 14:26:04.228-04:30	2017-03-24 14:26:04.228-04:30	1	\N
848	Irving	Ventura	\N	\N	v15000003	v8	2002-08-02	1	irvingv8@somosport.com	t	2017-03-24 14:26:04.226-04:30	2017-03-24 14:26:04.226-04:30	1	\N
852	Cristina	Gonzales	\N	\N	\N	\N	2005-05-23	1	\N	t	2017-03-24 14:26:04.238-04:30	2017-03-24 14:26:04.238-04:30	2	\N
\.


--
-- Name: players_id_seq; Type: SEQUENCE SET; Schema: public; Owner: postgres
--

SELECT pg_catalog.setval('players_id_seq', 852, true);


--
-- Data for Name: players_teams; Type: TABLE DATA; Schema: public; Owner: postgres
--

COPY players_teams (id, active, number, "position", registered_at, unregistered_at, player_id, team_id, position_id, created_at, updated_at, person_id) FROM stdin;
9	t	8	\N	\N	\N	9	2	9	2016-11-24 01:02:45.96-04:30	2016-11-24 01:02:45.96-04:30	9
10	t	9	\N	\N	\N	10	2	8	2016-11-24 01:04:50.759-04:30	2016-11-24 01:04:50.759-04:30	10
11	t	10	\N	\N	\N	11	2	9	2016-11-24 01:06:31.908-04:30	2016-11-24 01:06:31.908-04:30	11
12	t	11	\N	\N	\N	12	2	9	2016-11-24 01:07:21.465-04:30	2016-11-24 01:07:21.465-04:30	12
13	t	12	\N	\N	\N	13	2	9	2016-11-24 01:08:21.628-04:30	2016-11-24 01:08:21.628-04:30	13
14	t	1	\N	\N	\N	14	3	8	2016-11-24 01:35:57.438-04:30	2016-11-24 01:35:57.438-04:30	14
15	t	1	\N	\N	\N	15	8	6	2016-11-24 14:14:07.262-04:30	2016-11-24 14:14:07.262-04:30	15
16	t	9	\N	\N	\N	16	8	9	2016-11-24 14:17:17.542-04:30	2016-11-24 14:17:17.542-04:30	16
17	t	4	\N	\N	\N	17	8	7	2016-11-24 14:20:55.519-04:30	2016-11-24 14:20:55.519-04:30	17
18	t	5	\N	\N	\N	18	8	8	2016-11-24 14:24:36.502-04:30	2016-11-24 14:24:36.502-04:30	18
101	t	10	\N	\N	\N	104	26	19	2016-12-26 16:56:39.183-04:30	2016-12-26 16:56:39.183-04:30	104
102	t	40	\N	\N	\N	107	26	19	2016-12-26 16:56:39.195-04:30	2016-12-26 16:56:39.195-04:30	107
22	t	3	\N	\N	\N	25	12	9	2016-11-25 15:46:10.734-04:30	2016-11-25 15:46:10.734-04:30	25
21	t	3	\N	\N	\N	21	12	\N	2016-11-25 15:43:24.736-04:30	2016-11-25 15:46:21.953-04:30	21
23	t	6	\N	\N	\N	26	12	\N	2016-11-25 15:54:44.449-04:30	2016-11-25 15:54:44.449-04:30	26
24	t	7	\N	\N	\N	27	17	8	2016-11-28 11:39:33.776-04:30	2016-11-28 11:39:33.776-04:30	27
25	t	5	\N	\N	\N	28	18	8	2016-11-28 11:42:40.281-04:30	2016-11-28 11:42:40.281-04:30	28
26	t	20	\N	\N	\N	30	28	19	2016-12-26 16:51:57.673-04:30	2016-12-26 16:51:57.673-04:30	30
27	t	40	\N	\N	\N	32	28	19	2016-12-26 16:51:57.679-04:30	2016-12-26 16:51:57.679-04:30	32
28	t	30	\N	\N	\N	31	28	19	2016-12-26 16:51:57.679-04:30	2016-12-26 16:51:57.679-04:30	31
29	t	10	\N	\N	\N	29	28	19	2016-12-26 16:51:57.68-04:30	2016-12-26 16:51:57.68-04:30	29
30	t	50	\N	\N	\N	33	28	19	2016-12-26 16:51:57.68-04:30	2016-12-26 16:51:57.68-04:30	33
31	t	60	\N	\N	\N	34	28	18	2016-12-26 16:51:57.685-04:30	2016-12-26 16:51:57.685-04:30	34
32	t	100	\N	\N	\N	38	28	18	2016-12-26 16:51:57.691-04:30	2016-12-26 16:51:57.691-04:30	38
33	t	70	\N	\N	\N	35	28	18	2016-12-26 16:51:57.691-04:30	2016-12-26 16:51:57.691-04:30	35
34	t	80	\N	\N	\N	36	28	18	2016-12-26 16:51:57.692-04:30	2016-12-26 16:51:57.692-04:30	36
35	t	90	\N	\N	\N	37	28	18	2016-12-26 16:51:57.693-04:30	2016-12-26 16:51:57.693-04:30	37
36	t	110	\N	\N	\N	39	28	18	2016-12-26 16:51:57.698-04:30	2016-12-26 16:51:57.698-04:30	39
37	t	150	\N	\N	\N	43	28	17	2016-12-26 16:51:57.703-04:30	2016-12-26 16:51:57.703-04:30	43
38	t	140	\N	\N	\N	42	28	17	2016-12-26 16:51:57.704-04:30	2016-12-26 16:51:57.704-04:30	42
39	t	120	\N	\N	\N	40	28	18	2016-12-26 16:51:57.704-04:30	2016-12-26 16:51:57.704-04:30	40
40	t	130	\N	\N	\N	41	28	17	2016-12-26 16:51:57.705-04:30	2016-12-26 16:51:57.705-04:30	41
41	t	160	\N	\N	\N	44	28	17	2016-12-26 16:51:57.711-04:30	2016-12-26 16:51:57.711-04:30	44
42	t	190	\N	\N	\N	47	28	16	2016-12-26 16:51:57.716-04:30	2016-12-26 16:51:57.716-04:30	47
43	t	170	\N	\N	\N	45	28	17	2016-12-26 16:51:57.716-04:30	2016-12-26 16:51:57.716-04:30	45
44	t	180	\N	\N	\N	46	28	17	2016-12-26 16:51:57.716-04:30	2016-12-26 16:51:57.716-04:30	46
45	t	200	\N	\N	\N	48	28	16	2016-12-26 16:51:57.722-04:30	2016-12-26 16:51:57.722-04:30	48
46	t	210	\N	\N	\N	49	28	18	2016-12-26 16:51:57.729-04:30	2016-12-26 16:51:57.729-04:30	49
47	t	220	\N	\N	\N	50	28	17	2016-12-26 16:51:57.729-04:30	2016-12-26 16:51:57.729-04:30	50
48	t	230	\N	\N	\N	51	28	19	2016-12-26 16:51:57.734-04:30	2016-12-26 16:51:57.734-04:30	51
49	t	240	\N	\N	\N	52	28	18	2016-12-26 16:51:57.737-04:30	2016-12-26 16:51:57.737-04:30	52
50	t	250	\N	\N	\N	53	28	19	2016-12-26 16:51:57.739-04:30	2016-12-26 16:51:57.739-04:30	53
51	t	10	\N	\N	\N	54	21	19	2016-12-26 16:53:45.886-04:30	2016-12-26 16:53:45.886-04:30	54
52	t	30	\N	\N	\N	56	21	19	2016-12-26 16:53:45.903-04:30	2016-12-26 16:53:45.903-04:30	56
53	t	20	\N	\N	\N	55	21	19	2016-12-26 16:53:45.903-04:30	2016-12-26 16:53:45.903-04:30	55
54	t	40	\N	\N	\N	57	21	19	2016-12-26 16:53:45.904-04:30	2016-12-26 16:53:45.904-04:30	57
55	t	50	\N	\N	\N	58	21	19	2016-12-26 16:53:45.911-04:30	2016-12-26 16:53:45.911-04:30	58
56	t	60	\N	\N	\N	59	21	18	2016-12-26 16:53:45.918-04:30	2016-12-26 16:53:45.918-04:30	59
57	t	70	\N	\N	\N	60	21	18	2016-12-26 16:53:45.93-04:30	2016-12-26 16:53:45.93-04:30	60
58	t	80	\N	\N	\N	61	21	18	2016-12-26 16:53:45.931-04:30	2016-12-26 16:53:45.931-04:30	61
59	t	90	\N	\N	\N	62	21	18	2016-12-26 16:53:45.94-04:30	2016-12-26 16:53:45.94-04:30	62
60	t	100	\N	\N	\N	63	21	18	2016-12-26 16:53:45.941-04:30	2016-12-26 16:53:45.941-04:30	63
61	t	110	\N	\N	\N	64	21	18	2016-12-26 16:53:45.95-04:30	2016-12-26 16:53:45.95-04:30	64
62	t	120	\N	\N	\N	65	21	18	2016-12-26 16:53:45.951-04:30	2016-12-26 16:53:45.951-04:30	65
63	t	130	\N	\N	\N	66	21	17	2016-12-26 16:53:45.961-04:30	2016-12-26 16:53:45.961-04:30	66
64	t	140	\N	\N	\N	67	21	17	2016-12-26 16:53:45.966-04:30	2016-12-26 16:53:45.966-04:30	67
65	t	150	\N	\N	\N	68	21	17	2016-12-26 16:53:45.98-04:30	2016-12-26 16:53:45.98-04:30	68
66	t	160	\N	\N	\N	69	21	17	2016-12-26 16:53:45.982-04:30	2016-12-26 16:53:45.982-04:30	69
67	t	170	\N	\N	\N	70	21	17	2016-12-26 16:53:45.984-04:30	2016-12-26 16:53:45.984-04:30	70
68	t	180	\N	\N	\N	71	21	17	2016-12-26 16:53:45.994-04:30	2016-12-26 16:53:45.994-04:30	71
69	t	190	\N	\N	\N	72	21	16	2016-12-26 16:53:45.995-04:30	2016-12-26 16:53:45.995-04:30	72
70	t	200	\N	\N	\N	73	21	16	2016-12-26 16:53:46.005-04:30	2016-12-26 16:53:46.005-04:30	73
71	t	210	\N	\N	\N	74	21	18	2016-12-26 16:53:46.009-04:30	2016-12-26 16:53:46.009-04:30	74
72	t	220	\N	\N	\N	75	21	17	2016-12-26 16:53:46.018-04:30	2016-12-26 16:53:46.018-04:30	75
73	t	230	\N	\N	\N	76	21	19	2016-12-26 16:53:46.025-04:30	2016-12-26 16:53:46.025-04:30	76
74	t	240	\N	\N	\N	77	21	18	2016-12-26 16:53:46.025-04:30	2016-12-26 16:53:46.025-04:30	77
75	t	250	\N	\N	\N	78	21	19	2016-12-26 16:53:46.028-04:30	2016-12-26 16:53:46.028-04:30	78
103	t	20	\N	\N	\N	105	26	19	2016-12-26 16:56:39.195-04:30	2016-12-26 16:56:39.195-04:30	105
104	t	30	\N	\N	\N	106	26	19	2016-12-26 16:56:39.195-04:30	2016-12-26 16:56:39.195-04:30	106
105	t	50	\N	\N	\N	108	26	19	2016-12-26 16:56:39.196-04:30	2016-12-26 16:56:39.196-04:30	108
106	t	60	\N	\N	\N	109	26	18	2016-12-26 16:56:39.202-04:30	2016-12-26 16:56:39.202-04:30	109
107	t	100	\N	\N	\N	113	26	18	2016-12-26 16:56:39.212-04:30	2016-12-26 16:56:39.212-04:30	113
108	t	80	\N	\N	\N	111	26	18	2016-12-26 16:56:39.212-04:30	2016-12-26 16:56:39.212-04:30	111
89	t	6	\N	\N	\N	92	23	17	2016-12-26 16:55:35.17-04:30	2016-12-27 18:33:18.693-04:30	92
78	t	5	\N	\N	\N	81	23	19	2016-12-26 16:55:35.141-04:30	2016-12-27 18:32:35.434-04:30	81
92	f	170	\N	\N	\N	95	23	17	2016-12-26 16:55:35.18-04:30	2016-12-28 10:17:19.909-04:30	95
85	t	18	\N	\N	\N	88	23	18	2016-12-26 16:55:35.16-04:30	2016-12-27 18:42:05.662-04:30	88
81	t	25	\N	\N	\N	84	23	16	2016-12-26 16:55:35.148-04:30	2016-12-27 18:46:11.337-04:30	84
84	t	17	\N	\N	\N	87	23	18	2016-12-26 16:55:35.153-04:30	2016-12-27 18:44:24.348-04:30	87
83	t	12	\N	\N	\N	86	23	18	2016-12-26 16:55:35.153-04:30	2016-12-27 18:38:51.352-04:30	86
88	t	15	\N	\N	\N	91	23	17	2016-12-26 16:55:35.167-04:30	2016-12-27 18:33:54.193-04:30	91
91	t	28	\N	\N	\N	94	23	18	2016-12-26 16:55:35.175-04:30	2016-12-27 18:34:50.547-04:30	94
90	t	26	\N	\N	\N	93	23	16	2016-12-26 16:55:35.172-04:30	2016-12-27 18:31:27.719-04:30	93
87	t	16	\N	\N	\N	90	23	18	2016-12-26 16:55:35.166-04:30	2016-12-27 18:36:34.679-04:30	90
79	t	24	\N	\N	\N	82	23	16	2016-12-26 16:55:35.142-04:30	2016-12-27 18:31:43.286-04:30	82
82	t	4	\N	\N	\N	85	23	18	2016-12-26 16:55:35.153-04:30	2016-12-27 18:53:45.955-04:30	85
77	t	11	\N	\N	\N	80	23	19	2016-12-26 16:55:35.141-04:30	2016-12-27 18:55:57.125-04:30	80
86	t	23	\N	\N	\N	89	23	18	2016-12-26 16:55:35.162-04:30	2016-12-27 18:35:44.16-04:30	89
93	f	180	\N	\N	\N	96	23	17	2016-12-26 16:55:35.181-04:30	2016-12-28 10:25:11.989-04:30	96
94	f	190	\N	\N	\N	97	23	16	2016-12-26 16:55:35.183-04:30	2016-12-28 10:25:12.643-04:30	97
95	f	200	\N	\N	\N	98	23	16	2016-12-26 16:55:35.187-04:30	2016-12-28 10:25:14.973-04:30	98
97	f	220	\N	\N	\N	100	23	17	2016-12-26 16:55:35.193-04:30	2016-12-28 10:25:19.589-04:30	100
98	f	230	\N	\N	\N	101	23	19	2016-12-26 16:55:35.193-04:30	2016-12-28 10:25:22.816-04:30	101
99	f	240	\N	\N	\N	102	23	18	2016-12-26 16:55:35.199-04:30	2016-12-28 10:25:25.545-04:30	102
100	f	250	\N	\N	\N	103	23	19	2016-12-26 16:55:35.204-04:30	2016-12-28 10:25:29.541-04:30	103
20	t	1	\N	\N	\N	20	9	9	2016-11-25 11:09:36.762-04:30	2017-01-20 12:49:26.696-04:30	20
19	t	1	\N	\N	\N	19	9	6	2016-11-24 17:06:18.264-04:30	2017-01-20 14:14:55.821-04:30	19
109	t	70	\N	\N	\N	110	26	18	2016-12-26 16:56:39.213-04:30	2016-12-26 16:56:39.213-04:30	110
114	t	140	\N	\N	\N	117	26	17	2016-12-26 16:56:39.225-04:30	2016-12-26 16:56:39.225-04:30	117
117	t	170	\N	\N	\N	120	26	17	2016-12-26 16:56:39.232-04:30	2016-12-26 16:56:39.232-04:30	120
120	t	200	\N	\N	\N	123	26	16	2016-12-26 16:56:39.236-04:30	2016-12-26 16:56:39.236-04:30	123
125	t	250	\N	\N	\N	128	26	19	2016-12-26 16:56:39.248-04:30	2016-12-26 16:56:39.248-04:30	128
110	t	90	\N	\N	\N	112	26	18	2016-12-26 16:56:39.213-04:30	2016-12-26 16:56:39.213-04:30	112
112	t	120	\N	\N	\N	115	26	18	2016-12-26 16:56:39.221-04:30	2016-12-26 16:56:39.221-04:30	115
115	t	150	\N	\N	\N	118	26	17	2016-12-26 16:56:39.226-04:30	2016-12-26 16:56:39.226-04:30	118
119	t	190	\N	\N	\N	122	26	16	2016-12-26 16:56:39.236-04:30	2016-12-26 16:56:39.236-04:30	122
123	t	230	\N	\N	\N	126	26	19	2016-12-26 16:56:39.245-04:30	2016-12-26 16:56:39.245-04:30	126
111	t	110	\N	\N	\N	114	26	18	2016-12-26 16:56:39.217-04:30	2016-12-26 16:56:39.217-04:30	114
116	t	160	\N	\N	\N	119	26	17	2016-12-26 16:56:39.228-04:30	2016-12-26 16:56:39.228-04:30	119
122	t	220	\N	\N	\N	125	26	17	2016-12-26 16:56:39.243-04:30	2016-12-26 16:56:39.243-04:30	125
124	t	240	\N	\N	\N	127	26	18	2016-12-26 16:56:39.248-04:30	2016-12-26 16:56:39.248-04:30	127
113	t	130	\N	\N	\N	116	26	17	2016-12-26 16:56:39.221-04:30	2016-12-26 16:56:39.221-04:30	116
118	t	180	\N	\N	\N	121	26	17	2016-12-26 16:56:39.232-04:30	2016-12-26 16:56:39.232-04:30	121
121	t	210	\N	\N	\N	124	26	18	2016-12-26 16:56:39.239-04:30	2016-12-26 16:56:39.239-04:30	124
126	t	10	\N	\N	\N	129	27	19	2016-12-26 16:58:50.665-04:30	2016-12-26 16:58:50.665-04:30	129
127	t	50	\N	\N	\N	133	27	19	2016-12-26 16:58:50.672-04:30	2016-12-26 16:58:50.672-04:30	133
128	t	30	\N	\N	\N	131	27	19	2016-12-26 16:58:50.673-04:30	2016-12-26 16:58:50.673-04:30	131
129	t	40	\N	\N	\N	132	27	19	2016-12-26 16:58:50.673-04:30	2016-12-26 16:58:50.673-04:30	132
130	t	20	\N	\N	\N	130	27	19	2016-12-26 16:58:50.673-04:30	2016-12-26 16:58:50.673-04:30	130
131	t	60	\N	\N	\N	134	27	18	2016-12-26 16:58:50.679-04:30	2016-12-26 16:58:50.679-04:30	134
132	t	70	\N	\N	\N	135	27	18	2016-12-26 16:58:50.684-04:30	2016-12-26 16:58:50.684-04:30	135
133	t	80	\N	\N	\N	136	27	18	2016-12-26 16:58:50.684-04:30	2016-12-26 16:58:50.684-04:30	136
134	t	90	\N	\N	\N	137	27	18	2016-12-26 16:58:50.685-04:30	2016-12-26 16:58:50.685-04:30	137
135	t	100	\N	\N	\N	138	27	18	2016-12-26 16:58:50.691-04:30	2016-12-26 16:58:50.691-04:30	138
136	t	110	\N	\N	\N	139	27	18	2016-12-26 16:58:50.693-04:30	2016-12-26 16:58:50.693-04:30	139
137	t	120	\N	\N	\N	140	27	18	2016-12-26 16:58:50.696-04:30	2016-12-26 16:58:50.696-04:30	140
138	t	130	\N	\N	\N	141	27	17	2016-12-26 16:58:50.7-04:30	2016-12-26 16:58:50.7-04:30	141
139	t	140	\N	\N	\N	142	27	17	2016-12-26 16:58:50.7-04:30	2016-12-26 16:58:50.7-04:30	142
140	t	150	\N	\N	\N	143	27	17	2016-12-26 16:58:50.703-04:30	2016-12-26 16:58:50.703-04:30	143
141	t	160	\N	\N	\N	144	27	17	2016-12-26 16:58:50.708-04:30	2016-12-26 16:58:50.708-04:30	144
142	t	170	\N	\N	\N	145	27	17	2016-12-26 16:58:50.71-04:30	2016-12-26 16:58:50.71-04:30	145
143	t	180	\N	\N	\N	146	27	17	2016-12-26 16:58:50.714-04:30	2016-12-26 16:58:50.714-04:30	146
144	t	190	\N	\N	\N	147	27	16	2016-12-26 16:58:50.714-04:30	2016-12-26 16:58:50.714-04:30	147
145	t	200	\N	\N	\N	148	27	16	2016-12-26 16:58:50.717-04:30	2016-12-26 16:58:50.717-04:30	148
146	t	210	\N	\N	\N	149	27	18	2016-12-26 16:58:50.72-04:30	2016-12-26 16:58:50.72-04:30	149
147	t	220	\N	\N	\N	150	27	17	2016-12-26 16:58:50.723-04:30	2016-12-26 16:58:50.723-04:30	150
148	t	230	\N	\N	\N	151	27	19	2016-12-26 16:58:50.728-04:30	2016-12-26 16:58:50.728-04:30	151
149	t	240	\N	\N	\N	152	27	18	2016-12-26 16:58:50.729-04:30	2016-12-26 16:58:50.729-04:30	152
150	t	250	\N	\N	\N	153	27	19	2016-12-26 16:58:50.732-04:30	2016-12-26 16:58:50.732-04:30	153
151	t	10	\N	\N	\N	154	24	19	2016-12-26 16:59:56.398-04:30	2016-12-26 16:59:56.398-04:30	154
152	t	50	\N	\N	\N	158	24	19	2016-12-26 16:59:56.404-04:30	2016-12-26 16:59:56.404-04:30	158
153	t	30	\N	\N	\N	156	24	19	2016-12-26 16:59:56.404-04:30	2016-12-26 16:59:56.404-04:30	156
154	t	20	\N	\N	\N	155	24	19	2016-12-26 16:59:56.405-04:30	2016-12-26 16:59:56.405-04:30	155
155	t	40	\N	\N	\N	157	24	19	2016-12-26 16:59:56.405-04:30	2016-12-26 16:59:56.405-04:30	157
156	t	60	\N	\N	\N	159	24	18	2016-12-26 16:59:56.409-04:30	2016-12-26 16:59:56.409-04:30	159
157	t	70	\N	\N	\N	160	24	18	2016-12-26 16:59:56.412-04:30	2016-12-26 16:59:56.412-04:30	160
158	t	100	\N	\N	\N	163	24	18	2016-12-26 16:59:56.415-04:30	2016-12-26 16:59:56.415-04:30	163
159	t	80	\N	\N	\N	161	24	18	2016-12-26 16:59:56.416-04:30	2016-12-26 16:59:56.416-04:30	161
160	t	90	\N	\N	\N	162	24	18	2016-12-26 16:59:56.417-04:30	2016-12-26 16:59:56.417-04:30	162
161	t	110	\N	\N	\N	164	24	18	2016-12-26 16:59:56.421-04:30	2016-12-26 16:59:56.421-04:30	164
162	t	120	\N	\N	\N	165	24	18	2016-12-26 16:59:56.423-04:30	2016-12-26 16:59:56.423-04:30	165
163	t	130	\N	\N	\N	166	24	17	2016-12-26 16:59:56.426-04:30	2016-12-26 16:59:56.426-04:30	166
164	t	140	\N	\N	\N	167	24	17	2016-12-26 16:59:56.426-04:30	2016-12-26 16:59:56.426-04:30	167
165	t	150	\N	\N	\N	168	24	17	2016-12-26 16:59:56.429-04:30	2016-12-26 16:59:56.429-04:30	168
166	t	160	\N	\N	\N	169	24	17	2016-12-26 16:59:56.431-04:30	2016-12-26 16:59:56.431-04:30	169
167	t	170	\N	\N	\N	170	24	17	2016-12-26 16:59:56.434-04:30	2016-12-26 16:59:56.434-04:30	170
168	t	180	\N	\N	\N	171	24	17	2016-12-26 16:59:56.437-04:30	2016-12-26 16:59:56.437-04:30	171
169	t	190	\N	\N	\N	172	24	16	2016-12-26 16:59:56.438-04:30	2016-12-26 16:59:56.438-04:30	172
170	t	200	\N	\N	\N	173	24	16	2016-12-26 16:59:56.44-04:30	2016-12-26 16:59:56.44-04:30	173
171	t	210	\N	\N	\N	174	24	18	2016-12-26 16:59:56.443-04:30	2016-12-26 16:59:56.443-04:30	174
172	t	220	\N	\N	\N	175	24	17	2016-12-26 16:59:56.448-04:30	2016-12-26 16:59:56.448-04:30	175
173	t	230	\N	\N	\N	176	24	19	2016-12-26 16:59:56.453-04:30	2016-12-26 16:59:56.453-04:30	176
174	t	240	\N	\N	\N	177	24	18	2016-12-26 16:59:56.454-04:30	2016-12-26 16:59:56.454-04:30	177
175	t	250	\N	\N	\N	178	24	19	2016-12-26 16:59:56.454-04:30	2016-12-26 16:59:56.454-04:30	178
176	t	10	\N	\N	\N	179	22	19	2016-12-26 17:01:15.762-04:30	2016-12-26 17:01:15.762-04:30	179
177	t	50	\N	\N	\N	183	22	19	2016-12-26 17:01:15.767-04:30	2016-12-26 17:01:15.767-04:30	183
178	t	30	\N	\N	\N	181	22	19	2016-12-26 17:01:15.767-04:30	2016-12-26 17:01:15.767-04:30	181
179	t	20	\N	\N	\N	180	22	19	2016-12-26 17:01:15.768-04:30	2016-12-26 17:01:15.768-04:30	180
180	t	40	\N	\N	\N	182	22	19	2016-12-26 17:01:15.769-04:30	2016-12-26 17:01:15.769-04:30	182
181	t	60	\N	\N	\N	184	22	18	2016-12-26 17:01:15.773-04:30	2016-12-26 17:01:15.773-04:30	184
182	t	90	\N	\N	\N	187	22	18	2016-12-26 17:01:15.777-04:30	2016-12-26 17:01:15.777-04:30	187
183	t	70	\N	\N	\N	185	22	18	2016-12-26 17:01:15.777-04:30	2016-12-26 17:01:15.777-04:30	185
184	t	80	\N	\N	\N	186	22	18	2016-12-26 17:01:15.778-04:30	2016-12-26 17:01:15.778-04:30	186
185	t	100	\N	\N	\N	188	22	18	2016-12-26 17:01:15.781-04:30	2016-12-26 17:01:15.781-04:30	188
186	t	110	\N	\N	\N	189	22	18	2016-12-26 17:01:15.784-04:30	2016-12-26 17:01:15.784-04:30	189
187	t	120	\N	\N	\N	190	22	18	2016-12-26 17:01:15.786-04:30	2016-12-26 17:01:15.786-04:30	190
188	t	130	\N	\N	\N	191	22	17	2016-12-26 17:01:15.789-04:30	2016-12-26 17:01:15.789-04:30	191
189	t	140	\N	\N	\N	192	22	17	2016-12-26 17:01:15.789-04:30	2016-12-26 17:01:15.789-04:30	192
190	t	150	\N	\N	\N	193	22	17	2016-12-26 17:01:15.792-04:30	2016-12-26 17:01:15.792-04:30	193
191	t	160	\N	\N	\N	194	22	17	2016-12-26 17:01:15.794-04:30	2016-12-26 17:01:15.794-04:30	194
192	t	170	\N	\N	\N	195	22	17	2016-12-26 17:01:15.796-04:30	2016-12-26 17:01:15.796-04:30	195
193	t	180	\N	\N	\N	196	22	17	2016-12-26 17:01:15.8-04:30	2016-12-26 17:01:15.8-04:30	196
194	t	190	\N	\N	\N	197	22	16	2016-12-26 17:01:15.801-04:30	2016-12-26 17:01:15.801-04:30	197
195	t	200	\N	\N	\N	198	22	16	2016-12-26 17:01:15.803-04:30	2016-12-26 17:01:15.803-04:30	198
196	t	210	\N	\N	\N	199	22	18	2016-12-26 17:01:15.806-04:30	2016-12-26 17:01:15.806-04:30	199
197	t	220	\N	\N	\N	200	22	17	2016-12-26 17:01:15.808-04:30	2016-12-26 17:01:15.808-04:30	200
198	t	230	\N	\N	\N	201	22	19	2016-12-26 17:01:15.811-04:30	2016-12-26 17:01:15.811-04:30	201
199	t	240	\N	\N	\N	202	22	18	2016-12-26 17:01:15.811-04:30	2016-12-26 17:01:15.811-04:30	202
200	t	250	\N	\N	\N	203	22	19	2016-12-26 17:01:15.814-04:30	2016-12-26 17:01:15.814-04:30	203
201	t	10	\N	\N	\N	204	20	19	2016-12-26 17:05:09.242-04:30	2016-12-26 17:05:09.242-04:30	204
202	t	20	\N	\N	\N	205	20	19	2016-12-26 17:05:09.246-04:30	2016-12-26 17:05:09.246-04:30	205
203	t	30	\N	\N	\N	206	20	19	2016-12-26 17:05:09.252-04:30	2016-12-26 17:05:09.252-04:30	206
204	t	40	\N	\N	\N	207	20	19	2016-12-26 17:05:09.271-04:30	2016-12-26 17:05:09.271-04:30	207
205	t	50	\N	\N	\N	209	20	19	2016-12-26 17:05:09.276-04:30	2016-12-26 17:05:09.276-04:30	209
206	t	80	\N	\N	\N	211	20	18	2016-12-26 17:05:09.284-04:30	2016-12-26 17:05:09.284-04:30	211
207	t	60	\N	\N	\N	208	20	18	2016-12-26 17:05:09.284-04:30	2016-12-26 17:05:09.284-04:30	208
208	t	70	\N	\N	\N	210	20	18	2016-12-26 17:05:09.285-04:30	2016-12-26 17:05:09.285-04:30	210
209	t	90	\N	\N	\N	212	20	18	2016-12-26 17:05:09.294-04:30	2016-12-26 17:05:09.294-04:30	212
210	t	100	\N	\N	\N	213	20	18	2016-12-26 17:05:09.296-04:30	2016-12-26 17:05:09.296-04:30	213
211	t	110	\N	\N	\N	214	20	18	2016-12-26 17:05:09.302-04:30	2016-12-26 17:05:09.302-04:30	214
212	t	120	\N	\N	\N	215	20	18	2016-12-26 17:05:09.302-04:30	2016-12-26 17:05:09.302-04:30	215
213	t	130	\N	\N	\N	216	20	17	2016-12-26 17:05:09.306-04:30	2016-12-26 17:05:09.306-04:30	216
214	t	140	\N	\N	\N	217	20	17	2016-12-26 17:05:09.308-04:30	2016-12-26 17:05:09.308-04:30	217
215	t	150	\N	\N	\N	218	20	17	2016-12-26 17:05:09.311-04:30	2016-12-26 17:05:09.311-04:30	218
216	t	160	\N	\N	\N	219	20	17	2016-12-26 17:05:09.314-04:30	2016-12-26 17:05:09.314-04:30	219
217	t	170	\N	\N	\N	220	20	17	2016-12-26 17:05:09.315-04:30	2016-12-26 17:05:09.315-04:30	220
218	t	180	\N	\N	\N	221	20	17	2016-12-26 17:05:09.324-04:30	2016-12-26 17:05:09.324-04:30	221
219	t	190	\N	\N	\N	222	20	16	2016-12-26 17:05:09.327-04:30	2016-12-26 17:05:09.327-04:30	222
220	t	200	\N	\N	\N	223	20	16	2016-12-26 17:05:09.33-04:30	2016-12-26 17:05:09.33-04:30	223
221	t	210	\N	\N	\N	224	20	18	2016-12-26 17:05:09.335-04:30	2016-12-26 17:05:09.335-04:30	224
222	t	220	\N	\N	\N	225	20	17	2016-12-26 17:05:09.336-04:30	2016-12-26 17:05:09.336-04:30	225
223	t	230	\N	\N	\N	226	20	19	2016-12-26 17:05:09.339-04:30	2016-12-26 17:05:09.339-04:30	226
224	t	240	\N	\N	\N	227	20	18	2016-12-26 17:05:09.342-04:30	2016-12-26 17:05:09.342-04:30	227
225	t	250	\N	\N	\N	228	20	19	2016-12-26 17:05:09.349-04:30	2016-12-26 17:05:09.349-04:30	228
226	t	9	\N	\N	\N	229	29	\N	2016-12-27 12:27:11.758-04:30	2016-12-27 12:27:11.758-04:30	229
227	t	260	\N	\N	\N	230	27	19	2016-12-27 14:07:02.636-04:30	2016-12-27 14:07:02.636-04:30	230
228	t	280	\N	\N	\N	232	27	19	2016-12-27 14:07:02.641-04:30	2016-12-27 14:07:02.641-04:30	232
229	t	290	\N	\N	\N	233	27	19	2016-12-27 14:07:02.642-04:30	2016-12-27 14:07:02.642-04:30	233
230	t	270	\N	\N	\N	231	27	19	2016-12-27 14:07:02.642-04:30	2016-12-27 14:07:02.642-04:30	231
231	t	300	\N	\N	\N	234	27	19	2016-12-27 14:07:02.642-04:30	2016-12-27 14:07:02.642-04:30	234
235	t	330	\N	\N	\N	237	27	18	2016-12-27 14:07:02.655-04:30	2016-12-27 14:07:02.655-04:30	237
240	t	390	\N	\N	\N	243	27	17	2016-12-27 14:07:02.665-04:30	2016-12-27 14:07:02.665-04:30	243
243	t	420	\N	\N	\N	246	27	17	2016-12-27 14:07:02.677-04:30	2016-12-27 14:07:02.677-04:30	246
245	t	450	\N	\N	\N	249	27	16	2016-12-27 14:07:02.682-04:30	2016-12-27 14:07:02.682-04:30	249
248	t	470	\N	\N	\N	251	27	17	2016-12-27 14:07:02.691-04:30	2016-12-27 14:07:02.691-04:30	251
250	t	490	\N	\N	\N	253	27	18	2016-12-27 14:07:02.695-04:30	2016-12-27 14:07:02.695-04:30	253
252	t	260	\N	\N	\N	255	28	19	2016-12-27 14:08:05.135-04:30	2016-12-27 14:08:05.135-04:30	255
253	t	290	\N	\N	\N	258	28	19	2016-12-27 14:08:05.142-04:30	2016-12-27 14:08:05.142-04:30	258
255	t	280	\N	\N	\N	257	28	19	2016-12-27 14:08:05.143-04:30	2016-12-27 14:08:05.143-04:30	257
257	t	310	\N	\N	\N	260	28	18	2016-12-27 14:08:05.154-04:30	2016-12-27 14:08:05.154-04:30	260
258	t	320	\N	\N	\N	261	28	18	2016-12-27 14:08:05.163-04:30	2016-12-27 14:08:05.163-04:30	261
260	t	330	\N	\N	\N	262	28	18	2016-12-27 14:08:05.165-04:30	2016-12-27 14:08:05.165-04:30	262
264	t	400	\N	\N	\N	269	28	17	2016-12-27 14:08:05.184-04:30	2016-12-27 14:08:05.184-04:30	269
266	t	370	\N	\N	\N	266	28	18	2016-12-27 14:08:05.185-04:30	2016-12-27 14:08:05.185-04:30	266
269	t	450	\N	\N	\N	274	28	16	2016-12-27 14:08:05.206-04:30	2016-12-27 14:08:05.206-04:30	274
271	t	430	\N	\N	\N	272	28	17	2016-12-27 14:08:05.207-04:30	2016-12-27 14:08:05.207-04:30	272
274	t	470	\N	\N	\N	276	28	17	2016-12-27 14:08:05.228-04:30	2016-12-27 14:08:05.228-04:30	276
276	t	480	\N	\N	\N	277	28	19	2016-12-27 14:08:05.229-04:30	2016-12-27 14:08:05.229-04:30	277
304	t	300	\N	\N	\N	309	20	19	2016-12-27 14:09:12.121-04:30	2016-12-27 14:09:12.121-04:30	309
308	t	320	\N	\N	\N	311	20	18	2016-12-27 14:09:12.136-04:30	2016-12-27 14:09:12.136-04:30	311
309	t	360	\N	\N	\N	315	20	18	2016-12-27 14:09:12.14-04:30	2016-12-27 14:09:12.14-04:30	315
311	t	350	\N	\N	\N	314	20	18	2016-12-27 14:09:12.14-04:30	2016-12-27 14:09:12.14-04:30	314
313	t	370	\N	\N	\N	316	20	18	2016-12-27 14:09:12.145-04:30	2016-12-27 14:09:12.145-04:30	316
314	t	380	\N	\N	\N	317	20	17	2016-12-27 14:09:12.147-04:30	2016-12-27 14:09:12.147-04:30	317
315	t	390	\N	\N	\N	318	20	17	2016-12-27 14:09:12.15-04:30	2016-12-27 14:09:12.15-04:30	318
318	t	420	\N	\N	\N	321	20	17	2016-12-27 14:09:12.155-04:30	2016-12-27 14:09:12.155-04:30	321
319	t	430	\N	\N	\N	322	20	17	2016-12-27 14:09:12.157-04:30	2016-12-27 14:09:12.157-04:30	322
321	t	460	\N	\N	\N	325	20	18	2016-12-27 14:09:12.162-04:30	2016-12-27 14:09:12.162-04:30	325
323	t	470	\N	\N	\N	326	20	17	2016-12-27 14:09:12.165-04:30	2016-12-27 14:09:12.165-04:30	326
325	t	490	\N	\N	\N	328	20	18	2016-12-27 14:09:12.172-04:30	2016-12-27 14:09:12.172-04:30	328
327	t	260	\N	\N	\N	330	26	19	2016-12-27 14:09:50.631-04:30	2016-12-27 14:09:50.631-04:30	330
328	t	290	\N	\N	\N	333	26	19	2016-12-27 14:09:50.638-04:30	2016-12-27 14:09:50.638-04:30	333
331	t	300	\N	\N	\N	334	26	19	2016-12-27 14:09:50.639-04:30	2016-12-27 14:09:50.639-04:30	334
332	t	310	\N	\N	\N	335	26	18	2016-12-27 14:09:50.653-04:30	2016-12-27 14:09:50.653-04:30	335
333	t	330	\N	\N	\N	337	26	18	2016-12-27 14:09:50.671-04:30	2016-12-27 14:09:50.671-04:30	337
336	t	320	\N	\N	\N	336	26	18	2016-12-27 14:09:50.673-04:30	2016-12-27 14:09:50.673-04:30	336
341	t	400	\N	\N	\N	344	26	17	2016-12-27 14:09:50.701-04:30	2016-12-27 14:09:50.701-04:30	344
346	t	440	\N	\N	\N	348	26	16	2016-12-27 14:09:50.728-04:30	2016-12-27 14:09:50.728-04:30	348
347	t	460	\N	\N	\N	350	26	18	2016-12-27 14:09:50.749-04:30	2016-12-27 14:09:50.749-04:30	350
349	t	480	\N	\N	\N	352	26	19	2016-12-27 14:09:50.762-04:30	2016-12-27 14:09:50.762-04:30	352
351	t	500	\N	\N	\N	354	26	19	2016-12-27 14:09:50.769-04:30	2016-12-27 14:09:50.769-04:30	354
277	f	260	\N	\N	\N	280	23	19	2016-12-27 14:08:40.434-04:30	2016-12-28 10:25:32.986-04:30	280
278	f	280	\N	\N	\N	282	23	19	2016-12-27 14:08:40.441-04:30	2016-12-28 10:25:34.4-04:30	282
282	f	310	\N	\N	\N	285	23	18	2016-12-27 14:08:40.452-04:30	2016-12-28 10:25:35.289-04:30	285
287	f	360	\N	\N	\N	290	23	18	2016-12-27 14:08:40.462-04:30	2016-12-28 10:25:39.828-04:30	290
283	f	340	\N	\N	\N	288	23	18	2016-12-27 14:08:40.457-04:30	2016-12-28 10:25:42.481-04:30	288
289	f	380	\N	\N	\N	292	23	17	2016-12-27 14:08:40.465-04:30	2016-12-28 10:25:44.558-04:30	292
292	f	400	\N	\N	\N	294	23	17	2016-12-27 14:08:40.471-04:30	2016-12-28 10:25:46.755-04:30	294
293	f	420	\N	\N	\N	296	23	17	2016-12-27 14:08:40.473-04:30	2016-12-28 10:27:33.976-04:30	296
298	f	460	\N	\N	\N	300	23	18	2016-12-27 14:08:40.481-04:30	2016-12-28 15:22:45.099-04:30	300
232	t	310	\N	\N	\N	235	27	18	2016-12-27 14:07:02.647-04:30	2016-12-27 14:07:02.647-04:30	235
234	t	340	\N	\N	\N	238	27	18	2016-12-27 14:07:02.654-04:30	2016-12-27 14:07:02.654-04:30	238
237	t	360	\N	\N	\N	240	27	18	2016-12-27 14:07:02.66-04:30	2016-12-27 14:07:02.66-04:30	240
239	t	380	\N	\N	\N	242	27	17	2016-12-27 14:07:02.665-04:30	2016-12-27 14:07:02.665-04:30	242
242	t	410	\N	\N	\N	245	27	17	2016-12-27 14:07:02.674-04:30	2016-12-27 14:07:02.674-04:30	245
247	t	460	\N	\N	\N	250	27	18	2016-12-27 14:07:02.688-04:30	2016-12-27 14:07:02.688-04:30	250
249	t	480	\N	\N	\N	252	27	19	2016-12-27 14:07:02.694-04:30	2016-12-27 14:07:02.694-04:30	252
268	t	440	\N	\N	\N	273	28	16	2016-12-27 14:08:05.205-04:30	2016-12-27 14:08:05.205-04:30	273
272	t	460	\N	\N	\N	275	28	18	2016-12-27 14:08:05.216-04:30	2016-12-27 14:08:05.216-04:30	275
307	t	310	\N	\N	\N	310	20	18	2016-12-27 14:09:12.126-04:30	2016-12-27 14:09:12.126-04:30	310
312	t	330	\N	\N	\N	312	20	18	2016-12-27 14:09:12.141-04:30	2016-12-27 14:09:12.141-04:30	312
317	t	410	\N	\N	\N	320	20	17	2016-12-27 14:09:12.152-04:30	2016-12-27 14:09:12.152-04:30	320
322	t	450	\N	\N	\N	324	20	16	2016-12-27 14:09:12.162-04:30	2016-12-27 14:09:12.162-04:30	324
324	t	480	\N	\N	\N	327	20	19	2016-12-27 14:09:12.169-04:30	2016-12-27 14:09:12.169-04:30	327
329	t	270	\N	\N	\N	331	26	19	2016-12-27 14:09:50.639-04:30	2016-12-27 14:09:50.639-04:30	331
335	t	340	\N	\N	\N	338	26	18	2016-12-27 14:09:50.672-04:30	2016-12-27 14:09:50.672-04:30	338
339	t	380	\N	\N	\N	342	26	17	2016-12-27 14:09:50.699-04:30	2016-12-27 14:09:50.699-04:30	342
344	t	430	\N	\N	\N	347	26	17	2016-12-27 14:09:50.726-04:30	2016-12-27 14:09:50.726-04:30	347
350	t	490	\N	\N	\N	353	26	18	2016-12-27 14:09:50.763-04:30	2016-12-27 14:09:50.763-04:30	353
279	f	270	\N	\N	\N	281	23	19	2016-12-27 14:08:40.441-04:30	2016-12-28 10:25:53.383-04:30	281
284	f	350	\N	\N	\N	289	23	18	2016-12-27 14:08:40.457-04:30	2016-12-28 10:25:55.057-04:30	289
297	f	470	\N	\N	\N	301	23	17	2016-12-27 14:08:40.481-04:30	2016-12-28 10:26:56.072-04:30	301
295	f	440	\N	\N	\N	298	23	16	2016-12-27 14:08:40.477-04:30	2016-12-28 10:26:56.154-04:30	298
301	f	500	\N	\N	\N	304	23	19	2016-12-27 14:08:40.487-04:30	2016-12-28 10:26:56.252-04:30	304
290	f	390	\N	\N	\N	293	23	17	2016-12-27 14:08:40.468-04:30	2016-12-28 10:26:58.545-04:30	293
233	t	320	\N	\N	\N	236	27	18	2016-12-27 14:07:02.65-04:30	2016-12-27 14:07:02.65-04:30	236
236	t	350	\N	\N	\N	239	27	18	2016-12-27 14:07:02.657-04:30	2016-12-27 14:07:02.657-04:30	239
238	t	370	\N	\N	\N	241	27	18	2016-12-27 14:07:02.665-04:30	2016-12-27 14:07:02.665-04:30	241
241	t	400	\N	\N	\N	244	27	17	2016-12-27 14:07:02.671-04:30	2016-12-27 14:07:02.671-04:30	244
244	t	430	\N	\N	\N	247	27	17	2016-12-27 14:07:02.679-04:30	2016-12-27 14:07:02.679-04:30	247
246	t	440	\N	\N	\N	248	27	16	2016-12-27 14:07:02.682-04:30	2016-12-27 14:07:02.682-04:30	248
251	t	500	\N	\N	\N	254	27	19	2016-12-27 14:07:02.7-04:30	2016-12-27 14:07:02.7-04:30	254
254	t	270	\N	\N	\N	256	28	19	2016-12-27 14:08:05.142-04:30	2016-12-27 14:08:05.142-04:30	256
256	t	300	\N	\N	\N	259	28	19	2016-12-27 14:08:05.143-04:30	2016-12-27 14:08:05.143-04:30	259
259	t	350	\N	\N	\N	264	28	18	2016-12-27 14:08:05.165-04:30	2016-12-27 14:08:05.165-04:30	264
261	t	340	\N	\N	\N	263	28	18	2016-12-27 14:08:05.166-04:30	2016-12-27 14:08:05.166-04:30	263
262	t	360	\N	\N	\N	265	28	18	2016-12-27 14:08:05.174-04:30	2016-12-27 14:08:05.174-04:30	265
263	t	390	\N	\N	\N	268	28	17	2016-12-27 14:08:05.183-04:30	2016-12-27 14:08:05.183-04:30	268
265	t	380	\N	\N	\N	267	28	17	2016-12-27 14:08:05.184-04:30	2016-12-27 14:08:05.184-04:30	267
267	t	410	\N	\N	\N	270	28	17	2016-12-27 14:08:05.196-04:30	2016-12-27 14:08:05.196-04:30	270
270	t	420	\N	\N	\N	271	28	17	2016-12-27 14:08:05.206-04:30	2016-12-27 14:08:05.206-04:30	271
273	t	500	\N	\N	\N	279	28	19	2016-12-27 14:08:05.227-04:30	2016-12-27 14:08:05.227-04:30	279
275	t	490	\N	\N	\N	278	28	18	2016-12-27 14:08:05.228-04:30	2016-12-27 14:08:05.228-04:30	278
302	t	260	\N	\N	\N	305	20	19	2016-12-27 14:09:12.112-04:30	2016-12-27 14:09:12.112-04:30	305
303	t	290	\N	\N	\N	308	20	19	2016-12-27 14:09:12.12-04:30	2016-12-27 14:09:12.12-04:30	308
305	t	270	\N	\N	\N	306	20	19	2016-12-27 14:09:12.121-04:30	2016-12-27 14:09:12.121-04:30	306
306	t	280	\N	\N	\N	307	20	19	2016-12-27 14:09:12.121-04:30	2016-12-27 14:09:12.121-04:30	307
310	t	340	\N	\N	\N	313	20	18	2016-12-27 14:09:12.14-04:30	2016-12-27 14:09:12.14-04:30	313
316	t	400	\N	\N	\N	319	20	17	2016-12-27 14:09:12.15-04:30	2016-12-27 14:09:12.15-04:30	319
320	t	440	\N	\N	\N	323	20	16	2016-12-27 14:09:12.159-04:30	2016-12-27 14:09:12.159-04:30	323
326	t	500	\N	\N	\N	329	20	19	2016-12-27 14:09:12.173-04:30	2016-12-27 14:09:12.173-04:30	329
330	t	280	\N	\N	\N	332	26	19	2016-12-27 14:09:50.639-04:30	2016-12-27 14:09:50.639-04:30	332
334	t	350	\N	\N	\N	339	26	18	2016-12-27 14:09:50.671-04:30	2016-12-27 14:09:50.671-04:30	339
337	t	360	\N	\N	\N	340	26	18	2016-12-27 14:09:50.689-04:30	2016-12-27 14:09:50.689-04:30	340
338	t	370	\N	\N	\N	341	26	18	2016-12-27 14:09:50.699-04:30	2016-12-27 14:09:50.699-04:30	341
340	t	390	\N	\N	\N	343	26	17	2016-12-27 14:09:50.7-04:30	2016-12-27 14:09:50.7-04:30	343
342	t	410	\N	\N	\N	345	26	17	2016-12-27 14:09:50.713-04:30	2016-12-27 14:09:50.713-04:30	345
343	t	420	\N	\N	\N	346	26	17	2016-12-27 14:09:50.718-04:30	2016-12-27 14:09:50.718-04:30	346
345	t	450	\N	\N	\N	349	26	16	2016-12-27 14:09:50.726-04:30	2016-12-27 14:09:50.726-04:30	349
348	t	470	\N	\N	\N	351	26	17	2016-12-27 14:09:50.753-04:30	2016-12-27 14:09:50.753-04:30	351
352	t	260	\N	\N	\N	355	24	19	2016-12-27 14:10:25.539-04:30	2016-12-27 14:10:25.539-04:30	355
353	t	280	\N	\N	\N	357	24	19	2016-12-27 14:10:25.545-04:30	2016-12-27 14:10:25.545-04:30	357
354	t	270	\N	\N	\N	356	24	19	2016-12-27 14:10:25.545-04:30	2016-12-27 14:10:25.545-04:30	356
355	t	290	\N	\N	\N	358	24	19	2016-12-27 14:10:25.546-04:30	2016-12-27 14:10:25.546-04:30	358
356	t	300	\N	\N	\N	359	24	19	2016-12-27 14:10:25.546-04:30	2016-12-27 14:10:25.546-04:30	359
357	t	310	\N	\N	\N	360	24	18	2016-12-27 14:10:25.551-04:30	2016-12-27 14:10:25.551-04:30	360
358	t	340	\N	\N	\N	363	24	18	2016-12-27 14:10:25.557-04:30	2016-12-27 14:10:25.557-04:30	363
359	t	320	\N	\N	\N	361	24	18	2016-12-27 14:10:25.557-04:30	2016-12-27 14:10:25.557-04:30	361
360	t	330	\N	\N	\N	362	24	18	2016-12-27 14:10:25.558-04:30	2016-12-27 14:10:25.558-04:30	362
361	t	350	\N	\N	\N	364	24	18	2016-12-27 14:10:25.562-04:30	2016-12-27 14:10:25.562-04:30	364
362	t	360	\N	\N	\N	365	24	18	2016-12-27 14:10:25.565-04:30	2016-12-27 14:10:25.565-04:30	365
363	t	370	\N	\N	\N	366	24	18	2016-12-27 14:10:25.568-04:30	2016-12-27 14:10:25.568-04:30	366
364	t	380	\N	\N	\N	367	24	17	2016-12-27 14:10:25.572-04:30	2016-12-27 14:10:25.572-04:30	367
365	t	390	\N	\N	\N	368	24	17	2016-12-27 14:10:25.572-04:30	2016-12-27 14:10:25.572-04:30	368
366	t	400	\N	\N	\N	369	24	17	2016-12-27 14:10:25.575-04:30	2016-12-27 14:10:25.575-04:30	369
367	t	410	\N	\N	\N	370	24	17	2016-12-27 14:10:25.577-04:30	2016-12-27 14:10:25.577-04:30	370
368	t	420	\N	\N	\N	371	24	17	2016-12-27 14:10:25.58-04:30	2016-12-27 14:10:25.58-04:30	371
369	t	430	\N	\N	\N	372	24	17	2016-12-27 14:10:25.584-04:30	2016-12-27 14:10:25.584-04:30	372
370	t	440	\N	\N	\N	373	24	16	2016-12-27 14:10:25.584-04:30	2016-12-27 14:10:25.584-04:30	373
371	t	450	\N	\N	\N	374	24	16	2016-12-27 14:10:25.588-04:30	2016-12-27 14:10:25.588-04:30	374
372	t	460	\N	\N	\N	375	24	18	2016-12-27 14:10:25.591-04:30	2016-12-27 14:10:25.591-04:30	375
373	t	470	\N	\N	\N	376	24	17	2016-12-27 14:10:25.593-04:30	2016-12-27 14:10:25.593-04:30	376
374	t	480	\N	\N	\N	377	24	19	2016-12-27 14:10:25.605-04:30	2016-12-27 14:10:25.605-04:30	377
375	t	490	\N	\N	\N	378	24	18	2016-12-27 14:10:25.606-04:30	2016-12-27 14:10:25.606-04:30	378
376	t	500	\N	\N	\N	379	24	19	2016-12-27 14:10:25.608-04:30	2016-12-27 14:10:25.608-04:30	379
377	t	260	\N	\N	\N	380	22	19	2016-12-27 14:11:16.13-04:30	2016-12-27 14:11:16.13-04:30	380
378	t	300	\N	\N	\N	384	22	19	2016-12-27 14:11:16.139-04:30	2016-12-27 14:11:16.139-04:30	384
379	t	270	\N	\N	\N	381	22	19	2016-12-27 14:11:16.14-04:30	2016-12-27 14:11:16.14-04:30	381
380	t	290	\N	\N	\N	383	22	19	2016-12-27 14:11:16.14-04:30	2016-12-27 14:11:16.14-04:30	383
381	t	280	\N	\N	\N	382	22	19	2016-12-27 14:11:16.14-04:30	2016-12-27 14:11:16.14-04:30	382
382	t	310	\N	\N	\N	385	22	18	2016-12-27 14:11:16.147-04:30	2016-12-27 14:11:16.147-04:30	385
383	t	330	\N	\N	\N	387	22	18	2016-12-27 14:11:16.154-04:30	2016-12-27 14:11:16.154-04:30	387
384	t	340	\N	\N	\N	388	22	18	2016-12-27 14:11:16.155-04:30	2016-12-27 14:11:16.155-04:30	388
385	t	320	\N	\N	\N	386	22	18	2016-12-27 14:11:16.155-04:30	2016-12-27 14:11:16.155-04:30	386
386	t	350	\N	\N	\N	389	22	18	2016-12-27 14:11:16.159-04:30	2016-12-27 14:11:16.159-04:30	389
387	t	360	\N	\N	\N	390	22	18	2016-12-27 14:11:16.163-04:30	2016-12-27 14:11:16.163-04:30	390
388	t	370	\N	\N	\N	391	22	18	2016-12-27 14:11:16.17-04:30	2016-12-27 14:11:16.17-04:30	391
389	t	390	\N	\N	\N	393	22	17	2016-12-27 14:11:16.17-04:30	2016-12-27 14:11:16.17-04:30	393
390	t	380	\N	\N	\N	392	22	17	2016-12-27 14:11:16.171-04:30	2016-12-27 14:11:16.171-04:30	392
391	t	400	\N	\N	\N	394	22	17	2016-12-27 14:11:16.176-04:30	2016-12-27 14:11:16.176-04:30	394
392	t	410	\N	\N	\N	395	22	17	2016-12-27 14:11:16.18-04:30	2016-12-27 14:11:16.18-04:30	395
393	t	420	\N	\N	\N	396	22	17	2016-12-27 14:11:16.184-04:30	2016-12-27 14:11:16.184-04:30	396
394	t	440	\N	\N	\N	398	22	16	2016-12-27 14:11:16.19-04:30	2016-12-27 14:11:16.19-04:30	398
395	t	430	\N	\N	\N	397	22	17	2016-12-27 14:11:16.191-04:30	2016-12-27 14:11:16.191-04:30	397
396	t	450	\N	\N	\N	399	22	16	2016-12-27 14:11:16.191-04:30	2016-12-27 14:11:16.191-04:30	399
397	t	460	\N	\N	\N	400	22	18	2016-12-27 14:11:16.209-04:30	2016-12-27 14:11:16.209-04:30	400
398	t	470	\N	\N	\N	401	22	17	2016-12-27 14:11:16.213-04:30	2016-12-27 14:11:16.213-04:30	401
399	t	480	\N	\N	\N	402	22	19	2016-12-27 14:11:16.217-04:30	2016-12-27 14:11:16.217-04:30	402
400	t	490	\N	\N	\N	403	22	18	2016-12-27 14:11:16.218-04:30	2016-12-27 14:11:16.218-04:30	403
401	t	500	\N	\N	\N	404	22	19	2016-12-27 14:11:16.222-04:30	2016-12-27 14:11:16.222-04:30	404
402	t	290	\N	\N	\N	408	21	19	2016-12-27 14:11:55.829-04:30	2016-12-27 14:11:55.829-04:30	408
403	t	300	\N	\N	\N	409	21	19	2016-12-27 14:11:55.83-04:30	2016-12-27 14:11:55.83-04:30	409
404	t	280	\N	\N	\N	407	21	19	2016-12-27 14:11:55.83-04:30	2016-12-27 14:11:55.83-04:30	407
405	t	270	\N	\N	\N	406	21	19	2016-12-27 14:11:55.832-04:30	2016-12-27 14:11:55.832-04:30	406
406	t	260	\N	\N	\N	405	21	19	2016-12-27 14:11:55.832-04:30	2016-12-27 14:11:55.832-04:30	405
407	t	310	\N	\N	\N	410	21	18	2016-12-27 14:11:55.845-04:30	2016-12-27 14:11:55.845-04:30	410
408	t	350	\N	\N	\N	414	21	18	2016-12-27 14:11:55.852-04:30	2016-12-27 14:11:55.852-04:30	414
409	t	320	\N	\N	\N	411	21	18	2016-12-27 14:11:55.852-04:30	2016-12-27 14:11:55.852-04:30	411
410	t	330	\N	\N	\N	412	21	18	2016-12-27 14:11:55.852-04:30	2016-12-27 14:11:55.852-04:30	412
411	t	340	\N	\N	\N	413	21	18	2016-12-27 14:11:55.853-04:30	2016-12-27 14:11:55.853-04:30	413
412	t	360	\N	\N	\N	415	21	18	2016-12-27 14:11:55.859-04:30	2016-12-27 14:11:55.859-04:30	415
413	t	390	\N	\N	\N	418	21	17	2016-12-27 14:11:55.864-04:30	2016-12-27 14:11:55.864-04:30	418
281	f	300	\N	\N	\N	284	23	19	2016-12-27 14:08:40.441-04:30	2016-12-28 10:26:56.618-04:30	284
286	f	320	\N	\N	\N	286	23	18	2016-12-27 14:08:40.458-04:30	2016-12-28 10:26:56.838-04:30	286
288	f	370	\N	\N	\N	291	23	18	2016-12-27 14:08:40.464-04:30	2016-12-28 10:26:56.84-04:30	291
294	f	430	\N	\N	\N	297	23	17	2016-12-27 14:08:40.475-04:30	2016-12-28 10:26:57.043-04:30	297
296	f	450	\N	\N	\N	299	23	16	2016-12-27 14:08:40.479-04:30	2016-12-28 10:26:57.048-04:30	299
299	f	480	\N	\N	\N	302	23	19	2016-12-27 14:08:40.483-04:30	2016-12-28 10:26:57.254-04:30	302
300	f	490	\N	\N	\N	303	23	18	2016-12-27 14:08:40.485-04:30	2016-12-28 10:26:57.257-04:30	303
291	f	410	\N	\N	\N	295	23	17	2016-12-27 14:08:40.471-04:30	2016-12-28 10:26:57.968-04:30	295
414	t	370	\N	\N	\N	416	21	18	2016-12-27 14:11:55.864-04:30	2016-12-27 14:11:55.864-04:30	416
417	t	410	\N	\N	\N	420	21	17	2016-12-27 14:11:55.872-04:30	2016-12-27 14:11:55.872-04:30	420
419	t	430	\N	\N	\N	422	21	17	2016-12-27 14:11:55.878-04:30	2016-12-27 14:11:55.878-04:30	422
422	t	460	\N	\N	\N	425	21	18	2016-12-27 14:11:55.885-04:30	2016-12-27 14:11:55.885-04:30	425
415	t	380	\N	\N	\N	417	21	17	2016-12-27 14:11:55.864-04:30	2016-12-27 14:11:55.864-04:30	417
416	t	400	\N	\N	\N	419	21	17	2016-12-27 14:11:55.869-04:30	2016-12-27 14:11:55.869-04:30	419
421	t	450	\N	\N	\N	424	21	16	2016-12-27 14:11:55.882-04:30	2016-12-27 14:11:55.882-04:30	424
426	t	490	\N	\N	\N	428	21	18	2016-12-27 14:11:55.894-04:30	2016-12-27 14:11:55.894-04:30	428
418	t	420	\N	\N	\N	421	21	17	2016-12-27 14:11:55.874-04:30	2016-12-27 14:11:55.874-04:30	421
424	t	480	\N	\N	\N	427	21	19	2016-12-27 14:11:55.89-04:30	2016-12-27 14:11:55.89-04:30	427
420	t	440	\N	\N	\N	423	21	16	2016-12-27 14:11:55.878-04:30	2016-12-27 14:11:55.878-04:30	423
423	t	470	\N	\N	\N	426	21	17	2016-12-27 14:11:55.887-04:30	2016-12-27 14:11:55.887-04:30	426
425	t	500	\N	\N	\N	429	21	19	2016-12-27 14:11:55.894-04:30	2016-12-27 14:11:55.894-04:30	429
427	t	510	\N	\N	\N	430	28	19	2016-12-27 15:34:12.081-04:30	2016-12-27 15:34:12.081-04:30	430
428	t	540	\N	\N	\N	434	28	19	2016-12-27 15:34:12.086-04:30	2016-12-27 15:34:12.086-04:30	434
429	t	550	\N	\N	\N	433	28	19	2016-12-27 15:34:12.086-04:30	2016-12-27 15:34:12.086-04:30	433
430	t	520	\N	\N	\N	431	28	19	2016-12-27 15:34:12.087-04:30	2016-12-27 15:34:12.087-04:30	431
431	t	530	\N	\N	\N	432	28	19	2016-12-27 15:34:12.087-04:30	2016-12-27 15:34:12.087-04:30	432
432	t	560	\N	\N	\N	435	28	18	2016-12-27 15:34:12.094-04:30	2016-12-27 15:34:12.094-04:30	435
433	t	590	\N	\N	\N	438	28	18	2016-12-27 15:34:12.1-04:30	2016-12-27 15:34:12.1-04:30	438
434	t	570	\N	\N	\N	436	28	18	2016-12-27 15:34:12.1-04:30	2016-12-27 15:34:12.1-04:30	436
435	t	580	\N	\N	\N	437	28	18	2016-12-27 15:34:12.101-04:30	2016-12-27 15:34:12.101-04:30	437
436	t	600	\N	\N	\N	439	28	18	2016-12-27 15:34:12.104-04:30	2016-12-27 15:34:12.104-04:30	439
437	t	610	\N	\N	\N	440	28	18	2016-12-27 15:34:12.106-04:30	2016-12-27 15:34:12.106-04:30	440
438	t	620	\N	\N	\N	441	28	18	2016-12-27 15:34:12.11-04:30	2016-12-27 15:34:12.11-04:30	441
439	t	640	\N	\N	\N	443	28	17	2016-12-27 15:34:12.111-04:30	2016-12-27 15:34:12.111-04:30	443
440	t	630	\N	\N	\N	442	28	17	2016-12-27 15:34:12.111-04:30	2016-12-27 15:34:12.111-04:30	442
441	t	650	\N	\N	\N	444	28	17	2016-12-27 15:34:12.114-04:30	2016-12-27 15:34:12.114-04:30	444
442	t	660	\N	\N	\N	445	28	17	2016-12-27 15:34:12.117-04:30	2016-12-27 15:34:12.117-04:30	445
443	t	670	\N	\N	\N	446	28	17	2016-12-27 15:34:12.12-04:30	2016-12-27 15:34:12.12-04:30	446
444	t	680	\N	\N	\N	447	28	17	2016-12-27 15:34:12.124-04:30	2016-12-27 15:34:12.124-04:30	447
445	t	690	\N	\N	\N	448	28	16	2016-12-27 15:34:12.124-04:30	2016-12-27 15:34:12.124-04:30	448
446	t	700	\N	\N	\N	449	28	16	2016-12-27 15:34:12.126-04:30	2016-12-27 15:34:12.126-04:30	449
447	t	710	\N	\N	\N	450	28	18	2016-12-27 15:34:12.129-04:30	2016-12-27 15:34:12.129-04:30	450
448	t	720	\N	\N	\N	451	28	17	2016-12-27 15:34:12.131-04:30	2016-12-27 15:34:12.131-04:30	451
449	t	730	\N	\N	\N	452	28	19	2016-12-27 15:34:12.138-04:30	2016-12-27 15:34:12.138-04:30	452
450	t	740	\N	\N	\N	453	28	18	2016-12-27 15:34:12.146-04:30	2016-12-27 15:34:12.146-04:30	453
451	t	750	\N	\N	\N	454	28	19	2016-12-27 15:34:12.147-04:30	2016-12-27 15:34:12.147-04:30	454
452	t	760	\N	\N	\N	455	28	19	2016-12-27 15:37:16.622-04:30	2016-12-27 15:37:16.622-04:30	455
453	t	790	\N	\N	\N	458	28	19	2016-12-27 15:37:16.628-04:30	2016-12-27 15:37:16.628-04:30	458
454	t	780	\N	\N	\N	457	28	19	2016-12-27 15:37:16.628-04:30	2016-12-27 15:37:16.628-04:30	457
455	t	770	\N	\N	\N	456	28	19	2016-12-27 15:37:16.628-04:30	2016-12-27 15:37:16.628-04:30	456
456	t	800	\N	\N	\N	459	28	19	2016-12-27 15:37:16.629-04:30	2016-12-27 15:37:16.629-04:30	459
457	t	810	\N	\N	\N	460	28	18	2016-12-27 15:37:16.635-04:30	2016-12-27 15:37:16.635-04:30	460
458	t	840	\N	\N	\N	463	28	18	2016-12-27 15:37:16.64-04:30	2016-12-27 15:37:16.64-04:30	463
459	t	820	\N	\N	\N	461	28	18	2016-12-27 15:37:16.641-04:30	2016-12-27 15:37:16.641-04:30	461
460	t	830	\N	\N	\N	462	28	18	2016-12-27 15:37:16.641-04:30	2016-12-27 15:37:16.641-04:30	462
461	t	850	\N	\N	\N	464	28	18	2016-12-27 15:37:16.645-04:30	2016-12-27 15:37:16.645-04:30	464
462	t	860	\N	\N	\N	465	28	18	2016-12-27 15:37:16.648-04:30	2016-12-27 15:37:16.648-04:30	465
463	t	870	\N	\N	\N	466	28	18	2016-12-27 15:37:16.65-04:30	2016-12-27 15:37:16.65-04:30	466
464	t	880	\N	\N	\N	467	28	17	2016-12-27 15:37:16.652-04:30	2016-12-27 15:37:16.652-04:30	467
465	t	890	\N	\N	\N	468	28	17	2016-12-27 15:37:16.658-04:30	2016-12-27 15:37:16.658-04:30	468
466	t	900	\N	\N	\N	469	28	17	2016-12-27 15:37:16.664-04:30	2016-12-27 15:37:16.664-04:30	469
467	t	910	\N	\N	\N	470	28	17	2016-12-27 15:37:16.664-04:30	2016-12-27 15:37:16.664-04:30	470
468	t	920	\N	\N	\N	471	28	17	2016-12-27 15:37:16.664-04:30	2016-12-27 15:37:16.664-04:30	471
469	t	930	\N	\N	\N	472	28	17	2016-12-27 15:37:16.666-04:30	2016-12-27 15:37:16.666-04:30	472
470	t	940	\N	\N	\N	473	28	16	2016-12-27 15:37:16.671-04:30	2016-12-27 15:37:16.671-04:30	473
471	t	950	\N	\N	\N	474	28	16	2016-12-27 15:37:16.674-04:30	2016-12-27 15:37:16.674-04:30	474
472	t	960	\N	\N	\N	475	28	18	2016-12-27 15:37:16.677-04:30	2016-12-27 15:37:16.677-04:30	475
473	t	970	\N	\N	\N	476	28	17	2016-12-27 15:37:16.677-04:30	2016-12-27 15:37:16.677-04:30	476
474	t	980	\N	\N	\N	477	28	19	2016-12-27 15:37:16.68-04:30	2016-12-27 15:37:16.68-04:30	477
475	t	990	\N	\N	\N	478	28	18	2016-12-27 15:37:16.684-04:30	2016-12-27 15:37:16.684-04:30	478
476	t	1000	\N	\N	\N	479	28	19	2016-12-27 15:37:16.689-04:30	2016-12-27 15:37:16.689-04:30	479
477	t	510	\N	\N	\N	480	24	19	2016-12-27 15:44:05.735-04:30	2016-12-27 15:44:05.735-04:30	480
478	t	520	\N	\N	\N	481	24	19	2016-12-27 15:44:05.745-04:30	2016-12-27 15:44:05.745-04:30	481
479	t	530	\N	\N	\N	482	24	19	2016-12-27 15:44:05.757-04:30	2016-12-27 15:44:05.757-04:30	482
480	t	550	\N	\N	\N	484	24	19	2016-12-27 15:44:05.769-04:30	2016-12-27 15:44:05.769-04:30	484
481	t	570	\N	\N	\N	486	24	18	2016-12-27 15:44:05.769-04:30	2016-12-27 15:44:05.769-04:30	486
482	t	540	\N	\N	\N	483	24	19	2016-12-27 15:44:05.77-04:30	2016-12-27 15:44:05.77-04:30	483
483	t	560	\N	\N	\N	485	24	18	2016-12-27 15:44:05.77-04:30	2016-12-27 15:44:05.77-04:30	485
484	t	580	\N	\N	\N	487	24	18	2016-12-27 15:44:05.777-04:30	2016-12-27 15:44:05.777-04:30	487
485	t	590	\N	\N	\N	488	24	18	2016-12-27 15:44:05.783-04:30	2016-12-27 15:44:05.783-04:30	488
486	t	600	\N	\N	\N	489	24	18	2016-12-27 15:44:05.783-04:30	2016-12-27 15:44:05.783-04:30	489
487	t	610	\N	\N	\N	490	24	18	2016-12-27 15:44:05.79-04:30	2016-12-27 15:44:05.79-04:30	490
488	t	620	\N	\N	\N	491	24	18	2016-12-27 15:44:05.79-04:30	2016-12-27 15:44:05.79-04:30	491
489	t	630	\N	\N	\N	492	24	17	2016-12-27 15:44:05.794-04:30	2016-12-27 15:44:05.794-04:30	492
490	t	640	\N	\N	\N	493	24	17	2016-12-27 15:44:05.798-04:30	2016-12-27 15:44:05.798-04:30	493
491	t	650	\N	\N	\N	494	24	17	2016-12-27 15:44:05.801-04:30	2016-12-27 15:44:05.801-04:30	494
492	t	660	\N	\N	\N	495	24	17	2016-12-27 15:44:05.806-04:30	2016-12-27 15:44:05.806-04:30	495
493	t	670	\N	\N	\N	496	24	17	2016-12-27 15:44:05.807-04:30	2016-12-27 15:44:05.807-04:30	496
494	t	680	\N	\N	\N	497	24	17	2016-12-27 15:44:05.811-04:30	2016-12-27 15:44:05.811-04:30	497
495	t	690	\N	\N	\N	498	24	16	2016-12-27 15:44:05.815-04:30	2016-12-27 15:44:05.815-04:30	498
496	t	700	\N	\N	\N	499	24	16	2016-12-27 15:44:05.818-04:30	2016-12-27 15:44:05.818-04:30	499
497	t	710	\N	\N	\N	500	24	18	2016-12-27 15:44:05.823-04:30	2016-12-27 15:44:05.823-04:30	500
498	t	720	\N	\N	\N	501	24	17	2016-12-27 15:44:05.824-04:30	2016-12-27 15:44:05.824-04:30	501
499	t	730	\N	\N	\N	502	24	19	2016-12-27 15:44:05.828-04:30	2016-12-27 15:44:05.828-04:30	502
500	t	740	\N	\N	\N	503	24	18	2016-12-27 15:44:05.832-04:30	2016-12-27 15:44:05.832-04:30	503
501	t	750	\N	\N	\N	504	24	19	2016-12-27 15:44:05.835-04:30	2016-12-27 15:44:05.835-04:30	504
502	t	760	\N	\N	\N	505	24	19	2016-12-27 15:44:33.158-04:30	2016-12-27 15:44:33.158-04:30	505
503	t	770	\N	\N	\N	506	24	19	2016-12-27 15:44:33.166-04:30	2016-12-27 15:44:33.166-04:30	506
504	t	780	\N	\N	\N	507	24	19	2016-12-27 15:44:33.167-04:30	2016-12-27 15:44:33.167-04:30	507
505	t	800	\N	\N	\N	509	24	19	2016-12-27 15:44:33.167-04:30	2016-12-27 15:44:33.167-04:30	509
506	t	790	\N	\N	\N	508	24	19	2016-12-27 15:44:33.167-04:30	2016-12-27 15:44:33.167-04:30	508
507	t	810	\N	\N	\N	510	24	18	2016-12-27 15:44:33.174-04:30	2016-12-27 15:44:33.174-04:30	510
508	t	840	\N	\N	\N	513	24	18	2016-12-27 15:44:33.179-04:30	2016-12-27 15:44:33.179-04:30	513
509	t	820	\N	\N	\N	511	24	18	2016-12-27 15:44:33.179-04:30	2016-12-27 15:44:33.179-04:30	511
510	t	830	\N	\N	\N	512	24	18	2016-12-27 15:44:33.179-04:30	2016-12-27 15:44:33.179-04:30	512
511	t	850	\N	\N	\N	514	24	18	2016-12-27 15:44:33.185-04:30	2016-12-27 15:44:33.185-04:30	514
512	t	860	\N	\N	\N	515	24	18	2016-12-27 15:44:33.188-04:30	2016-12-27 15:44:33.188-04:30	515
513	t	870	\N	\N	\N	516	24	18	2016-12-27 15:44:33.191-04:30	2016-12-27 15:44:33.191-04:30	516
514	t	880	\N	\N	\N	517	24	17	2016-12-27 15:44:33.195-04:30	2016-12-27 15:44:33.195-04:30	517
515	t	890	\N	\N	\N	518	24	17	2016-12-27 15:44:33.195-04:30	2016-12-27 15:44:33.195-04:30	518
516	t	900	\N	\N	\N	519	24	17	2016-12-27 15:44:33.198-04:30	2016-12-27 15:44:33.198-04:30	519
517	t	910	\N	\N	\N	520	24	17	2016-12-27 15:44:33.2-04:30	2016-12-27 15:44:33.2-04:30	520
518	t	920	\N	\N	\N	521	24	17	2016-12-27 15:44:33.202-04:30	2016-12-27 15:44:33.202-04:30	521
519	t	930	\N	\N	\N	522	24	17	2016-12-27 15:44:33.204-04:30	2016-12-27 15:44:33.204-04:30	522
520	t	940	\N	\N	\N	523	24	16	2016-12-27 15:44:33.206-04:30	2016-12-27 15:44:33.206-04:30	523
521	t	960	\N	\N	\N	525	24	18	2016-12-27 15:44:33.209-04:30	2016-12-27 15:44:33.209-04:30	525
522	t	950	\N	\N	\N	524	24	16	2016-12-27 15:44:33.209-04:30	2016-12-27 15:44:33.209-04:30	524
523	t	970	\N	\N	\N	526	24	17	2016-12-27 15:44:33.212-04:30	2016-12-27 15:44:33.212-04:30	526
524	t	980	\N	\N	\N	527	24	19	2016-12-27 15:44:33.214-04:30	2016-12-27 15:44:33.214-04:30	527
525	t	990	\N	\N	\N	528	24	18	2016-12-27 15:44:33.216-04:30	2016-12-27 15:44:33.216-04:30	528
526	t	0	\N	\N	\N	529	24	19	2016-12-27 15:44:33.218-04:30	2016-12-27 15:44:33.218-04:30	529
528	f	540	\N	\N	\N	533	23	19	2016-12-27 15:55:17.814-04:30	2016-12-28 10:26:57.44-04:30	533
529	f	520	\N	\N	\N	531	23	19	2016-12-27 15:55:17.815-04:30	2016-12-28 10:26:57.446-04:30	531
530	f	530	\N	\N	\N	532	23	19	2016-12-27 15:55:17.815-04:30	2016-12-28 10:26:57.62-04:30	532
578	t	550	\N	\N	\N	584	27	19	2016-12-27 15:57:02.243-04:30	2016-12-27 15:57:02.243-04:30	584
584	t	580	\N	\N	\N	587	27	18	2016-12-27 15:57:02.253-04:30	2016-12-27 15:57:02.253-04:30	587
587	t	610	\N	\N	\N	590	27	18	2016-12-27 15:57:02.259-04:30	2016-12-27 15:57:02.259-04:30	590
607	t	810	\N	\N	\N	610	27	18	2016-12-27 15:58:26.078-04:30	2016-12-27 15:58:26.078-04:30	610
609	t	820	\N	\N	\N	611	27	18	2016-12-27 15:58:26.083-04:30	2016-12-27 15:58:26.083-04:30	611
612	t	860	\N	\N	\N	615	27	18	2016-12-27 15:58:26.091-04:30	2016-12-27 15:58:26.091-04:30	615
614	t	880	\N	\N	\N	617	27	17	2016-12-27 15:58:26.099-04:30	2016-12-27 15:58:26.099-04:30	617
617	t	910	\N	\N	\N	620	27	17	2016-12-27 15:58:26.106-04:30	2016-12-27 15:58:26.106-04:30	620
621	t	950	\N	\N	\N	624	27	16	2016-12-27 15:58:26.119-04:30	2016-12-27 15:58:26.119-04:30	624
625	t	990	\N	\N	\N	628	27	18	2016-12-27 15:58:26.125-04:30	2016-12-27 15:58:26.125-04:30	628
566	t	10	\N	\N	\N	567	23	17	2016-12-27 15:55:37.938-04:30	2016-12-27 17:41:30.581-04:30	567
531	f	550	\N	\N	\N	534	23	19	2016-12-27 15:55:17.816-04:30	2016-12-28 10:26:57.79-04:30	534
536	f	600	\N	\N	\N	539	23	18	2016-12-27 15:55:17.828-04:30	2016-12-28 10:26:57.885-04:30	539
546	f	700	\N	\N	\N	549	23	16	2016-12-27 15:55:17.853-04:30	2016-12-28 10:26:58.058-04:30	549
544	f	680	\N	\N	\N	547	23	17	2016-12-27 15:55:17.848-04:30	2016-12-28 10:26:58.14-04:30	547
549	f	730	\N	\N	\N	552	23	19	2016-12-27 15:55:17.859-04:30	2016-12-28 10:26:58.261-04:30	552
576	f	980	\N	\N	\N	577	23	19	2016-12-27 15:55:37.981-04:30	2016-12-28 10:26:58.314-04:30	577
540	f	660	\N	\N	\N	545	23	17	2016-12-27 15:55:17.841-04:30	2016-12-28 10:26:58.453-04:30	545
554	f	780	\N	\N	\N	557	23	19	2016-12-27 15:55:37.893-04:30	2016-12-28 10:27:04.134-04:30	557
571	f	930	\N	\N	\N	572	23	17	2016-12-27 15:55:37.958-04:30	2016-12-28 10:27:06.881-04:30	572
577	t	510	\N	\N	\N	580	27	19	2016-12-27 15:57:02.238-04:30	2016-12-27 15:57:02.238-04:30	580
579	t	540	\N	\N	\N	583	27	19	2016-12-27 15:57:02.243-04:30	2016-12-27 15:57:02.243-04:30	583
585	t	590	\N	\N	\N	588	27	18	2016-12-27 15:57:02.254-04:30	2016-12-27 15:57:02.254-04:30	588
590	t	640	\N	\N	\N	593	27	17	2016-12-27 15:57:02.268-04:30	2016-12-27 15:57:02.268-04:30	593
591	t	650	\N	\N	\N	594	27	17	2016-12-27 15:57:02.272-04:30	2016-12-27 15:57:02.272-04:30	594
595	t	690	\N	\N	\N	598	27	16	2016-12-27 15:57:02.277-04:30	2016-12-27 15:57:02.277-04:30	598
597	t	710	\N	\N	\N	600	27	18	2016-12-27 15:57:02.282-04:30	2016-12-27 15:57:02.282-04:30	600
600	t	740	\N	\N	\N	603	27	18	2016-12-27 15:57:02.287-04:30	2016-12-27 15:57:02.287-04:30	603
602	t	760	\N	\N	\N	605	27	19	2016-12-27 15:58:26.064-04:30	2016-12-27 15:58:26.064-04:30	605
603	t	790	\N	\N	\N	608	27	19	2016-12-27 15:58:26.07-04:30	2016-12-27 15:58:26.07-04:30	608
608	t	840	\N	\N	\N	613	27	18	2016-12-27 15:58:26.082-04:30	2016-12-27 15:58:26.082-04:30	613
613	t	870	\N	\N	\N	616	27	18	2016-12-27 15:58:26.095-04:30	2016-12-27 15:58:26.095-04:30	616
615	t	890	\N	\N	\N	618	27	17	2016-12-27 15:58:26.099-04:30	2016-12-27 15:58:26.099-04:30	618
620	t	940	\N	\N	\N	623	27	16	2016-12-27 15:58:26.115-04:30	2016-12-27 15:58:26.115-04:30	623
622	t	970	\N	\N	\N	626	27	17	2016-12-27 15:58:26.119-04:30	2016-12-27 15:58:26.119-04:30	626
559	f	820	\N	\N	\N	561	23	18	2016-12-27 15:55:37.915-04:30	2016-12-28 10:27:14.787-04:30	561
562	f	860	\N	\N	\N	565	23	18	2016-12-27 15:55:37.925-04:30	2016-12-28 10:27:17.088-04:30	565
563	f	890	\N	\N	\N	568	23	17	2016-12-27 15:55:37.936-04:30	2016-12-28 10:27:20.084-04:30	568
569	f	950	\N	\N	\N	574	23	16	2016-12-27 15:55:37.957-04:30	2016-12-28 10:27:25.512-04:30	574
532	f	560	\N	\N	\N	535	23	18	2016-12-27 15:55:17.82-04:30	2016-12-28 10:27:28.715-04:30	535
534	f	580	\N	\N	\N	537	23	18	2016-12-27 15:55:17.825-04:30	2016-12-28 10:27:32.662-04:30	537
541	f	640	\N	\N	\N	543	23	17	2016-12-27 15:55:17.841-04:30	2016-12-28 10:27:35.209-04:30	543
551	f	750	\N	\N	\N	554	23	19	2016-12-27 15:55:17.863-04:30	2016-12-28 10:27:37.13-04:30	554
574	f	0	\N	\N	\N	579	23	19	2016-12-27 15:55:37.978-04:30	2016-12-28 10:27:40.748-04:30	579
539	f	630	\N	\N	\N	542	23	17	2016-12-27 15:55:17.837-04:30	2016-12-28 10:28:11.404-04:30	542
582	t	560	\N	\N	\N	585	27	18	2016-12-27 15:57:02.249-04:30	2016-12-27 15:57:02.249-04:30	585
589	t	630	\N	\N	\N	592	27	17	2016-12-27 15:57:02.263-04:30	2016-12-27 15:57:02.263-04:30	592
594	t	670	\N	\N	\N	596	27	17	2016-12-27 15:57:02.273-04:30	2016-12-27 15:57:02.273-04:30	596
599	t	730	\N	\N	\N	602	27	19	2016-12-27 15:57:02.285-04:30	2016-12-27 15:57:02.285-04:30	602
606	t	800	\N	\N	\N	609	27	19	2016-12-27 15:58:26.072-04:30	2016-12-27 15:58:26.072-04:30	609
611	t	850	\N	\N	\N	614	27	18	2016-12-27 15:58:26.088-04:30	2016-12-27 15:58:26.088-04:30	614
616	t	900	\N	\N	\N	619	27	17	2016-12-27 15:58:26.102-04:30	2016-12-27 15:58:26.102-04:30	619
626	t	0	\N	\N	\N	629	27	19	2016-12-27 15:58:26.127-04:30	2016-12-27 15:58:26.127-04:30	629
533	f	570	\N	\N	\N	536	23	18	2016-12-27 15:55:17.822-04:30	2016-12-28 10:27:43.32-04:30	536
535	f	590	\N	\N	\N	538	23	18	2016-12-27 15:55:17.828-04:30	2016-12-28 10:27:45.606-04:30	538
538	f	620	\N	\N	\N	541	23	18	2016-12-27 15:55:17.833-04:30	2016-12-28 10:27:48.36-04:30	541
543	f	670	\N	\N	\N	546	23	17	2016-12-27 15:55:17.844-04:30	2016-12-28 10:27:50.849-04:30	546
548	f	720	\N	\N	\N	551	23	17	2016-12-27 15:55:17.857-04:30	2016-12-28 10:27:53.228-04:30	551
556	f	800	\N	\N	\N	559	23	19	2016-12-27 15:55:37.894-04:30	2016-12-28 10:27:56.172-04:30	559
561	f	840	\N	\N	\N	563	23	18	2016-12-27 15:55:37.916-04:30	2016-12-28 10:27:58.499-04:30	563
581	t	530	\N	\N	\N	582	27	19	2016-12-27 15:57:02.244-04:30	2016-12-27 15:57:02.244-04:30	582
586	t	600	\N	\N	\N	589	27	18	2016-12-27 15:57:02.257-04:30	2016-12-27 15:57:02.257-04:30	589
593	t	660	\N	\N	\N	595	27	17	2016-12-27 15:57:02.273-04:30	2016-12-27 15:57:02.273-04:30	595
596	t	700	\N	\N	\N	599	27	16	2016-12-27 15:57:02.279-04:30	2016-12-27 15:57:02.279-04:30	599
601	t	750	\N	\N	\N	604	27	19	2016-12-27 15:57:02.289-04:30	2016-12-27 15:57:02.289-04:30	604
605	t	770	\N	\N	\N	606	27	19	2016-12-27 15:58:26.072-04:30	2016-12-27 15:58:26.072-04:30	606
619	t	930	\N	\N	\N	622	27	17	2016-12-27 15:58:26.111-04:30	2016-12-27 15:58:26.111-04:30	622
624	t	980	\N	\N	\N	627	27	19	2016-12-27 15:58:26.122-04:30	2016-12-27 15:58:26.122-04:30	627
550	t	3	\N	\N	\N	553	23	18	2016-12-27 15:55:17.861-04:30	2016-12-27 17:44:00.958-04:30	553
537	f	610	\N	\N	\N	540	23	18	2016-12-27 15:55:17.831-04:30	2016-12-28 10:28:01.478-04:30	540
542	f	650	\N	\N	\N	544	23	17	2016-12-27 15:55:17.841-04:30	2016-12-28 10:28:03.678-04:30	544
547	f	710	\N	\N	\N	550	23	18	2016-12-27 15:55:17.854-04:30	2016-12-28 10:28:06.094-04:30	550
552	f	760	\N	\N	\N	555	23	19	2016-12-27 15:55:37.883-04:30	2016-12-28 10:28:17.496-04:30	555
553	f	770	\N	\N	\N	556	23	19	2016-12-27 15:55:37.892-04:30	2016-12-28 10:28:20.829-04:30	556
557	f	810	\N	\N	\N	560	23	18	2016-12-27 15:55:37.905-04:30	2016-12-28 10:28:25.894-04:30	560
558	f	850	\N	\N	\N	564	23	18	2016-12-27 15:55:37.914-04:30	2016-12-28 10:28:29.345-04:30	564
564	f	900	\N	\N	\N	569	23	17	2016-12-27 15:55:37.936-04:30	2016-12-28 10:28:32.155-04:30	569
567	f	910	\N	\N	\N	570	23	17	2016-12-27 15:55:37.948-04:30	2016-12-28 10:28:34.791-04:30	570
568	f	940	\N	\N	\N	573	23	16	2016-12-27 15:55:37.957-04:30	2016-12-28 10:28:38.574-04:30	573
572	f	960	\N	\N	\N	575	23	18	2016-12-27 15:55:37.968-04:30	2016-12-28 10:28:44.272-04:30	575
573	f	990	\N	\N	\N	578	23	18	2016-12-27 15:55:37.978-04:30	2016-12-28 10:28:48.574-04:30	578
580	t	520	\N	\N	\N	581	27	19	2016-12-27 15:57:02.244-04:30	2016-12-27 15:57:02.244-04:30	581
583	t	570	\N	\N	\N	586	27	18	2016-12-27 15:57:02.251-04:30	2016-12-27 15:57:02.251-04:30	586
588	t	620	\N	\N	\N	591	27	18	2016-12-27 15:57:02.261-04:30	2016-12-27 15:57:02.261-04:30	591
592	t	680	\N	\N	\N	597	27	17	2016-12-27 15:57:02.273-04:30	2016-12-27 15:57:02.273-04:30	597
598	t	720	\N	\N	\N	601	27	17	2016-12-27 15:57:02.283-04:30	2016-12-27 15:57:02.283-04:30	601
604	t	780	\N	\N	\N	607	27	19	2016-12-27 15:58:26.07-04:30	2016-12-27 15:58:26.07-04:30	607
610	t	830	\N	\N	\N	612	27	18	2016-12-27 15:58:26.083-04:30	2016-12-27 15:58:26.083-04:30	612
618	t	920	\N	\N	\N	621	27	17	2016-12-27 15:58:26.108-04:30	2016-12-27 15:58:26.108-04:30	621
623	t	960	\N	\N	\N	625	27	18	2016-12-27 15:58:26.119-04:30	2016-12-27 15:58:26.119-04:30	625
627	t	510	\N	\N	\N	630	20	19	2016-12-27 15:59:35.683-04:30	2016-12-27 15:59:35.683-04:30	630
628	t	530	\N	\N	\N	632	20	19	2016-12-27 15:59:35.688-04:30	2016-12-27 15:59:35.688-04:30	632
629	t	550	\N	\N	\N	634	20	19	2016-12-27 15:59:35.688-04:30	2016-12-27 15:59:35.688-04:30	634
630	t	540	\N	\N	\N	633	20	19	2016-12-27 15:59:35.688-04:30	2016-12-27 15:59:35.688-04:30	633
631	t	520	\N	\N	\N	631	20	19	2016-12-27 15:59:35.689-04:30	2016-12-27 15:59:35.689-04:30	631
632	t	560	\N	\N	\N	635	20	18	2016-12-27 15:59:35.693-04:30	2016-12-27 15:59:35.693-04:30	635
633	t	570	\N	\N	\N	636	20	18	2016-12-27 15:59:35.695-04:30	2016-12-27 15:59:35.695-04:30	636
634	t	580	\N	\N	\N	637	20	18	2016-12-27 15:59:35.697-04:30	2016-12-27 15:59:35.697-04:30	637
635	t	590	\N	\N	\N	638	20	18	2016-12-27 15:59:35.7-04:30	2016-12-27 15:59:35.7-04:30	638
636	t	600	\N	\N	\N	639	20	18	2016-12-27 15:59:35.7-04:30	2016-12-27 15:59:35.7-04:30	639
637	t	610	\N	\N	\N	640	20	18	2016-12-27 15:59:35.703-04:30	2016-12-27 15:59:35.703-04:30	640
638	t	620	\N	\N	\N	641	20	18	2016-12-27 15:59:35.705-04:30	2016-12-27 15:59:35.705-04:30	641
639	t	630	\N	\N	\N	642	20	17	2016-12-27 15:59:35.707-04:30	2016-12-27 15:59:35.707-04:30	642
640	t	640	\N	\N	\N	643	20	17	2016-12-27 15:59:35.709-04:30	2016-12-27 15:59:35.709-04:30	643
641	t	660	\N	\N	\N	645	20	17	2016-12-27 15:59:35.712-04:30	2016-12-27 15:59:35.712-04:30	645
642	t	650	\N	\N	\N	644	20	17	2016-12-27 15:59:35.712-04:30	2016-12-27 15:59:35.712-04:30	644
643	t	670	\N	\N	\N	646	20	17	2016-12-27 15:59:35.717-04:30	2016-12-27 15:59:35.717-04:30	646
644	t	680	\N	\N	\N	647	20	17	2016-12-27 15:59:35.721-04:30	2016-12-27 15:59:35.721-04:30	647
645	t	710	\N	\N	\N	650	20	18	2016-12-27 15:59:35.722-04:30	2016-12-27 15:59:35.722-04:30	650
646	t	700	\N	\N	\N	649	20	16	2016-12-27 15:59:35.722-04:30	2016-12-27 15:59:35.722-04:30	649
647	t	690	\N	\N	\N	648	20	16	2016-12-27 15:59:35.722-04:30	2016-12-27 15:59:35.722-04:30	648
648	t	720	\N	\N	\N	651	20	17	2016-12-27 15:59:35.726-04:30	2016-12-27 15:59:35.726-04:30	651
649	t	750	\N	\N	\N	654	20	19	2016-12-27 15:59:35.73-04:30	2016-12-27 15:59:35.73-04:30	654
650	t	730	\N	\N	\N	652	20	19	2016-12-27 15:59:35.731-04:30	2016-12-27 15:59:35.731-04:30	652
651	t	740	\N	\N	\N	653	20	18	2016-12-27 15:59:35.731-04:30	2016-12-27 15:59:35.731-04:30	653
652	t	760	\N	\N	\N	655	20	19	2016-12-27 15:59:54.366-04:30	2016-12-27 15:59:54.366-04:30	655
653	t	780	\N	\N	\N	657	20	19	2016-12-27 15:59:54.371-04:30	2016-12-27 15:59:54.371-04:30	657
654	t	770	\N	\N	\N	656	20	19	2016-12-27 15:59:54.371-04:30	2016-12-27 15:59:54.371-04:30	656
655	t	790	\N	\N	\N	658	20	19	2016-12-27 15:59:54.371-04:30	2016-12-27 15:59:54.371-04:30	658
656	t	800	\N	\N	\N	659	20	19	2016-12-27 15:59:54.371-04:30	2016-12-27 15:59:54.371-04:30	659
657	t	810	\N	\N	\N	660	20	18	2016-12-27 15:59:54.376-04:30	2016-12-27 15:59:54.376-04:30	660
658	t	820	\N	\N	\N	661	20	18	2016-12-27 15:59:54.378-04:30	2016-12-27 15:59:54.378-04:30	661
659	t	840	\N	\N	\N	663	20	18	2016-12-27 15:59:54.381-04:30	2016-12-27 15:59:54.381-04:30	663
660	t	830	\N	\N	\N	662	20	18	2016-12-27 15:59:54.381-04:30	2016-12-27 15:59:54.381-04:30	662
661	t	850	\N	\N	\N	664	20	18	2016-12-27 15:59:54.384-04:30	2016-12-27 15:59:54.384-04:30	664
662	t	860	\N	\N	\N	665	20	18	2016-12-27 15:59:54.388-04:30	2016-12-27 15:59:54.388-04:30	665
663	t	870	\N	\N	\N	666	20	18	2016-12-27 15:59:54.39-04:30	2016-12-27 15:59:54.39-04:30	666
664	t	880	\N	\N	\N	667	20	17	2016-12-27 15:59:54.394-04:30	2016-12-27 15:59:54.394-04:30	667
665	t	890	\N	\N	\N	668	20	17	2016-12-27 15:59:54.394-04:30	2016-12-27 15:59:54.394-04:30	668
666	t	900	\N	\N	\N	669	20	17	2016-12-27 15:59:54.397-04:30	2016-12-27 15:59:54.397-04:30	669
667	t	910	\N	\N	\N	670	20	17	2016-12-27 15:59:54.399-04:30	2016-12-27 15:59:54.399-04:30	670
668	t	920	\N	\N	\N	671	20	17	2016-12-27 15:59:54.401-04:30	2016-12-27 15:59:54.401-04:30	671
669	t	930	\N	\N	\N	672	20	17	2016-12-27 15:59:54.403-04:30	2016-12-27 15:59:54.403-04:30	672
670	t	950	\N	\N	\N	674	20	16	2016-12-27 15:59:54.406-04:30	2016-12-27 15:59:54.406-04:30	674
671	t	940	\N	\N	\N	673	20	16	2016-12-27 15:59:54.406-04:30	2016-12-27 15:59:54.406-04:30	673
672	t	960	\N	\N	\N	675	20	18	2016-12-27 15:59:54.409-04:30	2016-12-27 15:59:54.409-04:30	675
673	t	970	\N	\N	\N	676	20	17	2016-12-27 15:59:54.411-04:30	2016-12-27 15:59:54.411-04:30	676
674	t	980	\N	\N	\N	677	20	19	2016-12-27 15:59:54.413-04:30	2016-12-27 15:59:54.413-04:30	677
675	t	990	\N	\N	\N	678	20	18	2016-12-27 15:59:54.416-04:30	2016-12-27 15:59:54.416-04:30	678
676	t	0	\N	\N	\N	679	20	19	2016-12-27 15:59:54.42-04:30	2016-12-27 15:59:54.42-04:30	679
677	t	510	\N	\N	\N	680	26	19	2016-12-27 16:01:13.942-04:30	2016-12-27 16:01:13.942-04:30	680
678	t	520	\N	\N	\N	681	26	19	2016-12-27 16:01:13.947-04:30	2016-12-27 16:01:13.947-04:30	681
679	t	550	\N	\N	\N	684	26	19	2016-12-27 16:01:13.948-04:30	2016-12-27 16:01:13.948-04:30	684
680	t	530	\N	\N	\N	682	26	19	2016-12-27 16:01:13.948-04:30	2016-12-27 16:01:13.948-04:30	682
681	t	540	\N	\N	\N	683	26	19	2016-12-27 16:01:13.948-04:30	2016-12-27 16:01:13.948-04:30	683
682	t	560	\N	\N	\N	685	26	18	2016-12-27 16:01:13.953-04:30	2016-12-27 16:01:13.953-04:30	685
683	t	570	\N	\N	\N	686	26	18	2016-12-27 16:01:13.96-04:30	2016-12-27 16:01:13.96-04:30	686
684	t	610	\N	\N	\N	690	26	18	2016-12-27 16:01:13.964-04:30	2016-12-27 16:01:13.964-04:30	690
685	t	600	\N	\N	\N	689	26	18	2016-12-27 16:01:13.965-04:30	2016-12-27 16:01:13.965-04:30	689
686	t	580	\N	\N	\N	687	26	18	2016-12-27 16:01:13.965-04:30	2016-12-27 16:01:13.965-04:30	687
687	t	590	\N	\N	\N	688	26	18	2016-12-27 16:01:13.965-04:30	2016-12-27 16:01:13.965-04:30	688
688	t	620	\N	\N	\N	691	26	18	2016-12-27 16:01:13.97-04:30	2016-12-27 16:01:13.97-04:30	691
689	t	630	\N	\N	\N	692	26	17	2016-12-27 16:01:13.972-04:30	2016-12-27 16:01:13.972-04:30	692
690	t	640	\N	\N	\N	693	26	17	2016-12-27 16:01:13.974-04:30	2016-12-27 16:01:13.974-04:30	693
691	t	650	\N	\N	\N	694	26	17	2016-12-27 16:01:13.975-04:30	2016-12-27 16:01:13.975-04:30	694
692	t	660	\N	\N	\N	695	26	17	2016-12-27 16:01:13.977-04:30	2016-12-27 16:01:13.977-04:30	695
2	t	1	\N	\N	\N	2	2	6	2016-11-24 00:44:31.015-04:30	2016-11-24 00:44:31.015-04:30	2
3	t	2	\N	\N	\N	3	2	7	2016-11-24 00:46:52.559-04:30	2016-11-24 00:47:33.421-04:30	3
4	t	3	\N	\N	\N	4	2	7	2016-11-24 00:48:58.135-04:30	2016-11-24 00:49:28.238-04:30	4
5	t	4	\N	\N	\N	5	2	7	2016-11-24 00:56:21.175-04:30	2016-11-24 00:57:05.749-04:30	5
6	t	5	\N	\N	\N	6	2	8	2016-11-24 00:58:39.602-04:30	2016-11-24 00:58:39.602-04:30	6
7	t	6	\N	\N	\N	7	2	8	2016-11-24 01:00:06.261-04:30	2016-11-24 01:00:06.261-04:30	7
8	t	7	\N	\N	\N	8	2	8	2016-11-24 01:00:56.282-04:30	2016-11-24 01:00:56.282-04:30	8
693	t	670	\N	\N	\N	696	26	17	2016-12-27 16:01:13.979-04:30	2016-12-27 16:01:13.979-04:30	696
694	t	680	\N	\N	\N	697	26	17	2016-12-27 16:01:13.981-04:30	2016-12-27 16:01:13.981-04:30	697
695	t	690	\N	\N	\N	698	26	16	2016-12-27 16:01:13.983-04:30	2016-12-27 16:01:13.983-04:30	698
696	t	700	\N	\N	\N	699	26	16	2016-12-27 16:01:13.985-04:30	2016-12-27 16:01:13.985-04:30	699
697	t	710	\N	\N	\N	700	26	18	2016-12-27 16:01:13.99-04:30	2016-12-27 16:01:13.99-04:30	700
698	t	750	\N	\N	\N	704	26	19	2016-12-27 16:01:13.994-04:30	2016-12-27 16:01:13.994-04:30	704
699	t	740	\N	\N	\N	703	26	18	2016-12-27 16:01:13.995-04:30	2016-12-27 16:01:13.995-04:30	703
700	t	730	\N	\N	\N	702	26	19	2016-12-27 16:01:13.995-04:30	2016-12-27 16:01:13.995-04:30	702
701	t	720	\N	\N	\N	701	26	17	2016-12-27 16:01:13.995-04:30	2016-12-27 16:01:13.995-04:30	701
702	t	760	\N	\N	\N	705	26	19	2016-12-27 16:01:47.96-04:30	2016-12-27 16:01:47.96-04:30	705
703	t	800	\N	\N	\N	709	26	19	2016-12-27 16:01:47.967-04:30	2016-12-27 16:01:47.967-04:30	709
704	t	790	\N	\N	\N	707	26	19	2016-12-27 16:01:47.967-04:30	2016-12-27 16:01:47.967-04:30	707
705	t	770	\N	\N	\N	706	26	19	2016-12-27 16:01:47.968-04:30	2016-12-27 16:01:47.968-04:30	706
706	t	780	\N	\N	\N	708	26	19	2016-12-27 16:01:47.969-04:30	2016-12-27 16:01:47.969-04:30	708
707	t	810	\N	\N	\N	710	26	18	2016-12-27 16:01:47.978-04:30	2016-12-27 16:01:47.978-04:30	710
708	t	840	\N	\N	\N	713	26	18	2016-12-27 16:01:47.994-04:30	2016-12-27 16:01:47.994-04:30	713
709	t	850	\N	\N	\N	714	26	18	2016-12-27 16:01:47.998-04:30	2016-12-27 16:01:47.998-04:30	714
710	t	820	\N	\N	\N	711	26	18	2016-12-27 16:01:48-04:30	2016-12-27 16:01:48-04:30	711
711	t	830	\N	\N	\N	712	26	18	2016-12-27 16:01:48.001-04:30	2016-12-27 16:01:48.001-04:30	712
712	t	860	\N	\N	\N	715	26	18	2016-12-27 16:01:48.03-04:30	2016-12-27 16:01:48.03-04:30	715
713	t	870	\N	\N	\N	716	26	18	2016-12-27 16:01:48.036-04:30	2016-12-27 16:01:48.036-04:30	716
714	t	880	\N	\N	\N	717	26	17	2016-12-27 16:01:48.038-04:30	2016-12-27 16:01:48.038-04:30	717
715	t	900	\N	\N	\N	719	26	17	2016-12-27 16:01:48.046-04:30	2016-12-27 16:01:48.046-04:30	719
716	t	890	\N	\N	\N	718	26	17	2016-12-27 16:01:48.047-04:30	2016-12-27 16:01:48.047-04:30	718
717	t	930	\N	\N	\N	722	26	17	2016-12-27 16:01:48.06-04:30	2016-12-27 16:01:48.06-04:30	722
718	t	910	\N	\N	\N	720	26	17	2016-12-27 16:01:48.061-04:30	2016-12-27 16:01:48.061-04:30	720
560	t	9	\N	\N	\N	562	23	18	2016-12-27 15:55:37.915-04:30	2016-12-27 17:40:53.208-04:30	562
555	t	21	\N	\N	\N	558	23	19	2016-12-27 15:55:37.893-04:30	2016-12-27 18:42:59.098-04:30	558
570	t	8	\N	\N	\N	571	23	17	2016-12-27 15:55:37.958-04:30	2016-12-27 17:41:05.365-04:30	571
565	t	2	\N	\N	\N	566	23	18	2016-12-27 15:55:37.937-04:30	2016-12-27 18:54:14.138-04:30	566
575	t	13	\N	\N	\N	576	23	17	2016-12-27 15:55:37.979-04:30	2016-12-27 18:39:37.344-04:30	576
719	t	920	\N	\N	\N	721	26	17	2016-12-27 16:01:48.062-04:30	2016-12-27 16:01:48.062-04:30	721
728	t	520	\N	\N	\N	731	22	19	2016-12-27 16:02:36.374-04:30	2016-12-27 16:02:36.374-04:30	731
732	t	560	\N	\N	\N	735	22	18	2016-12-27 16:02:36.379-04:30	2016-12-27 16:02:36.379-04:30	735
737	t	610	\N	\N	\N	740	22	18	2016-12-27 16:02:36.389-04:30	2016-12-27 16:02:36.389-04:30	740
742	t	650	\N	\N	\N	744	22	17	2016-12-27 16:02:36.398-04:30	2016-12-27 16:02:36.398-04:30	744
720	t	950	\N	\N	\N	724	26	16	2016-12-27 16:01:48.072-04:30	2016-12-27 16:01:48.072-04:30	724
723	t	970	\N	\N	\N	726	26	17	2016-12-27 16:01:48.083-04:30	2016-12-27 16:01:48.083-04:30	726
729	t	540	\N	\N	\N	733	22	19	2016-12-27 16:02:36.375-04:30	2016-12-27 16:02:36.375-04:30	733
740	t	640	\N	\N	\N	743	22	17	2016-12-27 16:02:36.395-04:30	2016-12-27 16:02:36.395-04:30	743
745	t	690	\N	\N	\N	748	22	16	2016-12-27 16:02:36.407-04:30	2016-12-27 16:02:36.407-04:30	748
746	t	710	\N	\N	\N	750	22	18	2016-12-27 16:02:36.412-04:30	2016-12-27 16:02:36.412-04:30	750
750	t	740	\N	\N	\N	753	22	18	2016-12-27 16:02:36.418-04:30	2016-12-27 16:02:36.418-04:30	753
721	t	940	\N	\N	\N	723	26	16	2016-12-27 16:01:48.073-04:30	2016-12-27 16:01:48.073-04:30	723
725	t	990	\N	\N	\N	728	26	18	2016-12-27 16:01:48.104-04:30	2016-12-27 16:01:48.104-04:30	728
730	t	550	\N	\N	\N	734	22	19	2016-12-27 16:02:36.375-04:30	2016-12-27 16:02:36.375-04:30	734
733	t	570	\N	\N	\N	736	22	18	2016-12-27 16:02:36.381-04:30	2016-12-27 16:02:36.381-04:30	736
735	t	600	\N	\N	\N	738	22	18	2016-12-27 16:02:36.386-04:30	2016-12-27 16:02:36.386-04:30	738
738	t	620	\N	\N	\N	741	22	18	2016-12-27 16:02:36.391-04:30	2016-12-27 16:02:36.391-04:30	741
743	t	670	\N	\N	\N	746	22	17	2016-12-27 16:02:36.4-04:30	2016-12-27 16:02:36.4-04:30	746
747	t	700	\N	\N	\N	749	22	16	2016-12-27 16:02:36.412-04:30	2016-12-27 16:02:36.412-04:30	749
722	t	960	\N	\N	\N	725	26	18	2016-12-27 16:01:48.082-04:30	2016-12-27 16:01:48.082-04:30	725
727	t	510	\N	\N	\N	730	22	19	2016-12-27 16:02:36.369-04:30	2016-12-27 16:02:36.369-04:30	730
734	t	580	\N	\N	\N	737	22	18	2016-12-27 16:02:36.383-04:30	2016-12-27 16:02:36.383-04:30	737
739	t	630	\N	\N	\N	742	22	17	2016-12-27 16:02:36.393-04:30	2016-12-27 16:02:36.393-04:30	742
741	t	660	\N	\N	\N	745	22	17	2016-12-27 16:02:36.398-04:30	2016-12-27 16:02:36.398-04:30	745
744	t	680	\N	\N	\N	747	22	17	2016-12-27 16:02:36.402-04:30	2016-12-27 16:02:36.402-04:30	747
749	t	730	\N	\N	\N	752	22	19	2016-12-27 16:02:36.413-04:30	2016-12-27 16:02:36.413-04:30	752
724	t	980	\N	\N	\N	727	26	19	2016-12-27 16:01:48.091-04:30	2016-12-27 16:01:48.091-04:30	727
726	t	0	\N	\N	\N	729	26	19	2016-12-27 16:01:48.105-04:30	2016-12-27 16:01:48.105-04:30	729
731	t	530	\N	\N	\N	732	22	19	2016-12-27 16:02:36.375-04:30	2016-12-27 16:02:36.375-04:30	732
736	t	590	\N	\N	\N	739	22	18	2016-12-27 16:02:36.386-04:30	2016-12-27 16:02:36.386-04:30	739
748	t	720	\N	\N	\N	751	22	17	2016-12-27 16:02:36.412-04:30	2016-12-27 16:02:36.412-04:30	751
751	t	750	\N	\N	\N	754	22	19	2016-12-27 16:02:36.421-04:30	2016-12-27 16:02:36.421-04:30	754
752	t	760	\N	\N	\N	755	22	19	2016-12-27 16:03:08.051-04:30	2016-12-27 16:03:08.051-04:30	755
753	t	790	\N	\N	\N	758	22	19	2016-12-27 16:03:08.056-04:30	2016-12-27 16:03:08.056-04:30	758
754	t	770	\N	\N	\N	756	22	19	2016-12-27 16:03:08.056-04:30	2016-12-27 16:03:08.056-04:30	756
755	t	780	\N	\N	\N	757	22	19	2016-12-27 16:03:08.056-04:30	2016-12-27 16:03:08.056-04:30	757
756	t	800	\N	\N	\N	759	22	19	2016-12-27 16:03:08.057-04:30	2016-12-27 16:03:08.057-04:30	759
757	t	810	\N	\N	\N	760	22	18	2016-12-27 16:03:08.061-04:30	2016-12-27 16:03:08.061-04:30	760
758	t	820	\N	\N	\N	761	22	18	2016-12-27 16:03:08.063-04:30	2016-12-27 16:03:08.063-04:30	761
759	t	840	\N	\N	\N	763	22	18	2016-12-27 16:03:08.066-04:30	2016-12-27 16:03:08.066-04:30	763
760	t	830	\N	\N	\N	762	22	18	2016-12-27 16:03:08.066-04:30	2016-12-27 16:03:08.066-04:30	762
761	t	850	\N	\N	\N	764	22	18	2016-12-27 16:03:08.069-04:30	2016-12-27 16:03:08.069-04:30	764
762	t	860	\N	\N	\N	765	22	18	2016-12-27 16:03:08.071-04:30	2016-12-27 16:03:08.071-04:30	765
763	t	870	\N	\N	\N	766	22	18	2016-12-27 16:03:08.077-04:30	2016-12-27 16:03:08.077-04:30	766
764	t	900	\N	\N	\N	769	22	17	2016-12-27 16:03:08.085-04:30	2016-12-27 16:03:08.085-04:30	769
765	t	880	\N	\N	\N	767	22	17	2016-12-27 16:03:08.085-04:30	2016-12-27 16:03:08.085-04:30	767
766	t	890	\N	\N	\N	768	22	17	2016-12-27 16:03:08.085-04:30	2016-12-27 16:03:08.085-04:30	768
767	t	910	\N	\N	\N	770	22	17	2016-12-27 16:03:08.085-04:30	2016-12-27 16:03:08.085-04:30	770
768	t	920	\N	\N	\N	771	22	17	2016-12-27 16:03:08.089-04:30	2016-12-27 16:03:08.089-04:30	771
769	t	930	\N	\N	\N	772	22	17	2016-12-27 16:03:08.092-04:30	2016-12-27 16:03:08.092-04:30	772
770	t	940	\N	\N	\N	773	22	16	2016-12-27 16:03:08.094-04:30	2016-12-27 16:03:08.094-04:30	773
771	t	950	\N	\N	\N	774	22	16	2016-12-27 16:03:08.097-04:30	2016-12-27 16:03:08.097-04:30	774
772	t	960	\N	\N	\N	775	22	18	2016-12-27 16:03:08.097-04:30	2016-12-27 16:03:08.097-04:30	775
773	t	970	\N	\N	\N	776	22	17	2016-12-27 16:03:08.1-04:30	2016-12-27 16:03:08.1-04:30	776
774	t	980	\N	\N	\N	777	22	19	2016-12-27 16:03:08.102-04:30	2016-12-27 16:03:08.102-04:30	777
775	t	990	\N	\N	\N	778	22	18	2016-12-27 16:03:08.104-04:30	2016-12-27 16:03:08.104-04:30	778
776	t	0	\N	\N	\N	779	22	19	2016-12-27 16:03:08.106-04:30	2016-12-27 16:03:08.106-04:30	779
777	t	510	\N	\N	\N	780	21	19	2016-12-27 16:04:14.524-04:30	2016-12-27 16:04:14.524-04:30	780
778	t	540	\N	\N	\N	783	21	19	2016-12-27 16:04:14.53-04:30	2016-12-27 16:04:14.53-04:30	783
779	t	530	\N	\N	\N	782	21	19	2016-12-27 16:04:14.53-04:30	2016-12-27 16:04:14.53-04:30	782
780	t	520	\N	\N	\N	781	21	19	2016-12-27 16:04:14.53-04:30	2016-12-27 16:04:14.53-04:30	781
781	t	550	\N	\N	\N	784	21	19	2016-12-27 16:04:14.531-04:30	2016-12-27 16:04:14.531-04:30	784
782	t	560	\N	\N	\N	785	21	18	2016-12-27 16:04:14.538-04:30	2016-12-27 16:04:14.538-04:30	785
783	t	600	\N	\N	\N	789	21	18	2016-12-27 16:04:14.544-04:30	2016-12-27 16:04:14.544-04:30	789
784	t	570	\N	\N	\N	786	21	18	2016-12-27 16:04:14.544-04:30	2016-12-27 16:04:14.544-04:30	786
785	t	580	\N	\N	\N	787	21	18	2016-12-27 16:04:14.545-04:30	2016-12-27 16:04:14.545-04:30	787
786	t	590	\N	\N	\N	788	21	18	2016-12-27 16:04:14.545-04:30	2016-12-27 16:04:14.545-04:30	788
787	t	610	\N	\N	\N	790	21	18	2016-12-27 16:04:14.55-04:30	2016-12-27 16:04:14.55-04:30	790
788	t	620	\N	\N	\N	791	21	18	2016-12-27 16:04:14.556-04:30	2016-12-27 16:04:14.556-04:30	791
789	t	630	\N	\N	\N	792	21	17	2016-12-27 16:04:14.557-04:30	2016-12-27 16:04:14.557-04:30	792
790	t	640	\N	\N	\N	793	21	17	2016-12-27 16:04:14.56-04:30	2016-12-27 16:04:14.56-04:30	793
791	t	650	\N	\N	\N	794	21	17	2016-12-27 16:04:14.563-04:30	2016-12-27 16:04:14.563-04:30	794
792	t	660	\N	\N	\N	795	21	17	2016-12-27 16:04:14.565-04:30	2016-12-27 16:04:14.565-04:30	795
793	t	670	\N	\N	\N	796	21	17	2016-12-27 16:04:14.569-04:30	2016-12-27 16:04:14.569-04:30	796
794	t	680	\N	\N	\N	797	21	17	2016-12-27 16:04:14.57-04:30	2016-12-27 16:04:14.57-04:30	797
795	t	690	\N	\N	\N	798	21	16	2016-12-27 16:04:14.573-04:30	2016-12-27 16:04:14.573-04:30	798
796	t	700	\N	\N	\N	799	21	16	2016-12-27 16:04:14.576-04:30	2016-12-27 16:04:14.576-04:30	799
797	t	710	\N	\N	\N	800	21	18	2016-12-27 16:04:14.578-04:30	2016-12-27 16:04:14.578-04:30	800
798	t	720	\N	\N	\N	801	21	17	2016-12-27 16:04:14.581-04:30	2016-12-27 16:04:14.581-04:30	801
799	t	730	\N	\N	\N	802	21	19	2016-12-27 16:04:14.582-04:30	2016-12-27 16:04:14.582-04:30	802
800	t	740	\N	\N	\N	803	21	18	2016-12-27 16:04:14.585-04:30	2016-12-27 16:04:14.585-04:30	803
801	t	750	\N	\N	\N	804	21	19	2016-12-27 16:04:14.587-04:30	2016-12-27 16:04:14.587-04:30	804
802	t	760	\N	\N	\N	805	21	19	2016-12-27 16:04:33.723-04:30	2016-12-27 16:04:33.723-04:30	805
803	t	770	\N	\N	\N	806	21	19	2016-12-27 16:04:33.729-04:30	2016-12-27 16:04:33.729-04:30	806
804	t	800	\N	\N	\N	809	21	19	2016-12-27 16:04:33.729-04:30	2016-12-27 16:04:33.729-04:30	809
805	t	790	\N	\N	\N	808	21	19	2016-12-27 16:04:33.729-04:30	2016-12-27 16:04:33.729-04:30	808
806	t	780	\N	\N	\N	807	21	19	2016-12-27 16:04:33.73-04:30	2016-12-27 16:04:33.73-04:30	807
807	t	810	\N	\N	\N	810	21	18	2016-12-27 16:04:33.735-04:30	2016-12-27 16:04:33.735-04:30	810
808	t	820	\N	\N	\N	811	21	18	2016-12-27 16:04:33.738-04:30	2016-12-27 16:04:33.738-04:30	811
809	t	840	\N	\N	\N	813	21	18	2016-12-27 16:04:33.741-04:30	2016-12-27 16:04:33.741-04:30	813
810	t	830	\N	\N	\N	812	21	18	2016-12-27 16:04:33.742-04:30	2016-12-27 16:04:33.742-04:30	812
811	t	850	\N	\N	\N	814	21	18	2016-12-27 16:04:33.745-04:30	2016-12-27 16:04:33.745-04:30	814
812	t	860	\N	\N	\N	815	21	18	2016-12-27 16:04:33.747-04:30	2016-12-27 16:04:33.747-04:30	815
813	t	870	\N	\N	\N	816	21	18	2016-12-27 16:04:33.75-04:30	2016-12-27 16:04:33.75-04:30	816
814	t	880	\N	\N	\N	817	21	17	2016-12-27 16:04:33.753-04:30	2016-12-27 16:04:33.753-04:30	817
815	t	900	\N	\N	\N	819	21	17	2016-12-27 16:04:33.757-04:30	2016-12-27 16:04:33.757-04:30	819
816	t	890	\N	\N	\N	818	21	17	2016-12-27 16:04:33.757-04:30	2016-12-27 16:04:33.757-04:30	818
817	t	910	\N	\N	\N	820	21	17	2016-12-27 16:04:33.76-04:30	2016-12-27 16:04:33.76-04:30	820
818	t	920	\N	\N	\N	821	21	17	2016-12-27 16:04:33.763-04:30	2016-12-27 16:04:33.763-04:30	821
819	t	930	\N	\N	\N	822	21	17	2016-12-27 16:04:33.766-04:30	2016-12-27 16:04:33.766-04:30	822
820	t	940	\N	\N	\N	823	21	16	2016-12-27 16:04:33.77-04:30	2016-12-27 16:04:33.77-04:30	823
821	t	950	\N	\N	\N	824	21	16	2016-12-27 16:04:33.771-04:30	2016-12-27 16:04:33.771-04:30	824
822	t	960	\N	\N	\N	825	21	18	2016-12-27 16:04:33.774-04:30	2016-12-27 16:04:33.774-04:30	825
823	t	970	\N	\N	\N	826	21	17	2016-12-27 16:04:33.776-04:30	2016-12-27 16:04:33.776-04:30	826
824	t	980	\N	\N	\N	827	21	19	2016-12-27 16:04:33.778-04:30	2016-12-27 16:04:33.778-04:30	827
825	t	990	\N	\N	\N	828	21	18	2016-12-27 16:04:33.785-04:30	2016-12-27 16:04:33.785-04:30	828
826	t	0	\N	\N	\N	829	21	19	2016-12-27 16:04:33.788-04:30	2016-12-27 16:04:33.788-04:30	829
827	t	8	\N	\N	\N	830	30	9	2016-12-28 13:51:27.479-04:30	2016-12-28 13:51:27.479-04:30	830
545	t	7	\N	\N	\N	548	23	18	2016-12-27 15:55:17.85-04:30	2016-12-27 17:40:24.792-04:30	548
828	t	36	\N	\N	\N	831	23	16	2016-12-28 15:52:36.856-04:30	2016-12-28 15:52:36.856-04:30	831
829	f	12	\N	\N	\N	832	9	6	2017-01-19 14:37:37.225-04:30	2017-01-23 14:02:16.439-04:30	832
527	t	19	\N	\N	\N	530	23	19	2016-12-27 15:55:17.809-04:30	2016-12-27 18:37:09.51-04:30	530
80	t	20	\N	\N	\N	83	23	19	2016-12-26 16:55:35.142-04:30	2016-12-27 18:40:26.848-04:30	83
76	t	14	\N	\N	\N	79	23	19	2016-12-26 16:55:35.13-04:30	2016-12-27 18:54:35.203-04:30	79
96	f	210	\N	\N	\N	99	23	18	2016-12-26 16:55:35.19-04:30	2016-12-28 10:25:17.837-04:30	99
280	f	290	\N	\N	\N	283	23	19	2016-12-27 14:08:40.441-04:30	2016-12-28 10:26:56.434-04:30	283
285	f	330	\N	\N	\N	287	23	18	2016-12-27 14:08:40.458-04:30	2016-12-28 10:26:56.626-04:30	287
832	t	23	\N	\N	\N	835	66	18	2017-03-22 16:49:48.594-04:30	2017-03-22 16:49:48.594-04:30	835
831	f	10	\N	\N	\N	834	66	18	2017-03-20 10:16:20.266-04:30	2017-03-22 17:19:29.358-04:30	834
830	t	16	\N	\N	\N	833	66	17	2017-03-20 10:15:22.84-04:30	2017-03-22 17:20:18.571-04:30	833
833	t	10	\N	\N	\N	836	80	18	2017-03-22 17:55:41.175-04:30	2017-03-22 17:56:22.504-04:30	836
834	f	16	\N	\N	\N	837	80	17	2017-03-22 17:57:35.701-04:30	2017-03-22 17:58:12.507-04:30	837
835	t	15	\N	\N	\N	838	75	18	2017-03-23 14:02:45.772-04:30	2017-03-23 14:02:45.772-04:30	838
836	t	10	\N	\N	\N	839	75	17	2017-03-23 14:10:06.62-04:30	2017-03-23 14:10:06.62-04:30	839
837	t	12	\N	\N	\N	840	75	19	2017-03-23 14:19:09.055-04:30	2017-03-23 14:19:09.055-04:30	840
839	f	5	\N	\N	\N	842	75	19	2017-03-23 15:16:59.615-04:30	2017-03-23 15:20:54.812-04:30	842
842	f	1	\N	\N	\N	845	75	17	2017-03-23 15:23:02.015-04:30	2017-03-23 15:27:40.158-04:30	845
844	t	5	\N	\N	\N	851	75	16	2017-03-24 14:26:04.656-04:30	2017-03-24 14:26:04.656-04:30	851
845	t	4	\N	\N	\N	847	75	18	2017-03-24 14:26:04.727-04:30	2017-03-24 14:26:04.727-04:30	847
846	t	3	\N	\N	\N	850	75	18	2017-03-24 14:26:04.733-04:30	2017-03-24 14:26:04.733-04:30	850
848	t	2	\N	\N	\N	848	75	19	2017-03-24 14:26:04.734-04:30	2017-03-24 14:26:04.734-04:30	848
849	t	6	\N	\N	\N	852	75	18	2017-03-24 14:26:04.761-04:30	2017-03-24 14:26:04.761-04:30	852
841	f	13	\N	\N	\N	844	75	17	2017-03-23 15:21:31.718-04:30	2017-03-24 14:28:02.153-04:30	844
843	f	2	\N	\N	\N	846	75	19	2017-03-24 11:33:59.591-04:30	2017-03-24 14:27:31.773-04:30	846
840	f	5	\N	\N	\N	843	75	19	2017-03-23 15:16:59.785-04:30	2017-03-24 14:28:10.188-04:30	843
847	f	1	\N	\N	\N	849	75	19	2017-03-24 14:26:04.734-04:30	2017-03-24 14:28:17.753-04:30	849
838	f	3	\N	\N	\N	841	75	17	2017-03-23 15:12:09.707-04:30	2017-03-24 14:28:22.858-04:30	841
\.


--
-- Name: players_teams_id_seq; Type: SEQUENCE SET; Schema: public; Owner: postgres
--

SELECT pg_catalog.setval('players_teams_id_seq', 849, true);


--
-- Data for Name: positions; Type: TABLE DATA; Schema: public; Owner: postgres
--

COPY positions (id, subdiscipline_id, name_en, short_name_en, name_es, short_name_es, active, created_at, updated_at) FROM stdin;
1	1	Goalkeeper	GK	Portero	P	t	2016-11-18 11:15:43.988363-04:30	2016-11-18 11:15:43.988363-04:30
4	1	Forward	F	Delantero	Del	t	2016-11-18 11:15:43.988363-04:30	2016-11-18 11:15:43.988363-04:30
5	1	Undefined	U	Indeterminado	I	t	2016-11-18 11:15:43.988363-04:30	2016-11-18 11:15:43.988363-04:30
6	2	Goalkeeper	GK	Portero	P	t	2016-11-18 11:15:43.988363-04:30	2016-11-18 11:15:43.988363-04:30
9	2	Forward	F	Delantero	Del	t	2016-11-18 11:15:43.988363-04:30	2016-11-18 11:15:43.988363-04:30
10	2	Undefined	U	Indeterminado	I	t	2016-11-18 11:15:43.988363-04:30	2016-11-18 11:15:43.988363-04:30
11	3	Goalkeeper	GK	Portero	P	t	2016-11-18 11:15:43.988363-04:30	2016-11-18 11:15:43.988363-04:30
14	3	Forward	F	Delantero	Del	t	2016-11-18 11:15:43.988363-04:30	2016-11-18 11:15:43.988363-04:30
15	3	Undefined	U	Indeterminado	I	t	2016-11-18 11:15:43.988363-04:30	2016-11-18 11:15:43.988363-04:30
16	4	Goalkeeper	GK	Portero	P	t	2016-11-18 11:15:43.988363-04:30	2016-11-18 11:15:43.988363-04:30
19	4	Forward	F	Delantero	Del	t	2016-11-18 11:15:43.988363-04:30	2016-11-18 11:15:43.988363-04:30
20	4	Undefined	U	Indeterminado	I	t	2016-11-18 11:15:43.988363-04:30	2016-11-18 11:15:43.988363-04:30
3	1	Midfielder	M	Mediocampista	MC	t	2016-11-18 11:15:43.988363-04:30	2016-11-18 11:15:43.988363-04:30
8	2	Midfielder	M	Mediocampista	MC	t	2016-11-18 11:15:43.988363-04:30	2016-11-18 11:15:43.988363-04:30
13	3	Midfielder	M	Mediocampista	MC	t	2016-11-18 11:15:43.988363-04:30	2016-11-18 11:15:43.988363-04:30
18	4	Midfielder	M	Mediocampista	MC	t	2016-11-18 11:15:43.988363-04:30	2016-11-18 11:15:43.988363-04:30
2	1	Defense	D	Defensa	Def	t	2016-11-18 11:15:43.988363-04:30	2016-11-18 11:15:43.988363-04:30
7	2	Defense	D	Defensa	Def	t	2016-11-18 11:15:43.988363-04:30	2016-11-18 11:15:43.988363-04:30
12	3	Defense	D	Defensa	Def	t	2016-11-18 11:15:43.988363-04:30	2016-11-18 11:15:43.988363-04:30
17	4	Defense	D	Defensa	Def	t	2016-11-18 11:15:43.988363-04:30	2016-11-18 11:15:43.988363-04:30
\.


--
-- Name: positions_id_seq; Type: SEQUENCE SET; Schema: public; Owner: postgres
--

SELECT pg_catalog.setval('positions_id_seq', 20, true);


--
-- Data for Name: relationships_types; Type: TABLE DATA; Schema: public; Owner: postgres
--

COPY relationships_types (id, name, description, active, created_at, updated_at) FROM stdin;
1	OWNER	\N	t	2016-11-18 11:15:44.142127-04:30	2016-11-18 11:15:44.142127-04:30
2	PLAYER	\N	t	2016-11-18 11:15:44.14261-04:30	2016-11-18 11:15:44.14261-04:30
3	FEED ITEM OF	\N	t	2016-12-26 10:57:34.593519-04:30	2016-12-26 10:57:34.593519-04:30
4	FAN	\N	t	2016-12-26 10:57:34.593519-04:30	2016-12-26 10:57:34.593519-04:30
5	COMMENT OF	\N	t	2016-12-26 10:57:34.593519-04:30	2016-12-26 10:57:34.593519-04:30
6	PLAYER	\N	t	2016-12-26 10:57:34.593519-04:30	2016-12-26 10:57:34.593519-04:30
7	MEMBER	\N	t	2017-02-10 15:37:03.21773-04:30	2017-02-10 15:37:03.21773-04:30
8	EVENT CALENDAR OF	\N	t	2017-03-15 13:33:46.527618-04:30	2017-03-15 13:33:46.527618-04:30
\.


--
-- Name: relationships_types_id_seq; Type: SEQUENCE SET; Schema: public; Owner: postgres
--

SELECT pg_catalog.setval('relationships_types_id_seq', 9, true);


--
-- Data for Name: roles; Type: TABLE DATA; Schema: public; Owner: postgres
--

COPY roles (id, description, active, created_at, updated_at) FROM stdin;
1	owner	t	2016-11-18 11:15:44.072162-04:30	2016-11-18 11:15:44.072162-04:30
2	admin	t	2016-11-18 11:15:44.072697-04:30	2016-11-18 11:15:44.072697-04:30
3	member	t	2016-11-18 11:15:44.073066-04:30	2016-11-18 11:15:44.073066-04:30
4	referee	t	2016-11-18 11:15:44.073436-04:30	2016-11-18 11:15:44.073436-04:30
5	couch	t	2016-11-18 11:15:44.080087-04:30	2016-11-18 11:15:44.080087-04:30
6	follower	t	2016-11-18 11:15:44.080721-04:30	2016-11-18 11:15:44.080721-04:30
7	ss	t	2016-11-18 11:15:44.080924-04:30	2016-11-18 11:15:44.080924-04:30
\.


--
-- Name: roles_id_seq; Type: SEQUENCE SET; Schema: public; Owner: postgres
--

SELECT pg_catalog.setval('roles_id_seq', 7, true);


--
-- Data for Name: roles_users; Type: TABLE DATA; Schema: public; Owner: postgres
--

COPY roles_users (rol_id, users_id, active, created_at, updated_at) FROM stdin;
\.


--
-- Data for Name: rounds; Type: TABLE DATA; Schema: public; Owner: postgres
--

COPY rounds (id, name, start_date, end_date, active, group_id, created_at, updated_at) FROM stdin;
1	Round	\N	\N	t	23	2016-12-26 15:21:17.523-04:30	2016-12-27 08:38:17.786-04:30
2	Round	\N	\N	t	24	2016-12-26 18:05:45.904775-04:30	2016-12-27 08:38:36.452-04:30
3	Round	\N	\N	t	24	2016-12-27 16:09:18.512-04:30	2016-12-27 16:09:18.512-04:30
4	Round	\N	\N	t	24	2016-12-27 17:27:46.808-04:30	2016-12-27 17:27:46.808-04:30
5	Round	\N	\N	t	23	2016-12-27 18:48:13.78-04:30	2016-12-27 18:48:13.78-04:30
6	Round	\N	\N	t	23	2016-12-27 21:00:26.439-04:30	2016-12-27 21:00:26.439-04:30
7	Round	\N	\N	t	24	2016-12-28 15:24:48.111-04:30	2016-12-28 15:24:48.111-04:30
8	Round	\N	\N	t	24	2016-12-28 15:24:53.161-04:30	2016-12-28 15:24:53.161-04:30
9	Round	\N	\N	t	23	2016-12-28 17:25:11.484-04:30	2016-12-28 17:25:11.484-04:30
10	Round	\N	\N	t	23	2016-12-28 17:25:44.791-04:30	2016-12-28 17:25:44.791-04:30
11	Round	\N	\N	t	24	2016-12-30 13:00:16.023-04:30	2016-12-30 13:00:16.023-04:30
12	Round	\N	\N	t	23	2016-12-30 15:05:55.478-04:30	2016-12-30 15:05:55.478-04:30
13	Round	\N	\N	t	24	2016-12-30 15:13:49.991-04:30	2016-12-30 15:13:49.991-04:30
14	Round	\N	\N	t	23	2016-12-30 15:25:29.887-04:30	2016-12-30 15:25:29.887-04:30
15	Ronda 1	\N	\N	t	25	2017-01-30 13:42:30.455-04:30	2017-01-30 13:42:30.455-04:30
16	Ronda 1	\N	\N	t	26	2017-01-30 13:42:30.49-04:30	2017-01-30 13:42:30.49-04:30
17	Ronda 1	\N	\N	t	27	2017-01-30 13:42:30.498-04:30	2017-01-30 13:42:30.498-04:30
18	Ronda 1	\N	\N	t	28	2017-01-30 13:42:30.507-04:30	2017-01-30 13:42:30.507-04:30
\.


--
-- Name: rounds_id_seq; Type: SEQUENCE SET; Schema: public; Owner: postgres
--

SELECT pg_catalog.setval('rounds_id_seq', 18, true);


--
-- Data for Name: rules; Type: TABLE DATA; Schema: public; Owner: postgres
--

COPY rules (id, name, value, short_name, active, created_at, updated_at) FROM stdin;
1	Partido Ganado	3	PG	t	2016-11-18 11:15:44.090902-04:30	2016-11-18 11:15:44.090902-04:30
2	Partido Perdido	0	PP	t	2016-11-18 11:15:44.091633-04:30	2016-11-18 11:15:44.091633-04:30
3	Partido Empatado	1	PE	t	2016-11-18 11:15:44.09209-04:30	2016-11-18 11:15:44.09209-04:30
\.


--
-- Name: rules_id_seq; Type: SEQUENCE SET; Schema: public; Owner: postgres
--

SELECT pg_catalog.setval('rules_id_seq', 3, true);


--
-- Data for Name: rules_rulesets; Type: TABLE DATA; Schema: public; Owner: postgres
--

COPY rules_rulesets (id, rule_id, ruleset_id, active, created_at, updated_at) FROM stdin;
\.


--
-- Name: rules_rulesets_id_seq; Type: SEQUENCE SET; Schema: public; Owner: postgres
--

SELECT pg_catalog.setval('rules_rulesets_id_seq', 1, false);


--
-- Data for Name: rulesets; Type: TABLE DATA; Schema: public; Owner: postgres
--

COPY rulesets (id, name, short_name, active, created_at, updated_at) FROM stdin;
1	Default Rulesets	df	t	2016-11-18 11:15:44.097272-04:30	2016-11-18 11:15:44.097272-04:30
\.


--
-- Name: rulesets_id_seq; Type: SEQUENCE SET; Schema: public; Owner: postgres
--

SELECT pg_catalog.setval('rulesets_id_seq', 1, true);


--
-- Data for Name: schema_info; Type: TABLE DATA; Schema: public; Owner: postgres
--

COPY schema_info (id, name, batch, migration_time) FROM stdin;
1	20160216160758_users.js	1	2016-11-18 11:15:35.652-04:30
2	20160216161837_roles.js	1	2016-11-18 11:15:35.67-04:30
3	20160216162014_roles_users.js	1	2016-11-18 11:15:35.7-04:30
4	20160217151400_disciplines.js	1	2016-11-18 11:15:35.717-04:30
5	20160217153000_subdiscipline.js	1	2016-11-18 11:15:35.75-04:30
6	20160303105000_competitions_types.js	1	2016-11-18 11:15:35.774-04:30
7	20160303105007_genders.js	1	2016-11-18 11:15:35.796-04:30
8	20160303105100_competitions.js	1	2016-11-18 11:15:35.842-04:30
9	20160303106001_competitions_users.js	1	2016-11-18 11:15:35.878-04:30
10	20160303112430_seasons.js	1	2016-11-18 11:15:35.909-04:30
11	20160303112511_categories_types.js	1	2016-11-18 11:15:35.926-04:30
12	20160303112511_clasification.js	1	2016-11-18 11:15:35.944-04:30
13	20160303112512_categories.js	1	2016-11-18 11:15:36.004-04:30
14	20160407145155_countries.js	1	2016-11-18 11:15:36.016-04:30
15	20160416153354_organizations_types.js	1	2016-11-18 11:15:36.037-04:30
16	20160416153356_organizations.js	1	2016-11-18 11:15:36.075-04:30
17	20160417142812_contacts.js	1	2016-11-18 11:15:36.11-04:30
18	20160418144832_organization_rol_user.js	1	2016-11-18 11:15:36.143-04:30
19	20160420155213_competitions_roles_organizations.js	1	2016-11-18 11:15:36.183-04:30
20	20160420155835_phases.js	1	2016-11-18 11:15:36.208-04:30
21	20160420213828_groups.js	1	2016-11-18 11:15:36.231-04:30
22	20160420214052_rounds.js	1	2016-11-18 11:15:36.247-04:30
23	20160420214529_teams.js	1	2016-11-18 11:15:36.294-04:30
24	20160420214740_matches.js	1	2016-11-18 11:15:36.336-04:30
25	20160420215249_rules.js	1	2016-11-18 11:15:36.352-04:30
26	20160420222350_rulesets.js	1	2016-11-18 11:15:36.372-04:30
27	20160420222459_rules_rulesets.js	1	2016-11-18 11:15:36.407-04:30
28	20160527222254_players.js	1	2016-11-18 11:15:36.433-04:30
29	20160531222256_events.js	1	2016-11-18 11:15:36.455-04:30
30	20160531222257_events_matches.js	1	2016-11-18 11:15:36.474-04:30
31	20160531222257_events_matches_players.js	1	2016-11-18 11:15:36.516-04:30
32	20160602222257_matches_referees.js	1	2016-11-18 11:15:36.56-04:30
33	20160608222257_categories_groups_phases_teams.js	1	2016-11-18 11:15:36.607-04:30
34	20160609222257_standing_table.js	1	2016-11-18 11:15:36.618-04:30
35	20160627222257_matches_teams_players.js	1	2016-11-18 11:15:36.649-04:30
36	20160729140804_positions.js	1	2016-11-18 11:15:36.671-04:30
37	20160730222256_players_teams.js	1	2016-11-18 11:15:36.722-04:30
38	20160824143626_category_team_player.js	1	2016-11-18 11:15:36.755-04:30
39	20160826144207_categories.js	1	2016-11-18 11:15:36.762-04:30
40	20160907140514_AddCreatedByToCompetitions.js	1	2016-11-18 11:15:36.771-04:30
41	20160908173208_AddMetaToCompetitionSeasonCategory.js	1	2016-11-18 11:15:36.779-04:30
42	20160921143323_AddFieldsToStandingTable.js	1	2016-11-18 11:15:36.788-04:30
43	20161006115839_AddPlaceholdersToMatch.js	1	2016-11-18 11:15:36.795-04:30
44	20161017113945_AddGroupIdToMatches.js	1	2016-11-18 11:15:36.801-04:30
45	20161017155841_contact_type.js	1	2016-11-18 11:15:36.821-04:30
46	20161019151159_entities_type.js	1	2016-11-18 11:15:36.836-04:30
47	20161024160404_AddMetaToTeams.js	1	2016-11-18 11:15:36.855-04:30
48	20161025161314_AddStatusColumnsToCategoryGroupPhaseTeam.js	1	2016-11-18 11:15:36.885-04:30
49	20161025162459_CreateStatusType.js	1	2016-11-18 11:15:36.902-04:30
50	20161025163251_AddStatusTypeRelation.js	1	2016-11-18 11:15:36.917-04:30
51	20161026215705_relationships_type.js	1	2016-11-18 11:15:36.935-04:30
52	20161031102944_entities.js	1	2016-11-18 11:15:36.957-04:30
53	20161031150000_entities_relationships.js	1	2016-11-18 11:15:36.999-04:30
54	20161104133726_AlterRelationshipTypeFieldOnEntitiesRelationships.js	1	2016-11-18 11:15:37.006-04:30
55	20161108135210_entities_requests.js	1	2016-11-18 11:15:37.033-04:30
56	20161108153453_categories_pre_registrations.js	1	2016-11-18 11:15:37.08-04:30
57	20161108172911_AddObjectTypeToEntities.js	1	2016-11-18 11:15:37.086-04:30
58	20161109152344_AddTypeToStatusType.js	1	2016-11-18 11:15:37.092-04:30
59	20161109170702_AddCodeToStatusType.js	1	2016-11-18 11:15:37.098-04:30
60	20161110114255_AddStatusIdToEntityRequest.js	1	2016-11-18 11:15:37.11-04:30
61	20161124190620_add_name_es_to_gender.js	2	2016-11-24 20:28:34.937-04:30
62	20161125140231_add_name_es_to_status_type.js	3	2016-11-25 14:13:48.153-04:30
63	20161128173715_add_present_to_cat_team_player.js	4	2016-11-30 17:49:30.497-04:30
64	20161129102048_remove_number_pos_from_cat_team_player.js	4	2016-11-30 17:49:30.521-04:30
65	20161212192503_create_feed_items.js	5	2016-12-26 10:49:25.367-04:30
66	20161214111558_delete_entity_type_id_from_entity.js	5	2016-12-26 10:49:25.393-04:30
67	20161219115541_addPortraitToTeams.js	5	2016-12-26 10:49:25.403-04:30
68	20161221155828_delete_created_by_id_from_entity.js	5	2016-12-26 10:49:25.422-04:30
69	20161221165137_create_comments.js	5	2016-12-26 10:49:25.441-04:30
70	20170116173338_clubs.js	6	2017-01-30 15:04:16.767-04:30
71	20170110155523_matches_teams_players.js	7	2017-02-10 14:25:43.503-04:30
102	20170127162741_terms_conditions.js	8	2017-03-13 14:01:12.376-04:30
103	20170203103924_addClubIdToTeams.js	8	2017-03-13 14:01:12.415-04:30
104	20170302111014_addCluIdToMatches.js	8	2017-03-13 14:01:12.431-04:30
105	20170313114334_Addname_esYname_enToCategory_type.js	8	2017-03-13 14:01:12.466-04:30
106	20170303103317_createEventCalendarType.js	9	2017-03-22 11:33:49.867-04:30
107	20170303104334_createEventCalendar.js	9	2017-03-22 11:33:49.948-04:30
108	20170303114652_createEventCalendarComments.js	9	2017-03-22 11:33:49.973-04:30
109	20170313180438_users.js	9	2017-03-22 11:33:49.983-04:30
131	20170323154201_add_document_img_url_to_player.js	10	2017-04-03 10:41:58.749-04:30
167	20170403111214_migrateToTmpTables.js	11	2017-04-04 10:25:23.934-04:30
168	20170403113143_updatePersonIdToTmp_players_teams.js	11	2017-04-04 10:25:24.27-04:30
169	20170403115318_updateTeamPlayerIdToTmp_matches_players.js	11	2017-04-04 10:25:24.316-04:30
170	20170403115539_updateTeamPlayerIdToTmp_categories_players.js	11	2017-04-04 10:25:24.434-04:30
171	20170403120014_updatePlayerInAndPLayerOutOftmp_events_matches_playersWithPersonId.js	11	2017-04-04 10:25:24.521-04:30
172	20170404095512_cloneTablesToDelete.js	11	2017-04-04 10:25:24.527-04:30
\.


--
-- Name: schema_info_id_seq; Type: SEQUENCE SET; Schema: public; Owner: postgres
--

SELECT pg_catalog.setval('schema_info_id_seq', 172, true);


--
-- Data for Name: seasons; Type: TABLE DATA; Schema: public; Owner: postgres
--

COPY seasons (id, name, description, game_title, active, init_at, ends_at, competition_id, created_at, updated_at, meta) FROM stdin;
1	Houston	\N	Houston Coca Cola Cup	t	2016-12-02 23:30:00-04:30	2016-12-03 23:30:00-04:30	1	2016-11-18 16:43:04.438-04:30	2016-11-18 16:43:04.438-04:30	{"premios":{"1":{"nombre":"1er puesto","premio":"Trofeo y medallas"},"2":{"nombre":"2do puesto","premio":"Trofeo y medallas. Uniformes y baln oficial de Copa Coca-Cola para todos los equipos."},"3":{"nombre":"","premio":"Uniformes y baln oficial de Copa Coca-Cola para todos los equipos."}},"ciudad":"Houston",   "venue": {\n    "name": "Cullen Park",\n    "address": "19008 Saums Houston, TX 77084",\n    "location": "19008 Saums Houston, TX 77084"\n  }}
4	Disney Boys Soccer Showcase 2016	\N	Disney Boys Soccer Showcase 2016	t	2016-12-26 23:30:00-04:30	2016-12-29 23:30:00-04:30	4	2016-12-25 20:09:30.015-04:30	2016-12-25 20:09:30.015-04:30	{\n"premios_en":{\n    "1":{\n      "nombre":"1st Place",\n      "premio":"TBA"\n    },\n    "2":{\n      "nombre":"2nd Place",\n      "premio":"TBA"\n    },\n    "3":{\n      "nombre":"",\n      "premio":""\n    }\n  },\n  "premios_es":{\n    "1":{\n      "nombre":"1er puesto",\n      "premio":"TBA"\n    },\n    "2":{\n      "nombre":"2do puesto",\n      "premio":"TBA"\n    },\n    "3":{\n      "nombre":"",\n      "premio":""\n    }\n  },\n  "premios":{\n    "1":{\n      "nombre":"1er puesto",\n      "premio":"TBA"\n    },\n    "2":{\n      "nombre":"2do puesto",\n      "premio":"TBA"\n    },\n    "3":{\n      "nombre":"",\n      "premio":""\n    }\n  },\n  "ciudad":"Orlando",\n  "venue":{\n    "name":"ESPN Wide World of Sports Complex",\n    "address":"700 S Victory Way, Kissimmee, FL 34747, EE. UU.",\n    "location":"700 S Victory Way, Kissimmee, FL 34747, EE. UU."\n  }\n}
5	Opening 2017	\N	Opening 2017	t	2017-01-29 23:30:00-04:30	2017-02-27 23:30:00-04:30	5	2017-01-30 13:41:06.279-04:30	2017-01-30 13:41:06.279-04:30	\N
2	Copa Ram Houston	\N	Copa Ram Houston 2016	t	2016-12-02 23:30:00-04:30	2016-12-03 23:30:00-04:30	2	2016-11-18 17:12:18.997-04:30	2016-11-18 17:12:18.997-04:30	{\n   "premios":{\n      "1":{\n         "nombre":"1er puesto",\n         "premio":"$4,000 en cheque, trofeo, medallas y uniformes"\n      },\n      "2":{\n         "nombre":"2do puesto",\n         "premio":"$1,000 en cheque, medallas y uniformes"\n      },\n      "3":{\n         "nombre":"",\n         "premio":"Uniformes para los 8 mejores equipos"\n      }\n   },\n   "ciudad":"Houston",\n   "venue":{\n      "name":"Cullen Park",\n      "address":"19008 Saums Houston, TX 77084",\n      "location":"19008 Saums Houston, TX 77084"\n   }\n}
3	December 2016	\N	Somos Cup	t	2016-11-23 22:12:19-04:30	2016-11-23 22:12:19-04:30	3	2016-11-23 22:12:43.907-04:30	2016-11-23 22:12:43.907-04:30	
\.


--
-- Name: seasons_id_seq; Type: SEQUENCE SET; Schema: public; Owner: postgres
--

SELECT pg_catalog.setval('seasons_id_seq', 5, true);


--
-- Data for Name: standing_tables; Type: TABLE DATA; Schema: public; Owner: postgres
--

COPY standing_tables (id, active, created_at, updated_at, team_id, category_id, phase_id, group_id, points, goals_in_favor, goals_against, matches_count, matches_won, matches_lost, matches_draw) FROM stdin;
43	t	2016-12-30 15:25:29.929-04:30	2016-12-30 15:25:29.929-04:30	23	4	11	23	6	7	6	3	2	1	0
44	t	2016-12-30 15:25:29.929-04:30	2016-12-30 15:25:29.929-04:30	20	4	11	23	4	7	3	3	1	1	1
45	t	2016-12-30 15:25:29.929-04:30	2016-12-30 15:25:29.929-04:30	22	4	11	23	0	5	14	3	0	3	0
46	t	2016-12-30 15:25:29.93-04:30	2016-12-30 15:25:29.93-04:30	21	4	11	23	7	6	2	3	2	0	1
47	t	2017-01-11 11:32:44.496-04:30	2017-01-11 11:32:44.496-04:30	28	4	11	24	0	2	11	3	0	3	0
48	t	2017-01-11 11:32:44.497-04:30	2017-01-11 11:32:44.497-04:30	27	4	11	24	7	7	3	3	2	0	1
49	t	2017-01-11 11:32:44.497-04:30	2017-01-11 11:32:44.497-04:30	26	4	11	24	6	7	3	3	2	1	0
50	t	2017-01-11 11:32:44.497-04:30	2017-01-11 11:32:44.497-04:30	24	4	11	24	4	6	5	3	1	1	1
\.


--
-- Name: standing_tables_id_seq; Type: SEQUENCE SET; Schema: public; Owner: postgres
--

SELECT pg_catalog.setval('standing_tables_id_seq', 50, true);


--
-- Data for Name: status_types; Type: TABLE DATA; Schema: public; Owner: postgres
--

COPY status_types (id, description, active, created_at, updated_at, type, code, description_en, description_es) FROM stdin;
1	In Process	t	2016-11-18 11:15:44.124129-04:30	2016-11-18 11:15:44.124129-04:30	pre-registration	pre-registration-in-progress	In process	En proceso
2	Approved	t	2016-11-18 11:15:44.124323-04:30	2016-11-18 11:15:44.124323-04:30	pre-registration	pre-registration-approved	Approved	Aprobado
3	Rejected	t	2016-11-18 11:15:44.124662-04:30	2016-11-18 11:15:44.124662-04:30	pre-registration	pre-registration-rejected	Rejected	Rechazado
5	Rejected	t	2016-11-18 11:15:44.125369-04:30	2016-11-18 11:15:44.125369-04:30	request	request-rejected	Rejected	Rechazado
6	Pending	t	2016-11-18 11:15:44.127453-04:30	2016-11-18 11:15:44.127453-04:30	request	request-pending	Pending	Pendiente
4	Accepted	t	2016-11-18 11:15:44.1248-04:30	2016-11-18 11:15:44.1248-04:30	request	request-acepted	Accepted	Aceptado
7	Payment Pending	t	2017-02-02 15:58:07.804201-04:30	2017-02-02 15:58:07.804201-04:30	pre-registration	pre-registration-payment-pending	Payment pending	Pago pendiente
8	Paid	t	2017-02-09 17:24:28.126772-04:30	2017-02-09 17:24:28.126772-04:30	pre-registration	pre-registration-paid	Paid	Pagado
\.


--
-- Name: status_types_id_seq; Type: SEQUENCE SET; Schema: public; Owner: postgres
--

SELECT pg_catalog.setval('status_types_id_seq', 6, true);


--
-- Data for Name: subdisciplines; Type: TABLE DATA; Schema: public; Owner: postgres
--

COPY subdisciplines (id, name, description, image_url, discipline_id, active, created_at, updated_at) FROM stdin;
1	Five-a-side football	Is a variation of association football in which each team fields five players (four outfield players and a goalkeeper). Other differences from football include a smaller pitch, smaller goals, and ...	http://dev.codefuel.me/smsmedia/somosport-vector-icons-fut5.svg	1	t	2016-11-18 11:15:43.968676-04:30	2016-11-18 11:15:43.968676-04:30
2	Futsal	Futsal is a variant of association football that is played on a smaller field and mainly played indoors. It can be considered a version of five-a-side football. It originated in Uruguay in 1930	http://dev.codefuel.me/smsmedia/somosport-vector-icons-fut7.svg	1	t	2016-11-18 11:15:43.969611-04:30	2016-11-18 11:15:43.969611-04:30
3	Beach Soccer	Beach soccer, also known as beach football or beasal, is a variant of association football played on a beach or some form of sand.	http://dev.codefuel.me/smsmedia/somosport-vector-icons-futbol-2.svg	1	t	2016-11-18 11:15:43.970607-04:30	2016-11-18 11:15:43.970607-04:30
4	Soccer	Association football, more commonly known as football or soccer,[3] is a sport played between two teams of eleven players with a spherical ball.	http://dev.codefuel.me/smsmedia/somosport-vector-icons-futbol-4.svg	1	t	2016-11-18 11:15:43.971216-04:30	2016-11-18 11:15:43.971216-04:30
\.


--
-- Name: subdisciplines_id_seq; Type: SEQUENCE SET; Schema: public; Owner: postgres
--

SELECT pg_catalog.setval('subdisciplines_id_seq', 4, true);


--
-- Data for Name: teams; Type: TABLE DATA; Schema: public; Owner: postgres
--

COPY teams (id, name, logo_url, short_name, description, category_type_id, organization_id, subdiscipline_id, gender_id, active, created_at, updated_at, meta, portrait_url, club_id) FROM stdin;
2	Leon	\N	\N	Prueba QA	10	3	2	1	t	2016-11-23 23:31:19.217-04:30	2016-11-23 23:31:19.217-04:30	{"club_name":"LEONES AC","team_location":{"country":"Mexico","state":"Distrito Federal","city":"Mexico"}}	\N	\N
3	Leon	https://somosport-s3.s3.amazonaws.com/leon-tribal.png	\N	Pruebas	1	3	2	1	t	2016-11-24 01:28:34.453-04:30	2016-11-24 01:28:34.453-04:30	{"club_name":"Leon","team_location":{"country":"Mexico","state":"Distrito Federal","city":"Mexico"}}	\N	\N
4	Prueba	\N	\N	\N	1	4	2	1	t	2016-11-24 01:56:06.35-04:30	2016-11-24 01:56:06.35-04:30	{"club_name":"Prueba ","team_location":{"country":"USA","state":"California"}}	\N	\N
5	TeamTest	\N	\N	probando	1	5	2	1	t	2016-11-24 11:24:22.731-04:30	2016-11-24 11:24:22.731-04:30	{"club_name":"ClubTest","team_location":{"country":"Venezuela","state":"Distrito Federal","city":"caracas"}}	\N	\N
6	TeamTest F-sub15	\N	\N	asd	10	6	2	2	t	2016-11-24 11:25:18.27-04:30	2016-11-24 11:25:18.27-04:30	{"club_name":"ClubTest","team_location":{"country":"Venezuela","state":"Distrito Federal","city":"caracas"}}	\N	\N
7	TeamTest M-Sub15	\N	\N	asfdsaf\n	10	7	2	1	t	2016-11-24 11:26:30.956-04:30	2016-11-24 11:26:30.956-04:30	{"club_name":"ClubTest","team_location":{"country":"Venezuela","state":"Distrito Federal","city":"Caracas"}}	\N	\N
8	Los Pitufos	\N	\N		10	9	2	1	t	2016-11-24 14:10:06.223-04:30	2016-11-24 14:10:25.019-04:30	{"club_name":"Los Pitufos FC","team_location":{"country":"USA","state":"Texas","city":"Houston"}}	\N	\N
9	TeamTest	\N	\N	Test\n	10	5	2	1	t	2016-11-24 17:04:05.344-04:30	2016-11-24 17:04:05.344-04:30	{"club_name":"ClubTest","team_location":{"country":"Venezuela","state":"Distrito Federal","city":"Caracas"}}	\N	\N
10	Club 1	\N	\N		10	10	2	1	t	2016-11-25 15:15:59.79-04:30	2016-11-25 15:15:59.79-04:30	{"club_name":"Club 1","team_location":{"country":"Armenia","state":"Syunik'","city":"Caracas"}}	\N	\N
11	los codefueleros	\N	\N	\N	1	11	2	1	t	2016-11-25 15:26:12.061-04:30	2016-11-25 15:26:12.061-04:30	{"club_name":"equipo 2","team_location":{"country":"Turkmenistan","state":"Dashhowuz Welayaty","city":"Caracas"}}	\N	\N
13	a	\N	\N	a	10	12	2	1	t	2016-11-25 15:41:16.48-04:30	2016-11-25 15:41:16.48-04:30	{"club_name":"a","team_location":{"country":"Albania","state":"Berat","city":"a"}}	\N	\N
12	a1	\N	\N		10	13	2	1	t	2016-11-25 15:40:15.797-04:30	2016-11-25 15:42:20.209-04:30	{"club_name":"a1","team_location":{"country":"Yemen","state":"'Adan","city":"a"}}	\N	\N
14	Prueba 2	\N	\N	\N	10	14	2	1	t	2016-11-25 21:03:47.185-04:30	2016-11-25 21:03:47.185-04:30	{"club_name":"Prueba ","team_location":{"country":"USA","state":"California"}}	\N	\N
15	prueba 2	\N	\N	\N	10	15	2	1	t	2016-11-26 02:24:21.931-04:30	2016-11-26 02:24:21.931-04:30	{"club_name":"prueba","team_location":{"country":"USA","state":"California"}}	\N	\N
16	Leoncitos	\N	\N	Prueba alta	1	16	2	1	t	2016-11-28 10:55:30.503-04:30	2016-11-28 10:55:30.503-04:30	{"club_name":"Leones","team_location":{"country":"Mexico","state":"Distrito Federal","city":"Mexico"}}	\N	\N
17	Atlas	https://somosport-s3.s3.amazonaws.com/Captura de pantalla 2016-11-22 a las 13.59.54.png	\N		1	17	2	1	t	2016-11-28 11:36:57.979-04:30	2016-11-28 11:36:57.979-04:30	{"club_name":"Atlas","team_location":{"country":"Mexico","state":"Colima","city":"Colima"}}	\N	\N
18	Atlas	https://somosport-s3.s3.amazonaws.com/Captura de pantalla 2016-05-31 a las 19.44.38.png	\N	alkfsjhasfj	10	17	2	1	t	2016-11-28 11:41:14.092-04:30	2016-11-28 11:41:14.092-04:30	{"club_name":"Atlas","team_location":{"country":"Albania","state":"Bulqize","city":"ksuyuibsbf"}}	\N	\N
19	Leon	\N	\N	Se registro duplicado	10	3	2	1	t	2016-11-28 11:53:08.691-04:30	2016-11-28 11:53:08.691-04:30	{"club_name":"LEONES AC","team_location":{"country":"Mexico","state":"Distrito Federal","city":"Mrxico"}}	\N	\N
28	BOCA UNITED ACADEMY USSDA 9899 (FL)		BUA		7	25	4	1	t	2016-12-26 14:46:10.138-04:30	2016-12-26 17:19:46.268-04:30	\N	\N	\N
26	CONCORDE FIRE USSDA 9899 (GA)		CF		7	23	4	1	t	2016-12-26 14:44:57.562-04:30	2016-12-26 17:21:59.448-04:30	\N	\N	\N
24	CHARGERS SC USSDA 9899 (FL)		CSC		7	22	4	1	t	2016-12-26 14:44:18.98-04:30	2016-12-26 17:23:01.216-04:30	\N	\N	\N
22	DALLAS TEXANS USSDA 98/99 (TXN)		DT		7	20	4	1	t	2016-12-26 14:43:17.621-04:30	2016-12-26 17:24:19.612-04:30	\N	\N	\N
21	WESTON FC USSDA 98/99		WFC		7	19	4	1	t	2016-12-26 14:42:27.631-04:30	2016-12-26 17:25:16.315-04:30	\N	\N	\N
29	U18	https://somosport-s3.s3.amazonaws.com/IMG_0005.JPG	\N	\N	7	26	2	1	t	2016-12-27 12:25:33.661-04:30	2016-12-27 12:25:33.661-04:30	{"club_name":"Weston FC","team_location":{"country":"Argentina","state":"Buenos Aires Capital Federal","city":"Buenos Aires"}}	\N	\N
30	U18	\N	\N	Equipo cualquiera	7	26	2	1	t	2016-12-28 11:49:20.301-04:30	2016-12-28 11:49:20.301-04:30	{"club_name":"Madrid FC","team_location":{"country":"Spain","state":"Castilla y Leon","city":"Madrid"}}	\N	\N
20	AS ROMA PRIMAVERA	https://somosport-s3.s3.amazonaws.com/as_roma_logo_2013_svg1483733456102.png	ASR		7	18	4	1	t	2016-12-26 14:40:57.002-04:30	2017-01-06 15:41:02.281-04:30	\N	\N	\N
27	SOLAR SC CHELSEA USSDA 9899 (TXN)		SC		7	24	4	1	t	2016-12-26 14:45:30.458-04:30	2016-12-26 17:19:57.867-04:30	\N	\N	\N
23	SIMA GOLD (FL)	https://somosport-s3.s3.amazonaws.com/sima_logo1482785235861.jpeg	SG		7	21	4	1	t	2016-12-26 14:43:49.61-04:30	2016-12-26 16:17:20.236-04:30	\N	\N	\N
68	Aguilas del oriente	\N	Agu	Equipo de las aguilas del oriente en futbol	6	\N	4	1	t	2017-03-22 11:40:53.922-04:30	2017-03-22 11:40:53.922-04:30	\N	\N	79
69	Los Pollitos	\N	LP	Equipo Los pollitos para los nios menores de 6 aos	26	\N	4	3	t	2017-03-22 13:54:09.953-04:30	2017-03-22 13:54:09.953-04:30	\N	\N	81
72	Prueba 4	\N	pr4		4	\N	1	3	f	2017-03-22 14:19:59.024-04:30	2017-03-22 14:22:19.732-04:30	\N	\N	84
70	Prueba	\N	Pru	avvdsv sb abfs sfb fdb 	3	\N	1	1	f	2017-03-22 13:56:17.791-04:30	2017-03-22 14:24:08.182-04:30	\N	\N	82
71	Prueba 3	\N	pr3		22	\N	3	2	f	2017-03-22 14:05:51.88-04:30	2017-03-22 14:24:11.402-04:30	\N	\N	83
73	Prueba 5	\N	pr5		4	\N	1	3	f	2017-03-22 14:23:32.759-04:30	2017-03-22 14:42:17.5-04:30	\N	\N	85
74	Los Pollitos	\N	Pol	Equipo los pollitos para nios menores de 9 aos	23	\N	3	1	t	2017-03-22 15:40:27.954-04:30	2017-03-22 15:48:42.241-04:30	\N	\N	93
77	adfasdfdsaf	https://somosport-s3.s3.amazonaws.com/f1be5ffa9a6cc4fa1104c900b64651e248158f23afbdfb91582a16d8f4f35ec3.png	asd	asdfadsfasdfadsfdasf	4	\N	1	2	f	2017-03-22 16:13:52.843-04:30	2017-03-22 16:14:05.586-04:30	\N	\N	78
66	Colegio Los Arcos	\N	LAR	Colegio Los Arcos	8	\N	4	1	f	2017-03-09 11:39:23.134-04:30	2017-03-22 17:34:20.938-04:30	\N	\N	78
65	Aguasal	\N	AGS		9	\N	3	1	f	2017-03-09 11:30:16.962-04:30	2017-03-22 17:34:18.23-04:30	\N	\N	\N
67	sfgfsdgsdfg	\N	sfd	sdfgsdfg	4	\N	1	3	f	2017-03-15 16:43:05.464-04:30	2017-03-22 17:34:21.288-04:30	\N	\N	77
78	Aguilas del oriente	\N	Agu	Equipo Aguilas del oriente para menores de 21	4	\N	4	1	f	2017-03-22 17:36:45.08-04:30	2017-03-22 17:39:35.988-04:30	\N	\N	94
76	Colegio Los Arcos	https://somosport-s3.s3.amazonaws.com/f1be5ffa9a6cc4fa1104c900b64651e248158f23afbdfb91582a16d8f4f35ec3.png	Arc	Equipo de futbol de sala para menores de 21 aos	4	\N	2	1	f	2017-03-22 16:13:24.098-04:30	2017-03-22 17:39:36.883-04:30	\N	\N	78
79	Aguilas del oriente	\N	Agu	Equipo de ftbol de saln para menores de 18	7	\N	2	3	f	2017-03-22 17:47:06.062-04:30	2017-03-22 17:47:23.579-04:30	\N	\N	98
75	Colegio Los Arcos	https://somosport-s3.s3.amazonaws.com/f1be5ffa9a6cc4fa1104c900b64651e248158f23afbdfb91582a16d8f4f35ec3.png	Arc	Equipo de futbol del colegio los arcos para menores de 12 aos.	13	\N	4	1	t	2017-03-22 16:11:34.59-04:30	2017-03-22 17:47:36.286-04:30	\N	\N	78
80	Colegio Los Arcos	https://somosport-s3.s3.amazonaws.com/f1be5ffa9a6cc4fa1104c900b64651e248158f23afbdfb91582a16d8f4f35ec3.png	Arc	Colegio los arcos equipo de ftbol para menores de 18	9	\N	4	1	t	2017-03-22 17:49:04.659-04:30	2017-03-22 17:49:26.465-04:30	\N	\N	78
\.


--
-- Name: teams_id_seq; Type: SEQUENCE SET; Schema: public; Owner: postgres
--

SELECT pg_catalog.setval('teams_id_seq', 80, true);


--
-- Data for Name: terms_conditions; Type: TABLE DATA; Schema: public; Owner: postgres
--

COPY terms_conditions (id, user_id, active, created_at, updated_at) FROM stdin;
\.


--
-- Name: terms_conditions_id_seq; Type: SEQUENCE SET; Schema: public; Owner: postgres
--

SELECT pg_catalog.setval('terms_conditions_id_seq', 1, false);


--
-- Data for Name: tmp_categories_players; Type: TABLE DATA; Schema: public; Owner: postgres
--

COPY tmp_categories_players (id, team_player_id, present_in_field, team_id, player_id, category_id, active, created_at, updated_at) FROM stdin;
1	673	f	2	2	2	t	2016-11-24 00:44:31.277-04:30	2016-11-24 00:44:31.277-04:30
2	674	f	2	3	2	t	2016-11-24 00:46:52.806-04:30	2016-11-24 00:46:52.806-04:30
3	675	f	2	4	2	t	2016-11-24 00:48:58.383-04:30	2016-11-24 00:48:58.383-04:30
4	676	f	2	5	2	t	2016-11-24 00:56:21.42-04:30	2016-11-24 00:56:21.42-04:30
5	677	f	2	6	2	t	2016-11-24 00:58:39.874-04:30	2016-11-24 00:58:39.874-04:30
6	678	f	2	7	2	t	2016-11-24 01:00:06.506-04:30	2016-11-24 01:00:06.506-04:30
7	679	f	2	8	2	t	2016-11-24 01:00:56.527-04:30	2016-11-24 01:00:56.527-04:30
8	1	f	2	9	2	t	2016-11-24 01:02:46.237-04:30	2016-11-24 01:02:46.237-04:30
9	2	f	2	10	2	t	2016-11-24 01:04:51.006-04:30	2016-11-24 01:04:51.006-04:30
10	3	f	2	11	2	t	2016-11-24 01:06:32.142-04:30	2016-11-24 01:06:32.142-04:30
11	4	f	2	12	2	t	2016-11-24 01:07:21.707-04:30	2016-11-24 01:07:21.707-04:30
12	5	f	2	13	2	t	2016-11-24 01:08:21.879-04:30	2016-11-24 01:08:21.879-04:30
13	6	f	3	14	3	t	2016-11-24 01:35:57.686-04:30	2016-11-24 01:35:57.686-04:30
14	7	f	8	15	2	t	2016-11-24 14:14:07.446-04:30	2016-11-24 14:14:07.446-04:30
15	8	f	8	16	2	t	2016-11-24 14:17:17.735-04:30	2016-11-24 14:17:17.735-04:30
16	9	f	8	17	2	t	2016-11-24 14:20:55.715-04:30	2016-11-24 14:20:55.715-04:30
17	10	f	8	18	2	t	2016-11-24 14:24:36.677-04:30	2016-11-24 14:24:36.677-04:30
18	97	f	9	19	2	t	2016-11-24 17:06:18.541-04:30	2016-11-24 17:06:18.541-04:30
19	96	f	9	20	2	t	2016-11-25 11:09:37.159-04:30	2016-11-25 11:09:37.159-04:30
20	14	f	12	21	2	t	2016-11-25 15:43:24.994-04:30	2016-11-25 15:43:24.994-04:30
21	13	f	12	25	2	t	2016-11-25 15:46:11.032-04:30	2016-11-25 15:46:11.032-04:30
22	15	f	12	26	2	t	2016-11-25 15:54:44.715-04:30	2016-11-25 15:54:44.715-04:30
23	16	f	17	27	3	t	2016-11-28 11:39:34.032-04:30	2016-11-28 11:39:34.032-04:30
24	17	f	18	28	2	t	2016-11-28 11:42:40.539-04:30	2016-11-28 11:42:40.539-04:30
25	213	t	20	227	4	t	2016-12-26 17:49:26.653-04:30	2016-12-27 13:10:56.105-04:30
26	212	t	20	226	4	t	2016-12-26 17:49:26.728-04:30	2016-12-27 13:10:56.6-04:30
27	211	t	20	225	4	t	2016-12-26 17:49:26.737-04:30	2016-12-27 13:10:57.186-04:30
28	210	t	20	224	4	t	2016-12-26 17:49:26.745-04:30	2016-12-27 13:10:58.758-04:30
29	209	t	20	223	4	t	2016-12-26 17:49:26.764-04:30	2016-12-27 13:10:59.36-04:30
30	208	t	20	222	4	t	2016-12-26 17:49:26.797-04:30	2016-12-27 13:11:00.017-04:30
31	207	t	20	221	4	t	2016-12-26 17:49:26.806-04:30	2016-12-27 13:11:00.561-04:30
32	206	t	20	220	4	t	2016-12-26 17:49:26.87-04:30	2016-12-27 13:11:01.102-04:30
33	205	t	20	219	4	t	2016-12-26 17:49:26.881-04:30	2016-12-27 13:11:02.153-04:30
34	203	t	20	217	4	t	2016-12-26 17:49:26.901-04:30	2016-12-27 13:11:04.504-04:30
35	202	t	20	216	4	t	2016-12-26 17:49:26.936-04:30	2016-12-27 13:11:05.219-04:30
36	201	t	20	215	4	t	2016-12-26 17:49:26.946-04:30	2016-12-27 13:11:05.698-04:30
37	200	t	20	214	4	t	2016-12-26 17:49:27.013-04:30	2016-12-27 13:11:06.322-04:30
38	199	t	20	213	4	t	2016-12-26 17:49:27.026-04:30	2016-12-27 13:11:08.094-04:30
39	198	t	20	212	4	t	2016-12-26 17:49:27.034-04:30	2016-12-27 13:11:08.644-04:30
40	197	t	20	210	4	t	2016-12-26 17:49:27.043-04:30	2016-12-27 13:11:09.235-04:30
41	196	t	20	208	4	t	2016-12-26 17:49:27.081-04:30	2016-12-27 13:11:09.741-04:30
42	195	t	20	211	4	t	2016-12-26 17:49:27.09-04:30	2016-12-27 13:11:10.308-04:30
43	194	t	20	209	4	t	2016-12-26 17:49:27.154-04:30	2016-12-27 13:11:11.027-04:30
44	193	t	20	207	4	t	2016-12-26 17:49:27.182-04:30	2016-12-27 13:11:11.673-04:30
45	192	t	20	206	4	t	2016-12-26 17:49:27.19-04:30	2016-12-27 13:11:12.364-04:30
46	191	t	20	205	4	t	2016-12-26 17:49:27.199-04:30	2016-12-27 13:11:12.973-04:30
47	190	t	20	204	4	t	2016-12-26 17:49:27.232-04:30	2016-12-27 13:11:13.649-04:30
48	11	t	26	104	4	t	2016-12-26 17:51:56.398-04:30	2016-12-27 13:14:41.114-04:30
49	12	t	26	107	4	t	2016-12-26 17:51:56.405-04:30	2016-12-27 13:14:41.6-04:30
50	68	t	26	105	4	t	2016-12-26 17:51:56.417-04:30	2016-12-27 13:14:42.156-04:30
51	70	t	26	108	4	t	2016-12-26 17:51:56.436-04:30	2016-12-27 13:14:42.77-04:30
52	71	t	26	109	4	t	2016-12-26 17:51:56.522-04:30	2016-12-27 13:14:44.837-04:30
53	72	t	26	113	4	t	2016-12-26 17:51:56.539-04:30	2016-12-27 13:14:45.435-04:30
54	73	t	26	111	4	t	2016-12-26 17:51:56.549-04:30	2016-12-27 13:14:46.02-04:30
55	19	t	28	32	4	t	2016-12-26 17:51:32.392-04:30	2016-12-27 14:37:55.428-04:30
56	18	t	28	30	4	t	2016-12-26 17:51:32.289-04:30	2016-12-27 14:37:57.73-04:30
57	20	t	28	31	4	t	2016-12-26 17:51:32.404-04:30	2016-12-27 14:38:00.053-04:30
58	21	t	28	29	4	t	2016-12-26 17:51:32.41-04:30	2016-12-27 14:38:00.673-04:30
59	22	t	28	33	4	t	2016-12-26 17:51:32.421-04:30	2016-12-27 14:38:01.165-04:30
60	140	t	24	154	4	t	2016-12-26 17:51:38.289-04:30	2016-12-27 14:38:01.253-04:30
61	23	t	28	34	4	t	2016-12-26 17:51:32.433-04:30	2016-12-27 14:38:01.655-04:30
62	141	t	24	158	4	t	2016-12-26 17:51:38.298-04:30	2016-12-27 14:38:01.758-04:30
63	24	t	28	38	4	t	2016-12-26 17:51:32.443-04:30	2016-12-27 14:38:02.157-04:30
64	142	t	24	156	4	t	2016-12-26 17:51:38.31-04:30	2016-12-27 14:38:02.204-04:30
65	143	t	24	155	4	t	2016-12-26 17:51:38.319-04:30	2016-12-27 14:38:02.633-04:30
66	25	t	28	35	4	t	2016-12-26 17:51:32.537-04:30	2016-12-27 14:38:02.687-04:30
67	144	t	24	157	4	t	2016-12-26 17:51:38.385-04:30	2016-12-27 14:38:03.14-04:30
68	26	t	28	36	4	t	2016-12-26 17:51:32.549-04:30	2016-12-27 14:38:03.525-04:30
69	145	t	24	159	4	t	2016-12-26 17:51:38.412-04:30	2016-12-27 14:38:03.6-04:30
70	27	t	28	37	4	t	2016-12-26 17:51:32.563-04:30	2016-12-27 14:38:04.504-04:30
71	147	t	24	163	4	t	2016-12-26 17:51:38.446-04:30	2016-12-27 14:38:04.703-04:30
72	148	t	24	161	4	t	2016-12-26 17:51:38.457-04:30	2016-12-27 14:38:05.205-04:30
73	28	t	28	39	4	t	2016-12-26 17:51:32.571-04:30	2016-12-27 14:38:05.334-04:30
74	149	t	24	162	4	t	2016-12-26 17:51:38.466-04:30	2016-12-27 14:38:05.774-04:30
75	150	t	24	164	4	t	2016-12-26 17:51:38.527-04:30	2016-12-27 14:38:06.223-04:30
76	151	t	24	165	4	t	2016-12-26 17:51:38.562-04:30	2016-12-27 14:38:06.938-04:30
77	152	t	24	166	4	t	2016-12-26 17:51:38.574-04:30	2016-12-27 14:38:07.501-04:30
78	29	t	28	43	4	t	2016-12-26 17:51:32.582-04:30	2016-12-27 14:38:08.033-04:30
79	30	t	28	42	4	t	2016-12-26 17:51:32.592-04:30	2016-12-27 14:38:08.665-04:30
80	31	t	28	40	4	t	2016-12-26 17:51:32.685-04:30	2016-12-27 14:38:09.293-04:30
81	33	t	28	44	4	t	2016-12-26 17:51:32.691-04:30	2016-12-27 14:38:09.954-04:30
82	34	t	28	47	4	t	2016-12-26 17:51:32.705-04:30	2016-12-27 14:38:10.619-04:30
83	153	t	24	167	4	t	2016-12-26 17:51:38.583-04:30	2016-12-27 14:38:10.819-04:30
84	35	t	28	45	4	t	2016-12-26 17:51:32.712-04:30	2016-12-27 14:38:11.191-04:30
85	154	t	24	168	4	t	2016-12-26 17:51:38.598-04:30	2016-12-27 14:38:11.314-04:30
86	36	t	28	46	4	t	2016-12-26 17:51:32.726-04:30	2016-12-27 14:38:11.639-04:30
87	155	t	24	169	4	t	2016-12-26 17:51:38.609-04:30	2016-12-27 14:38:12.119-04:30
88	156	t	24	170	4	t	2016-12-26 17:51:38.668-04:30	2016-12-27 14:38:12.716-04:30
89	38	t	28	49	4	t	2016-12-26 17:51:32.839-04:30	2016-12-27 14:38:13.018-04:30
90	157	t	24	171	4	t	2016-12-26 17:51:38.7-04:30	2016-12-27 14:38:13.228-04:30
91	32	t	28	41	4	t	2016-12-26 17:51:32.849-04:30	2016-12-27 14:38:13.512-04:30
92	39	t	28	50	4	t	2016-12-26 17:51:32.858-04:30	2016-12-27 14:38:14.066-04:30
93	158	t	24	172	4	t	2016-12-26 17:51:38.719-04:30	2016-12-27 14:38:14.137-04:30
94	159	t	24	173	4	t	2016-12-26 17:51:38.727-04:30	2016-12-27 14:38:16.055-04:30
95	160	t	24	174	4	t	2016-12-26 17:51:38.739-04:30	2016-12-27 14:38:16.656-04:30
96	40	t	28	51	4	t	2016-12-26 17:51:32.866-04:30	2016-12-27 14:38:17.02-04:30
97	161	t	24	175	4	t	2016-12-26 17:51:38.749-04:30	2016-12-27 14:38:17.1-04:30
98	41	t	28	52	4	t	2016-12-26 17:51:32.876-04:30	2016-12-27 14:38:17.583-04:30
99	162	t	24	176	4	t	2016-12-26 17:51:38.808-04:30	2016-12-27 14:38:17.768-04:30
100	163	t	24	177	4	t	2016-12-26 17:51:38.846-04:30	2016-12-27 14:38:18.26-04:30
101	42	t	28	53	4	t	2016-12-26 17:51:32.887-04:30	2016-12-27 14:38:18.748-04:30
102	164	t	24	178	4	t	2016-12-26 17:51:38.86-04:30	2016-12-27 14:38:18.769-04:30
103	98	t	26	110	4	t	2016-12-26 17:51:56.563-04:30	2016-12-27 13:14:46.624-04:30
104	99	t	26	117	4	t	2016-12-26 17:51:56.581-04:30	2016-12-27 13:14:48.613-04:30
105	176	t	22	190	4	t	2016-12-26 17:52:10.97-04:30	2016-12-27 14:38:52.232-04:30
106	177	t	22	191	4	t	2016-12-26 17:52:10.986-04:30	2016-12-27 14:38:52.791-04:30
107	178	t	22	192	4	t	2016-12-26 17:52:11-04:30	2016-12-27 14:38:53.412-04:30
108	179	t	22	193	4	t	2016-12-26 17:52:11.008-04:30	2016-12-27 14:38:53.934-04:30
109	180	t	22	194	4	t	2016-12-26 17:52:11.078-04:30	2016-12-27 14:38:54.45-04:30
110	181	t	22	195	4	t	2016-12-26 17:52:11.114-04:30	2016-12-27 14:38:54.997-04:30
111	414	t	28	430	4	t	2016-12-27 15:49:20.705-04:30	2016-12-27 15:52:55.002-04:30
112	415	t	28	434	4	t	2016-12-27 15:49:20.714-04:30	2016-12-27 15:53:01.042-04:30
113	416	t	28	433	4	t	2016-12-27 15:49:20.722-04:30	2016-12-27 15:53:02.417-04:30
114	417	t	28	431	4	t	2016-12-27 15:49:20.733-04:30	2016-12-27 15:53:03.714-04:30
115	418	t	28	432	4	t	2016-12-27 15:49:20.743-04:30	2016-12-27 15:53:04.772-04:30
116	419	t	28	435	4	t	2016-12-27 15:49:20.834-04:30	2016-12-27 15:53:06.253-04:30
117	420	t	28	438	4	t	2016-12-27 15:49:20.85-04:30	2016-12-27 15:53:07.147-04:30
118	421	t	28	436	4	t	2016-12-27 15:49:20.858-04:30	2016-12-27 15:53:13.73-04:30
119	424	t	28	440	4	t	2016-12-27 15:49:21.069-04:30	2016-12-27 15:53:32.135-04:30
120	425	t	28	441	4	t	2016-12-27 15:49:21.083-04:30	2016-12-27 15:53:33.025-04:30
121	422	t	28	437	4	t	2016-12-27 15:49:20.882-04:30	2016-12-27 15:53:34.047-04:30
122	426	t	28	443	4	t	2016-12-27 15:49:21.092-04:30	2016-12-27 15:53:35.063-04:30
123	428	t	28	444	4	t	2016-12-27 15:49:21.103-04:30	2016-12-27 15:53:35.844-04:30
124	429	t	28	445	4	t	2016-12-27 15:49:21.213-04:30	2016-12-27 15:53:36.602-04:30
125	430	t	28	446	4	t	2016-12-27 15:49:21.223-04:30	2016-12-27 15:53:37.544-04:30
126	431	t	28	447	4	t	2016-12-27 15:49:21.234-04:30	2016-12-27 15:53:39.318-04:30
127	452	t	28	468	4	t	2016-12-27 15:49:22.304-04:30	2016-12-27 15:53:40.016-04:30
128	438	t	28	454	4	t	2016-12-27 15:49:22.338-04:30	2016-12-27 15:53:40.729-04:30
129	440	t	28	458	4	t	2016-12-27 15:49:22.346-04:30	2016-12-27 15:53:41.438-04:30
130	439	t	28	455	4	t	2016-12-27 15:49:22.36-04:30	2016-12-27 15:53:42.143-04:30
131	453	t	28	469	4	t	2016-12-27 15:49:22.428-04:30	2016-12-27 15:53:43.635-04:30
132	454	t	28	470	4	t	2016-12-27 15:49:22.444-04:30	2016-12-27 15:53:44.391-04:30
133	455	t	28	471	4	t	2016-12-27 15:49:22.453-04:30	2016-12-27 15:53:45.128-04:30
134	456	t	28	472	4	t	2016-12-27 15:49:22.477-04:30	2016-12-27 15:53:45.89-04:30
135	457	t	28	473	4	t	2016-12-27 15:49:22.487-04:30	2016-12-27 15:53:47.331-04:30
136	458	t	28	474	4	t	2016-12-27 15:49:22.501-04:30	2016-12-27 15:53:48.094-04:30
137	459	t	28	475	4	t	2016-12-27 15:49:22.57-04:30	2016-12-27 15:53:48.788-04:30
138	460	t	28	476	4	t	2016-12-27 15:49:22.584-04:30	2016-12-27 15:53:50.402-04:30
139	461	t	28	477	4	t	2016-12-27 15:49:22.594-04:30	2016-12-27 15:53:51.112-04:30
140	462	t	28	478	4	t	2016-12-27 15:49:22.615-04:30	2016-12-27 15:53:52.206-04:30
141	820	t	23	548	4	t	2016-12-27 15:57:16.738-04:30	2016-12-27 15:57:38.667-04:30
142	706	t	23	562	4	t	2016-12-27 15:57:16.797-04:30	2016-12-27 17:22:44.244-04:30
143	708	t	23	571	4	t	2016-12-27 15:57:16.821-04:30	2016-12-27 15:57:40.171-04:30
144	823	t	23	530	4	t	2016-12-27 15:57:14.449-04:30	2016-12-27 15:57:44.287-04:30
145	527	t	23	567	4	t	2016-12-27 15:57:14.702-04:30	2016-12-27 15:57:55.625-04:30
146	697	t	26	711	4	t	2016-12-27 16:02:27.436-04:30	2016-12-27 16:02:53.935-04:30
147	698	t	26	712	4	t	2016-12-27 16:02:27.469-04:30	2016-12-27 16:02:54.27-04:30
148	699	t	26	715	4	t	2016-12-27 16:02:27.486-04:30	2016-12-27 16:02:54.915-04:30
149	700	t	26	716	4	t	2016-12-27 16:02:27.525-04:30	2016-12-27 16:02:55.234-04:30
150	701	t	26	717	4	t	2016-12-27 16:02:27.591-04:30	2016-12-27 16:02:55.677-04:30
151	702	t	26	719	4	t	2016-12-27 16:02:27.599-04:30	2016-12-27 16:02:56.223-04:30
152	704	t	26	722	4	t	2016-12-27 16:02:27.678-04:30	2016-12-27 16:02:56.713-04:30
153	668	t	26	691	4	t	2016-12-27 16:02:27.695-04:30	2016-12-27 16:02:57.465-04:30
154	705	t	26	720	4	t	2016-12-27 16:02:27.724-04:30	2016-12-27 16:02:58.114-04:30
155	711	t	26	721	4	t	2016-12-27 16:02:27.764-04:30	2016-12-27 16:02:59.906-04:30
156	716	t	26	724	4	t	2016-12-27 16:02:27.777-04:30	2016-12-27 16:03:00.279-04:30
157	717	t	26	726	4	t	2016-12-27 16:02:27.9-04:30	2016-12-27 16:03:00.624-04:30
158	723	t	26	723	4	t	2016-12-27 16:02:27.905-04:30	2016-12-27 16:03:01.185-04:30
159	724	t	26	728	4	t	2016-12-27 16:02:27.925-04:30	2016-12-27 16:03:01.937-04:30
160	731	t	26	725	4	t	2016-12-27 16:02:27.943-04:30	2016-12-27 16:03:03.296-04:30
161	738	t	26	727	4	t	2016-12-27 16:02:27.953-04:30	2016-12-27 16:03:03.747-04:30
162	739	t	26	729	4	t	2016-12-27 16:02:28.038-04:30	2016-12-27 16:03:04.655-04:30
163	703	t	26	718	4	t	2016-12-27 16:02:28.326-04:30	2016-12-27 16:03:04.741-04:30
164	776	t	21	786	4	t	2016-12-27 16:05:54.443-04:30	2016-12-27 16:06:09.914-04:30
165	777	t	21	787	4	t	2016-12-27 16:05:54.478-04:30	2016-12-27 16:06:11.094-04:30
166	779	t	21	790	4	t	2016-12-27 16:05:54.49-04:30	2016-12-27 16:06:11.547-04:30
167	780	t	21	791	4	t	2016-12-27 16:05:54.499-04:30	2016-12-27 16:06:12.065-04:30
168	778	t	21	788	4	t	2016-12-27 16:05:54.51-04:30	2016-12-27 16:06:12.903-04:30
169	781	t	21	792	4	t	2016-12-27 16:05:54.579-04:30	2016-12-27 16:06:13.359-04:30
170	782	t	21	793	4	t	2016-12-27 16:05:54.588-04:30	2016-12-27 16:06:13.996-04:30
171	783	t	21	794	4	t	2016-12-27 16:05:54.616-04:30	2016-12-27 16:06:14.493-04:30
172	784	t	21	795	4	t	2016-12-27 16:05:54.629-04:30	2016-12-27 16:06:15.151-04:30
173	785	t	21	796	4	t	2016-12-27 16:05:54.638-04:30	2016-12-27 16:06:15.666-04:30
174	786	t	21	797	4	t	2016-12-27 16:05:54.65-04:30	2016-12-27 16:06:17.402-04:30
175	787	t	21	798	4	t	2016-12-27 16:05:54.717-04:30	2016-12-27 16:06:17.869-04:30
176	788	t	21	799	4	t	2016-12-27 16:05:54.726-04:30	2016-12-27 16:06:18.278-04:30
177	789	t	21	800	4	t	2016-12-27 16:05:54.753-04:30	2016-12-27 16:06:18.702-04:30
178	790	t	21	801	4	t	2016-12-27 16:05:54.767-04:30	2016-12-27 16:06:19.18-04:30
179	791	t	21	802	4	t	2016-12-27 16:05:54.777-04:30	2016-12-27 16:06:19.598-04:30
180	792	t	21	803	4	t	2016-12-27 16:05:54.797-04:30	2016-12-27 16:06:20.033-04:30
181	793	t	21	804	4	t	2016-12-27 16:05:54.867-04:30	2016-12-27 16:06:20.458-04:30
182	794	t	21	805	4	t	2016-12-27 16:05:54.875-04:30	2016-12-27 16:06:21.006-04:30
183	795	t	21	806	4	t	2016-12-27 16:05:54.888-04:30	2016-12-27 16:06:22.019-04:30
184	796	t	21	809	4	t	2016-12-27 16:05:54.906-04:30	2016-12-27 16:06:22.334-04:30
185	797	t	21	808	4	t	2016-12-27 16:05:54.915-04:30	2016-12-27 16:06:23.243-04:30
186	798	t	21	807	4	t	2016-12-27 16:05:54.934-04:30	2016-12-27 16:06:24.548-04:30
187	799	t	21	810	4	t	2016-12-27 16:05:55.008-04:30	2016-12-27 16:06:24.94-04:30
188	800	t	21	811	4	t	2016-12-27 16:05:55.017-04:30	2016-12-27 16:06:25.427-04:30
189	801	t	21	813	4	t	2016-12-27 16:05:55.037-04:30	2016-12-27 16:06:25.864-04:30
190	707	t	23	558	4	t	2016-12-27 15:57:16.786-04:30	2016-12-28 15:00:13.926-04:30
191	825	t	23	79	4	t	2016-12-26 17:52:23.874-04:30	2016-12-27 13:11:48.701-04:30
192	87	t	23	80	4	t	2016-12-26 17:52:23.884-04:30	2016-12-27 17:25:51.889-04:30
193	100	t	26	120	4	t	2016-12-26 17:51:56.59-04:30	2016-12-27 13:14:49.237-04:30
194	101	t	26	123	4	t	2016-12-26 17:51:56.669-04:30	2016-12-27 13:14:50.34-04:30
195	103	t	26	112	4	t	2016-12-26 17:51:56.682-04:30	2016-12-27 13:14:50.916-04:30
196	104	t	26	115	4	t	2016-12-26 17:51:56.69-04:30	2016-12-27 13:14:51.521-04:30
197	102	t	26	128	4	t	2016-12-26 17:51:56.708-04:30	2016-12-27 13:14:52.142-04:30
198	105	t	26	118	4	t	2016-12-26 17:51:56.73-04:30	2016-12-27 13:14:52.765-04:30
199	106	t	26	122	4	t	2016-12-26 17:51:56.739-04:30	2016-12-27 13:14:53.299-04:30
200	107	t	26	126	4	t	2016-12-26 17:51:56.81-04:30	2016-12-27 13:14:54.765-04:30
201	108	t	26	114	4	t	2016-12-26 17:51:56.822-04:30	2016-12-27 13:14:55.315-04:30
202	109	t	26	119	4	t	2016-12-26 17:51:56.83-04:30	2016-12-27 13:14:56-04:30
203	110	t	26	125	4	t	2016-12-26 17:51:56.849-04:30	2016-12-27 13:14:57.103-04:30
204	111	t	26	127	4	t	2016-12-26 17:51:56.87-04:30	2016-12-27 13:14:58.061-04:30
205	112	t	26	116	4	t	2016-12-26 17:51:56.885-04:30	2016-12-27 13:14:58.927-04:30
206	113	t	26	121	4	t	2016-12-26 17:51:56.954-04:30	2016-12-27 13:14:59.502-04:30
207	114	t	26	124	4	t	2016-12-26 17:51:56.965-04:30	2016-12-27 13:15:00.098-04:30
208	43	t	21	54	4	t	2016-12-26 17:52:43.735-04:30	2016-12-27 14:39:40.255-04:30
209	44	t	21	56	4	t	2016-12-26 17:52:43.772-04:30	2016-12-27 14:39:40.831-04:30
210	45	t	21	55	4	t	2016-12-26 17:52:43.783-04:30	2016-12-27 14:39:41.348-04:30
211	46	t	21	57	4	t	2016-12-26 17:52:43.822-04:30	2016-12-27 14:39:41.855-04:30
212	57	t	21	68	4	t	2016-12-26 17:52:44.064-04:30	2016-12-27 14:39:43.071-04:30
213	58	t	21	69	4	t	2016-12-26 17:52:44.104-04:30	2016-12-27 14:39:43.694-04:30
214	59	t	21	70	4	t	2016-12-26 17:52:44.116-04:30	2016-12-27 14:39:44.238-04:30
215	60	t	21	71	4	t	2016-12-26 17:52:44.142-04:30	2016-12-27 14:39:44.95-04:30
216	61	t	21	72	4	t	2016-12-26 17:52:44.158-04:30	2016-12-27 14:39:45.378-04:30
217	62	t	21	73	4	t	2016-12-26 17:52:44.203-04:30	2016-12-27 14:39:45.993-04:30
218	63	t	21	74	4	t	2016-12-26 17:52:44.212-04:30	2016-12-27 14:39:46.897-04:30
219	64	t	21	75	4	t	2016-12-26 17:52:44.241-04:30	2016-12-27 14:39:46.997-04:30
220	66	t	21	77	4	t	2016-12-26 17:52:44.255-04:30	2016-12-27 14:39:47.401-04:30
221	65	t	21	76	4	t	2016-12-26 17:52:44.296-04:30	2016-12-27 14:39:49.227-04:30
222	67	t	21	78	4	t	2016-12-26 17:52:44.344-04:30	2016-12-27 14:39:49.719-04:30
223	478	f	24	494	4	t	2016-12-27 15:50:10.486-04:30	2016-12-27 15:50:10.486-04:30
224	479	f	24	495	4	t	2016-12-27 15:50:10.568-04:30	2016-12-27 15:50:10.568-04:30
225	480	f	24	496	4	t	2016-12-27 15:50:10.581-04:30	2016-12-27 15:50:10.581-04:30
226	481	f	24	497	4	t	2016-12-27 15:50:10.589-04:30	2016-12-27 15:50:10.589-04:30
227	482	f	24	498	4	t	2016-12-27 15:50:10.606-04:30	2016-12-27 15:50:10.606-04:30
228	483	f	24	499	4	t	2016-12-27 15:50:10.626-04:30	2016-12-27 15:50:10.626-04:30
229	484	f	24	500	4	t	2016-12-27 15:50:10.634-04:30	2016-12-27 15:50:10.634-04:30
230	485	f	24	501	4	t	2016-12-27 15:50:10.709-04:30	2016-12-27 15:50:10.709-04:30
231	486	f	24	502	4	t	2016-12-27 15:50:10.721-04:30	2016-12-27 15:50:10.721-04:30
232	487	f	24	503	4	t	2016-12-27 15:50:10.733-04:30	2016-12-27 15:50:10.733-04:30
233	488	f	24	504	4	t	2016-12-27 15:50:10.749-04:30	2016-12-27 15:50:10.749-04:30
234	489	f	24	505	4	t	2016-12-27 15:50:10.767-04:30	2016-12-27 15:50:10.767-04:30
235	490	f	24	506	4	t	2016-12-27 15:50:10.777-04:30	2016-12-27 15:50:10.777-04:30
236	491	f	24	507	4	t	2016-12-27 15:50:10.848-04:30	2016-12-27 15:50:10.848-04:30
237	492	f	24	509	4	t	2016-12-27 15:50:10.863-04:30	2016-12-27 15:50:10.863-04:30
238	493	f	24	508	4	t	2016-12-27 15:50:10.896-04:30	2016-12-27 15:50:10.896-04:30
239	494	f	24	510	4	t	2016-12-27 15:50:10.903-04:30	2016-12-27 15:50:10.903-04:30
240	495	f	24	513	4	t	2016-12-27 15:50:10.913-04:30	2016-12-27 15:50:10.913-04:30
241	496	f	24	511	4	t	2016-12-27 15:50:10.924-04:30	2016-12-27 15:50:10.924-04:30
242	497	f	24	512	4	t	2016-12-27 15:50:10.988-04:30	2016-12-27 15:50:10.988-04:30
243	498	f	24	514	4	t	2016-12-27 15:50:11.001-04:30	2016-12-27 15:50:11.001-04:30
244	499	f	24	515	4	t	2016-12-27 15:50:11.038-04:30	2016-12-27 15:50:11.038-04:30
245	500	f	24	516	4	t	2016-12-27 15:50:11.053-04:30	2016-12-27 15:50:11.053-04:30
246	432	t	28	448	4	t	2016-12-27 15:49:21.244-04:30	2016-12-27 15:53:53.098-04:30
247	433	t	28	449	4	t	2016-12-27 15:49:21.358-04:30	2016-12-27 15:53:54.618-04:30
248	434	t	28	450	4	t	2016-12-27 15:49:21.368-04:30	2016-12-27 15:53:55.331-04:30
249	435	t	28	451	4	t	2016-12-27 15:49:21.38-04:30	2016-12-27 15:54:00.579-04:30
250	436	t	28	452	4	t	2016-12-27 15:49:21.39-04:30	2016-12-27 15:54:01.742-04:30
251	437	t	28	453	4	t	2016-12-27 15:49:21.696-04:30	2016-12-27 15:54:52.115-04:30
252	427	t	28	442	4	t	2016-12-27 15:49:21.704-04:30	2016-12-27 15:54:52.911-04:30
253	423	t	28	439	4	t	2016-12-27 15:49:21.722-04:30	2016-12-27 15:54:53.319-04:30
254	441	t	28	457	4	t	2016-12-27 15:49:21.835-04:30	2016-12-27 15:54:53.955-04:30
255	442	t	28	456	4	t	2016-12-27 15:49:21.844-04:30	2016-12-27 15:54:54.604-04:30
256	443	t	28	459	4	t	2016-12-27 15:49:21.86-04:30	2016-12-27 15:54:55.145-04:30
257	444	t	28	460	4	t	2016-12-27 15:49:21.976-04:30	2016-12-27 15:54:55.977-04:30
258	445	t	28	463	4	t	2016-12-27 15:49:21.988-04:30	2016-12-27 15:54:56.831-04:30
259	446	t	28	461	4	t	2016-12-27 15:49:22.001-04:30	2016-12-27 15:54:58.817-04:30
260	447	t	28	462	4	t	2016-12-27 15:49:22.138-04:30	2016-12-27 15:54:59.315-04:30
261	448	t	28	464	4	t	2016-12-27 15:49:22.147-04:30	2016-12-27 15:54:59.838-04:30
262	449	t	28	465	4	t	2016-12-27 15:49:22.165-04:30	2016-12-27 15:55:00.444-04:30
263	450	t	28	466	4	t	2016-12-27 15:49:22.285-04:30	2016-12-27 15:55:01.098-04:30
264	451	t	28	467	4	t	2016-12-27 15:49:22.294-04:30	2016-12-27 15:55:01.841-04:30
265	709	t	23	566	4	t	2016-12-27 15:57:16.823-04:30	2016-12-27 15:57:40.824-04:30
266	710	t	23	576	4	t	2016-12-27 15:57:16.835-04:30	2016-12-27 15:57:41.647-04:30
267	585	t	23	553	4	t	2016-12-27 15:57:17.192-04:30	2016-12-27 15:57:43.202-04:30
268	802	t	21	812	4	t	2016-12-27 16:05:55.044-04:30	2016-12-27 16:06:42.029-04:30
269	803	t	21	814	4	t	2016-12-27 16:05:55.055-04:30	2016-12-27 16:06:42.465-04:30
270	804	t	21	815	4	t	2016-12-27 16:05:55.07-04:30	2016-12-27 16:06:42.796-04:30
271	805	t	21	816	4	t	2016-12-27 16:05:55.15-04:30	2016-12-27 16:06:43.133-04:30
272	806	t	21	817	4	t	2016-12-27 16:05:55.162-04:30	2016-12-27 16:06:43.488-04:30
273	807	t	21	819	4	t	2016-12-27 16:05:55.176-04:30	2016-12-27 16:06:43.883-04:30
274	808	t	21	818	4	t	2016-12-27 16:05:55.186-04:30	2016-12-27 16:06:44.335-04:30
275	809	t	21	820	4	t	2016-12-27 16:05:55.196-04:30	2016-12-27 16:06:44.778-04:30
276	810	t	21	821	4	t	2016-12-27 16:05:55.208-04:30	2016-12-27 16:06:45.206-04:30
277	811	t	21	822	4	t	2016-12-27 16:05:55.288-04:30	2016-12-27 16:06:45.613-04:30
278	712	t	22	731	4	t	2016-12-27 16:04:58.702-04:30	2016-12-27 16:07:22.765-04:30
279	713	t	22	735	4	t	2016-12-27 16:04:58.794-04:30	2016-12-27 16:07:23.971-04:30
280	714	t	22	740	4	t	2016-12-27 16:04:58.804-04:30	2016-12-27 16:07:24.383-04:30
281	759	t	22	770	4	t	2016-12-27 16:04:59.767-04:30	2016-12-27 16:07:24.794-04:30
282	761	t	22	772	4	t	2016-12-27 16:04:59.784-04:30	2016-12-27 16:07:25.178-04:30
283	762	t	22	773	4	t	2016-12-27 16:04:59.837-04:30	2016-12-27 16:07:25.7-04:30
284	763	t	22	774	4	t	2016-12-27 16:04:59.904-04:30	2016-12-27 16:07:26.162-04:30
285	764	t	22	775	4	t	2016-12-27 16:04:59.915-04:30	2016-12-27 16:07:26.596-04:30
286	765	t	22	776	4	t	2016-12-27 16:04:59.939-04:30	2016-12-27 16:07:27.031-04:30
287	76	f	23	95	4	t	2016-12-26 17:52:24.211-04:30	2016-12-27 17:20:24.819-04:30
288	122	f	27	136	4	f	2016-12-26 17:52:33.013-04:30	2016-12-26 17:53:38.772-04:30
289	214	t	20	228	4	t	2016-12-26 17:49:26.646-04:30	2016-12-27 13:10:55.985-04:30
290	204	t	20	218	4	t	2016-12-26 17:49:26.888-04:30	2016-12-27 13:11:03.738-04:30
291	75	t	23	81	4	t	2016-12-26 17:52:23.892-04:30	2016-12-27 13:11:50.329-04:30
292	85	t	23	82	4	t	2016-12-26 17:52:23.903-04:30	2016-12-27 13:11:50.93-04:30
293	824	t	23	83	4	t	2016-12-26 17:52:23.912-04:30	2016-12-27 13:11:52.524-04:30
294	78	t	23	84	4	t	2016-12-26 17:52:24-04:30	2016-12-27 13:11:53.078-04:30
295	86	t	23	85	4	t	2016-12-26 17:52:24.014-04:30	2016-12-27 13:11:53.588-04:30
296	80	t	23	86	4	t	2016-12-26 17:52:24.034-04:30	2016-12-27 13:11:54.155-04:30
297	79	t	23	87	4	t	2016-12-26 17:52:24.04-04:30	2016-12-27 13:11:54.722-04:30
298	77	t	23	88	4	t	2016-12-26 17:52:24.051-04:30	2016-12-27 13:11:56.204-04:30
299	88	t	23	89	4	t	2016-12-26 17:52:24.071-04:30	2016-12-27 13:11:57.123-04:30
300	84	t	23	90	4	t	2016-12-26 17:52:24.14-04:30	2016-12-27 13:11:57.751-04:30
301	81	t	23	91	4	t	2016-12-26 17:52:24.153-04:30	2016-12-27 13:11:58.298-04:30
302	74	t	23	92	4	t	2016-12-26 17:52:24.178-04:30	2016-12-27 13:11:59.084-04:30
303	83	t	23	93	4	t	2016-12-26 17:52:24.186-04:30	2016-12-27 13:11:59.84-04:30
304	82	t	23	94	4	t	2016-12-26 17:52:24.2-04:30	2016-12-27 18:48:41.966-04:30
305	89	f	23	96	4	t	2016-12-26 17:52:24.281-04:30	2016-12-28 16:32:20.851-04:30
306	90	f	23	97	4	t	2016-12-26 17:52:24.292-04:30	2016-12-27 17:20:26.419-04:30
307	91	f	23	98	4	t	2016-12-26 17:52:24.32-04:30	2016-12-27 17:20:27.299-04:30
308	826	f	23	99	4	t	2016-12-26 17:52:24.33-04:30	2016-12-27 17:20:27.897-04:30
309	92	f	23	100	4	t	2016-12-26 17:52:24.34-04:30	2016-12-27 18:44:28.713-04:30
310	93	f	23	101	4	t	2016-12-26 17:52:24.355-04:30	2016-12-27 17:20:28.894-04:30
311	94	f	23	102	4	t	2016-12-26 17:52:24.422-04:30	2016-12-27 17:20:30.11-04:30
312	95	f	23	103	4	t	2016-12-26 17:52:24.433-04:30	2016-12-27 17:20:30.411-04:30
313	69	t	26	106	4	t	2016-12-26 17:51:56.44-04:30	2016-12-27 13:14:44.233-04:30
314	115	t	27	129	4	t	2016-12-26 17:52:32.858-04:30	2016-12-27 13:15:19.93-04:30
315	116	t	27	133	4	t	2016-12-26 17:52:32.874-04:30	2016-12-27 13:15:20.511-04:30
316	117	t	27	131	4	t	2016-12-26 17:52:32.883-04:30	2016-12-27 13:15:21.093-04:30
317	118	t	27	132	4	t	2016-12-26 17:52:32.966-04:30	2016-12-27 13:15:21.638-04:30
318	119	t	27	130	4	t	2016-12-26 17:52:32.976-04:30	2016-12-27 13:15:22.66-04:30
319	120	t	27	134	4	t	2016-12-26 17:52:32.986-04:30	2016-12-27 13:15:23.618-04:30
320	121	t	27	135	4	t	2016-12-26 17:52:32.999-04:30	2016-12-27 13:15:25.381-04:30
321	123	t	27	137	4	t	2016-12-26 17:52:33.029-04:30	2016-12-27 13:15:25.95-04:30
322	124	t	27	138	4	t	2016-12-26 17:52:33.107-04:30	2016-12-27 13:15:26.644-04:30
323	125	t	27	139	4	t	2016-12-26 17:52:33.118-04:30	2016-12-27 13:15:27.207-04:30
324	126	t	27	140	4	t	2016-12-26 17:52:33.128-04:30	2016-12-27 13:15:27.806-04:30
325	127	t	27	141	4	t	2016-12-26 17:52:33.139-04:30	2016-12-27 13:15:28.472-04:30
326	128	t	27	142	4	t	2016-12-26 17:52:33.15-04:30	2016-12-27 13:15:29.063-04:30
327	129	t	27	143	4	t	2016-12-26 17:52:33.168-04:30	2016-12-27 13:15:30.85-04:30
328	130	t	27	144	4	t	2016-12-26 17:52:33.248-04:30	2016-12-27 13:15:31.421-04:30
329	131	t	27	145	4	t	2016-12-26 17:52:33.26-04:30	2016-12-27 13:15:31.988-04:30
330	132	t	27	146	4	t	2016-12-26 17:52:33.27-04:30	2016-12-27 13:15:32.658-04:30
331	133	t	27	147	4	t	2016-12-26 17:52:33.282-04:30	2016-12-27 13:15:33.246-04:30
332	134	t	27	148	4	t	2016-12-26 17:52:33.294-04:30	2016-12-27 13:15:33.94-04:30
333	135	t	27	149	4	t	2016-12-26 17:52:33.31-04:30	2016-12-27 13:15:35.429-04:30
334	136	t	27	150	4	t	2016-12-26 17:52:33.388-04:30	2016-12-27 13:15:35.871-04:30
335	137	t	27	151	4	t	2016-12-26 17:52:33.406-04:30	2016-12-27 13:15:36.364-04:30
336	138	t	27	152	4	t	2016-12-26 17:52:33.416-04:30	2016-12-27 13:15:36.98-04:30
337	139	t	27	153	4	t	2016-12-26 17:52:33.425-04:30	2016-12-27 13:15:37.608-04:30
338	122	t	27	136	4	t	2016-12-27 13:20:25.722-04:30	2016-12-27 13:20:47.644-04:30
339	215	f	29	229	4	t	2016-12-27 12:27:12.035-04:30	2016-12-28 13:45:26.578-04:30
340	239	t	20	309	4	t	2016-12-27 14:12:57.169-04:30	2016-12-27 14:36:49.681-04:30
341	240	t	20	311	4	t	2016-12-27 14:12:57.178-04:30	2016-12-27 14:36:50.324-04:30
342	242	t	20	314	4	t	2016-12-27 14:12:57.183-04:30	2016-12-27 14:36:50.889-04:30
343	244	t	20	317	4	t	2016-12-27 14:12:57.198-04:30	2016-12-27 14:36:51.498-04:30
344	243	t	20	316	4	t	2016-12-27 14:12:57.24-04:30	2016-12-27 14:36:52.191-04:30
345	245	t	20	318	4	t	2016-12-27 14:12:57.317-04:30	2016-12-27 14:36:52.774-04:30
346	246	t	20	321	4	t	2016-12-27 14:12:57.339-04:30	2016-12-27 14:36:53.443-04:30
347	247	t	20	322	4	t	2016-12-27 14:12:57.349-04:30	2016-12-27 14:36:54.028-04:30
348	248	t	20	325	4	t	2016-12-27 14:12:57.357-04:30	2016-12-27 14:36:54.873-04:30
349	249	t	20	326	4	t	2016-12-27 14:12:57.372-04:30	2016-12-27 14:36:57.373-04:30
350	250	t	20	328	4	t	2016-12-27 14:12:57.392-04:30	2016-12-27 14:36:58.143-04:30
351	280	t	20	310	4	t	2016-12-27 14:12:57.471-04:30	2016-12-27 14:36:58.95-04:30
352	281	t	20	312	4	t	2016-12-27 14:12:57.56-04:30	2016-12-27 14:37:00.097-04:30
353	282	t	20	320	4	t	2016-12-27 14:12:57.625-04:30	2016-12-27 14:37:00.784-04:30
354	283	t	20	324	4	t	2016-12-27 14:12:57.625-04:30	2016-12-27 14:37:01.589-04:30
355	284	t	20	327	4	t	2016-12-27 14:12:57.625-04:30	2016-12-27 14:37:02.384-04:30
356	314	t	20	305	4	t	2016-12-27 14:12:57.626-04:30	2016-12-27 14:37:03.204-04:30
357	316	t	20	306	4	t	2016-12-27 14:12:57.787-04:30	2016-12-27 14:37:06.522-04:30
358	227	t	28	255	4	t	2016-12-27 14:13:20.808-04:30	2016-12-27 14:38:19.499-04:30
359	229	t	28	257	4	t	2016-12-27 14:13:20.836-04:30	2016-12-27 14:38:20.25-04:30
360	165	t	22	179	4	t	2016-12-26 17:52:10.686-04:30	2016-12-27 14:38:55.485-04:30
361	166	t	22	183	4	t	2016-12-26 17:52:10.696-04:30	2016-12-27 14:38:56.032-04:30
362	167	t	22	181	4	t	2016-12-26 17:52:10.705-04:30	2016-12-27 14:38:56.62-04:30
363	168	t	22	180	4	t	2016-12-26 17:52:10.715-04:30	2016-12-27 14:38:59.065-04:30
364	169	t	22	182	4	t	2016-12-26 17:52:10.814-04:30	2016-12-27 14:38:59.63-04:30
365	170	t	22	184	4	t	2016-12-26 17:52:10.828-04:30	2016-12-27 14:39:00.412-04:30
366	171	t	22	187	4	t	2016-12-26 17:52:10.845-04:30	2016-12-27 14:39:01.065-04:30
367	172	t	22	185	4	t	2016-12-26 17:52:10.856-04:30	2016-12-27 14:39:01.452-04:30
368	173	t	22	186	4	t	2016-12-26 17:52:10.865-04:30	2016-12-27 14:39:02.015-04:30
369	174	t	22	188	4	t	2016-12-26 17:52:10.937-04:30	2016-12-27 14:39:02.483-04:30
370	175	t	22	189	4	t	2016-12-26 17:52:10.965-04:30	2016-12-27 14:39:03.048-04:30
371	182	t	22	196	4	t	2016-12-26 17:52:11.122-04:30	2016-12-27 14:39:04.1-04:30
372	183	t	22	197	4	t	2016-12-26 17:52:11.133-04:30	2016-12-27 14:39:04.8-04:30
373	184	t	22	198	4	t	2016-12-26 17:52:11.14-04:30	2016-12-27 14:39:05.573-04:30
374	185	t	22	199	4	t	2016-12-26 17:52:11.208-04:30	2016-12-27 14:39:07.048-04:30
375	188	t	22	202	4	t	2016-12-26 17:52:11.263-04:30	2016-12-27 14:39:09.765-04:30
376	189	t	22	203	4	t	2016-12-26 17:52:11.277-04:30	2016-12-27 14:39:10.496-04:30
377	186	t	22	200	4	t	2016-12-26 17:52:11.283-04:30	2016-12-27 14:39:11.549-04:30
378	47	t	21	58	4	t	2016-12-26 17:52:43.822-04:30	2016-12-27 14:39:50.121-04:30
379	48	t	21	59	4	t	2016-12-26 17:52:43.866-04:30	2016-12-27 14:39:51.377-04:30
380	49	t	21	60	4	t	2016-12-26 17:52:43.878-04:30	2016-12-27 14:39:52.077-04:30
381	50	t	21	61	4	t	2016-12-26 17:52:43.915-04:30	2016-12-27 14:39:52.502-04:30
382	51	t	21	62	4	t	2016-12-26 17:52:43.922-04:30	2016-12-27 14:39:52.942-04:30
383	52	t	21	63	4	t	2016-12-26 17:52:43.967-04:30	2016-12-27 14:39:54.662-04:30
384	54	t	21	65	4	t	2016-12-26 17:52:43.976-04:30	2016-12-27 14:39:55.212-04:30
385	53	t	21	64	4	t	2016-12-26 17:52:44.005-04:30	2016-12-27 14:39:55.612-04:30
386	55	t	21	66	4	t	2016-12-26 17:52:44.017-04:30	2016-12-27 14:39:56.257-04:30
387	56	t	21	67	4	t	2016-12-26 17:52:44.055-04:30	2016-12-27 14:39:56.718-04:30
388	254	t	26	335	4	t	2016-12-27 14:13:39.193-04:30	2016-12-27 14:36:57.157-04:30
389	251	t	26	330	4	t	2016-12-27 14:13:39.221-04:30	2016-12-27 14:36:57.649-04:30
390	252	t	26	333	4	t	2016-12-27 14:13:39.337-04:30	2016-12-27 14:36:58.329-04:30
391	257	t	26	344	4	t	2016-12-27 14:13:39.365-04:30	2016-12-27 14:36:58.844-04:30
392	286	t	26	338	4	t	2016-12-27 14:13:39.545-04:30	2016-12-27 14:36:59.575-04:30
393	324	t	26	340	4	t	2016-12-27 14:13:39.728-04:30	2016-12-27 14:37:00.011-04:30
394	326	t	26	343	4	t	2016-12-27 14:13:39.748-04:30	2016-12-27 14:37:00.565-04:30
395	327	t	26	345	4	t	2016-12-27 14:13:39.828-04:30	2016-12-27 14:37:01.062-04:30
396	328	t	26	346	4	t	2016-12-27 14:13:39.886-04:30	2016-12-27 14:37:01.565-04:30
397	329	t	26	349	4	t	2016-12-27 14:13:39.895-04:30	2016-12-27 14:37:03.945-04:30
398	317	t	20	307	4	t	2016-12-27 14:12:57.797-04:30	2016-12-27 14:37:07.134-04:30
399	320	t	20	323	4	t	2016-12-27 14:12:57.818-04:30	2016-12-27 14:37:07.84-04:30
400	228	t	28	258	4	t	2016-12-27 14:13:20.854-04:30	2016-12-27 14:38:21.204-04:30
401	236	t	28	272	4	t	2016-12-27 14:13:21.041-04:30	2016-12-27 14:38:21.527-04:30
402	304	t	28	259	4	t	2016-12-27 14:13:21.259-04:30	2016-12-27 14:38:22.189-04:30
403	307	t	28	265	4	t	2016-12-27 14:13:21.298-04:30	2016-12-27 14:38:23.524-04:30
404	308	t	28	268	4	t	2016-12-27 14:13:21.417-04:30	2016-12-27 14:38:24.838-04:30
405	309	t	28	267	4	t	2016-12-27 14:13:21.434-04:30	2016-12-27 14:38:26.021-04:30
406	310	t	28	270	4	t	2016-12-27 14:13:21.445-04:30	2016-12-27 14:38:26.989-04:30
407	311	t	28	271	4	t	2016-12-27 14:13:21.456-04:30	2016-12-27 14:38:29.456-04:30
408	312	t	28	279	4	t	2016-12-27 14:13:21.467-04:30	2016-12-27 14:38:30.014-04:30
409	313	t	28	278	4	t	2016-12-27 14:13:21.48-04:30	2016-12-27 14:38:30.589-04:30
410	270	f	23	300	4	f	2016-12-27 14:14:32.508-04:30	2016-12-28 10:29:40.006-04:30
411	819	f	30	830	4	t	2016-12-28 13:51:27.743-04:30	2016-12-28 13:51:27.743-04:30
412	822	f	9	832	2	t	2017-01-19 14:37:37.362-04:30	2017-01-19 14:37:37.362-04:30
413	464	f	24	480	4	t	2016-12-27 15:50:10.18-04:30	2016-12-27 15:50:10.18-04:30
414	465	f	24	481	4	t	2016-12-27 15:50:10.191-04:30	2016-12-27 15:50:10.191-04:30
415	466	f	24	482	4	t	2016-12-27 15:50:10.199-04:30	2016-12-27 15:50:10.199-04:30
416	467	f	24	484	4	t	2016-12-27 15:50:10.278-04:30	2016-12-27 15:50:10.278-04:30
417	468	f	24	486	4	t	2016-12-27 15:50:10.29-04:30	2016-12-27 15:50:10.29-04:30
418	469	f	24	483	4	t	2016-12-27 15:50:10.302-04:30	2016-12-27 15:50:10.302-04:30
419	470	f	24	485	4	t	2016-12-27 15:50:10.326-04:30	2016-12-27 15:50:10.326-04:30
420	471	f	24	487	4	t	2016-12-27 15:50:10.336-04:30	2016-12-27 15:50:10.336-04:30
421	472	f	24	488	4	t	2016-12-27 15:50:10.346-04:30	2016-12-27 15:50:10.346-04:30
422	473	f	24	489	4	t	2016-12-27 15:50:10.427-04:30	2016-12-27 15:50:10.427-04:30
423	474	f	24	490	4	t	2016-12-27 15:50:10.437-04:30	2016-12-27 15:50:10.437-04:30
424	475	f	24	491	4	t	2016-12-27 15:50:10.445-04:30	2016-12-27 15:50:10.445-04:30
425	476	f	24	492	4	t	2016-12-27 15:50:10.466-04:30	2016-12-27 15:50:10.466-04:30
426	477	f	24	493	4	t	2016-12-27 15:50:10.476-04:30	2016-12-27 15:50:10.476-04:30
427	501	f	24	517	4	t	2016-12-27 15:50:11.057-04:30	2016-12-27 15:50:11.057-04:30
428	502	f	24	518	4	t	2016-12-27 15:50:11.067-04:30	2016-12-27 15:50:11.067-04:30
429	503	f	24	519	4	t	2016-12-27 15:50:11.128-04:30	2016-12-27 15:50:11.128-04:30
430	504	f	24	520	4	t	2016-12-27 15:50:11.142-04:30	2016-12-27 15:50:11.142-04:30
431	505	f	24	521	4	t	2016-12-27 15:50:11.187-04:30	2016-12-27 15:50:11.187-04:30
432	506	f	24	522	4	t	2016-12-27 15:50:11.196-04:30	2016-12-27 15:50:11.196-04:30
433	507	f	24	523	4	t	2016-12-27 15:50:11.206-04:30	2016-12-27 15:50:11.206-04:30
434	508	f	24	525	4	t	2016-12-27 15:50:11.216-04:30	2016-12-27 15:50:11.216-04:30
435	509	f	24	524	4	t	2016-12-27 15:50:11.27-04:30	2016-12-27 15:50:11.27-04:30
436	510	f	24	526	4	t	2016-12-27 15:50:11.282-04:30	2016-12-27 15:50:11.282-04:30
437	511	f	24	527	4	t	2016-12-27 15:50:11.325-04:30	2016-12-27 15:50:11.325-04:30
438	512	f	24	528	4	f	2016-12-27 15:50:11.336-04:30	2016-12-27 15:50:32.033-04:30
439	517	t	27	584	4	t	2016-12-27 15:59:01.056-04:30	2016-12-27 15:59:46.687-04:30
440	518	t	27	587	4	t	2016-12-27 15:59:01.066-04:30	2016-12-27 15:59:47.764-04:30
441	519	t	27	590	4	t	2016-12-27 15:59:01.076-04:30	2016-12-27 15:59:48.23-04:30
442	520	t	27	610	4	t	2016-12-27 15:59:01.085-04:30	2016-12-27 15:59:48.78-04:30
443	521	t	27	611	4	t	2016-12-27 15:59:01.094-04:30	2016-12-27 15:59:49.113-04:30
444	526	t	27	628	4	t	2016-12-27 15:59:01.23-04:30	2016-12-27 15:59:49.572-04:30
445	540	t	27	593	4	t	2016-12-27 15:59:01.346-04:30	2016-12-27 15:59:49.986-04:30
446	541	t	27	594	4	t	2016-12-27 15:59:01.378-04:30	2016-12-27 15:59:50.465-04:30
447	542	t	27	598	4	t	2016-12-27 15:59:01.386-04:30	2016-12-27 15:59:51.29-04:30
448	715	t	22	744	4	t	2016-12-27 16:04:58.815-04:30	2016-12-27 16:07:30.673-04:30
449	725	t	22	734	4	t	2016-12-27 16:04:58.999-04:30	2016-12-27 16:07:31.15-04:30
450	727	t	22	738	4	t	2016-12-27 16:04:59.019-04:30	2016-12-27 16:07:31.538-04:30
451	758	t	22	768	4	t	2016-12-27 16:04:59.759-04:30	2016-12-27 16:07:31.935-04:30
452	760	t	22	771	4	t	2016-12-27 16:04:59.774-04:30	2016-12-27 16:07:32.343-04:30
453	766	t	22	777	4	t	2016-12-27 16:04:59.942-04:30	2016-12-27 16:07:32.789-04:30
454	768	t	22	779	4	t	2016-12-27 16:04:59.977-04:30	2016-12-27 16:07:33.467-04:30
455	767	t	22	778	4	t	2016-12-27 16:04:59.951-04:30	2016-12-27 16:07:34.359-04:30
456	262	f	23	280	4	t	2016-12-27 14:14:32.326-04:30	2016-12-27 17:20:30.941-04:30
457	263	f	23	282	4	t	2016-12-27 14:14:32.352-04:30	2016-12-27 17:20:36.538-04:30
458	264	f	23	285	4	t	2016-12-27 14:14:32.361-04:30	2016-12-27 17:20:36.791-04:30
459	266	f	23	288	4	t	2016-12-27 14:14:32.371-04:30	2016-12-27 17:20:37.118-04:30
460	265	f	23	290	4	t	2016-12-27 14:14:32.421-04:30	2016-12-27 17:20:37.718-04:30
461	267	f	23	292	4	t	2016-12-27 14:14:32.457-04:30	2016-12-27 17:20:38.956-04:30
462	290	f	23	281	4	t	2016-12-27 14:14:32.516-04:30	2016-12-27 17:20:44.421-04:30
463	295	f	23	293	4	t	2016-12-27 14:14:32.569-04:30	2016-12-27 17:20:45.183-04:30
464	291	f	23	289	4	t	2016-12-27 14:14:32.604-04:30	2016-12-27 17:20:45.728-04:30
465	293	f	23	298	4	t	2016-12-27 14:14:32.632-04:30	2016-12-27 17:20:46.278-04:30
466	292	f	23	301	4	t	2016-12-27 14:14:32.648-04:30	2016-12-27 17:20:46.584-04:30
467	400	f	23	295	4	t	2016-12-27 14:14:32.825-04:30	2016-12-27 17:20:47.113-04:30
468	216	t	27	230	4	t	2016-12-27 14:14:42.419-04:30	2016-12-27 14:36:15.791-04:30
469	219	t	27	231	4	t	2016-12-27 14:14:42.439-04:30	2016-12-27 14:36:16.307-04:30
470	221	t	27	237	4	t	2016-12-27 14:14:42.517-04:30	2016-12-27 14:36:16.871-04:30
471	220	t	27	234	4	t	2016-12-27 14:14:42.544-04:30	2016-12-27 14:36:17.415-04:30
472	223	t	27	246	4	t	2016-12-27 14:14:42.579-04:30	2016-12-27 14:36:17.951-04:30
473	272	t	27	238	4	t	2016-12-27 14:14:42.716-04:30	2016-12-27 14:36:18.45-04:30
474	274	t	27	242	4	t	2016-12-27 14:14:42.739-04:30	2016-12-27 14:36:18.978-04:30
475	298	t	27	241	4	t	2016-12-27 14:14:42.9-04:30	2016-12-27 14:36:19.541-04:30
476	318	t	20	313	4	t	2016-12-27 14:12:57.804-04:30	2016-12-27 14:37:08.545-04:30
477	321	t	20	329	4	t	2016-12-27 14:12:57.827-04:30	2016-12-27 14:37:09.268-04:30
478	339	t	24	362	4	t	2016-12-27 14:13:30.064-04:30	2016-12-27 14:38:19.307-04:30
479	340	t	24	364	4	t	2016-12-27 14:13:30.076-04:30	2016-12-27 14:38:19.789-04:30
480	341	t	24	365	4	t	2016-12-27 14:13:30.086-04:30	2016-12-27 14:38:22.41-04:30
481	342	t	24	366	4	t	2016-12-27 14:13:30.158-04:30	2016-12-27 14:38:23.014-04:30
482	343	t	24	367	4	t	2016-12-27 14:13:30.197-04:30	2016-12-27 14:38:23.419-04:30
483	344	t	24	368	4	t	2016-12-27 14:13:30.208-04:30	2016-12-27 14:38:23.875-04:30
484	351	t	24	375	4	t	2016-12-27 14:13:30.371-04:30	2016-12-27 14:38:24.338-04:30
485	230	t	28	260	4	t	2016-12-27 14:13:20.864-04:30	2016-12-27 14:38:31.12-04:30
486	235	t	28	274	4	t	2016-12-27 14:13:21.028-04:30	2016-12-27 14:38:31.841-04:30
487	238	t	28	277	4	t	2016-12-27 14:13:21.057-04:30	2016-12-27 14:38:32.468-04:30
488	278	t	28	273	4	t	2016-12-27 14:13:21.114-04:30	2016-12-27 14:38:33.113-04:30
489	279	t	28	275	4	t	2016-12-27 14:13:21.241-04:30	2016-12-27 14:38:33.785-04:30
490	305	t	28	264	4	t	2016-12-27 14:13:21.269-04:30	2016-12-27 14:38:34.499-04:30
491	360	t	22	382	4	t	2016-12-27 14:13:51.706-04:30	2016-12-27 14:39:12.527-04:30
492	357	t	22	384	4	t	2016-12-27 14:13:51.714-04:30	2016-12-27 14:39:13.365-04:30
493	359	t	22	383	4	t	2016-12-27 14:13:51.726-04:30	2016-12-27 14:39:14.084-04:30
494	358	t	22	381	4	t	2016-12-27 14:13:51.737-04:30	2016-12-27 14:39:15.555-04:30
495	362	t	22	387	4	t	2016-12-27 14:13:51.836-04:30	2016-12-27 14:39:16.797-04:30
496	371	t	22	395	4	t	2016-12-27 14:13:52.01-04:30	2016-12-27 14:39:17.658-04:30
497	372	t	22	396	4	t	2016-12-27 14:13:52.037-04:30	2016-12-27 14:39:18.909-04:30
498	373	t	22	398	4	t	2016-12-27 14:13:52.046-04:30	2016-12-27 14:39:19.347-04:30
499	374	t	22	397	4	t	2016-12-27 14:13:52.118-04:30	2016-12-27 14:39:20.448-04:30
500	375	t	22	399	4	t	2016-12-27 14:13:52.135-04:30	2016-12-27 14:39:23.051-04:30
501	376	t	22	400	4	t	2016-12-27 14:13:52.145-04:30	2016-12-27 14:39:24.261-04:30
502	377	t	22	401	4	t	2016-12-27 14:13:52.152-04:30	2016-12-27 14:39:25.159-04:30
503	378	t	22	402	4	t	2016-12-27 14:13:52.175-04:30	2016-12-27 14:39:26.245-04:30
504	379	t	22	403	4	t	2016-12-27 14:13:52.216-04:30	2016-12-27 14:39:26.848-04:30
505	380	t	22	404	4	t	2016-12-27 14:13:52.256-04:30	2016-12-27 14:39:28.455-04:30
506	513	f	24	529	4	t	2016-12-27 15:50:33.862-04:30	2016-12-27 15:50:33.862-04:30
507	522	t	27	615	4	t	2016-12-27 15:59:01.128-04:30	2016-12-27 15:59:52.609-04:30
508	523	t	27	617	4	t	2016-12-27 15:59:01.197-04:30	2016-12-27 15:59:52.846-04:30
509	524	t	27	620	4	t	2016-12-27 15:59:01.208-04:30	2016-12-27 15:59:53.653-04:30
510	525	t	27	624	4	t	2016-12-27 15:59:01.227-04:30	2016-12-27 15:59:54.494-04:30
511	656	t	20	679	4	t	2016-12-27 16:01:04.005-04:30	2016-12-27 16:01:39.971-04:30
512	655	t	20	678	4	t	2016-12-27 16:01:03.807-04:30	2016-12-27 16:01:44.062-04:30
513	645	t	20	668	4	t	2016-12-27 16:01:03.924-04:30	2016-12-27 16:01:44.071-04:30
514	649	t	20	672	4	t	2016-12-27 16:01:03.793-04:30	2016-12-27 16:01:44.159-04:30
515	654	t	20	677	4	t	2016-12-27 16:01:03.774-04:30	2016-12-27 16:01:44.555-04:30
516	653	t	20	676	4	t	2016-12-27 16:01:03.756-04:30	2016-12-27 16:01:45.088-04:30
517	652	t	20	675	4	t	2016-12-27 16:01:03.746-04:30	2016-12-27 16:01:45.875-04:30
518	651	t	20	673	4	t	2016-12-27 16:01:03.536-04:30	2016-12-27 16:01:47.621-04:30
519	650	t	20	674	4	t	2016-12-27 16:01:03.525-04:30	2016-12-27 16:01:48.101-04:30
520	648	t	20	671	4	t	2016-12-27 16:01:03.504-04:30	2016-12-27 16:01:48.658-04:30
521	647	t	20	670	4	t	2016-12-27 16:01:03.485-04:30	2016-12-27 16:01:49.383-04:30
522	646	t	20	669	4	t	2016-12-27 16:01:03.454-04:30	2016-12-27 16:01:49.441-04:30
523	644	t	20	667	4	t	2016-12-27 16:01:03.001-04:30	2016-12-27 16:01:50.906-04:30
524	643	t	20	666	4	t	2016-12-27 16:01:02.992-04:30	2016-12-27 16:01:51.321-04:30
525	642	t	20	665	4	t	2016-12-27 16:01:02.971-04:30	2016-12-27 16:01:51.835-04:30
526	641	t	20	664	4	t	2016-12-27 16:01:02.943-04:30	2016-12-27 16:01:52.289-04:30
527	640	t	20	662	4	t	2016-12-27 16:01:02.921-04:30	2016-12-27 16:01:53.17-04:30
528	639	t	20	663	4	t	2016-12-27 16:01:02.865-04:30	2016-12-27 16:01:53.431-04:30
529	638	t	20	661	4	t	2016-12-27 16:01:02.838-04:30	2016-12-27 16:01:54.116-04:30
530	607	t	20	630	4	t	2016-12-27 16:01:01.756-04:30	2016-12-27 16:01:54.764-04:30
531	657	t	26	680	4	t	2016-12-27 16:02:26.412-04:30	2016-12-27 16:03:05.981-04:30
532	658	t	26	681	4	t	2016-12-27 16:02:26.44-04:30	2016-12-27 16:03:06.465-04:30
533	659	t	26	684	4	t	2016-12-27 16:02:26.506-04:30	2016-12-27 16:03:06.927-04:30
534	661	t	26	683	4	t	2016-12-27 16:02:26.521-04:30	2016-12-27 16:03:07.429-04:30
535	662	t	26	685	4	t	2016-12-27 16:02:26.525-04:30	2016-12-27 16:03:08.212-04:30
536	660	t	26	682	4	t	2016-12-27 16:02:26.54-04:30	2016-12-27 16:03:09.542-04:30
537	663	t	26	686	4	t	2016-12-27 16:02:26.547-04:30	2016-12-27 16:03:10.535-04:30
538	664	t	26	690	4	t	2016-12-27 16:02:26.583-04:30	2016-12-27 16:03:11.813-04:30
539	665	t	26	689	4	t	2016-12-27 16:02:26.692-04:30	2016-12-27 16:03:12.237-04:30
540	666	t	26	687	4	t	2016-12-27 16:02:26.702-04:30	2016-12-27 16:03:12.699-04:30
541	680	t	26	696	4	t	2016-12-27 16:02:26.846-04:30	2016-12-27 16:03:13.159-04:30
542	681	t	26	697	4	t	2016-12-27 16:02:26.856-04:30	2016-12-27 16:03:13.613-04:30
543	682	t	26	698	4	t	2016-12-27 16:02:26.872-04:30	2016-12-27 16:03:14.598-04:30
544	683	t	26	699	4	t	2016-12-27 16:02:26.978-04:30	2016-12-27 16:03:15.288-04:30
545	689	t	26	705	4	t	2016-12-27 16:02:27.137-04:30	2016-12-27 16:03:16.408-04:30
546	692	t	26	706	4	t	2016-12-27 16:02:27.289-04:30	2016-12-27 16:03:18.741-04:30
547	691	t	26	707	4	t	2016-12-27 16:02:27.166-04:30	2016-12-27 16:03:19.157-04:30
548	690	t	26	709	4	t	2016-12-27 16:02:27.15-04:30	2016-12-27 16:03:19.622-04:30
549	287	t	26	342	4	t	2016-12-27 14:13:39.551-04:30	2016-12-27 14:37:03.494-04:30
550	323	t	26	339	4	t	2016-12-27 14:13:39.724-04:30	2016-12-27 14:37:04.653-04:30
551	319	t	20	319	4	t	2016-12-27 14:12:57.81-04:30	2016-12-27 14:37:10.194-04:30
552	331	t	24	355	4	t	2016-12-27 14:13:29.905-04:30	2016-12-27 14:38:25.791-04:30
553	333	t	24	356	4	t	2016-12-27 14:13:29.922-04:30	2016-12-27 14:38:26.798-04:30
554	338	t	24	361	4	t	2016-12-27 14:13:30.055-04:30	2016-12-27 14:38:27.194-04:30
555	345	t	24	369	4	t	2016-12-27 14:13:30.218-04:30	2016-12-27 14:38:27.684-04:30
556	346	t	24	370	4	t	2016-12-27 14:13:30.23-04:30	2016-12-27 14:38:29.854-04:30
557	347	t	24	371	4	t	2016-12-27 14:13:30.238-04:30	2016-12-27 14:38:30.372-04:30
558	348	t	24	372	4	t	2016-12-27 14:13:30.298-04:30	2016-12-27 14:38:30.884-04:30
559	349	t	24	373	4	t	2016-12-27 14:13:30.335-04:30	2016-12-27 14:38:31.383-04:30
560	350	t	24	374	4	t	2016-12-27 14:13:30.366-04:30	2016-12-27 14:38:32.169-04:30
561	352	t	24	376	4	t	2016-12-27 14:13:30.382-04:30	2016-12-27 14:38:32.707-04:30
562	353	t	24	377	4	t	2016-12-27 14:13:30.416-04:30	2016-12-27 14:38:33.201-04:30
563	354	t	24	378	4	t	2016-12-27 14:13:30.446-04:30	2016-12-27 14:38:33.81-04:30
564	355	t	24	379	4	t	2016-12-27 14:13:30.477-04:30	2016-12-27 14:38:34.324-04:30
565	397	f	23	299	4	t	2016-12-27 14:14:32.852-04:30	2016-12-27 17:20:48.268-04:30
566	398	f	23	302	4	t	2016-12-27 14:14:32.888-04:30	2016-12-27 17:20:50.528-04:30
567	399	f	23	303	4	t	2016-12-27 14:14:32.933-04:30	2016-12-27 17:20:50.838-04:30
568	463	t	28	479	4	t	2016-12-27 15:51:28.991-04:30	2016-12-27 15:56:15.535-04:30
569	537	t	27	580	4	t	2016-12-27 15:59:01.235-04:30	2016-12-27 15:59:59.876-04:30
570	538	t	27	583	4	t	2016-12-27 15:59:01.266-04:30	2016-12-27 16:00:00.352-04:30
571	539	t	27	588	4	t	2016-12-27 15:59:01.336-04:30	2016-12-27 16:00:00.776-04:30
572	543	t	27	600	4	t	2016-12-27 15:59:01.393-04:30	2016-12-27 16:00:01.208-04:30
573	544	t	27	603	4	t	2016-12-27 15:59:01.404-04:30	2016-12-27 16:00:01.693-04:30
574	547	t	27	613	4	t	2016-12-27 15:59:01.482-04:30	2016-12-27 16:00:02.147-04:30
575	548	t	27	616	4	t	2016-12-27 15:59:01.492-04:30	2016-12-27 16:00:02.646-04:30
576	549	t	27	618	4	t	2016-12-27 15:59:01.518-04:30	2016-12-27 16:00:03.735-04:30
577	550	t	27	623	4	t	2016-12-27 15:59:01.528-04:30	2016-12-27 16:00:05.176-04:30
578	551	t	27	626	4	t	2016-12-27 15:59:01.537-04:30	2016-12-27 16:00:06.58-04:30
579	562	t	27	585	4	t	2016-12-27 15:59:01.547-04:30	2016-12-27 16:00:07.161-04:30
580	563	t	27	592	4	t	2016-12-27 15:59:01.621-04:30	2016-12-27 16:00:07.673-04:30
581	564	t	27	596	4	t	2016-12-27 15:59:01.636-04:30	2016-12-27 16:00:08.175-04:30
582	565	t	27	602	4	t	2016-12-27 15:59:01.666-04:30	2016-12-27 16:00:08.672-04:30
583	566	t	27	609	4	t	2016-12-27 15:59:01.676-04:30	2016-12-27 16:00:09.407-04:30
584	545	t	27	605	4	t	2016-12-27 15:59:01.685-04:30	2016-12-27 16:00:10.165-04:30
585	606	t	27	625	4	t	2016-12-27 15:59:02.188-04:30	2016-12-27 16:00:12.586-04:30
586	605	t	27	621	4	t	2016-12-27 15:59:02.177-04:30	2016-12-27 16:00:13.179-04:30
587	604	t	27	612	4	t	2016-12-27 15:59:02.132-04:30	2016-12-27 16:00:13.607-04:30
588	603	t	27	607	4	t	2016-12-27 15:59:02.121-04:30	2016-12-27 16:00:14.128-04:30
589	602	t	27	601	4	t	2016-12-27 15:59:02.098-04:30	2016-12-27 16:00:14.625-04:30
590	601	t	27	597	4	t	2016-12-27 15:59:02.082-04:30	2016-12-27 16:00:15.166-04:30
591	600	t	27	591	4	t	2016-12-27 15:59:02.05-04:30	2016-12-27 16:00:15.666-04:30
592	599	t	27	586	4	t	2016-12-27 15:59:02.036-04:30	2016-12-27 16:00:16.325-04:30
593	598	t	27	581	4	t	2016-12-27 15:59:01.991-04:30	2016-12-27 16:00:16.849-04:30
594	584	t	27	627	4	t	2016-12-27 15:59:01.97-04:30	2016-12-27 16:00:17.681-04:30
595	583	t	27	622	4	t	2016-12-27 15:59:01.961-04:30	2016-12-27 16:00:27.738-04:30
596	582	t	27	606	4	t	2016-12-27 15:59:01.943-04:30	2016-12-27 16:00:28.505-04:30
597	581	t	27	604	4	t	2016-12-27 15:59:01.913-04:30	2016-12-27 16:00:30.24-04:30
598	580	t	27	599	4	t	2016-12-27 15:59:01.896-04:30	2016-12-27 16:00:31.131-04:30
599	579	t	27	595	4	t	2016-12-27 15:59:01.85-04:30	2016-12-27 16:00:31.676-04:30
600	578	t	27	589	4	t	2016-12-27 15:59:01.828-04:30	2016-12-27 16:00:32.498-04:30
601	577	t	27	582	4	t	2016-12-27 15:59:01.814-04:30	2016-12-27 16:00:33.641-04:30
602	546	t	27	608	4	t	2016-12-27 15:59:01.805-04:30	2016-12-27 16:00:35.883-04:30
603	569	t	27	629	4	t	2016-12-27 15:59:01.773-04:30	2016-12-27 16:00:36.49-04:30
604	568	t	27	619	4	t	2016-12-27 15:59:01.759-04:30	2016-12-27 16:00:37.075-04:30
605	567	t	27	614	4	t	2016-12-27 15:59:01.695-04:30	2016-12-27 16:00:37.522-04:30
606	718	t	22	733	4	t	2016-12-27 16:04:58.821-04:30	2016-12-27 16:07:35.46-04:30
607	719	t	22	743	4	t	2016-12-27 16:04:58.833-04:30	2016-12-27 16:07:35.909-04:30
608	720	t	22	748	4	t	2016-12-27 16:04:58.843-04:30	2016-12-27 16:07:36.607-04:30
609	721	t	22	750	4	t	2016-12-27 16:04:58.979-04:30	2016-12-27 16:07:40.374-04:30
610	722	t	22	753	4	t	2016-12-27 16:04:58.994-04:30	2016-12-27 16:07:40.824-04:30
611	726	t	22	736	4	t	2016-12-27 16:04:59.01-04:30	2016-12-27 16:07:41.325-04:30
612	728	t	22	741	4	t	2016-12-27 16:04:59.029-04:30	2016-12-27 16:07:41.731-04:30
613	729	t	22	746	4	t	2016-12-27 16:04:59.126-04:30	2016-12-27 16:07:42.152-04:30
614	730	t	22	749	4	t	2016-12-27 16:04:59.139-04:30	2016-12-27 16:07:42.553-04:30
615	732	t	22	730	4	t	2016-12-27 16:04:59.151-04:30	2016-12-27 16:07:43.008-04:30
616	733	t	22	737	4	t	2016-12-27 16:04:59.159-04:30	2016-12-27 16:07:43.422-04:30
617	734	t	22	742	4	t	2016-12-27 16:04:59.189-04:30	2016-12-27 16:07:43.844-04:30
618	735	t	22	745	4	t	2016-12-27 16:04:59.202-04:30	2016-12-27 16:07:44.374-04:30
619	736	t	22	747	4	t	2016-12-27 16:04:59.269-04:30	2016-12-27 16:07:46.695-04:30
620	737	t	22	752	4	t	2016-12-27 16:04:59.28-04:30	2016-12-27 16:07:47.197-04:30
621	740	t	22	732	4	t	2016-12-27 16:04:59.297-04:30	2016-12-27 16:07:47.608-04:30
622	741	t	22	739	4	t	2016-12-27 16:04:59.306-04:30	2016-12-27 16:07:48.109-04:30
623	742	t	22	751	4	t	2016-12-27 16:04:59.33-04:30	2016-12-27 16:07:49.708-04:30
624	743	t	22	754	4	t	2016-12-27 16:04:59.345-04:30	2016-12-27 16:07:50.408-04:30
625	757	t	22	767	4	t	2016-12-27 16:04:59.758-04:30	2016-12-27 16:07:52.67-04:30
626	756	t	22	769	4	t	2016-12-27 16:04:59.696-04:30	2016-12-27 16:07:53.115-04:30
627	755	t	22	766	4	t	2016-12-27 16:04:59.641-04:30	2016-12-27 16:07:53.659-04:30
628	754	t	22	765	4	t	2016-12-27 16:04:59.628-04:30	2016-12-27 16:07:54.067-04:30
629	753	t	22	764	4	t	2016-12-27 16:04:59.62-04:30	2016-12-27 16:07:54.601-04:30
630	752	t	22	762	4	t	2016-12-27 16:04:59.601-04:30	2016-12-27 16:07:55.23-04:30
631	751	t	22	763	4	t	2016-12-27 16:04:59.567-04:30	2016-12-27 16:07:56.948-04:30
632	750	t	22	761	4	t	2016-12-27 16:04:59.556-04:30	2016-12-27 16:07:57.422-04:30
633	749	t	22	760	4	t	2016-12-27 16:04:59.492-04:30	2016-12-27 16:07:57.953-04:30
634	748	t	22	759	4	t	2016-12-27 16:04:59.47-04:30	2016-12-27 16:07:59.278-04:30
635	747	t	22	757	4	t	2016-12-27 16:04:59.459-04:30	2016-12-27 16:07:59.709-04:30
636	746	t	22	756	4	t	2016-12-27 16:04:59.447-04:30	2016-12-27 16:08:00.094-04:30
637	745	t	22	758	4	t	2016-12-27 16:04:59.424-04:30	2016-12-27 16:08:00.545-04:30
638	744	t	22	755	4	t	2016-12-27 16:04:59.411-04:30	2016-12-27 16:08:03.595-04:30
639	396	f	23	297	4	t	2016-12-27 14:14:32.826-04:30	2016-12-27 17:20:47.477-04:30
640	821	t	23	831	4	t	2016-12-28 15:54:09.739-04:30	2016-12-28 15:55:11.543-04:30
641	299	t	27	244	4	t	2016-12-27 14:14:42.906-04:30	2016-12-27 14:36:20.278-04:30
642	300	t	27	247	4	t	2016-12-27 14:14:42.957-04:30	2016-12-27 14:36:20.99-04:30
643	277	t	27	252	4	t	2016-12-27 14:14:42.976-04:30	2016-12-27 14:36:21.44-04:30
644	301	t	27	248	4	t	2016-12-27 14:14:42.987-04:30	2016-12-27 14:36:21.989-04:30
645	302	t	27	254	4	t	2016-12-27 14:14:43.055-04:30	2016-12-27 14:36:23.588-04:30
646	255	t	26	337	4	t	2016-12-27 14:13:39.216-04:30	2016-12-27 14:37:05.17-04:30
647	253	t	26	334	4	t	2016-12-27 14:13:39.35-04:30	2016-12-27 14:37:05.792-04:30
648	258	t	26	348	4	t	2016-12-27 14:13:39.375-04:30	2016-12-27 14:37:06.493-04:30
649	261	t	26	354	4	t	2016-12-27 14:13:39.53-04:30	2016-12-27 14:37:08.403-04:30
650	288	t	26	347	4	t	2016-12-27 14:13:39.564-04:30	2016-12-27 14:37:10.542-04:30
651	289	t	26	353	4	t	2016-12-27 14:13:39.686-04:30	2016-12-27 14:37:11.228-04:30
652	322	t	26	332	4	t	2016-12-27 14:13:39.718-04:30	2016-12-27 14:37:11.872-04:30
653	325	t	26	341	4	t	2016-12-27 14:13:39.74-04:30	2016-12-27 14:37:12.398-04:30
654	330	t	26	351	4	t	2016-12-27 14:13:39.907-04:30	2016-12-27 14:37:12.894-04:30
655	231	t	28	261	4	t	2016-12-27 14:13:20.874-04:30	2016-12-27 14:38:35.073-04:30
656	232	t	28	262	4	t	2016-12-27 14:13:20.901-04:30	2016-12-27 14:38:35.669-04:30
657	233	t	28	269	4	t	2016-12-27 14:13:20.957-04:30	2016-12-27 14:38:36.281-04:30
658	234	t	28	266	4	t	2016-12-27 14:13:21.024-04:30	2016-12-27 14:38:36.874-04:30
659	237	t	28	276	4	t	2016-12-27 14:13:21.046-04:30	2016-12-27 14:38:37.77-04:30
660	306	t	28	263	4	t	2016-12-27 14:13:21.282-04:30	2016-12-27 14:38:39.542-04:30
661	303	t	28	256	4	t	2016-12-27 14:13:21.251-04:30	2016-12-27 14:38:40.185-04:30
662	294	f	23	304	4	t	2016-12-27 14:14:32.654-04:30	2016-12-27 17:20:52.142-04:30
663	827	f	23	283	4	t	2016-12-27 14:14:32.665-04:30	2016-12-27 17:20:52.433-04:30
664	394	f	23	286	4	t	2016-12-27 14:14:32.782-04:30	2016-12-27 17:20:53.669-04:30
665	395	f	23	291	4	t	2016-12-27 14:14:32.802-04:30	2016-12-27 17:20:53.998-04:30
666	558	f	23	543	4	t	2016-12-27 15:57:15.996-04:30	2016-12-27 17:20:54.672-04:30
667	512	f	24	528	4	t	2016-12-27 15:51:42.794-04:30	2016-12-27 15:51:42.794-04:30
668	636	t	20	659	4	t	2016-12-27 16:01:02.818-04:30	2016-12-27 16:01:14.553-04:30
669	635	t	20	658	4	t	2016-12-27 16:01:02.808-04:30	2016-12-27 16:01:15.701-04:30
670	634	t	20	656	4	t	2016-12-27 16:01:02.79-04:30	2016-12-27 16:01:15.908-04:30
671	637	t	20	660	4	t	2016-12-27 16:01:02.828-04:30	2016-12-27 16:01:15.97-04:30
672	633	t	20	657	4	t	2016-12-27 16:01:02.724-04:30	2016-12-27 16:01:16.514-04:30
673	632	t	20	655	4	t	2016-12-27 16:01:02.313-04:30	2016-12-27 16:01:17.156-04:30
674	630	t	20	652	4	t	2016-12-27 16:01:02.295-04:30	2016-12-27 16:01:18.563-04:30
675	631	t	20	653	4	t	2016-12-27 16:01:02.305-04:30	2016-12-27 16:01:19.092-04:30
676	629	t	20	654	4	t	2016-12-27 16:01:02.277-04:30	2016-12-27 16:01:19.493-04:30
677	628	t	20	651	4	t	2016-12-27 16:01:02.255-04:30	2016-12-27 16:01:20.008-04:30
678	627	t	20	648	4	t	2016-12-27 16:01:02.188-04:30	2016-12-27 16:01:20.565-04:30
679	626	t	20	649	4	t	2016-12-27 16:01:02.178-04:30	2016-12-27 16:01:25.259-04:30
680	624	t	20	647	4	t	2016-12-27 16:01:02.158-04:30	2016-12-27 16:01:26.716-04:30
681	625	t	20	650	4	t	2016-12-27 16:01:02.169-04:30	2016-12-27 16:01:26.848-04:30
682	623	t	20	646	4	t	2016-12-27 16:01:02.146-04:30	2016-12-27 16:01:26.996-04:30
683	622	t	20	644	4	t	2016-12-27 16:01:02.124-04:30	2016-12-27 16:01:27.465-04:30
684	621	t	20	645	4	t	2016-12-27 16:01:02.055-04:30	2016-12-27 16:01:27.937-04:30
685	620	t	20	643	4	t	2016-12-27 16:01:02.045-04:30	2016-12-27 16:01:28.436-04:30
686	619	t	20	642	4	t	2016-12-27 16:01:02.036-04:30	2016-12-27 16:01:29.44-04:30
687	618	t	20	641	4	t	2016-12-27 16:01:02.022-04:30	2016-12-27 16:01:29.672-04:30
688	617	t	20	640	4	t	2016-12-27 16:01:02.013-04:30	2016-12-27 16:01:30.438-04:30
689	616	t	20	639	4	t	2016-12-27 16:01:01.991-04:30	2016-12-27 16:01:31.169-04:30
690	615	t	20	638	4	t	2016-12-27 16:01:01.92-04:30	2016-12-27 16:01:31.762-04:30
691	614	t	20	637	4	t	2016-12-27 16:01:01.91-04:30	2016-12-27 16:01:32.365-04:30
692	613	t	20	636	4	t	2016-12-27 16:01:01.901-04:30	2016-12-27 16:01:36.043-04:30
693	612	t	20	635	4	t	2016-12-27 16:01:01.888-04:30	2016-12-27 16:01:36.521-04:30
694	611	t	20	631	4	t	2016-12-27 16:01:01.88-04:30	2016-12-27 16:01:37.194-04:30
695	610	t	20	633	4	t	2016-12-27 16:01:01.823-04:30	2016-12-27 16:01:37.699-04:30
696	609	t	20	634	4	t	2016-12-27 16:01:01.771-04:30	2016-12-27 16:01:38.176-04:30
697	608	t	20	632	4	t	2016-12-27 16:01:01.764-04:30	2016-12-27 16:01:38.759-04:30
698	667	t	26	688	4	t	2016-12-27 16:02:26.706-04:30	2016-12-27 16:03:22.066-04:30
699	669	t	26	692	4	t	2016-12-27 16:02:26.715-04:30	2016-12-27 16:03:22.488-04:30
700	670	t	26	693	4	t	2016-12-27 16:02:26.73-04:30	2016-12-27 16:03:23.022-04:30
701	671	t	26	694	4	t	2016-12-27 16:02:26.835-04:30	2016-12-27 16:03:23.403-04:30
702	672	t	26	695	4	t	2016-12-27 16:02:26.84-04:30	2016-12-27 16:03:23.889-04:30
703	685	t	26	704	4	t	2016-12-27 16:02:26.983-04:30	2016-12-27 16:03:24.346-04:30
704	686	t	26	703	4	t	2016-12-27 16:02:26.995-04:30	2016-12-27 16:03:24.922-04:30
705	687	t	26	702	4	t	2016-12-27 16:02:27.011-04:30	2016-12-27 16:03:25.296-04:30
706	688	t	26	701	4	t	2016-12-27 16:02:27.133-04:30	2016-12-27 16:03:26.007-04:30
707	693	t	26	708	4	t	2016-12-27 16:02:27.292-04:30	2016-12-27 16:03:26.817-04:30
708	694	t	26	710	4	t	2016-12-27 16:02:27.315-04:30	2016-12-27 16:03:27.438-04:30
709	695	t	26	713	4	t	2016-12-27 16:02:27.329-04:30	2016-12-27 16:03:28.039-04:30
710	684	t	26	700	4	t	2016-12-27 16:02:27.382-04:30	2016-12-27 16:03:28.813-04:30
711	696	t	26	714	4	t	2016-12-27 16:02:27.432-04:30	2016-12-27 16:03:29.221-04:30
712	769	t	21	780	4	t	2016-12-27 16:05:54.293-04:30	2016-12-27 16:06:27.852-04:30
713	770	t	21	783	4	t	2016-12-27 16:05:54.303-04:30	2016-12-27 16:06:28.27-04:30
714	771	t	21	782	4	t	2016-12-27 16:05:54.341-04:30	2016-12-27 16:06:28.692-04:30
715	772	t	21	781	4	t	2016-12-27 16:05:54.352-04:30	2016-12-27 16:06:29.11-04:30
716	773	t	21	784	4	t	2016-12-27 16:05:54.361-04:30	2016-12-27 16:06:29.546-04:30
717	774	t	21	785	4	t	2016-12-27 16:05:54.371-04:30	2016-12-27 16:06:29.947-04:30
718	775	t	21	789	4	t	2016-12-27 16:05:54.434-04:30	2016-12-27 16:06:30.396-04:30
719	812	t	21	823	4	t	2016-12-27 16:05:55.298-04:30	2016-12-27 16:06:30.772-04:30
720	813	t	21	824	4	t	2016-12-27 16:05:55.313-04:30	2016-12-27 16:06:31.246-04:30
721	814	t	21	825	4	t	2016-12-27 16:05:55.33-04:30	2016-12-27 16:06:31.673-04:30
722	815	t	21	826	4	t	2016-12-27 16:05:55.337-04:30	2016-12-27 16:06:32.197-04:30
723	816	t	21	827	4	t	2016-12-27 16:05:55.346-04:30	2016-12-27 16:06:32.766-04:30
724	817	t	21	828	4	t	2016-12-27 16:05:55.433-04:30	2016-12-27 16:06:33.326-04:30
725	818	t	21	829	4	t	2016-12-27 16:05:55.447-04:30	2016-12-27 16:06:34.067-04:30
726	268	f	23	294	4	t	2016-12-27 14:14:32.468-04:30	2016-12-27 17:20:51.112-04:30
727	269	f	23	296	4	t	2016-12-27 14:14:32.499-04:30	2016-12-27 17:20:51.641-04:30
728	393	f	23	284	4	t	2016-12-27 14:14:32.71-04:30	2016-12-27 17:20:52.723-04:30
729	828	f	23	287	4	t	2016-12-27 14:14:32.749-04:30	2016-12-27 17:20:53.137-04:30
730	217	t	27	232	4	t	2016-12-27 14:14:42.43-04:30	2016-12-27 14:36:24.238-04:30
731	218	t	27	233	4	t	2016-12-27 14:14:42.553-04:30	2016-12-27 14:36:24.808-04:30
732	222	t	27	243	4	t	2016-12-27 14:14:42.571-04:30	2016-12-27 14:36:25.344-04:30
733	224	t	27	249	4	t	2016-12-27 14:14:42.59-04:30	2016-12-27 14:36:25.917-04:30
734	225	t	27	251	4	t	2016-12-27 14:14:42.669-04:30	2016-12-27 14:36:26.413-04:30
735	226	t	27	253	4	t	2016-12-27 14:14:42.694-04:30	2016-12-27 14:36:27.003-04:30
736	271	t	27	235	4	t	2016-12-27 14:14:42.709-04:30	2016-12-27 14:36:27.52-04:30
737	273	t	27	240	4	t	2016-12-27 14:14:42.744-04:30	2016-12-27 14:36:28.266-04:30
738	275	t	27	245	4	t	2016-12-27 14:14:42.81-04:30	2016-12-27 14:36:29.586-04:30
739	276	t	27	250	4	t	2016-12-27 14:14:42.837-04:30	2016-12-27 14:36:30.099-04:30
740	296	t	27	236	4	t	2016-12-27 14:14:42.849-04:30	2016-12-27 14:36:30.771-04:30
741	297	t	27	239	4	t	2016-12-27 14:14:42.894-04:30	2016-12-27 14:36:31.484-04:30
742	241	t	20	315	4	t	2016-12-27 14:12:57.164-04:30	2016-12-27 14:36:48.914-04:30
743	315	t	20	308	4	t	2016-12-27 14:12:57.637-04:30	2016-12-27 14:37:05.879-04:30
744	256	t	26	336	4	t	2016-12-27 14:13:39.36-04:30	2016-12-27 14:37:13.392-04:30
745	259	t	26	350	4	t	2016-12-27 14:13:39.382-04:30	2016-12-27 14:37:14.105-04:30
746	260	t	26	352	4	t	2016-12-27 14:13:39.509-04:30	2016-12-27 14:37:14.832-04:30
747	285	t	26	331	4	t	2016-12-27 14:13:39.54-04:30	2016-12-27 14:37:15.626-04:30
748	146	t	24	160	4	t	2016-12-26 17:51:38.437-04:30	2016-12-27 14:38:04.248-04:30
749	37	t	28	48	4	t	2016-12-26 17:51:32.737-04:30	2016-12-27 14:38:12.42-04:30
750	335	t	24	359	4	t	2016-12-27 14:13:29.897-04:30	2016-12-27 14:38:35.467-04:30
751	332	t	24	357	4	t	2016-12-27 14:13:29.914-04:30	2016-12-27 14:38:37.127-04:30
752	334	t	24	358	4	t	2016-12-27 14:13:29.932-04:30	2016-12-27 14:38:37.663-04:30
753	336	t	24	360	4	t	2016-12-27 14:13:30.016-04:30	2016-12-27 14:38:38.211-04:30
754	384	t	21	406	4	t	2016-12-27 14:15:21.433-04:30	2016-12-27 14:40:01.19-04:30
755	337	t	24	363	4	t	2016-12-27 14:13:30.05-04:30	2016-12-27 14:38:39.812-04:30
756	187	t	22	201	4	t	2016-12-26 17:52:11.22-04:30	2016-12-27 14:39:09.113-04:30
757	356	t	22	380	4	t	2016-12-27 14:13:51.687-04:30	2016-12-27 14:39:29.065-04:30
758	361	t	22	385	4	t	2016-12-27 14:13:51.701-04:30	2016-12-27 14:39:29.743-04:30
759	363	t	22	388	4	t	2016-12-27 14:13:51.843-04:30	2016-12-27 14:39:30.526-04:30
760	365	t	22	389	4	t	2016-12-27 14:13:51.854-04:30	2016-12-27 14:39:31.5-04:30
761	366	t	22	390	4	t	2016-12-27 14:13:51.863-04:30	2016-12-27 14:39:32.311-04:30
762	367	t	22	391	4	t	2016-12-27 14:13:51.898-04:30	2016-12-27 14:39:33.314-04:30
763	364	t	22	386	4	t	2016-12-27 14:13:51.908-04:30	2016-12-27 14:39:34.272-04:30
764	368	t	22	393	4	t	2016-12-27 14:13:51.982-04:30	2016-12-27 14:39:36.206-04:30
765	369	t	22	392	4	t	2016-12-27 14:13:51.993-04:30	2016-12-27 14:39:38.206-04:30
766	370	t	22	394	4	t	2016-12-27 14:13:52.002-04:30	2016-12-27 14:39:39.11-04:30
767	381	t	21	408	4	t	2016-12-27 14:15:21.382-04:30	2016-12-27 14:39:59.038-04:30
768	382	t	21	409	4	t	2016-12-27 14:15:21.398-04:30	2016-12-27 14:40:00.07-04:30
769	383	t	21	407	4	t	2016-12-27 14:15:21.422-04:30	2016-12-27 14:40:00.695-04:30
770	385	t	21	405	4	t	2016-12-27 14:15:21.461-04:30	2016-12-27 14:40:02.746-04:30
771	386	t	21	410	4	t	2016-12-27 14:15:21.478-04:30	2016-12-27 14:40:03.946-04:30
772	387	t	21	414	4	t	2016-12-27 14:15:21.541-04:30	2016-12-27 14:40:07.187-04:30
773	388	t	21	411	4	t	2016-12-27 14:15:21.582-04:30	2016-12-27 14:40:09.308-04:30
774	389	t	21	412	4	t	2016-12-27 14:15:21.602-04:30	2016-12-27 14:40:09.605-04:30
775	392	t	21	418	4	t	2016-12-27 14:15:21.692-04:30	2016-12-27 14:40:10.062-04:30
776	401	t	21	416	4	t	2016-12-27 14:15:21.7-04:30	2016-12-27 14:40:11.204-04:30
777	402	t	21	420	4	t	2016-12-27 14:15:21.709-04:30	2016-12-27 14:40:11.231-04:30
778	403	t	21	422	4	t	2016-12-27 14:15:21.72-04:30	2016-12-27 14:40:11.796-04:30
779	391	t	21	415	4	t	2016-12-27 14:15:21.749-04:30	2016-12-27 14:40:12.35-04:30
780	390	t	21	413	4	t	2016-12-27 14:15:21.761-04:30	2016-12-27 14:40:12.918-04:30
781	405	t	21	417	4	t	2016-12-27 14:15:21.86-04:30	2016-12-27 14:40:13.509-04:30
782	406	t	21	419	4	t	2016-12-27 14:15:21.878-04:30	2016-12-27 14:40:13.949-04:30
783	407	t	21	424	4	t	2016-12-27 14:15:21.893-04:30	2016-12-27 14:40:14.489-04:30
784	408	t	21	428	4	t	2016-12-27 14:15:21.912-04:30	2016-12-27 14:40:15.033-04:30
785	409	t	21	421	4	t	2016-12-27 14:15:21.929-04:30	2016-12-27 14:40:15.48-04:30
786	410	t	21	427	4	t	2016-12-27 14:15:21.944-04:30	2016-12-27 14:40:17.085-04:30
787	404	t	21	425	4	t	2016-12-27 14:15:22.025-04:30	2016-12-27 14:40:17.561-04:30
788	411	t	21	423	4	t	2016-12-27 14:15:22.068-04:30	2016-12-27 14:40:18.066-04:30
789	412	t	21	426	4	t	2016-12-27 14:15:22.086-04:30	2016-12-27 14:40:18.681-04:30
790	413	t	21	429	4	t	2016-12-27 14:15:22.105-04:30	2016-12-27 14:40:19.179-04:30
791	515	f	23	531	4	t	2016-12-27 15:57:14.492-04:30	2016-12-27 17:21:02.908-04:30
792	516	f	23	532	4	t	2016-12-27 15:57:14.503-04:30	2016-12-27 17:21:03.241-04:30
793	528	f	23	534	4	t	2016-12-27 15:57:14.516-04:30	2016-12-27 17:21:03.654-04:30
794	529	f	23	539	4	t	2016-12-27 15:57:14.523-04:30	2016-12-27 17:21:03.954-04:30
795	534	f	23	545	4	t	2016-12-27 15:57:14.588-04:30	2016-12-27 17:21:04.361-04:30
796	531	f	23	547	4	t	2016-12-27 15:57:14.599-04:30	2016-12-27 17:21:04.828-04:30
797	530	f	23	549	4	t	2016-12-27 15:57:14.639-04:30	2016-12-27 17:21:06.335-04:30
798	532	f	23	552	4	t	2016-12-27 15:57:14.649-04:30	2016-12-27 17:21:08.618-04:30
799	535	f	23	557	4	t	2016-12-27 15:57:14.694-04:30	2016-12-27 17:21:08.825-04:30
800	536	f	23	572	4	t	2016-12-27 15:57:14.728-04:30	2016-12-27 17:21:09.329-04:30
801	533	f	23	577	4	t	2016-12-27 15:57:14.743-04:30	2016-12-27 17:21:09.669-04:30
802	556	f	23	535	4	t	2016-12-27 15:57:14.798-04:30	2016-12-27 17:21:10.177-04:30
803	557	f	23	537	4	t	2016-12-27 15:57:14.816-04:30	2016-12-27 17:21:10.541-04:30
804	561	f	23	542	4	t	2016-12-27 15:57:14.85-04:30	2016-12-27 17:21:10.897-04:30
805	559	f	23	554	4	t	2016-12-27 15:57:15.275-04:30	2016-12-27 17:21:11.378-04:30
806	552	f	23	561	4	t	2016-12-27 15:57:15.319-04:30	2016-12-27 17:21:11.722-04:30
807	553	f	23	565	4	t	2016-12-27 15:57:15.346-04:30	2016-12-27 17:21:12.072-04:30
808	555	f	23	574	4	t	2016-12-27 15:57:15.393-04:30	2016-12-27 17:21:12.561-04:30
809	560	f	23	579	4	t	2016-12-27 15:57:15.42-04:30	2016-12-27 17:21:13.337-04:30
810	554	f	23	568	4	t	2016-12-27 15:57:15.377-04:30	2016-12-27 17:21:13.066-04:30
811	570	f	23	536	4	t	2016-12-27 15:57:15.461-04:30	2016-12-27 17:21:13.717-04:30
812	571	f	23	538	4	t	2016-12-27 15:57:15.489-04:30	2016-12-27 17:21:14.087-04:30
813	572	f	23	541	4	t	2016-12-27 15:57:15.914-04:30	2016-12-27 17:21:16.138-04:30
814	573	f	23	546	4	t	2016-12-27 15:57:15.938-04:30	2016-12-27 17:21:16.489-04:30
815	574	f	23	551	4	t	2016-12-27 15:57:15.964-04:30	2016-12-27 17:21:16.978-04:30
816	575	f	23	559	4	t	2016-12-27 15:57:15.981-04:30	2016-12-27 17:21:17.261-04:30
817	576	f	23	563	4	t	2016-12-27 15:57:15.987-04:30	2016-12-27 17:21:17.779-04:30
818	586	f	23	540	4	t	2016-12-27 15:57:16.052-04:30	2016-12-27 17:21:18.124-04:30
819	587	f	23	544	4	t	2016-12-27 15:57:16.083-04:30	2016-12-27 17:21:18.558-04:30
820	588	f	23	550	4	t	2016-12-27 15:57:16.106-04:30	2016-12-27 17:21:18.903-04:30
821	589	f	23	555	4	t	2016-12-27 15:57:16.12-04:30	2016-12-27 17:21:19.243-04:30
822	590	f	23	556	4	t	2016-12-27 15:57:16.13-04:30	2016-12-27 17:21:19.726-04:30
823	591	f	23	560	4	t	2016-12-27 15:57:16.139-04:30	2016-12-27 17:21:19.979-04:30
824	592	f	23	564	4	t	2016-12-27 15:57:16.197-04:30	2016-12-27 17:21:20.509-04:30
825	593	f	23	569	4	t	2016-12-27 15:57:16.243-04:30	2016-12-27 17:21:20.797-04:30
826	594	f	23	570	4	t	2016-12-27 15:57:16.253-04:30	2016-12-27 17:21:21.297-04:30
827	595	f	23	573	4	t	2016-12-27 15:57:16.261-04:30	2016-12-27 17:21:21.536-04:30
828	596	f	23	575	4	t	2016-12-27 15:57:16.272-04:30	2016-12-27 17:21:21.911-04:30
829	597	f	23	578	4	t	2016-12-27 15:57:16.287-04:30	2016-12-27 17:21:27.74-04:30
830	514	f	23	533	4	t	2016-12-27 15:57:14.458-04:30	2016-12-27 17:20:54.894-04:30
\.


--
-- Name: tmp_categories_players_id_seq; Type: SEQUENCE SET; Schema: public; Owner: postgres
--

SELECT pg_catalog.setval('tmp_categories_players_id_seq', 830, true);


--
-- Data for Name: tmp_events_matches_players; Type: TABLE DATA; Schema: public; Owner: postgres
--

COPY tmp_events_matches_players (id, active, instant, player_in, player_out, match_id, event_id, events_matches_players_id, team_id, created_at, updated_at) FROM stdin;
1	t	0	\N	\N	16	7	1	\N	2016-12-27 15:37:56.326-04:30	2016-12-27 15:37:56.326-04:30
2	t	19	158	\N	16	1	2	24	2016-12-27 15:58:00.816-04:30	2016-12-27 15:58:00.816-04:30
3	t	25	154	150	16	5	3	24	2016-12-27 16:04:47.312-04:30	2016-12-27 16:04:47.312-04:30
4	t	28	29	\N	16	1	4	28	2016-12-27 16:07:31.322-04:30	2016-12-27 16:07:31.322-04:30
5	t	0	\N	\N	15	7	5	\N	2016-12-27 16:09:17.931-04:30	2016-12-27 16:09:17.931-04:30
6	t	46	127	123	15	5	6	27	2016-12-27 16:09:18.031-04:30	2016-12-27 16:09:18.031-04:30
7	t	19	123	\N	15	1	7	27	2016-12-27 16:09:18.076-04:30	2016-12-27 16:09:18.076-04:30
8	t	46	117	129	15	5	8	27	2016-12-27 16:09:18.077-04:30	2016-12-27 16:09:18.077-04:30
9	t	46	275	133	15	5	10	27	2016-12-27 16:09:18.131-04:30	2016-12-27 16:09:18.131-04:30
10	t	75	120	\N	15	1	11	27	2016-12-27 16:09:18.19-04:30	2016-12-27 16:09:18.19-04:30
11	t	58	130	135	15	5	14	27	2016-12-27 16:09:18.218-04:30	2016-12-27 16:09:18.218-04:30
12	t	58	121	217	15	5	15	27	2016-12-27 16:09:18.296-04:30	2016-12-27 16:09:18.296-04:30
13	t	32	108	98	15	5	16	26	2016-12-27 16:09:18.315-04:30	2016-12-27 16:09:18.315-04:30
14	t	75	100	72	15	5	19	26	2016-12-27 16:09:18.415-04:30	2016-12-27 16:09:18.415-04:30
15	t	0	\N	\N	15	8	21	\N	2016-12-27 16:09:18.521-04:30	2016-12-27 16:09:18.521-04:30
16	t	71	257	113	15	5	22	26	2016-12-27 16:09:18.339-04:30	2016-12-27 16:09:18.339-04:30
17	t	37	156	146	16	5	23	24	2016-12-27 16:17:04.402-04:30	2016-12-27 16:17:04.402-04:30
18	t	45	148	152	16	5	25	24	2016-12-27 16:35:15.607-04:30	2016-12-27 16:35:15.607-04:30
19	t	52	156	\N	16	1	28	24	2016-12-27 16:45:31.374-04:30	2016-12-27 16:45:31.374-04:30
20	t	56	22	24	16	5	30	28	2016-12-27 16:50:18.182-04:30	2016-12-27 16:50:18.182-04:30
21	t	61	153	149	16	5	31	24	2016-12-27 16:54:47.46-04:30	2016-12-27 16:54:47.46-04:30
22	t	63	148	\N	16	1	32	24	2016-12-27 16:57:02.665-04:30	2016-12-27 16:57:02.665-04:30
23	t	0	\N	\N	9	7	34	\N	2016-12-27 17:05:32.12-04:30	2016-12-27 17:05:32.12-04:30
24	t	90	\N	\N	16	8	37	\N	2016-12-27 17:26:37.882-04:30	2016-12-27 17:26:37.882-04:30
25	t	73	153	\N	16	1	35	24	2016-12-27 17:06:41.825-04:30	2016-12-27 17:06:41.825-04:30
26	t	30	47	\N	9	1	38	21	2016-12-27 17:36:00.487-04:30	2016-12-27 17:36:00.487-04:30
27	t	45	50	66	9	5	40	21	2016-12-27 17:58:32.777-04:30	2016-12-27 17:58:32.777-04:30
28	t	45	48	63	9	5	41	21	2016-12-27 17:58:40.123-04:30	2016-12-27 17:58:40.123-04:30
29	t	45	185	175	9	5	42	22	2016-12-27 17:59:03.211-04:30	2016-12-27 17:59:03.211-04:30
30	t	45	174	169	9	5	43	22	2016-12-27 17:59:10.716-04:30	2016-12-27 17:59:10.716-04:30
31	t	49	179	\N	9	1	44	22	2016-12-27 18:05:41.131-04:30	2016-12-27 18:05:41.131-04:30
32	t	50	59	\N	9	1	45	21	2016-12-27 18:06:43.174-04:30	2016-12-27 18:06:43.174-04:30
33	t	65	167	171	9	5	46	22	2016-12-27 18:21:55.234-04:30	2016-12-27 18:21:55.234-04:30
34	t	68	392	52	9	5	47	21	2016-12-27 18:24:14.059-04:30	2016-12-27 18:24:14.059-04:30
35	t	68	165	768	9	5	48	22	2016-12-27 18:24:24.634-04:30	2016-12-27 18:24:24.634-04:30
36	t	68	178	168	9	5	49	22	2016-12-27 18:24:32.693-04:30	2016-12-27 18:24:32.693-04:30
37	t	73	182	177	9	5	50	22	2016-12-27 18:29:31.271-04:30	2016-12-27 18:29:31.271-04:30
38	t	90	61	\N	9	1	51	21	2016-12-27 18:46:37.654-04:30	2016-12-27 18:46:37.654-04:30
39	t	91	392	\N	9	1	52	21	2016-12-27 18:47:52.175-04:30	2016-12-27 18:47:52.175-04:30
40	t	92	\N	\N	9	8	53	\N	2016-12-27 18:48:11.25-04:30	2016-12-27 18:48:11.25-04:30
41	t	0	\N	\N	10	7	54	\N	2016-12-27 19:12:10.198-04:30	2016-12-27 19:12:10.198-04:30
42	t	12	198	\N	10	1	55	20	2016-12-27 19:25:00.517-04:30	2016-12-27 19:25:00.517-04:30
43	t	35	204	197	10	5	57	20	2016-12-27 19:48:56.314-04:30	2016-12-27 19:48:56.314-04:30
44	t	38	87	\N	10	1	58	23	2016-12-27 19:51:29.024-04:30	2016-12-27 19:51:29.024-04:30
45	t	46	203	196	10	5	59	20	2016-12-27 20:08:33.79-04:30	2016-12-27 20:08:33.79-04:30
46	t	54	202	194	10	5	61	20	2016-12-27 20:18:01.019-04:30	2016-12-27 20:18:01.019-04:30
47	t	55	84	527	10	5	62	23	2016-12-27 20:18:46.012-04:30	2016-12-27 20:18:46.012-04:30
48	t	57	87	\N	10	1	63	23	2016-12-27 20:20:46.6-04:30	2016-12-27 20:20:46.6-04:30
49	t	61	81	820	10	5	65	23	2016-12-27 20:25:19.267-04:30	2016-12-27 20:25:19.267-04:30
50	t	65	77	87	10	5	67	23	2016-12-27 20:29:37.486-04:30	2016-12-27 20:29:37.486-04:30
51	t	68	206	199	10	5	68	20	2016-12-27 20:32:50.104-04:30	2016-12-27 20:32:50.104-04:30
52	t	73	80	74	10	5	69	23	2016-12-27 20:38:00.538-04:30	2016-12-27 20:38:00.538-04:30
53	t	77	207	195	10	5	70	20	2016-12-27 20:41:57.771-04:30	2016-12-27 20:41:57.771-04:30
54	t	88	79	81	10	5	73	23	2016-12-27 20:52:48.9-04:30	2016-12-27 20:52:48.9-04:30
55	t	90	88	706	10	5	74	23	2016-12-27 20:54:38.343-04:30	2016-12-27 20:54:38.343-04:30
56	t	95	\N	\N	10	8	75	\N	2016-12-27 21:00:09.84-04:30	2016-12-27 21:00:09.84-04:30
57	t	63	99	70	17	5	100	26	2016-12-28 14:58:37.141-04:30	2016-12-28 14:58:37.141-04:30
58	t	0	\N	\N	17	7	76	\N	2016-12-28 13:37:51.187-04:30	2016-12-28 13:37:51.187-04:30
59	t	0	\N	\N	14	7	77	\N	2016-12-28 13:38:13.094-04:30	2016-12-28 13:38:13.094-04:30
60	t	5	135	\N	14	1	78	27	2016-12-28 13:43:53.963-04:30	2016-12-28 13:43:53.963-04:30
61	t	22	149	143	14	5	80	24	2016-12-28 14:00:34.11-04:30	2016-12-28 14:00:34.11-04:30
62	t	26	153	\N	14	1	81	24	2016-12-28 14:04:55.751-04:30	2016-12-28 14:04:55.751-04:30
63	t	46	127	123	14	5	83	27	2016-12-28 14:34:13.842-04:30	2016-12-28 14:34:13.842-04:30
64	t	46	275	129	14	5	84	27	2016-12-28 14:34:35.365-04:30	2016-12-28 14:34:35.365-04:30
65	t	46	217	133	14	5	85	27	2016-12-28 14:34:59.724-04:30	2016-12-28 14:34:59.724-04:30
66	t	46	152	158	14	5	86	24	2016-12-28 14:37:41.536-04:30	2016-12-28 14:37:41.536-04:30
67	t	46	155	148	14	5	87	24	2016-12-28 14:37:48.297-04:30	2016-12-28 14:37:48.297-04:30
68	t	46	147	153	14	5	88	24	2016-12-28 14:37:59.722-04:30	2016-12-28 14:37:59.722-04:30
69	t	56	127	\N	14	1	95	27	2016-12-28 14:50:00.787-04:30	2016-12-28 14:50:00.787-04:30
70	t	57	130	132	14	5	96	27	2016-12-28 14:51:59.172-04:30	2016-12-28 14:51:59.172-04:30
71	t	58	121	135	14	5	97	27	2016-12-28 14:52:09.408-04:30	2016-12-28 14:52:09.408-04:30
72	t	65	141	\N	14	1	102	24	2016-12-28 14:59:17.59-04:30	2016-12-28 14:59:17.59-04:30
73	t	52	72	\N	17	1	93	26	2016-12-28 14:46:29.856-04:30	2016-12-28 14:46:29.856-04:30
74	t	64	100	253	17	5	101	26	2016-12-28 14:58:52.376-04:30	2016-12-28 14:58:52.376-04:30
75	t	88	31	\N	17	1	104	28	2016-12-28 15:22:42.784-04:30	2016-12-28 15:22:42.784-04:30
76	t	61	303	39	17	5	98	28	2016-12-28 14:55:21.941-04:30	2016-12-28 14:55:21.941-04:30
77	t	61	27	18	17	5	99	28	2016-12-28 14:55:41.34-04:30	2016-12-28 14:55:41.34-04:30
78	t	55	101	\N	17	1	94	26	2016-12-28 14:49:42.275-04:30	2016-12-28 14:49:42.275-04:30
79	t	46	18	430	17	5	89	28	2016-12-28 14:38:17.428-04:30	2016-12-28 14:38:17.428-04:30
80	t	46	101	113	17	5	90	26	2016-12-28 14:38:49.003-04:30	2016-12-28 14:38:49.003-04:30
81	t	43	285	\N	17	1	82	26	2016-12-28 14:22:02.579-04:30	2016-12-28 14:22:02.579-04:30
82	t	46	73	108	17	5	91	26	2016-12-28 14:39:04.843-04:30	2016-12-28 14:39:04.843-04:30
83	t	17	113	\N	17	1	79	26	2016-12-28 13:55:54.072-04:30	2016-12-28 13:55:54.072-04:30
84	t	67	39	417	16	5	33	28	2016-12-27 17:01:22.985-04:30	2016-12-27 17:01:22.985-04:30
85	t	45	18	303	16	5	27	28	2016-12-27 16:37:54.908-04:30	2016-12-27 16:37:54.908-04:30
86	t	45	27	430	16	5	26	28	2016-12-27 16:37:25.681-04:30	2016-12-27 16:37:25.681-04:30
87	t	45	147	155	16	5	24	24	2016-12-27 16:34:55.889-04:30	2016-12-27 16:34:55.889-04:30
88	t	21	113	\N	15	1	20	26	2016-12-27 16:09:18.452-04:30	2016-12-27 16:09:18.452-04:30
89	t	75	101	108	15	5	18	26	2016-12-27 16:09:18.399-04:30	2016-12-27 16:09:18.399-04:30
90	t	66	99	329	15	5	17	26	2016-12-27 16:09:18.342-04:30	2016-12-27 16:09:18.342-04:30
91	t	45	65	384	9	5	39	21	2016-12-27 17:58:20.823-04:30	2016-12-27 17:58:20.823-04:30
92	t	90	\N	\N	17	8	105	\N	2016-12-28 15:24:26.506-04:30	2016-12-28 15:24:26.506-04:30
93	t	90	\N	\N	14	8	107	\N	2016-12-28 15:24:44.56-04:30	2016-12-28 15:24:44.56-04:30
94	t	46	123	\N	15	3	9	27	2016-12-27 16:09:18.081-04:30	2016-12-27 16:09:18.081-04:30
95	t	86	127	\N	15	3	12	27	2016-12-27 16:09:18.194-04:30	2016-12-27 16:09:18.194-04:30
96	t	90	132	\N	15	3	13	27	2016-12-27 16:09:18.213-04:30	2016-12-27 16:09:18.213-04:30
97	t	54	154	\N	16	3	29	24	2016-12-27 16:47:44.917-04:30	2016-12-27 16:47:44.917-04:30
98	t	84	41	\N	16	3	36	28	2016-12-27 17:18:29.71-04:30	2016-12-27 17:18:29.71-04:30
99	t	29	706	\N	10	3	56	23	2016-12-27 19:41:43.613-04:30	2016-12-27 19:41:43.613-04:30
100	t	58	709	\N	10	3	64	23	2016-12-27 20:21:58.103-04:30	2016-12-27 20:21:58.103-04:30
101	t	62	195	\N	10	3	66	20	2016-12-27 20:26:36.55-04:30	2016-12-27 20:26:36.55-04:30
102	t	80	83	\N	10	3	71	23	2016-12-27 20:44:16.907-04:30	2016-12-27 20:44:16.907-04:30
103	t	87	81	\N	10	3	72	23	2016-12-27 20:51:18.399-04:30	2016-12-27 20:51:18.399-04:30
104	t	85	156	\N	14	3	103	24	2016-12-28 15:19:22.459-04:30	2016-12-28 15:19:22.459-04:30
105	t	0	\N	\N	11	7	108	\N	2016-12-28 15:40:56.467-04:30	2016-12-28 15:40:56.467-04:30
106	t	0	\N	\N	8	7	109	\N	2016-12-28 15:44:50.86-04:30	2016-12-28 15:44:50.86-04:30
107	t	0	199	\N	8	1	110	20	2016-12-28 15:45:50.011-04:30	2016-12-28 15:45:50.011-04:30
108	t	9	46	\N	11	3	111	21	2016-12-28 15:50:21.15-04:30	2016-12-28 15:50:21.15-04:30
109	t	14	44	\N	11	1	112	21	2016-12-28 15:54:56.276-04:30	2016-12-28 15:54:56.276-04:30
110	t	21	61	\N	11	1	113	21	2016-12-28 16:03:04.025-04:30	2016-12-28 16:03:04.025-04:30
111	t	22	199	\N	8	1	114	20	2016-12-28 16:07:31.373-04:30	2016-12-28 16:07:31.373-04:30
112	t	30	820	80	11	5	115	23	2016-12-28 16:12:25.874-04:30	2016-12-28 16:12:25.874-04:30
113	t	38	199	\N	8	1	116	20	2016-12-28 16:23:48.092-04:30	2016-12-28 16:23:48.092-04:30
114	t	41	196	\N	8	1	117	20	2016-12-28 16:26:13.162-04:30	2016-12-28 16:26:13.162-04:30
115	t	45	86	79	11	5	118	23	2016-12-28 16:34:57.91-04:30	2016-12-28 16:34:57.91-04:30
116	t	45	84	88	11	5	119	23	2016-12-28 16:35:06.425-04:30	2016-12-28 16:35:06.425-04:30
117	t	45	87	824	11	5	120	23	2016-12-28 16:35:15.938-04:30	2016-12-28 16:35:15.938-04:30
118	t	45	706	77	11	5	121	23	2016-12-28 16:36:01.786-04:30	2016-12-28 16:36:01.786-04:30
119	t	45	165	768	8	5	123	22	2016-12-28 16:38:44.136-04:30	2016-12-28 16:38:44.136-04:30
120	t	46	171	166	8	5	124	22	2016-12-28 16:41:17.898-04:30	2016-12-28 16:41:17.898-04:30
121	t	48	184	167	8	5	125	22	2016-12-28 16:42:54.466-04:30	2016-12-28 16:42:54.466-04:30
122	t	51	185	\N	8	1	126	22	2016-12-28 16:46:29.406-04:30	2016-12-28 16:46:29.406-04:30
123	t	60	65	44	11	5	127	21	2016-12-28 16:52:03.59-04:30	2016-12-28 16:52:03.59-04:30
124	t	61	203	196	8	5	128	20	2016-12-28 16:56:05.328-04:30	2016-12-28 16:56:05.328-04:30
125	t	67	50	53	11	5	129	21	2016-12-28 16:59:52.759-04:30	2016-12-28 16:59:52.759-04:30
126	t	65	168	185	8	5	130	22	2016-12-28 17:00:55.081-04:30	2016-12-28 17:00:55.081-04:30
127	t	66	182	174	8	5	131	22	2016-12-28 17:01:21.218-04:30	2016-12-28 17:01:21.218-04:30
128	t	71	709	825	11	5	132	23	2016-12-28 17:03:16.57-04:30	2016-12-28 17:03:16.57-04:30
129	t	72	207	195	8	5	133	20	2016-12-28 17:07:16.29-04:30	2016-12-28 17:07:16.29-04:30
130	t	78	206	200	8	5	135	20	2016-12-28 17:15:10.937-04:30	2016-12-28 17:15:10.937-04:30
131	t	84	392	61	11	5	136	21	2016-12-28 17:17:11.913-04:30	2016-12-28 17:17:11.913-04:30
132	t	83	198	\N	8	1	137	20	2016-12-28 17:20:37.642-04:30	2016-12-28 17:20:37.642-04:30
133	t	87	203	\N	8	1	138	20	2016-12-28 17:24:11.32-04:30	2016-12-28 17:24:11.32-04:30
134	t	87	\N	\N	8	8	139	\N	2016-12-28 17:24:54.107-04:30	2016-12-28 17:24:54.107-04:30
135	t	93	\N	\N	11	8	140	\N	2016-12-28 17:25:43.625-04:30	2016-12-28 17:25:43.625-04:30
136	t	46	87	\N	11	1	122	23	2016-12-28 16:38:05.392-04:30	2016-12-28 16:38:05.392-04:30
137	t	0	\N	\N	18	7	142	\N	2016-12-30 11:18:22.869-04:30	2016-12-30 11:18:22.869-04:30
138	t	45	133	121	18	5	143	27	2016-12-30 12:14:09.507-04:30	2016-12-30 12:14:09.507-04:30
139	t	45	135	217	18	5	144	27	2016-12-30 12:14:20.737-04:30	2016-12-30 12:14:20.737-04:30
140	t	45	120	130	18	5	145	27	2016-12-30 12:14:42.951-04:30	2016-12-30 12:14:42.951-04:30
141	t	46	417	445	18	5	147	28	2016-12-30 12:15:53.719-04:30	2016-12-30 12:15:53.719-04:30
142	t	46	27	18	18	5	148	28	2016-12-30 12:16:07.503-04:30	2016-12-30 12:16:07.503-04:30
143	t	61	22	303	18	5	149	28	2016-12-30 12:30:57.318-04:30	2016-12-30 12:30:57.318-04:30
144	t	66	39	430	18	5	150	28	2016-12-30 12:36:08.075-04:30	2016-12-30 12:36:08.075-04:30
145	t	68	127	\N	18	1	151	27	2016-12-30 12:38:45.314-04:30	2016-12-30 12:38:45.314-04:30
146	t	90	\N	\N	18	8	153	\N	2016-12-30 13:00:14.743-04:30	2016-12-30 13:00:14.743-04:30
147	t	0	\N	\N	12	7	154	\N	2016-12-30 13:28:28.576-04:30	2016-12-30 13:28:28.576-04:30
148	t	3	184	\N	12	1	155	22	2016-12-30 13:31:57.204-04:30	2016-12-30 13:31:57.204-04:30
149	t	13	84	\N	12	1	156	23	2016-12-30 13:42:17.303-04:30	2016-12-30 13:42:17.303-04:30
150	t	24	706	\N	12	1	157	23	2016-12-30 13:53:23.023-04:30	2016-12-30 13:53:23.023-04:30
151	t	33	706	\N	12	1	158	23	2016-12-30 14:01:45.663-04:30	2016-12-30 14:01:45.663-04:30
152	t	36	185	\N	12	1	159	22	2016-12-30 14:04:51.902-04:30	2016-12-30 14:04:51.902-04:30
153	t	45	165	768	12	5	160	22	2016-12-30 14:20:09.762-04:30	2016-12-30 14:20:09.762-04:30
154	t	46	173	168	12	5	161	22	2016-12-30 14:20:15.093-04:30	2016-12-30 14:20:15.093-04:30
155	t	46	169	182	12	5	162	22	2016-12-30 14:20:32.888-04:30	2016-12-30 14:20:32.888-04:30
156	t	56	824	84	12	5	163	23	2016-12-30 14:31:09.95-04:30	2016-12-30 14:31:09.95-04:30
157	t	56	88	706	12	5	164	23	2016-12-30 14:31:17.644-04:30	2016-12-30 14:31:17.644-04:30
158	t	61	178	174	12	5	166	22	2016-12-30 14:36:22.926-04:30	2016-12-30 14:36:22.926-04:30
159	t	63	167	166	12	5	167	22	2016-12-30 14:37:57.389-04:30	2016-12-30 14:37:57.389-04:30
160	t	63	80	87	12	5	168	23	2016-12-30 14:38:23.857-04:30	2016-12-30 14:38:23.857-04:30
161	t	63	707	820	12	5	169	23	2016-12-30 14:38:52.073-04:30	2016-12-30 14:38:52.073-04:30
162	t	81	823	86	12	5	171	23	2016-12-30 14:56:27.341-04:30	2016-12-30 14:56:27.341-04:30
163	t	90	\N	\N	12	8	172	\N	2016-12-30 15:05:41.959-04:30	2016-12-30 15:05:41.959-04:30
164	t	46	141	155	13	5	173	24	2016-12-30 15:13:50.134-04:30	2016-12-30 15:13:50.134-04:30
165	t	46	145	149	13	5	174	24	2016-12-30 15:13:50.212-04:30	2016-12-30 15:13:50.212-04:30
166	t	0	\N	\N	13	7	175	\N	2016-12-30 15:13:50.217-04:30	2016-12-30 15:13:50.217-04:30
167	t	28	71	\N	13	3	176	26	2016-12-30 15:13:50.223-04:30	2016-12-30 15:13:50.223-04:30
168	t	46	158	144	13	5	177	24	2016-12-30 15:13:50.341-04:30	2016-12-30 15:13:50.341-04:30
169	t	60	152	\N	13	3	178	24	2016-12-30 15:13:50.355-04:30	2016-12-30 15:13:50.355-04:30
170	t	61	153	152	13	5	179	24	2016-12-30 15:13:50.37-04:30	2016-12-30 15:13:50.37-04:30
171	t	66	72	\N	13	1	180	26	2016-12-30 15:13:50.455-04:30	2016-12-30 15:13:50.455-04:30
172	t	73	100	99	13	5	181	26	2016-12-30 15:13:50.468-04:30	2016-12-30 15:13:50.468-04:30
173	t	63	156	\N	13	3	182	24	2016-12-30 15:13:50.507-04:30	2016-12-30 15:13:50.507-04:30
174	t	80	108	72	13	5	183	26	2016-12-30 15:13:50.611-04:30	2016-12-30 15:13:50.611-04:30
175	t	70	101	113	13	5	184	26	2016-12-30 15:13:50.617-04:30	2016-12-30 15:13:50.617-04:30
176	t	12	113	\N	13	1	185	26	2016-12-30 15:13:50.635-04:30	2016-12-30 15:13:50.635-04:30
177	t	81	257	71	13	5	186	26	2016-12-30 15:13:50.649-04:30	2016-12-30 15:13:50.649-04:30
178	t	0	\N	\N	13	8	187	\N	2016-12-30 15:13:50.745-04:30	2016-12-30 15:13:50.745-04:30
179	t	46	44	789	7	5	188	21	2016-12-30 15:25:30.089-04:30	2016-12-30 15:25:30.089-04:30
180	t	46	43	53	7	5	189	21	2016-12-30 15:25:30.182-04:30	2016-12-30 15:25:30.182-04:30
181	t	46	194	193	7	5	190	20	2016-12-30 15:25:30.237-04:30	2016-12-30 15:25:30.237-04:30
182	t	44	195	\N	7	3	192	20	2016-12-30 15:25:30.244-04:30	2016-12-30 15:25:30.244-04:30
183	t	47	205	196	7	5	193	20	2016-12-30 15:25:30.26-04:30	2016-12-30 15:25:30.26-04:30
184	t	54	207	197	7	5	194	20	2016-12-30 15:25:30.395-04:30	2016-12-30 15:25:30.395-04:30
185	t	65	185	\N	12	1	170	22	2016-12-30 14:50:30.875-04:30	2016-12-30 14:50:30.875-04:30
186	t	70	132	\N	18	1	152	27	2016-12-30 12:40:38.566-04:30	2016-12-30 12:40:38.566-04:30
187	t	45	132	129	18	5	146	27	2016-12-30 12:15:01.23-04:30	2016-12-30 12:15:01.23-04:30
188	t	90	144	\N	14	3	106	24	2016-12-28 15:24:36.616-04:30	2016-12-28 15:24:36.616-04:30
189	t	51	257	\N	17	3	92	26	2016-12-28 14:45:14.001-04:30	2016-12-28 14:45:14.001-04:30
190	t	74	166	171	8	5	134	22	2016-12-28 17:11:18.639-04:30	2016-12-28 17:11:18.639-04:30
191	t	46	206	198	7	5	196	20	2016-12-30 15:25:30.467-04:30	2016-12-30 15:25:30.467-04:30
192	t	63	82	74	12	5	197	23	2016-12-30 15:47:03.343587-04:30	2016-12-30 15:47:03.343587-04:30
193	t	3	127	\N	18	1	198	27	2017-01-10 09:20:23.174012-04:30	2017-01-10 09:20:23.174012-04:30
194	t	59	78	\N	12	1	165	23	2016-12-30 14:34:25.499-04:30	2016-12-30 14:34:25.499-04:30
195	t	61	66	50	7	5	199	21	2017-01-10 14:25:58.734352-04:30	2017-01-10 14:25:58.734352-04:30
196	t	70	203	205	7	5	200	20	2017-01-10 14:26:38.442733-04:30	2017-01-10 14:26:38.442733-04:30
197	t	46	392	43	7	5	201	21	2017-01-10 14:39:31.429274-04:30	2017-01-10 14:39:31.429274-04:30
198	t	89	392	\N	7	3	202	21	2017-01-10 14:39:31.429274-04:30	2017-01-10 14:39:31.429274-04:30
199	t	45	275	123	18	5	203	27	2017-01-10 15:16:58.322836-04:30	2017-01-10 15:16:58.322836-04:30
200	t	20	829	\N	20	1	205	66	2017-01-20 09:19:34.513-04:30	2017-01-20 09:19:34.513-04:30
201	t	37	8	\N	20	1	204	8	2017-01-20 09:18:39.115-04:30	2017-01-20 09:18:39.115-04:30
202	t	90	\N	\N	20	8	191	\N	2016-12-30 15:25:30.244-04:30	2016-12-30 15:25:30.244-04:30
203	t	88	831	\N	20	1	195	66	2016-12-30 15:25:30.463-04:30	2016-12-30 15:25:30.463-04:30
204	t	0	\N	\N	20	7	206	\N	2017-02-14 13:12:20.133892-04:30	2017-02-14 13:12:20.133892-04:30
\.


--
-- Name: tmp_events_matches_players_id_seq; Type: SEQUENCE SET; Schema: public; Owner: postgres
--

SELECT pg_catalog.setval('tmp_events_matches_players_id_seq', 204, true);


--
-- Data for Name: tmp_matches_players; Type: TABLE DATA; Schema: public; Owner: postgres
--

COPY tmp_matches_players (id, number, position_id, team_player_id, is_initial, active, match_id, team_id, player_id, matches_players_id, created_at, updated_at) FROM stdin;
1	120	\N	31	f	t	18	28	40	348	2017-01-11 18:03:07.565417-04:30	2017-01-11 18:03:07.565417-04:30
2	820	\N	446	f	t	18	28	461	349	2017-01-11 18:03:07.696866-04:30	2017-01-11 18:03:07.696866-04:30
3	100	\N	24	f	t	18	28	38	350	2017-01-11 18:03:07.829014-04:30	2017-01-11 18:03:07.829014-04:30
4	840	\N	445	f	t	18	28	463	351	2017-01-11 18:03:07.965011-04:30	2017-01-11 18:03:07.965011-04:30
5	280	\N	229	f	t	18	28	257	352	2017-01-11 18:03:08.102454-04:30	2017-01-11 18:03:08.102454-04:30
6	670	\N	430	f	t	18	28	446	353	2017-01-11 18:03:08.23993-04:30	2017-01-11 18:03:08.23993-04:30
7	150	\N	29	f	t	18	28	43	354	2017-01-11 18:03:08.375122-04:30	2017-01-11 18:03:08.375122-04:30
8	20	\N	18	f	t	18	28	30	355	2017-01-11 18:03:08.512183-04:30	2017-01-11 18:03:08.512183-04:30
9	240	\N	41	f	t	18	28	52	356	2017-01-11 18:03:08.649029-04:30	2017-01-11 18:03:08.649029-04:30
10	390	\N	308	f	t	18	28	268	357	2017-01-11 18:03:08.787171-04:30	2017-01-11 18:03:08.787171-04:30
11	270	\N	303	f	t	18	28	256	358	2017-01-11 18:03:08.929526-04:30	2017-01-11 18:03:08.929526-04:30
12	190	\N	133	f	t	14	27	147	359	2017-01-11 18:08:34.842894-04:30	2017-01-11 18:08:34.842894-04:30
13	150	\N	129	f	t	14	27	143	360	2017-01-11 18:08:34.983278-04:30	2017-01-11 18:08:34.983278-04:30
14	120	\N	126	f	t	14	27	140	361	2017-01-11 18:08:35.122073-04:30	2017-01-11 18:08:35.122073-04:30
15	140	\N	128	f	t	14	27	142	362	2017-01-11 18:08:35.261437-04:30	2017-01-11 18:08:35.261437-04:30
16	230	\N	137	f	t	14	27	151	363	2017-01-11 18:08:35.400678-04:30	2017-01-11 18:08:35.400678-04:30
17	90	\N	123	f	t	14	27	137	364	2017-01-11 18:08:35.540906-04:30	2017-01-11 18:08:35.540906-04:30
18	180	\N	132	f	t	14	27	146	365	2017-01-11 18:08:35.679666-04:30	2017-01-11 18:08:35.679666-04:30
19	30	\N	117	f	t	14	27	131	366	2017-01-11 18:08:35.819576-04:30	2017-01-11 18:08:35.819576-04:30
20	60	\N	120	f	t	14	27	134	367	2017-01-11 18:08:35.95855-04:30	2017-01-11 18:08:35.95855-04:30
21	20	\N	119	f	t	14	27	130	368	2017-01-11 18:08:36.096772-04:30	2017-01-11 18:08:36.096772-04:30
22	210	\N	135	f	t	14	27	149	369	2017-01-11 18:08:36.238654-04:30	2017-01-11 18:08:36.238654-04:30
23	190	\N	158	f	t	14	24	172	370	2017-01-11 18:08:36.377766-04:30	2017-01-11 18:08:36.377766-04:30
24	150	\N	154	f	t	14	24	168	371	2017-01-11 18:08:36.517275-04:30	2017-01-11 18:08:36.517275-04:30
25	170	\N	156	f	t	14	24	170	372	2017-01-11 18:08:36.66371-04:30	2017-01-11 18:08:36.66371-04:30
26	50	\N	141	f	t	14	24	158	373	2017-01-11 18:08:36.803146-04:30	2017-01-11 18:08:36.803146-04:30
27	70	\N	146	f	t	14	24	160	374	2017-01-11 18:08:36.943139-04:30	2017-01-11 18:08:36.943139-04:30
28	40	\N	144	f	t	14	24	157	375	2017-01-11 18:08:37.086438-04:30	2017-01-11 18:08:37.086438-04:30
29	140	\N	153	f	t	14	24	167	376	2017-01-11 18:08:37.225602-04:30	2017-01-11 18:08:37.225602-04:30
30	20	\N	143	f	t	14	24	155	377	2017-01-11 18:08:37.366603-04:30	2017-01-11 18:08:37.366603-04:30
31	60	\N	145	f	t	14	24	159	378	2017-01-11 18:08:37.513588-04:30	2017-01-11 18:08:37.513588-04:30
32	10	\N	140	f	t	14	24	154	379	2017-01-11 18:08:37.657657-04:30	2017-01-11 18:08:37.657657-04:30
33	80	\N	148	f	t	14	24	161	380	2017-01-11 18:08:37.796957-04:30	2017-01-11 18:08:37.796957-04:30
34	20	\N	119	f	t	15	27	130	47	2017-01-05 13:48:40.656411-04:30	2017-01-05 13:48:40.656411-04:30
35	60	\N	120	f	t	15	27	134	49	2017-01-05 13:48:40.974478-04:30	2017-01-05 13:48:40.974478-04:30
36	120	\N	126	f	t	15	27	140	50	2017-01-05 13:48:41.136685-04:30	2017-01-05 13:48:41.136685-04:30
37	140	\N	128	f	t	15	27	142	52	2017-01-05 13:48:41.46034-04:30	2017-01-05 13:48:41.46034-04:30
38	180	\N	132	f	t	15	27	146	53	2017-01-05 13:48:41.618499-04:30	2017-01-05 13:48:41.618499-04:30
39	210	\N	135	f	t	15	27	149	54	2017-01-05 13:48:41.782-04:30	2017-01-05 13:48:41.782-04:30
40	230	\N	137	f	t	15	27	151	55	2017-01-05 13:48:41.941369-04:30	2017-01-05 13:48:41.941369-04:30
41	280	\N	217	f	t	15	27	232	56	2017-01-05 13:48:42.104326-04:30	2017-01-05 13:48:42.104326-04:30
42	270	\N	285	f	t	15	26	331	58	2017-01-05 13:48:51.889505-04:30	2017-01-05 13:48:51.889505-04:30
43	50	\N	70	f	t	15	26	108	59	2017-01-05 13:48:52.399945-04:30	2017-01-05 13:48:52.399945-04:30
44	120	\N	104	f	t	15	26	115	60	2017-01-05 13:48:53.309104-04:30	2017-01-05 13:48:53.309104-04:30
45	430	\N	288	f	t	15	26	347	61	2017-01-05 13:48:53.469701-04:30	2017-01-05 13:48:53.469701-04:30
46	70	\N	98	f	t	15	26	110	62	2017-01-05 13:48:53.628822-04:30	2017-01-05 13:48:53.628822-04:30
47	180	\N	113	f	t	15	26	121	63	2017-01-05 13:48:53.788302-04:30	2017-01-05 13:48:53.788302-04:30
48	100	\N	72	f	t	15	26	113	64	2017-01-05 13:48:53.950482-04:30	2017-01-05 13:48:53.950482-04:30
49	240	\N	111	f	t	15	26	127	65	2017-01-05 13:48:54.108869-04:30	2017-01-05 13:48:54.108869-04:30
50	150	\N	105	f	t	15	26	118	66	2017-01-05 13:48:54.266054-04:30	2017-01-05 13:48:54.266054-04:30
51	80	\N	73	f	t	15	26	111	67	2017-01-05 13:48:54.423713-04:30	2017-01-05 13:48:54.423713-04:30
52	10	\N	11	f	t	15	26	104	68	2017-01-05 13:48:54.582535-04:30	2017-01-05 13:48:54.582535-04:30
53	100	\N	24	f	t	16	28	38	69	2017-01-05 13:48:59.023257-04:30	2017-01-05 13:48:59.023257-04:30
54	10	\N	21	f	t	16	28	29	70	2017-01-05 13:48:59.199598-04:30	2017-01-05 13:48:59.199598-04:30
55	120	\N	31	f	t	16	28	40	71	2017-01-05 13:48:59.71812-04:30	2017-01-05 13:48:59.71812-04:30
56	150	\N	29	f	t	16	28	43	72	2017-01-05 13:48:59.87701-04:30	2017-01-05 13:48:59.87701-04:30
57	240	\N	41	f	t	16	28	52	73	2017-01-05 13:49:00.041711-04:30	2017-01-05 13:49:00.041711-04:30
58	450	\N	235	f	t	16	28	274	74	2017-01-05 13:49:00.208128-04:30	2017-01-05 13:49:00.208128-04:30
59	460	\N	279	f	t	16	28	275	75	2017-01-05 13:49:00.36663-04:30	2017-01-05 13:49:00.36663-04:30
60	270	\N	303	f	t	16	28	256	76	2017-01-05 13:49:00.52364-04:30	2017-01-05 13:49:00.52364-04:30
61	280	\N	229	f	t	16	28	257	77	2017-01-05 13:49:00.688148-04:30	2017-01-05 13:49:00.688148-04:30
62	290	\N	228	f	t	16	28	258	78	2017-01-05 13:49:00.844747-04:30	2017-01-05 13:49:00.844747-04:30
63	400	\N	233	f	t	16	28	269	79	2017-01-05 13:49:01.006362-04:30	2017-01-05 13:49:01.006362-04:30
64	20	\N	143	f	t	16	24	155	80	2017-01-05 13:49:04.219627-04:30	2017-01-05 13:49:04.219627-04:30
65	40	\N	144	f	t	16	24	157	81	2017-01-05 13:49:04.765676-04:30	2017-01-05 13:49:04.765676-04:30
66	50	\N	141	f	t	16	24	158	82	2017-01-05 13:49:04.923912-04:30	2017-01-05 13:49:04.923912-04:30
67	60	\N	145	f	t	16	24	159	83	2017-01-05 13:49:05.082492-04:30	2017-01-05 13:49:05.082492-04:30
68	70	\N	146	f	t	16	24	160	84	2017-01-05 13:49:05.60214-04:30	2017-01-05 13:49:05.60214-04:30
69	90	\N	149	f	t	16	24	162	85	2017-01-05 13:49:05.761672-04:30	2017-01-05 13:49:05.761672-04:30
70	110	\N	150	f	t	16	24	164	86	2017-01-05 13:49:05.921185-04:30	2017-01-05 13:49:05.921185-04:30
71	130	\N	152	f	t	16	24	166	87	2017-01-05 13:49:06.081836-04:30	2017-01-05 13:49:06.081836-04:30
72	160	\N	155	f	t	16	24	169	88	2017-01-05 13:49:06.242899-04:30	2017-01-05 13:49:06.242899-04:30
73	190	\N	158	f	t	16	24	172	89	2017-01-05 13:49:06.403166-04:30	2017-01-05 13:49:06.403166-04:30
74	0	\N	513	f	t	16	24	529	90	2017-01-05 13:49:06.563405-04:30	2017-01-05 13:49:06.563405-04:30
75	110	\N	53	f	t	9	21	64	102	2017-01-05 14:23:49.027981-04:30	2017-01-05 14:23:49.027981-04:30
76	240	\N	66	f	t	9	21	77	103	2017-01-05 14:23:49.188744-04:30	2017-01-05 14:23:49.188744-04:30
77	190	\N	61	f	t	9	21	72	104	2017-01-05 14:23:49.3539-04:30	2017-01-05 14:23:49.3539-04:30
78	210	\N	63	f	t	9	21	74	105	2017-01-05 14:23:49.512679-04:30	2017-01-05 14:23:49.512679-04:30
79	40	\N	46	f	t	9	21	57	106	2017-01-05 14:23:49.671974-04:30	2017-01-05 14:23:49.671974-04:30
80	170	\N	59	f	t	9	21	70	107	2017-01-05 14:23:49.830984-04:30	2017-01-05 14:23:49.830984-04:30
81	30	\N	44	f	t	9	21	56	108	2017-01-05 14:23:49.996643-04:30	2017-01-05 14:23:49.996643-04:30
82	140	\N	56	f	t	9	21	67	109	2017-01-05 14:23:50.163249-04:30	2017-01-05 14:23:50.163249-04:30
83	710	\N	789	f	t	9	21	800	110	2017-01-05 14:23:50.325906-04:30	2017-01-05 14:23:50.325906-04:30
84	50	\N	47	f	t	9	21	58	111	2017-01-05 14:23:50.487102-04:30	2017-01-05 14:23:50.487102-04:30
85	100	\N	52	f	t	9	21	63	112	2017-01-05 14:23:50.646466-04:30	2017-01-05 14:23:50.646466-04:30
86	26	\N	83	f	t	10	23	93	113	2017-01-05 15:32:10.739952-04:30	2017-01-05 15:32:10.739952-04:30
87	3	\N	585	f	t	10	23	553	114	2017-01-05 15:32:10.905755-04:30	2017-01-05 15:32:10.905755-04:30
88	4	\N	86	f	t	10	23	85	115	2017-01-05 15:32:11.062044-04:30	2017-01-05 15:32:11.062044-04:30
89	5	\N	75	f	t	10	23	81	116	2017-01-05 15:32:11.218012-04:30	2017-01-05 15:32:11.218012-04:30
90	2	\N	709	f	t	10	23	566	117	2017-01-05 15:32:11.374553-04:30	2017-01-05 15:32:11.374553-04:30
91	6	\N	74	f	t	10	23	92	118	2017-01-05 15:32:11.530936-04:30	2017-01-05 15:32:11.530936-04:30
92	19	\N	823	f	t	10	23	530	119	2017-01-05 15:32:11.688716-04:30	2017-01-05 15:32:11.688716-04:30
93	10	\N	527	f	t	10	23	567	120	2017-01-05 15:32:11.873663-04:30	2017-01-05 15:32:11.873663-04:30
94	7	\N	820	f	t	10	23	548	121	2017-01-05 15:32:12.030935-04:30	2017-01-05 15:32:12.030935-04:30
95	9	\N	706	f	t	10	23	562	122	2017-01-05 15:32:12.227437-04:30	2017-01-05 15:32:12.227437-04:30
96	11	\N	87	f	t	10	23	80	123	2017-01-05 15:32:12.388794-04:30	2017-01-05 15:32:12.388794-04:30
97	10	\N	190	f	t	10	20	204	124	2017-01-05 15:38:58.939887-04:30	2017-01-05 15:38:58.939887-04:30
98	20	\N	191	f	t	10	20	205	125	2017-01-05 15:38:59.101187-04:30	2017-01-05 15:38:59.101187-04:30
99	30	\N	192	f	t	10	20	206	126	2017-01-05 15:38:59.298068-04:30	2017-01-05 15:38:59.298068-04:30
100	40	\N	193	f	t	10	20	207	127	2017-01-05 15:38:59.454258-04:30	2017-01-05 15:38:59.454258-04:30
101	50	\N	196	f	t	10	20	208	128	2017-01-05 15:38:59.612252-04:30	2017-01-05 15:38:59.612252-04:30
102	60	\N	194	f	t	10	20	209	129	2017-01-05 15:38:59.770409-04:30	2017-01-05 15:38:59.770409-04:30
103	70	\N	197	f	t	10	20	210	130	2017-01-05 15:38:59.933008-04:30	2017-01-05 15:38:59.933008-04:30
104	80	\N	195	f	t	10	20	211	131	2017-01-05 15:39:00.094628-04:30	2017-01-05 15:39:00.094628-04:30
105	90	\N	198	f	t	10	20	212	132	2017-01-05 15:39:00.25654-04:30	2017-01-05 15:39:00.25654-04:30
106	100	\N	199	f	t	10	20	213	133	2017-01-05 15:39:00.416539-04:30	2017-01-05 15:39:00.416539-04:30
107	110	\N	200	f	t	10	20	214	134	2017-01-05 15:39:00.575331-04:30	2017-01-05 15:39:00.575331-04:30
108	400	\N	257	f	t	17	26	344	135	2017-01-05 16:32:14.847316-04:30	2017-01-05 16:32:14.847316-04:30
109	110	\N	108	f	t	17	26	114	136	2017-01-05 16:32:15.033443-04:30	2017-01-05 16:32:15.033443-04:30
110	150	\N	105	f	t	17	26	118	137	2017-01-05 16:32:15.219686-04:30	2017-01-05 16:32:15.219686-04:30
111	60	\N	71	f	t	17	26	109	138	2017-01-05 16:32:15.405769-04:30	2017-01-05 16:32:15.405769-04:30
112	120	\N	104	f	t	17	26	115	139	2017-01-05 16:32:15.5858-04:30	2017-01-05 16:32:15.5858-04:30
113	50	\N	70	f	t	17	26	108	140	2017-01-05 16:32:15.773616-04:30	2017-01-05 16:32:15.773616-04:30
114	430	\N	288	f	t	17	26	347	141	2017-01-05 16:32:15.959071-04:30	2017-01-05 16:32:15.959071-04:30
115	270	\N	285	f	t	17	26	331	142	2017-01-05 16:32:16.147756-04:30	2017-01-05 16:32:16.147756-04:30
116	180	\N	113	f	t	17	26	121	143	2017-01-05 16:32:16.336575-04:30	2017-01-05 16:32:16.336575-04:30
117	190	\N	106	f	t	17	26	122	144	2017-01-05 16:32:16.52634-04:30	2017-01-05 16:32:16.52634-04:30
118	10	\N	11	f	t	17	26	104	145	2017-01-05 16:32:16.708437-04:30	2017-01-05 16:32:16.708437-04:30
119	190	\N	133	f	t	17	27	147	157	2017-01-05 17:20:22.652131-04:30	2017-01-05 17:20:22.652131-04:30
120	150	\N	129	f	t	17	27	143	158	2017-01-05 17:20:22.814787-04:30	2017-01-05 17:20:22.814787-04:30
121	120	\N	126	f	t	17	27	140	159	2017-01-05 17:20:22.972053-04:30	2017-01-05 17:20:22.972053-04:30
122	140	\N	128	f	t	17	27	142	160	2017-01-05 17:20:23.130931-04:30	2017-01-05 17:20:23.130931-04:30
123	230	\N	137	f	t	17	27	151	161	2017-01-05 17:20:23.286862-04:30	2017-01-05 17:20:23.286862-04:30
124	90	\N	123	f	t	17	27	137	162	2017-01-05 17:20:23.449247-04:30	2017-01-05 17:20:23.449247-04:30
125	180	\N	132	f	t	17	27	146	163	2017-01-05 17:20:23.60954-04:30	2017-01-05 17:20:23.60954-04:30
126	30	\N	117	f	t	17	27	131	164	2017-01-05 17:20:23.769437-04:30	2017-01-05 17:20:23.769437-04:30
127	60	\N	120	f	t	17	27	134	165	2017-01-05 17:20:23.927307-04:30	2017-01-05 17:20:23.927307-04:30
128	20	\N	119	f	t	17	27	130	166	2017-01-05 17:20:24.083571-04:30	2017-01-05 17:20:24.083571-04:30
129	210	\N	135	f	t	17	27	149	167	2017-01-05 17:20:24.238882-04:30	2017-01-05 17:20:24.238882-04:30
130	10	\N	527	f	t	11	23	567	168	2017-01-05 17:36:01.643016-04:30	2017-01-05 17:36:01.643016-04:30
131	19	\N	823	f	t	11	23	530	169	2017-01-05 17:36:01.815148-04:30	2017-01-05 17:36:01.815148-04:30
132	5	\N	75	f	t	11	23	81	170	2017-01-05 17:36:01.988851-04:30	2017-01-05 17:36:01.988851-04:30
133	12	\N	80	f	t	11	23	86	171	2017-01-05 17:36:02.155766-04:30	2017-01-05 17:36:02.155766-04:30
134	18	\N	77	f	t	11	23	88	172	2017-01-05 17:36:02.34385-04:30	2017-01-05 17:36:02.34385-04:30
135	8	\N	708	f	t	11	23	571	173	2017-01-05 17:36:02.519192-04:30	2017-01-05 17:36:02.519192-04:30
136	23	\N	88	f	t	11	23	89	174	2017-01-05 17:36:02.692557-04:30	2017-01-05 17:36:02.692557-04:30
137	20	\N	824	f	t	11	23	83	175	2017-01-05 17:36:02.909688-04:30	2017-01-05 17:36:02.909688-04:30
138	36	\N	821	f	t	11	23	831	176	2017-01-05 17:36:03.095693-04:30	2017-01-05 17:36:03.095693-04:30
139	17	\N	79	f	t	11	23	87	177	2017-01-05 17:36:03.277909-04:30	2017-01-05 17:36:03.277909-04:30
140	14	\N	825	f	t	11	23	79	178	2017-01-05 17:36:03.460586-04:30	2017-01-05 17:36:03.460586-04:30
141	110	\N	53	f	t	11	21	64	179	2017-01-05 17:36:21.611854-04:30	2017-01-05 17:36:21.611854-04:30
142	240	\N	66	f	t	11	21	77	180	2017-01-05 17:36:21.797558-04:30	2017-01-05 17:36:21.797558-04:30
143	190	\N	61	f	t	11	21	72	181	2017-01-05 17:36:21.988268-04:30	2017-01-05 17:36:21.988268-04:30
144	210	\N	63	f	t	11	21	74	182	2017-01-05 17:36:22.187207-04:30	2017-01-05 17:36:22.187207-04:30
145	40	\N	46	f	t	11	21	57	183	2017-01-05 17:36:22.396291-04:30	2017-01-05 17:36:22.396291-04:30
146	170	\N	59	f	t	11	21	70	184	2017-01-05 17:36:22.589402-04:30	2017-01-05 17:36:22.589402-04:30
147	30	\N	44	f	t	11	21	56	185	2017-01-05 17:36:22.781667-04:30	2017-01-05 17:36:22.781667-04:30
148	140	\N	56	f	t	11	21	67	186	2017-01-05 17:36:22.979222-04:30	2017-01-05 17:36:22.979222-04:30
149	710	\N	789	f	t	11	21	800	187	2017-01-05 17:36:23.183324-04:30	2017-01-05 17:36:23.183324-04:30
150	50	\N	47	f	t	11	21	58	188	2017-01-05 17:36:23.382422-04:30	2017-01-05 17:36:23.382422-04:30
151	100	\N	52	f	t	11	21	63	189	2017-01-05 17:36:23.544851-04:30	2017-01-05 17:36:23.544851-04:30
152	10	\N	190	f	t	8	20	204	190	2017-01-05 17:56:17.046874-04:30	2017-01-05 17:56:17.046874-04:30
153	130	\N	202	f	t	8	20	216	191	2017-01-05 17:56:17.2451-04:30	2017-01-05 17:56:17.2451-04:30
154	30	\N	192	f	t	8	20	206	192	2017-01-05 17:56:17.567344-04:30	2017-01-05 17:56:17.567344-04:30
155	40	\N	193	f	t	8	20	207	193	2017-01-05 17:56:18.482423-04:30	2017-01-05 17:56:18.482423-04:30
156	50	\N	196	f	t	8	20	208	194	2017-01-05 17:56:18.63898-04:30	2017-01-05 17:56:18.63898-04:30
157	60	\N	194	f	t	8	20	209	195	2017-01-05 17:56:18.795027-04:30	2017-01-05 17:56:18.795027-04:30
158	70	\N	197	f	t	8	20	210	196	2017-01-05 17:56:18.95073-04:30	2017-01-05 17:56:18.95073-04:30
159	80	\N	195	f	t	8	20	211	197	2017-01-05 17:56:19.106934-04:30	2017-01-05 17:56:19.106934-04:30
160	90	\N	198	f	t	8	20	212	198	2017-01-05 17:56:19.270722-04:30	2017-01-05 17:56:19.270722-04:30
161	100	\N	199	f	t	8	20	213	199	2017-01-05 17:56:19.475698-04:30	2017-01-05 17:56:19.475698-04:30
162	110	\N	200	f	t	8	20	214	200	2017-01-05 17:56:19.70777-04:30	2017-01-05 17:56:19.70777-04:30
163	160	\N	130	f	t	18	27	144	223	2017-01-06 09:20:17.986125-04:30	2017-01-06 09:20:17.986125-04:30
164	150	\N	129	f	t	18	27	143	224	2017-01-06 09:20:18.099187-04:30	2017-01-06 09:20:18.099187-04:30
165	120	\N	126	f	t	18	27	140	225	2017-01-06 09:20:18.212738-04:30	2017-01-06 09:20:18.212738-04:30
166	140	\N	128	f	t	18	27	142	226	2017-01-06 09:20:18.325876-04:30	2017-01-06 09:20:18.325876-04:30
167	230	\N	137	f	t	18	27	151	227	2017-01-06 09:20:18.439771-04:30	2017-01-06 09:20:18.439771-04:30
168	90	\N	123	f	t	18	27	137	228	2017-01-06 09:20:18.552819-04:30	2017-01-06 09:20:18.552819-04:30
169	130	\N	127	f	t	18	27	141	229	2017-01-06 09:20:18.666446-04:30	2017-01-06 09:20:18.666446-04:30
170	30	\N	117	f	t	18	27	131	230	2017-01-06 09:20:18.779223-04:30	2017-01-06 09:20:18.779223-04:30
171	70	\N	121	f	t	18	27	135	231	2017-01-06 09:20:18.892826-04:30	2017-01-06 09:20:18.892826-04:30
172	20	\N	119	f	t	18	27	130	232	2017-01-06 09:20:19.006123-04:30	2017-01-06 09:20:19.006123-04:30
173	280	\N	217	f	t	18	27	232	233	2017-01-06 09:20:19.12612-04:30	2017-01-06 09:20:19.12612-04:30
174	10	\N	190	f	t	7	20	204	234	2017-01-06 09:34:34.50097-04:30	2017-01-06 09:34:34.50097-04:30
175	130	\N	202	f	t	7	20	216	235	2017-01-06 09:34:34.614885-04:30	2017-01-06 09:34:34.614885-04:30
176	30	\N	192	f	t	7	20	206	236	2017-01-06 09:34:34.728428-04:30	2017-01-06 09:34:34.728428-04:30
177	40	\N	193	f	t	7	20	207	237	2017-01-06 09:34:34.841949-04:30	2017-01-06 09:34:34.841949-04:30
178	20	\N	191	f	t	7	20	205	238	2017-01-06 09:34:34.955292-04:30	2017-01-06 09:34:34.955292-04:30
179	60	\N	194	f	t	7	20	209	239	2017-01-06 09:34:35.068915-04:30	2017-01-06 09:34:35.068915-04:30
180	70	\N	197	f	t	7	20	210	240	2017-01-06 09:34:35.182481-04:30	2017-01-06 09:34:35.182481-04:30
181	80	\N	195	f	t	7	20	211	241	2017-01-06 09:34:35.30126-04:30	2017-01-06 09:34:35.30126-04:30
182	90	\N	198	f	t	7	20	212	242	2017-01-06 09:34:35.417829-04:30	2017-01-06 09:34:35.417829-04:30
183	100	\N	199	f	t	7	20	213	243	2017-01-06 09:34:35.530839-04:30	2017-01-06 09:34:35.530839-04:30
184	110	\N	200	f	t	7	20	214	244	2017-01-06 09:34:35.644228-04:30	2017-01-06 09:34:35.644228-04:30
185	110	\N	53	f	t	7	21	64	245	2017-01-06 09:34:48.744446-04:30	2017-01-06 09:34:48.744446-04:30
186	60	\N	48	f	t	7	21	59	246	2017-01-06 09:34:48.85816-04:30	2017-01-06 09:34:48.85816-04:30
187	190	\N	61	f	t	7	21	72	247	2017-01-06 09:34:48.972019-04:30	2017-01-06 09:34:48.972019-04:30
188	80	\N	50	f	t	7	21	61	248	2017-01-06 09:34:49.085572-04:30	2017-01-06 09:34:49.085572-04:30
189	40	\N	46	f	t	7	21	57	249	2017-01-06 09:34:49.198694-04:30	2017-01-06 09:34:49.198694-04:30
190	230	\N	65	f	t	7	21	76	250	2017-01-06 09:34:49.312-04:30	2017-01-06 09:34:49.312-04:30
191	170	\N	59	f	t	7	21	70	251	2017-01-06 09:34:49.425606-04:30	2017-01-06 09:34:49.425606-04:30
192	140	\N	56	f	t	7	21	67	252	2017-01-06 09:34:49.539196-04:30	2017-01-06 09:34:49.539196-04:30
193	710	\N	789	f	t	7	21	800	253	2017-01-06 09:34:49.655787-04:30	2017-01-06 09:34:49.655787-04:30
194	50	\N	47	f	t	7	21	58	254	2017-01-06 09:34:49.7693-04:30	2017-01-06 09:34:49.7693-04:30
195	100	\N	52	f	t	7	21	63	255	2017-01-06 09:34:49.882428-04:30	2017-01-06 09:34:49.882428-04:30
196	110	\N	87	f	t	12	23	80	267	2017-01-06 09:49:30.303885-04:30	2017-01-06 09:49:30.303885-04:30
197	80	\N	708	f	t	12	23	571	268	2017-01-06 09:49:30.417308-04:30	2017-01-06 09:49:30.417308-04:30
198	70	\N	820	f	t	12	23	548	269	2017-01-06 09:49:30.534409-04:30	2017-01-06 09:49:30.534409-04:30
199	90	\N	706	f	t	12	23	562	270	2017-01-06 09:49:30.648183-04:30	2017-01-06 09:49:30.648183-04:30
200	50	\N	75	f	t	12	23	81	271	2017-01-06 09:49:30.761572-04:30	2017-01-06 09:49:30.761572-04:30
201	40	\N	86	f	t	12	23	85	272	2017-01-06 09:49:30.874391-04:30	2017-01-06 09:49:30.874391-04:30
202	20	\N	709	f	t	12	23	566	273	2017-01-06 09:49:30.987971-04:30	2017-01-06 09:49:30.987971-04:30
203	30	\N	585	f	t	12	23	553	274	2017-01-06 09:49:31.101017-04:30	2017-01-06 09:49:31.101017-04:30
204	60	\N	74	f	t	12	23	92	275	2017-01-06 09:49:31.21473-04:30	2017-01-06 09:49:31.21473-04:30
205	250	\N	78	f	t	12	23	84	276	2017-01-06 09:49:31.327741-04:30	2017-01-06 09:49:31.327741-04:30
206	160	\N	84	f	t	12	23	90	277	2017-01-06 09:49:31.448683-04:30	2017-01-06 09:49:31.448683-04:30
207	70	\N	146	f	t	13	24	160	278	2017-01-06 10:00:14.905672-04:30	2017-01-06 10:00:14.905672-04:30
208	100	\N	147	f	t	13	24	163	279	2017-01-06 10:00:15.032116-04:30	2017-01-06 10:00:15.032116-04:30
209	160	\N	155	f	t	13	24	169	280	2017-01-06 10:00:15.158276-04:30	2017-01-06 10:00:15.158276-04:30
210	130	\N	152	f	t	13	24	166	281	2017-01-06 10:00:15.284262-04:30	2017-01-06 10:00:15.284262-04:30
211	10	\N	140	f	t	13	24	154	282	2017-01-06 10:00:15.411998-04:30	2017-01-06 10:00:15.411998-04:30
212	90	\N	149	f	t	13	24	162	283	2017-01-06 10:00:15.542307-04:30	2017-01-06 10:00:15.542307-04:30
213	80	\N	148	f	t	13	24	161	284	2017-01-06 10:00:15.665512-04:30	2017-01-06 10:00:15.665512-04:30
214	170	\N	156	f	t	13	24	170	285	2017-01-06 10:00:15.788519-04:30	2017-01-06 10:00:15.788519-04:30
215	150	\N	154	f	t	13	24	168	286	2017-01-06 10:00:15.916286-04:30	2017-01-06 10:00:15.916286-04:30
216	20	\N	143	f	t	13	24	155	287	2017-01-06 10:00:16.041269-04:30	2017-01-06 10:00:16.041269-04:30
217	40	\N	144	f	t	13	24	157	288	2017-01-06 10:00:16.166921-04:30	2017-01-06 10:00:16.166921-04:30
218	100	\N	72	f	t	13	26	113	289	2017-01-06 10:00:35.25696-04:30	2017-01-06 10:00:35.25696-04:30
219	60	\N	71	f	t	13	26	109	290	2017-01-06 10:00:35.384207-04:30	2017-01-06 10:00:35.384207-04:30
220	140	\N	99	f	t	13	26	117	291	2017-01-06 10:00:35.508152-04:30	2017-01-06 10:00:35.508152-04:30
221	270	\N	285	f	t	13	26	331	292	2017-01-06 10:00:35.631113-04:30	2017-01-06 10:00:35.631113-04:30
222	180	\N	113	f	t	13	26	121	293	2017-01-06 10:00:35.754988-04:30	2017-01-06 10:00:35.754988-04:30
223	80	\N	73	f	t	13	26	111	294	2017-01-06 10:00:35.878698-04:30	2017-01-06 10:00:35.878698-04:30
224	430	\N	288	f	t	13	26	347	295	2017-01-06 10:00:36.001975-04:30	2017-01-06 10:00:36.001975-04:30
225	50	\N	70	f	t	13	26	108	296	2017-01-06 10:00:36.12906-04:30	2017-01-06 10:00:36.12906-04:30
226	150	\N	105	f	t	13	26	118	297	2017-01-06 10:00:36.252486-04:30	2017-01-06 10:00:36.252486-04:30
227	10	\N	11	f	t	13	26	104	298	2017-01-06 10:00:36.376151-04:30	2017-01-06 10:00:36.376151-04:30
228	120	\N	104	f	t	13	26	115	299	2017-01-06 10:00:36.50155-04:30	2017-01-06 10:00:36.50155-04:30
229	150	\N	129	f	t	15	27	143	303	2017-01-09 13:01:27.8033-04:30	2017-01-09 13:01:27.8033-04:30
230	90	\N	123	f	t	15	27	137	302	2017-01-09 12:58:38.577602-04:30	2017-01-09 12:58:38.577602-04:30
231	190	\N	133	f	t	15	27	147	301	2017-01-09 12:57:55.371535-04:30	2017-01-09 12:57:55.371535-04:30
232	20	\N	168	f	t	9	22	180	304	2017-01-11 11:03:12.997872-04:30	2017-01-11 11:03:12.997872-04:30
233	110	\N	175	f	t	9	22	189	305	2017-01-11 11:03:13.098321-04:30	2017-01-11 11:03:13.098321-04:30
234	200	\N	184	f	t	9	22	198	306	2017-01-11 11:03:13.215954-04:30	2017-01-11 11:03:13.215954-04:30
235	80	\N	173	f	t	9	22	186	307	2017-01-11 11:03:13.342549-04:30	2017-01-11 11:03:13.342549-04:30
236	90	\N	171	f	t	9	22	187	308	2017-01-11 11:03:13.446749-04:30	2017-01-11 11:03:13.446749-04:30
237	40	\N	169	f	t	9	22	182	309	2017-01-11 11:03:13.577593-04:30	2017-01-11 11:03:13.577593-04:30
238	150	\N	179	f	t	9	22	193	310	2017-01-11 11:03:13.725911-04:30	2017-01-11 11:03:13.725911-04:30
239	130	\N	177	f	t	9	22	191	311	2017-01-11 11:03:13.824745-04:30	2017-01-11 11:03:13.824745-04:30
240	70	\N	172	f	t	9	22	185	312	2017-01-11 11:03:13.966654-04:30	2017-01-11 11:03:13.966654-04:30
241	0	\N	768	f	t	9	22	779	313	2017-01-11 11:03:14.094174-04:30	2017-01-11 11:03:14.094174-04:30
242	50	\N	166	f	t	9	22	183	314	2017-01-11 11:03:14.191676-04:30	2017-01-11 11:03:14.191676-04:30
243	80	\N	173	f	t	8	22	186	315	2017-01-11 17:00:29.805702-04:30	2017-01-11 17:00:29.805702-04:30
244	110	\N	175	f	t	8	22	189	316	2017-01-11 17:00:29.946819-04:30	2017-01-11 17:00:29.946819-04:30
245	150	\N	179	f	t	8	22	193	317	2017-01-11 17:00:30.086271-04:30	2017-01-11 17:00:30.086271-04:30
246	0	\N	768	f	t	8	22	779	318	2017-01-11 17:00:30.223892-04:30	2017-01-11 17:00:30.223892-04:30
247	50	\N	166	f	t	8	22	183	319	2017-01-11 17:00:30.363607-04:30	2017-01-11 17:00:30.363607-04:30
248	30	\N	167	f	t	8	22	181	320	2017-01-11 17:00:30.502881-04:30	2017-01-11 17:00:30.502881-04:30
249	100	\N	174	f	t	8	22	188	321	2017-01-11 17:00:30.652362-04:30	2017-01-11 17:00:30.652362-04:30
250	140	\N	178	f	t	8	22	192	322	2017-01-11 17:00:30.790098-04:30	2017-01-11 17:00:30.790098-04:30
251	120	\N	176	f	t	8	22	190	323	2017-01-11 17:00:30.927696-04:30	2017-01-11 17:00:30.927696-04:30
252	210	\N	185	f	t	8	22	199	324	2017-01-11 17:00:31.067173-04:30	2017-01-11 17:00:31.067173-04:30
253	70	\N	172	f	t	8	22	185	325	2017-01-11 17:00:31.205344-04:30	2017-01-11 17:00:31.205344-04:30
254	120	\N	171	f	t	12	22	187	326	2017-01-11 17:11:00.703922-04:30	2017-01-11 17:11:00.703922-04:30
255	110	\N	175	f	t	12	22	189	327	2017-01-11 17:11:00.843302-04:30	2017-01-11 17:11:00.843302-04:30
256	150	\N	179	f	t	12	22	193	328	2017-01-11 17:11:00.982386-04:30	2017-01-11 17:11:00.982386-04:30
257	0	\N	768	f	t	12	22	779	329	2017-01-11 17:11:01.12115-04:30	2017-01-11 17:11:01.12115-04:30
258	50	\N	166	f	t	12	22	183	330	2017-01-11 17:11:01.259503-04:30	2017-01-11 17:11:01.259503-04:30
259	20	\N	168	f	t	12	22	180	331	2017-01-11 17:11:01.39713-04:30	2017-01-11 17:11:01.39713-04:30
260	100	\N	174	f	t	12	22	188	332	2017-01-11 17:11:01.543408-04:30	2017-01-11 17:11:01.543408-04:30
261	180	\N	182	f	t	12	22	196	333	2017-01-11 17:11:01.682216-04:30	2017-01-11 17:11:01.682216-04:30
262	200	\N	184	f	t	12	22	198	334	2017-01-11 17:11:01.82009-04:30	2017-01-11 17:11:01.82009-04:30
263	210	\N	185	f	t	12	22	199	335	2017-01-11 17:11:01.958175-04:30	2017-01-11 17:11:01.958175-04:30
264	70	\N	172	f	t	12	22	185	336	2017-01-11 17:11:02.099544-04:30	2017-01-11 17:11:02.099544-04:30
265	120	\N	31	f	t	17	28	40	337	2017-01-11 17:59:17.656224-04:30	2017-01-11 17:59:17.656224-04:30
266	820	\N	446	f	t	17	28	461	338	2017-01-11 17:59:17.804322-04:30	2017-01-11 17:59:17.804322-04:30
267	90	\N	27	f	t	17	28	37	339	2017-01-11 17:59:17.95268-04:30	2017-01-11 17:59:17.95268-04:30
268	840	\N	445	f	t	17	28	463	340	2017-01-11 17:59:18.0986-04:30	2017-01-11 17:59:18.0986-04:30
269	280	\N	229	f	t	17	28	257	341	2017-01-11 17:59:18.2399-04:30	2017-01-11 17:59:18.2399-04:30
270	670	\N	430	f	t	17	28	446	342	2017-01-11 17:59:18.378584-04:30	2017-01-11 17:59:18.378584-04:30
271	150	\N	29	f	t	17	28	43	343	2017-01-11 17:59:18.516307-04:30	2017-01-11 17:59:18.516307-04:30
272	620	\N	425	f	t	17	28	441	344	2017-01-11 17:59:18.661431-04:30	2017-01-11 17:59:18.661431-04:30
273	240	\N	41	f	t	17	28	52	345	2017-01-11 17:59:18.807789-04:30	2017-01-11 17:59:18.807789-04:30
274	290	\N	228	f	t	17	28	258	346	2017-01-11 17:59:18.955124-04:30	2017-01-11 17:59:18.955124-04:30
275	400	\N	233	f	t	17	28	269	347	2017-01-11 17:59:19.099057-04:30	2017-01-11 17:59:19.099057-04:30
\.


--
-- Name: tmp_matches_players_id_seq; Type: SEQUENCE SET; Schema: public; Owner: postgres
--

SELECT pg_catalog.setval('tmp_matches_players_id_seq', 275, true);


--
-- Data for Name: tmp_persons; Type: TABLE DATA; Schema: public; Owner: postgres
--

COPY tmp_persons (id, name, last_name, nickname, birthday, email, gender_id, height, weight, status_type_id, img_url, document_number, document_img_url, country, player_id, claimed, active, created_at, updated_at) FROM stdin;
1	Irving	Ventura		1992-12-07	irvingv8@gmail.com	1	\N	\N	\N	https://somosport-s3.s3.amazonaws.com/gingerbread_icon.png	dkjshskjhf	\N	\N	1	\N	t	2016-11-18 17:25:58.529-04:30	2016-11-18 17:26:11.135-04:30
2	Miguel	Fox	Fox	2002-01-02		1	\N	\N	\N	https://somosport-s3.s3.amazonaws.com/663959.jpg	IFE	\N	\N	2	\N	t	2016-11-24 00:44:31.008-04:30	2016-11-24 00:44:31.008-04:30
3	Bartolome	Simpson	Bart	2000-01-06	\N	1	\N	\N	\N	https://somosport-s3.s3.amazonaws.com/bart-simpson-11.gif	Pasaporte	\N	\N	3	\N	t	2016-11-24 00:46:52.549-04:30	2016-11-24 00:47:33.404-04:30
4	Cosijoeza	Mendez	Ecoloco	2002-02-03	\N	1	\N	\N	\N	https://somosport-s3.s3.amazonaws.com/ecoloco1.jpg	\N	\N	\N	4	\N	t	2016-11-24 00:48:58.13-04:30	2016-11-24 00:49:28.229-04:30
5	Joseph	Memeloski	El Profersor	2002-06-03	\N	1	\N	\N	\N	https://somosport-s3.s3.amazonaws.com/hqdefault.jpg	\N	\N	\N	5	\N	t	2016-11-24 00:56:21.165-04:30	2016-11-24 00:57:05.744-04:30
6	Aurelio	Lopez	Morfeo	2003-05-09	\N	1	\N	\N	\N	https://somosport-s3.s3.amazonaws.com/images-1.jpeg	\N	\N	\N	6	\N	t	2016-11-24 00:58:39.595-04:30	2016-11-24 00:58:39.595-04:30
7	Emet	Brown	Doctor	2001-12-29	\N	1	\N	\N	\N	https://somosport-s3.s3.amazonaws.com/images-2.jpeg	\N	\N	\N	7	\N	t	2016-11-24 01:00:06.253-04:30	2016-11-24 01:00:06.253-04:30
8	Lucio	Cabaas	Mimoso	2002-04-01	\N	1	\N	\N	\N	https://somosport-s3.s3.amazonaws.com/images.jpeg		\N	\N	8	\N	t	2016-11-24 01:00:56.276-04:30	2016-11-24 01:00:56.276-04:30
9	Rafael	Maccio	Kid	2003-11-12	\N	1	\N	\N	\N	https://somosport-s3.s3.amazonaws.com/maccio.JPG	\N	\N	\N	9	\N	t	2016-11-24 01:02:45.955-04:30	2016-11-24 01:02:45.955-04:30
10	Lucia	Mendez	Mafafa	2005-06-20	\N	2	\N	\N	\N	https://somosport-s3.s3.amazonaws.com/mafafa m.jpg	\N	\N	\N	10	\N	t	2016-11-24 01:04:50.751-04:30	2016-11-24 01:04:50.751-04:30
11	Daniel	Amador	Patas Verdes	2002-09-05	\N	1	\N	\N	\N	https://somosport-s3.s3.amazonaws.com/patasverdes2.jpg	\N	\N	\N	11	\N	t	2016-11-24 01:06:31.901-04:30	2016-11-24 01:06:31.901-04:30
12	Pedro	Paramo	Pistachon	2004-09-04	\N	1	\N	\N	\N	https://somosport-s3.s3.amazonaws.com/pistachon_N.jpg	\N	\N	\N	12	\N	t	2016-11-24 01:07:21.459-04:30	2016-11-24 01:07:21.459-04:30
13	Ernesto	Neve	el Presi	2003-11-07	\N	1	\N	\N	\N	https://somosport-s3.s3.amazonaws.com/simpson-XxXx80.jpg	\N	\N	\N	13	\N	t	2016-11-24 01:08:21.618-04:30	2016-11-24 01:08:21.618-04:30
14	Montgomery	Burns	Monty	2000-02-04	\N	2	\N	\N	\N	https://somosport-s3.s3.amazonaws.com/sr_burns.jpg	\N	\N	\N	14	\N	t	2016-11-24 01:35:57.433-04:30	2016-11-24 01:35:57.433-04:30
15	Eduardo 	Ruiz	\N	1919-09-26	eruiz@brcgrp.com	1	\N	\N	\N	https://somosport-s3.s3.amazonaws.com/ed.ruizved.ruizv.jpg	Credencial escolar	\N	\N	15	\N	t	2016-11-24 14:14:07.256-04:30	2016-11-24 14:14:07.256-04:30
16	Joaquin 	Escoto		1924-03-02	jescoto@brcgrp.com	1	\N	\N	\N	https://somosport-s3.s3.amazonaws.com/Captura de pantalla 2016-11-24 a las 12.45.48.png	IFE	\N	\N	16	\N	t	2016-11-24 14:17:17.529-04:30	2016-11-24 14:17:17.529-04:30
17	Beto	No se	El Beto	2016-05-05	eruiz@brcgrp.com	2	\N	\N	\N	https://somosport-s3.s3.amazonaws.com/Captura de pantalla 2016-11-24 a las 12.45.53.png	Pasaporte	\N	\N	17	\N	t	2016-11-24 14:20:55.513-04:30	2016-11-24 14:20:55.513-04:30
18	Roberto	Lopez 	Tito	1930-05-04	\N	3	\N	\N	\N	https://somosport-s3.s3.amazonaws.com/Captura de pantalla 2016-11-24 a las 12.52.13.png		\N	\N	18	\N	t	2016-11-24 14:24:36.498-04:30	2016-11-24 14:24:36.498-04:30
19	Player 1	WESTON FC	\N	1999-03-01	\N	1	\N	\N	\N	\N	\N	\N	\N	54	\N	t	2016-12-26 16:53:45.857-04:30	2016-12-26 16:53:45.857-04:30
20	Player 2	WESTON FC	\N	1999-03-02	\N	1	\N	\N	\N	\N	\N	\N	\N	55	\N	t	2016-12-26 16:53:45.858-04:30	2016-12-26 16:53:45.858-04:30
21	VE905	Lopez	test	2002-06-17	\N	1	\N	\N	\N	\N	\N	\N	\N	22	\N	t	2016-11-25 15:44:20.431-04:30	2016-11-25 15:44:20.431-04:30
22	VE905	Lopez	test	2002-06-17	\N	1	\N	\N	\N	\N	\N	\N	\N	23	\N	t	2016-11-25 15:45:00.458-04:30	2016-11-25 15:45:00.458-04:30
23	VE905	Lopez	test	2002-06-17	pepe	1	\N	\N	\N	\N	SKJsda627wdqa	\N	\N	24	\N	t	2016-11-25 15:45:58.445-04:30	2016-11-25 15:45:58.445-04:30
24	VE905	Lopez	test	2002-06-17	pepe	1	\N	\N	\N	\N	SKJsda627wdqa	\N	\N	25	\N	t	2016-11-25 15:46:10.706-04:30	2016-11-25 15:46:10.706-04:30
25	Ramses	Lopez	\N	2002-06-16	ramses.lopezs@gmail.com	1	\N	\N	\N	\N	\N	\N	\N	21	\N	t	2016-11-25 15:43:24.718-04:30	2016-11-25 15:46:21.945-04:30
26	pepe	perez	\N	2003-07-12	\N	1	\N	\N	\N	\N	\N	\N	\N	26	\N	t	2016-11-25 15:54:44.44-04:30	2016-11-25 15:54:44.44-04:30
27	Eduardo	Ruiz	El Gol	2016-03-07	601lomensurt	1	\N	\N	\N	https://somosport-s3.s3.amazonaws.com/ed.ruizved.ruizv.jpg	Pasaporte	\N	\N	27	\N	t	2016-11-28 11:39:33.77-04:30	2016-11-28 11:39:33.77-04:30
28	Eduardo 	Ruiz	Gol	2010-02-01	jasdflajsd	1	\N	\N	\N	https://somosport-s3.s3.amazonaws.com/ed.ruizved.ruizv.jpg	IFE	\N	\N	28	\N	t	2016-11-28 11:42:40.276-04:30	2016-11-28 11:42:40.276-04:30
29	Player 1	BOCA UNITED ACADEMY USSDA 9899 (FL)	\N	1999-03-01	\N	1	\N	\N	\N	\N	\N	\N	\N	29	\N	t	2016-12-26 16:51:57.649-04:30	2016-12-26 16:51:57.649-04:30
30	Player 2	BOCA UNITED ACADEMY USSDA 9899 (FL)	\N	1999-03-02	\N	1	\N	\N	\N	\N	\N	\N	\N	30	\N	t	2016-12-26 16:51:57.649-04:30	2016-12-26 16:51:57.649-04:30
31	Player 3	BOCA UNITED ACADEMY USSDA 9899 (FL)	\N	1999-03-03	\N	1	\N	\N	\N	\N	\N	\N	\N	31	\N	t	2016-12-26 16:51:57.649-04:30	2016-12-26 16:51:57.649-04:30
32	Player 4	BOCA UNITED ACADEMY USSDA 9899 (FL)	\N	1999-03-04	\N	1	\N	\N	\N	\N	\N	\N	\N	32	\N	t	2016-12-26 16:51:57.65-04:30	2016-12-26 16:51:57.65-04:30
33	Player 5	BOCA UNITED ACADEMY USSDA 9899 (FL)	\N	1999-03-05	\N	1	\N	\N	\N	\N	\N	\N	\N	33	\N	t	2016-12-26 16:51:57.65-04:30	2016-12-26 16:51:57.65-04:30
34	Player 6	BOCA UNITED ACADEMY USSDA 9899 (FL)	\N	1999-03-06	\N	1	\N	\N	\N	\N	\N	\N	\N	34	\N	t	2016-12-26 16:51:57.65-04:30	2016-12-26 16:51:57.65-04:30
35	Player 7	BOCA UNITED ACADEMY USSDA 9899 (FL)	\N	1999-03-07	\N	1	\N	\N	\N	\N	\N	\N	\N	35	\N	t	2016-12-26 16:51:57.65-04:30	2016-12-26 16:51:57.65-04:30
36	Player 8	BOCA UNITED ACADEMY USSDA 9899 (FL)	\N	1999-03-08	\N	1	\N	\N	\N	\N	\N	\N	\N	36	\N	t	2016-12-26 16:51:57.651-04:30	2016-12-26 16:51:57.651-04:30
37	Player 9	BOCA UNITED ACADEMY USSDA 9899 (FL)	\N	1999-03-09	\N	1	\N	\N	\N	\N	\N	\N	\N	37	\N	t	2016-12-26 16:51:57.651-04:30	2016-12-26 16:51:57.651-04:30
38	Player 10	BOCA UNITED ACADEMY USSDA 9899 (FL)	\N	1999-03-10	\N	1	\N	\N	\N	\N	\N	\N	\N	38	\N	t	2016-12-26 16:51:57.651-04:30	2016-12-26 16:51:57.651-04:30
39	Player 11	BOCA UNITED ACADEMY USSDA 9899 (FL)	\N	1999-03-11	\N	1	\N	\N	\N	\N	\N	\N	\N	39	\N	t	2016-12-26 16:51:57.651-04:30	2016-12-26 16:51:57.651-04:30
40	Player 12	BOCA UNITED ACADEMY USSDA 9899 (FL)	\N	1999-03-12	\N	1	\N	\N	\N	\N	\N	\N	\N	40	\N	t	2016-12-26 16:51:57.651-04:30	2016-12-26 16:51:57.651-04:30
41	Player 13	BOCA UNITED ACADEMY USSDA 9899 (FL)	\N	1999-03-13	\N	1	\N	\N	\N	\N	\N	\N	\N	41	\N	t	2016-12-26 16:51:57.652-04:30	2016-12-26 16:51:57.652-04:30
42	Player 14	BOCA UNITED ACADEMY USSDA 9899 (FL)	\N	1999-03-14	\N	1	\N	\N	\N	\N	\N	\N	\N	42	\N	t	2016-12-26 16:51:57.652-04:30	2016-12-26 16:51:57.652-04:30
43	Player 15	BOCA UNITED ACADEMY USSDA 9899 (FL)	\N	1999-03-15	\N	1	\N	\N	\N	\N	\N	\N	\N	43	\N	t	2016-12-26 16:51:57.652-04:30	2016-12-26 16:51:57.652-04:30
44	Player 16	BOCA UNITED ACADEMY USSDA 9899 (FL)	\N	1999-03-16	\N	1	\N	\N	\N	\N	\N	\N	\N	44	\N	t	2016-12-26 16:51:57.652-04:30	2016-12-26 16:51:57.652-04:30
45	Player 17	BOCA UNITED ACADEMY USSDA 9899 (FL)	\N	1999-03-17	\N	1	\N	\N	\N	\N	\N	\N	\N	45	\N	t	2016-12-26 16:51:57.652-04:30	2016-12-26 16:51:57.652-04:30
46	Player 18	BOCA UNITED ACADEMY USSDA 9899 (FL)	\N	1999-03-18	\N	1	\N	\N	\N	\N	\N	\N	\N	46	\N	t	2016-12-26 16:51:57.653-04:30	2016-12-26 16:51:57.653-04:30
47	Player 19	BOCA UNITED ACADEMY USSDA 9899 (FL)	\N	1999-03-19	\N	1	\N	\N	\N	\N	\N	\N	\N	47	\N	t	2016-12-26 16:51:57.653-04:30	2016-12-26 16:51:57.653-04:30
48	Player 20	BOCA UNITED ACADEMY USSDA 9899 (FL)	\N	1999-03-20	\N	1	\N	\N	\N	\N	\N	\N	\N	48	\N	t	2016-12-26 16:51:57.653-04:30	2016-12-26 16:51:57.653-04:30
49	Player 21	BOCA UNITED ACADEMY USSDA 9899 (FL)	\N	1999-03-21	\N	1	\N	\N	\N	\N	\N	\N	\N	49	\N	t	2016-12-26 16:51:57.653-04:30	2016-12-26 16:51:57.653-04:30
50	Player 22	BOCA UNITED ACADEMY USSDA 9899 (FL)	\N	1999-03-22	\N	1	\N	\N	\N	\N	\N	\N	\N	50	\N	t	2016-12-26 16:51:57.654-04:30	2016-12-26 16:51:57.654-04:30
51	Player 23	BOCA UNITED ACADEMY USSDA 9899 (FL)	\N	1999-03-23	\N	1	\N	\N	\N	\N	\N	\N	\N	51	\N	t	2016-12-26 16:51:57.655-04:30	2016-12-26 16:51:57.655-04:30
52	Player 24	BOCA UNITED ACADEMY USSDA 9899 (FL)	\N	1999-03-24	\N	1	\N	\N	\N	\N	\N	\N	\N	52	\N	t	2016-12-26 16:51:57.655-04:30	2016-12-26 16:51:57.655-04:30
53	Player 3	WESTON FC	\N	1999-03-03	\N	1	\N	\N	\N	\N	\N	\N	\N	56	\N	t	2016-12-26 16:53:45.858-04:30	2016-12-26 16:53:45.858-04:30
54	Player 5	WESTON FC	\N	1999-03-05	\N	1	\N	\N	\N	\N	\N	\N	\N	58	\N	t	2016-12-26 16:53:45.859-04:30	2016-12-26 16:53:45.859-04:30
55	Player 6	WESTON FC	\N	1999-03-06	\N	1	\N	\N	\N	\N	\N	\N	\N	59	\N	t	2016-12-26 16:53:45.859-04:30	2016-12-26 16:53:45.859-04:30
56	Player 7	WESTON FC	\N	1999-03-07	\N	1	\N	\N	\N	\N	\N	\N	\N	60	\N	t	2016-12-26 16:53:45.86-04:30	2016-12-26 16:53:45.86-04:30
57	Player 8	WESTON FC	\N	1999-03-08	\N	1	\N	\N	\N	\N	\N	\N	\N	61	\N	t	2016-12-26 16:53:45.86-04:30	2016-12-26 16:53:45.86-04:30
58	Player 10	WESTON FC	\N	1999-03-10	\N	1	\N	\N	\N	\N	\N	\N	\N	63	\N	t	2016-12-26 16:53:45.862-04:30	2016-12-26 16:53:45.862-04:30
59	Player 11	WESTON FC	\N	1999-03-11	\N	1	\N	\N	\N	\N	\N	\N	\N	64	\N	t	2016-12-26 16:53:45.863-04:30	2016-12-26 16:53:45.863-04:30
60	a	b	a	2003-01-01	sd	1	\N	\N	\N	\N	wdsf	\N	\N	20	\N	t	2016-11-25 11:09:36.75-04:30	2017-01-20 12:49:26.666-04:30
61	Player 25	BOCA UNITED ACADEMY USSDA 9899 (FL)	\N	1999-03-25	\N	1	\N	\N	\N	\N	\N	\N	\N	53	\N	t	2016-12-26 16:51:57.655-04:30	2016-12-26 16:51:57.655-04:30
62	Player 4	WESTON FC	\N	1999-03-04	\N	1	\N	\N	\N	\N	\N	\N	\N	57	\N	t	2016-12-26 16:53:45.859-04:30	2016-12-26 16:53:45.859-04:30
63	Player 9	WESTON FC	\N	1999-03-09	\N	1	\N	\N	\N	\N	\N	\N	\N	62	\N	t	2016-12-26 16:53:45.862-04:30	2016-12-26 16:53:45.862-04:30
64	Player 14	WESTON FC	\N	1999-03-14	\N	1	\N	\N	\N	\N	\N	\N	\N	67	\N	t	2016-12-26 16:53:45.863-04:30	2016-12-26 16:53:45.863-04:30
65	Player 19	WESTON FC	\N	1999-03-19	\N	1	\N	\N	\N	\N	\N	\N	\N	72	\N	t	2016-12-26 16:53:45.865-04:30	2016-12-26 16:53:45.865-04:30
66	Player 24	WESTON FC	\N	1999-03-24	\N	1	\N	\N	\N	\N	\N	\N	\N	77	\N	t	2016-12-26 16:53:45.867-04:30	2016-12-26 16:53:45.867-04:30
67	Player 12	WESTON FC	\N	1999-03-12	\N	1	\N	\N	\N	\N	\N	\N	\N	65	\N	t	2016-12-26 16:53:45.863-04:30	2016-12-26 16:53:45.863-04:30
68	Player 17	WESTON FC	\N	1999-03-17	\N	1	\N	\N	\N	\N	\N	\N	\N	70	\N	t	2016-12-26 16:53:45.865-04:30	2016-12-26 16:53:45.865-04:30
69	Player 22	WESTON FC	\N	1999-03-22	\N	1	\N	\N	\N	\N	\N	\N	\N	75	\N	t	2016-12-26 16:53:45.866-04:30	2016-12-26 16:53:45.866-04:30
70	Player 13	WESTON FC	\N	1999-03-13	\N	1	\N	\N	\N	\N	\N	\N	\N	66	\N	t	2016-12-26 16:53:45.863-04:30	2016-12-26 16:53:45.863-04:30
71	Player 18	WESTON FC	\N	1999-03-18	\N	1	\N	\N	\N	\N	\N	\N	\N	71	\N	t	2016-12-26 16:53:45.865-04:30	2016-12-26 16:53:45.865-04:30
72	Player 23	WESTON FC	\N	1999-03-23	\N	1	\N	\N	\N	\N	\N	\N	\N	76	\N	t	2016-12-26 16:53:45.866-04:30	2016-12-26 16:53:45.866-04:30
73	Player 15	WESTON FC	\N	1999-03-15	\N	1	\N	\N	\N	\N	\N	\N	\N	68	\N	t	2016-12-26 16:53:45.864-04:30	2016-12-26 16:53:45.864-04:30
74	Player 20	WESTON FC	\N	1999-03-20	\N	1	\N	\N	\N	\N	\N	\N	\N	73	\N	t	2016-12-26 16:53:45.866-04:30	2016-12-26 16:53:45.866-04:30
75	Player 25	WESTON FC	\N	1999-03-25	\N	1	\N	\N	\N	\N	\N	\N	\N	78	\N	t	2016-12-26 16:53:45.867-04:30	2016-12-26 16:53:45.867-04:30
76	Player 16	WESTON FC	\N	1999-03-16	\N	1	\N	\N	\N	\N	\N	\N	\N	69	\N	t	2016-12-26 16:53:45.864-04:30	2016-12-26 16:53:45.864-04:30
77	Player 21	WESTON FC	\N	1999-03-21	\N	1	\N	\N	\N	\N	\N	\N	\N	74	\N	t	2016-12-26 16:53:45.866-04:30	2016-12-26 16:53:45.866-04:30
78	Player 17	SIMA GOLD	\N	1999-03-17	\N	1	\N	\N	\N	\N	\N	\N	\N	95	\N	t	2016-12-26 16:55:35.119-04:30	2016-12-26 16:55:35.119-04:30
79	Player 18	SIMA GOLD	\N	1999-03-18	\N	1	\N	\N	\N	\N	\N	\N	\N	96	\N	t	2016-12-26 16:55:35.119-04:30	2016-12-26 16:55:35.119-04:30
80	Player 19	SIMA GOLD	\N	1999-03-19	\N	1	\N	\N	\N	\N	\N	\N	\N	97	\N	t	2016-12-26 16:55:35.119-04:30	2016-12-26 16:55:35.119-04:30
81	Player 20	SIMA GOLD	\N	1999-03-20	\N	1	\N	\N	\N	\N	\N	\N	\N	98	\N	t	2016-12-26 16:55:35.12-04:30	2016-12-26 16:55:35.12-04:30
82	Player 21	SIMA GOLD	\N	1999-03-21	\N	1	\N	\N	\N	\N	\N	\N	\N	99	\N	t	2016-12-26 16:55:35.12-04:30	2016-12-26 16:55:35.12-04:30
83	Player 22	SIMA GOLD	\N	1999-03-22	\N	1	\N	\N	\N	\N	\N	\N	\N	100	\N	t	2016-12-26 16:55:35.12-04:30	2016-12-26 16:55:35.12-04:30
84	Player 23	SIMA GOLD	\N	1999-03-23	\N	1	\N	\N	\N	\N	\N	\N	\N	101	\N	t	2016-12-26 16:55:35.12-04:30	2016-12-26 16:55:35.12-04:30
85	Player 24	SIMA GOLD	\N	1999-03-24	\N	1	\N	\N	\N	\N	\N	\N	\N	102	\N	t	2016-12-26 16:55:35.12-04:30	2016-12-26 16:55:35.12-04:30
86	Player 25	SIMA GOLD	\N	1999-03-25	\N	1	\N	\N	\N	\N	\N	\N	\N	103	\N	t	2016-12-26 16:55:35.121-04:30	2016-12-26 16:55:35.121-04:30
87	Player 1	CONCORDE FIRE	\N	1999-03-01	\N	1	\N	\N	\N	\N	\N	\N	\N	104	\N	t	2016-12-26 16:56:39.165-04:30	2016-12-26 16:56:39.165-04:30
88	Player 2	CONCORDE FIRE	\N	1999-03-02	\N	1	\N	\N	\N	\N	\N	\N	\N	105	\N	t	2016-12-26 16:56:39.165-04:30	2016-12-26 16:56:39.165-04:30
89	Player 3	CONCORDE FIRE	\N	1999-03-03	\N	1	\N	\N	\N	\N	\N	\N	\N	106	\N	t	2016-12-26 16:56:39.165-04:30	2016-12-26 16:56:39.165-04:30
90	Player 4	CONCORDE FIRE	\N	1999-03-04	\N	1	\N	\N	\N	\N	\N	\N	\N	107	\N	t	2016-12-26 16:56:39.165-04:30	2016-12-26 16:56:39.165-04:30
91	Player 5	CONCORDE FIRE	\N	1999-03-05	\N	1	\N	\N	\N	\N	\N	\N	\N	108	\N	t	2016-12-26 16:56:39.166-04:30	2016-12-26 16:56:39.166-04:30
92	Player 6	CONCORDE FIRE	\N	1999-03-06	\N	1	\N	\N	\N	\N	\N	\N	\N	109	\N	t	2016-12-26 16:56:39.166-04:30	2016-12-26 16:56:39.166-04:30
93	Player 7	CONCORDE FIRE	\N	1999-03-07	\N	1	\N	\N	\N	\N	\N	\N	\N	110	\N	t	2016-12-26 16:56:39.166-04:30	2016-12-26 16:56:39.166-04:30
94	Player 8	CONCORDE FIRE	\N	1999-03-08	\N	1	\N	\N	\N	\N	\N	\N	\N	111	\N	t	2016-12-26 16:56:39.166-04:30	2016-12-26 16:56:39.166-04:30
95	Player 9	CONCORDE FIRE	\N	1999-03-09	\N	1	\N	\N	\N	\N	\N	\N	\N	112	\N	t	2016-12-26 16:56:39.167-04:30	2016-12-26 16:56:39.167-04:30
96	Player 10	CONCORDE FIRE	\N	1999-03-10	\N	1	\N	\N	\N	\N	\N	\N	\N	113	\N	t	2016-12-26 16:56:39.167-04:30	2016-12-26 16:56:39.167-04:30
97	Player 11	CONCORDE FIRE	\N	1999-03-11	\N	1	\N	\N	\N	\N	\N	\N	\N	114	\N	t	2016-12-26 16:56:39.167-04:30	2016-12-26 16:56:39.167-04:30
98	Player 12	CONCORDE FIRE	\N	1999-03-12	\N	1	\N	\N	\N	\N	\N	\N	\N	115	\N	t	2016-12-26 16:56:39.167-04:30	2016-12-26 16:56:39.167-04:30
99	Player 13	CONCORDE FIRE	\N	1999-03-13	\N	1	\N	\N	\N	\N	\N	\N	\N	116	\N	t	2016-12-26 16:56:39.167-04:30	2016-12-26 16:56:39.167-04:30
100	Player 14	CONCORDE FIRE	\N	1999-03-14	\N	1	\N	\N	\N	\N	\N	\N	\N	117	\N	t	2016-12-26 16:56:39.168-04:30	2016-12-26 16:56:39.168-04:30
101	Player 15	CONCORDE FIRE	\N	1999-03-15	\N	1	\N	\N	\N	\N	\N	\N	\N	118	\N	t	2016-12-26 16:56:39.168-04:30	2016-12-26 16:56:39.168-04:30
102	Player 16	CONCORDE FIRE	\N	1999-03-16	\N	1	\N	\N	\N	\N	\N	\N	\N	119	\N	t	2016-12-26 16:56:39.168-04:30	2016-12-26 16:56:39.168-04:30
103	Player 17	CONCORDE FIRE	\N	1999-03-17	\N	1	\N	\N	\N	\N	\N	\N	\N	120	\N	t	2016-12-26 16:56:39.168-04:30	2016-12-26 16:56:39.168-04:30
104	Player 18	CONCORDE FIRE	\N	1999-03-18	\N	1	\N	\N	\N	\N	\N	\N	\N	121	\N	t	2016-12-26 16:56:39.169-04:30	2016-12-26 16:56:39.169-04:30
105	Player 19	CONCORDE FIRE	\N	1999-03-19	\N	1	\N	\N	\N	\N	\N	\N	\N	122	\N	t	2016-12-26 16:56:39.169-04:30	2016-12-26 16:56:39.169-04:30
106	Player 20	CONCORDE FIRE	\N	1999-03-20	\N	1	\N	\N	\N	\N	\N	\N	\N	123	\N	t	2016-12-26 16:56:39.169-04:30	2016-12-26 16:56:39.169-04:30
107	Player 21	CONCORDE FIRE	\N	1999-03-21	\N	1	\N	\N	\N	\N	\N	\N	\N	124	\N	t	2016-12-26 16:56:39.169-04:30	2016-12-26 16:56:39.169-04:30
108	Player 22	CONCORDE FIRE	\N	1999-03-22	\N	1	\N	\N	\N	\N	\N	\N	\N	125	\N	t	2016-12-26 16:56:39.169-04:30	2016-12-26 16:56:39.169-04:30
109	Player 23	CONCORDE FIRE	\N	1999-03-23	\N	1	\N	\N	\N	\N	\N	\N	\N	126	\N	t	2016-12-26 16:56:39.17-04:30	2016-12-26 16:56:39.17-04:30
110	Player 24	CONCORDE FIRE	\N	1999-03-24	\N	1	\N	\N	\N	\N	\N	\N	\N	127	\N	t	2016-12-26 16:56:39.17-04:30	2016-12-26 16:56:39.17-04:30
111	Player 25	CONCORDE FIRE	\N	1999-03-25	\N	1	\N	\N	\N	\N	\N	\N	\N	128	\N	t	2016-12-26 16:56:39.17-04:30	2016-12-26 16:56:39.17-04:30
112	Player 1	SOLAR SC CHELSEA	\N	1999-03-01	\N	1	\N	\N	\N	\N	\N	\N	\N	129	\N	t	2016-12-26 16:58:50.646-04:30	2016-12-26 16:58:50.646-04:30
113	Player 2	SOLAR SC CHELSEA	\N	1999-03-02	\N	1	\N	\N	\N	\N	\N	\N	\N	130	\N	t	2016-12-26 16:58:50.646-04:30	2016-12-26 16:58:50.646-04:30
114	Player 3	SOLAR SC CHELSEA	\N	1999-03-03	\N	1	\N	\N	\N	\N	\N	\N	\N	131	\N	t	2016-12-26 16:58:50.647-04:30	2016-12-26 16:58:50.647-04:30
115	Player 4	SOLAR SC CHELSEA	\N	1999-03-04	\N	1	\N	\N	\N	\N	\N	\N	\N	132	\N	t	2016-12-26 16:58:50.648-04:30	2016-12-26 16:58:50.648-04:30
116	Player 5	SOLAR SC CHELSEA	\N	1999-03-05	\N	1	\N	\N	\N	\N	\N	\N	\N	133	\N	t	2016-12-26 16:58:50.648-04:30	2016-12-26 16:58:50.648-04:30
117	Player 6	SOLAR SC CHELSEA	\N	1999-03-06	\N	1	\N	\N	\N	\N	\N	\N	\N	134	\N	t	2016-12-26 16:58:50.648-04:30	2016-12-26 16:58:50.648-04:30
118	Player 7	SOLAR SC CHELSEA	\N	1999-03-07	\N	1	\N	\N	\N	\N	\N	\N	\N	135	\N	t	2016-12-26 16:58:50.649-04:30	2016-12-26 16:58:50.649-04:30
119	Player 8	SOLAR SC CHELSEA	\N	1999-03-08	\N	1	\N	\N	\N	\N	\N	\N	\N	136	\N	t	2016-12-26 16:58:50.65-04:30	2016-12-26 16:58:50.65-04:30
120	Player 9	SOLAR SC CHELSEA	\N	1999-03-09	\N	1	\N	\N	\N	\N	\N	\N	\N	137	\N	t	2016-12-26 16:58:50.65-04:30	2016-12-26 16:58:50.65-04:30
121	Player 10	SOLAR SC CHELSEA	\N	1999-03-10	\N	1	\N	\N	\N	\N	\N	\N	\N	138	\N	t	2016-12-26 16:58:50.65-04:30	2016-12-26 16:58:50.65-04:30
122	Player 11	SOLAR SC CHELSEA	\N	1999-03-11	\N	1	\N	\N	\N	\N	\N	\N	\N	139	\N	t	2016-12-26 16:58:50.651-04:30	2016-12-26 16:58:50.651-04:30
123	Player 12	SOLAR SC CHELSEA	\N	1999-03-12	\N	1	\N	\N	\N	\N	\N	\N	\N	140	\N	t	2016-12-26 16:58:50.651-04:30	2016-12-26 16:58:50.651-04:30
124	Player 13	SOLAR SC CHELSEA	\N	1999-03-13	\N	1	\N	\N	\N	\N	\N	\N	\N	141	\N	t	2016-12-26 16:58:50.651-04:30	2016-12-26 16:58:50.651-04:30
125	Player 14	SOLAR SC CHELSEA	\N	1999-03-14	\N	1	\N	\N	\N	\N	\N	\N	\N	142	\N	t	2016-12-26 16:58:50.651-04:30	2016-12-26 16:58:50.651-04:30
126	Player 15	SOLAR SC CHELSEA	\N	1999-03-15	\N	1	\N	\N	\N	\N	\N	\N	\N	143	\N	t	2016-12-26 16:58:50.652-04:30	2016-12-26 16:58:50.652-04:30
127	Player 16	SOLAR SC CHELSEA	\N	1999-03-16	\N	1	\N	\N	\N	\N	\N	\N	\N	144	\N	t	2016-12-26 16:58:50.652-04:30	2016-12-26 16:58:50.652-04:30
128	Player 17	SOLAR SC CHELSEA	\N	1999-03-17	\N	1	\N	\N	\N	\N	\N	\N	\N	145	\N	t	2016-12-26 16:58:50.652-04:30	2016-12-26 16:58:50.652-04:30
129	Player 18	SOLAR SC CHELSEA	\N	1999-03-18	\N	1	\N	\N	\N	\N	\N	\N	\N	146	\N	t	2016-12-26 16:58:50.652-04:30	2016-12-26 16:58:50.652-04:30
130	Player 19	SOLAR SC CHELSEA	\N	1999-03-19	\N	1	\N	\N	\N	\N	\N	\N	\N	147	\N	t	2016-12-26 16:58:50.653-04:30	2016-12-26 16:58:50.653-04:30
131	Player 20	SOLAR SC CHELSEA	\N	1999-03-20	\N	1	\N	\N	\N	\N	\N	\N	\N	148	\N	t	2016-12-26 16:58:50.653-04:30	2016-12-26 16:58:50.653-04:30
132	Player 21	SOLAR SC CHELSEA	\N	1999-03-21	\N	1	\N	\N	\N	\N	\N	\N	\N	149	\N	t	2016-12-26 16:58:50.653-04:30	2016-12-26 16:58:50.653-04:30
133	Player 22	SOLAR SC CHELSEA	\N	1999-03-22	\N	1	\N	\N	\N	\N	\N	\N	\N	150	\N	t	2016-12-26 16:58:50.653-04:30	2016-12-26 16:58:50.653-04:30
134	Player 23	SOLAR SC CHELSEA	\N	1999-03-23	\N	1	\N	\N	\N	\N	\N	\N	\N	151	\N	t	2016-12-26 16:58:50.654-04:30	2016-12-26 16:58:50.654-04:30
135	Player 24	SOLAR SC CHELSEA	\N	1999-03-24	\N	1	\N	\N	\N	\N	\N	\N	\N	152	\N	t	2016-12-26 16:58:50.654-04:30	2016-12-26 16:58:50.654-04:30
136	Player 25	SOLAR SC CHELSEA	\N	1999-03-25	\N	1	\N	\N	\N	\N	\N	\N	\N	153	\N	t	2016-12-26 16:58:50.654-04:30	2016-12-26 16:58:50.654-04:30
137	Player 1	CHARGERS SC	\N	1999-03-01	\N	1	\N	\N	\N	\N	\N	\N	\N	154	\N	t	2016-12-26 16:59:56.381-04:30	2016-12-26 16:59:56.381-04:30
138	Player 2	CHARGERS SC	\N	1999-03-02	\N	1	\N	\N	\N	\N	\N	\N	\N	155	\N	t	2016-12-26 16:59:56.381-04:30	2016-12-26 16:59:56.381-04:30
139	Joao Lucas	Santos Nunes	\N	1999-03-09	\N	1	\N	\N	\N	https://somosport-s3.s3.amazonaws.com/image1482879830166.jpg	\N	\N	\N	91	\N	t	2016-12-26 16:55:35.118-04:30	2016-12-27 18:33:54.186-04:30
140	Player 50	CHARGERS SC	\N	1999-03-25	\N	1	\N	\N	\N	\N	\N	\N	\N	379	\N	t	2016-12-27 14:10:25.525-04:30	2016-12-27 14:10:25.525-04:30
141	Moussa	Gueye	\N	1999-02-28	\N	1	\N	\N	\N	https://somosport-s3.s3.amazonaws.com/image1482879750742.jpg	\N	\N	\N	81	\N	t	2016-12-26 16:55:35.115-04:30	2016-12-27 18:32:35.428-04:30
142	Monday Bassey	Etim	\N	1999-02-27	\N	1	\N	\N	\N	https://somosport-s3.s3.amazonaws.com/image1482881153920.jpg	\N	\N	\N	80	\N	t	2016-12-26 16:55:35.115-04:30	2016-12-27 18:55:57.12-04:30
143	Kizza	Edward	\N	1999-03-01	\N	1	\N	\N	\N	https://somosport-s3.s3.amazonaws.com/image1482880221377.jpg	\N	\N	\N	83	\N	t	2016-12-26 16:55:35.116-04:30	2016-12-27 18:40:26.843-04:30
302	Player 37	SIMA GOLD	\N	1999-03-12	\N	1	\N	\N	\N	\N	\N	\N	\N	291	\N	t	2016-12-27 14:08:40.418-04:30	2016-12-27 14:08:40.418-04:30
144	Babacar	Laniane	\N	1999-03-03	\N	1	\N	\N	\N	https://somosport-s3.s3.amazonaws.com/image1482880568072.jpg	\N	\N	\N	84	\N	t	2016-12-26 16:55:35.116-04:30	2016-12-27 18:46:11.333-04:30
145	Michee	Ngalina	\N	1999-03-06	\N	1	\N	\N	\N	https://somosport-s3.s3.amazonaws.com/image1482880319929.jpg	\N	\N	\N	88	\N	t	2016-12-26 16:55:35.117-04:30	2016-12-27 18:42:05.657-04:30
146	Jackson	Walti	\N	1999-03-11	\N	1	\N	\N	\N	https://somosport-s3.s3.amazonaws.com/image1482879880099.jpg	\N	\N	\N	94	\N	t	2016-12-26 16:55:35.119-04:30	2016-12-27 18:34:50.542-04:30
147	Fairs	Pemi Moumbagna	\N	1999-03-09	\N	1	\N	\N	\N	https://somosport-s3.s3.amazonaws.com/image1482879990656.jpg	\N	\N	\N	90	\N	t	2016-12-26 16:55:35.117-04:30	2016-12-27 18:36:34.669-04:30
148	Connor	Jones	\N	1999-02-28	\N	1	\N	\N	\N	https://somosport-s3.s3.amazonaws.com/img_00231482879695000.jpg	\N	\N	\N	82	\N	t	2016-12-26 16:55:35.115-04:30	2016-12-27 18:31:43.278-04:30
149	Player 3	CHARGERS SC	\N	1999-03-03	\N	1	\N	\N	\N	\N	\N	\N	\N	156	\N	t	2016-12-26 16:59:56.381-04:30	2016-12-26 16:59:56.381-04:30
150	Player 8	CHARGERS SC	\N	1999-03-08	\N	1	\N	\N	\N	\N	\N	\N	\N	161	\N	t	2016-12-26 16:59:56.383-04:30	2016-12-26 16:59:56.383-04:30
151	Player 14	CHARGERS SC	\N	1999-03-14	\N	1	\N	\N	\N	\N	\N	\N	\N	167	\N	t	2016-12-26 16:59:56.385-04:30	2016-12-26 16:59:56.385-04:30
152	Player 19	CHARGERS SC	\N	1999-03-19	\N	1	\N	\N	\N	\N	\N	\N	\N	172	\N	t	2016-12-26 16:59:56.386-04:30	2016-12-26 16:59:56.386-04:30
153	Player 24	CHARGERS SC	\N	1999-03-24	\N	1	\N	\N	\N	\N	\N	\N	\N	177	\N	t	2016-12-26 16:59:56.387-04:30	2016-12-26 16:59:56.387-04:30
154	Player 4	DALLAS TEXANS	\N	1999-03-04	\N	1	\N	\N	\N	\N	\N	\N	\N	182	\N	t	2016-12-26 17:01:15.748-04:30	2016-12-26 17:01:15.748-04:30
155	Player 10	DALLAS TEXANS	\N	1999-03-10	\N	1	\N	\N	\N	\N	\N	\N	\N	188	\N	t	2016-12-26 17:01:15.749-04:30	2016-12-26 17:01:15.749-04:30
156	Player 15	DALLAS TEXANS	\N	1999-03-15	\N	1	\N	\N	\N	\N	\N	\N	\N	193	\N	t	2016-12-26 17:01:15.75-04:30	2016-12-26 17:01:15.75-04:30
157	Player 20	DALLAS TEXANS	\N	1999-03-20	\N	1	\N	\N	\N	\N	\N	\N	\N	198	\N	t	2016-12-26 17:01:15.751-04:30	2016-12-26 17:01:15.751-04:30
158	Player 25	DALLAS TEXANS	\N	1999-03-25	\N	1	\N	\N	\N	\N	\N	\N	\N	203	\N	t	2016-12-26 17:01:15.752-04:30	2016-12-26 17:01:15.752-04:30
159	Player 4	CHARGERS SC	\N	1999-03-04	\N	1	\N	\N	\N	\N	\N	\N	\N	157	\N	t	2016-12-26 16:59:56.382-04:30	2016-12-26 16:59:56.382-04:30
160	Player 10	CHARGERS SC	\N	1999-03-10	\N	1	\N	\N	\N	\N	\N	\N	\N	163	\N	t	2016-12-26 16:59:56.384-04:30	2016-12-26 16:59:56.384-04:30
161	Player 13	CHARGERS SC	\N	1999-03-13	\N	1	\N	\N	\N	\N	\N	\N	\N	166	\N	t	2016-12-26 16:59:56.385-04:30	2016-12-26 16:59:56.385-04:30
162	Player 18	CHARGERS SC	\N	1999-03-18	\N	1	\N	\N	\N	\N	\N	\N	\N	171	\N	t	2016-12-26 16:59:56.386-04:30	2016-12-26 16:59:56.386-04:30
163	Player 23	CHARGERS SC	\N	1999-03-23	\N	1	\N	\N	\N	\N	\N	\N	\N	176	\N	t	2016-12-26 16:59:56.387-04:30	2016-12-26 16:59:56.387-04:30
164	Player 1	DALLAS TEXANS	\N	1999-03-01	\N	1	\N	\N	\N	\N	\N	\N	\N	179	\N	t	2016-12-26 17:01:15.747-04:30	2016-12-26 17:01:15.747-04:30
165	Player 6	DALLAS TEXANS	\N	1999-03-06	\N	1	\N	\N	\N	\N	\N	\N	\N	184	\N	t	2016-12-26 17:01:15.748-04:30	2016-12-26 17:01:15.748-04:30
166	Player 11	DALLAS TEXANS	\N	1999-03-11	\N	1	\N	\N	\N	\N	\N	\N	\N	189	\N	t	2016-12-26 17:01:15.749-04:30	2016-12-26 17:01:15.749-04:30
167	Player 16	DALLAS TEXANS	\N	1999-03-16	\N	1	\N	\N	\N	\N	\N	\N	\N	194	\N	t	2016-12-26 17:01:15.75-04:30	2016-12-26 17:01:15.75-04:30
168	Player 21	DALLAS TEXANS	\N	1999-03-21	\N	1	\N	\N	\N	\N	\N	\N	\N	199	\N	t	2016-12-26 17:01:15.751-04:30	2016-12-26 17:01:15.751-04:30
169	Player 5	CHARGERS SC	\N	1999-03-05	\N	1	\N	\N	\N	\N	\N	\N	\N	158	\N	t	2016-12-26 16:59:56.382-04:30	2016-12-26 16:59:56.382-04:30
170	Player 7	CHARGERS SC	\N	1999-03-07	\N	1	\N	\N	\N	\N	\N	\N	\N	160	\N	t	2016-12-26 16:59:56.382-04:30	2016-12-26 16:59:56.382-04:30
171	Player 12	CHARGERS SC	\N	1999-03-12	\N	1	\N	\N	\N	\N	\N	\N	\N	165	\N	t	2016-12-26 16:59:56.385-04:30	2016-12-26 16:59:56.385-04:30
172	Player 17	CHARGERS SC	\N	1999-03-17	\N	1	\N	\N	\N	\N	\N	\N	\N	170	\N	t	2016-12-26 16:59:56.386-04:30	2016-12-26 16:59:56.386-04:30
173	Player 22	CHARGERS SC	\N	1999-03-22	\N	1	\N	\N	\N	\N	\N	\N	\N	175	\N	t	2016-12-26 16:59:56.387-04:30	2016-12-26 16:59:56.387-04:30
174	Player 5	DALLAS TEXANS	\N	1999-03-05	\N	1	\N	\N	\N	\N	\N	\N	\N	183	\N	t	2016-12-26 17:01:15.748-04:30	2016-12-26 17:01:15.748-04:30
175	Player 7	DALLAS TEXANS	\N	1999-03-07	\N	1	\N	\N	\N	\N	\N	\N	\N	185	\N	t	2016-12-26 17:01:15.748-04:30	2016-12-26 17:01:15.748-04:30
176	Player 13	DALLAS TEXANS	\N	1999-03-13	\N	1	\N	\N	\N	\N	\N	\N	\N	191	\N	t	2016-12-26 17:01:15.749-04:30	2016-12-26 17:01:15.749-04:30
177	Player 18	DALLAS TEXANS	\N	1999-03-18	\N	1	\N	\N	\N	\N	\N	\N	\N	196	\N	t	2016-12-26 17:01:15.751-04:30	2016-12-26 17:01:15.751-04:30
178	Player 23	DALLAS TEXANS	\N	1999-03-23	\N	1	\N	\N	\N	\N	\N	\N	\N	201	\N	t	2016-12-26 17:01:15.751-04:30	2016-12-26 17:01:15.751-04:30
179	Player 6	CHARGERS SC	\N	1999-03-06	\N	1	\N	\N	\N	\N	\N	\N	\N	159	\N	t	2016-12-26 16:59:56.382-04:30	2016-12-26 16:59:56.382-04:30
180	Player 11	CHARGERS SC	\N	1999-03-11	\N	1	\N	\N	\N	\N	\N	\N	\N	164	\N	t	2016-12-26 16:59:56.384-04:30	2016-12-26 16:59:56.384-04:30
181	Player 16	CHARGERS SC	\N	1999-03-16	\N	1	\N	\N	\N	\N	\N	\N	\N	169	\N	t	2016-12-26 16:59:56.386-04:30	2016-12-26 16:59:56.386-04:30
182	Player 21	CHARGERS SC	\N	1999-03-21	\N	1	\N	\N	\N	\N	\N	\N	\N	174	\N	t	2016-12-26 16:59:56.387-04:30	2016-12-26 16:59:56.387-04:30
183	Player 3	DALLAS TEXANS	\N	1999-03-03	\N	1	\N	\N	\N	\N	\N	\N	\N	181	\N	t	2016-12-26 17:01:15.748-04:30	2016-12-26 17:01:15.748-04:30
184	Player 8	DALLAS TEXANS	\N	1999-03-08	\N	1	\N	\N	\N	\N	\N	\N	\N	186	\N	t	2016-12-26 17:01:15.749-04:30	2016-12-26 17:01:15.749-04:30
185	Player 14	DALLAS TEXANS	\N	1999-03-14	\N	1	\N	\N	\N	\N	\N	\N	\N	192	\N	t	2016-12-26 17:01:15.75-04:30	2016-12-26 17:01:15.75-04:30
186	Player 19	DALLAS TEXANS	\N	1999-03-19	\N	1	\N	\N	\N	\N	\N	\N	\N	197	\N	t	2016-12-26 17:01:15.751-04:30	2016-12-26 17:01:15.751-04:30
187	Player 24	DALLAS TEXANS	\N	1999-03-24	\N	1	\N	\N	\N	\N	\N	\N	\N	202	\N	t	2016-12-26 17:01:15.752-04:30	2016-12-26 17:01:15.752-04:30
188	Player 9	CHARGERS SC	\N	1999-03-09	\N	1	\N	\N	\N	\N	\N	\N	\N	162	\N	t	2016-12-26 16:59:56.383-04:30	2016-12-26 16:59:56.383-04:30
189	Player 15	CHARGERS SC	\N	1999-03-15	\N	1	\N	\N	\N	\N	\N	\N	\N	168	\N	t	2016-12-26 16:59:56.385-04:30	2016-12-26 16:59:56.385-04:30
190	Player 20	CHARGERS SC	\N	1999-03-20	\N	1	\N	\N	\N	\N	\N	\N	\N	173	\N	t	2016-12-26 16:59:56.386-04:30	2016-12-26 16:59:56.386-04:30
191	Player 25	CHARGERS SC	\N	1999-03-25	\N	1	\N	\N	\N	\N	\N	\N	\N	178	\N	t	2016-12-26 16:59:56.388-04:30	2016-12-26 16:59:56.388-04:30
192	Player 2	DALLAS TEXANS	\N	1999-03-02	\N	1	\N	\N	\N	\N	\N	\N	\N	180	\N	t	2016-12-26 17:01:15.747-04:30	2016-12-26 17:01:15.747-04:30
193	Player 9	DALLAS TEXANS	\N	1999-03-09	\N	1	\N	\N	\N	\N	\N	\N	\N	187	\N	t	2016-12-26 17:01:15.749-04:30	2016-12-26 17:01:15.749-04:30
194	Player 12	DALLAS TEXANS	\N	1999-03-12	\N	1	\N	\N	\N	\N	\N	\N	\N	190	\N	t	2016-12-26 17:01:15.749-04:30	2016-12-26 17:01:15.749-04:30
195	Player 17	DALLAS TEXANS	\N	1999-03-17	\N	1	\N	\N	\N	\N	\N	\N	\N	195	\N	t	2016-12-26 17:01:15.75-04:30	2016-12-26 17:01:15.75-04:30
196	Player 22	DALLAS TEXANS	\N	1999-03-22	\N	1	\N	\N	\N	\N	\N	\N	\N	200	\N	t	2016-12-26 17:01:15.751-04:30	2016-12-26 17:01:15.751-04:30
197	Player 1	AS ROMA PRIMAVERA	\N	1999-03-01	\N	1	\N	\N	\N	\N	\N	\N	\N	204	\N	t	2016-12-26 17:05:09.218-04:30	2016-12-26 17:05:09.218-04:30
198	Player 2	AS ROMA PRIMAVERA	\N	1999-03-02	\N	1	\N	\N	\N	\N	\N	\N	\N	205	\N	t	2016-12-26 17:05:09.218-04:30	2016-12-26 17:05:09.218-04:30
199	Player 3	AS ROMA PRIMAVERA	\N	1999-03-03	\N	1	\N	\N	\N	\N	\N	\N	\N	206	\N	t	2016-12-26 17:05:09.219-04:30	2016-12-26 17:05:09.219-04:30
200	Player 4	AS ROMA PRIMAVERA	\N	1999-03-04	\N	1	\N	\N	\N	\N	\N	\N	\N	207	\N	t	2016-12-26 17:05:09.219-04:30	2016-12-26 17:05:09.219-04:30
201	Player 6	AS ROMA PRIMAVERA	\N	1999-03-06	\N	1	\N	\N	\N	\N	\N	\N	\N	208	\N	t	2016-12-26 17:05:09.219-04:30	2016-12-26 17:05:09.219-04:30
202	Player 5	AS ROMA PRIMAVERA	\N	1999-03-05	\N	1	\N	\N	\N	\N	\N	\N	\N	209	\N	t	2016-12-26 17:05:09.219-04:30	2016-12-26 17:05:09.219-04:30
203	Player 7	AS ROMA PRIMAVERA	\N	1999-03-07	\N	1	\N	\N	\N	\N	\N	\N	\N	210	\N	t	2016-12-26 17:05:09.22-04:30	2016-12-26 17:05:09.22-04:30
204	Player 8	AS ROMA PRIMAVERA	\N	1999-03-08	\N	1	\N	\N	\N	\N	\N	\N	\N	211	\N	t	2016-12-26 17:05:09.22-04:30	2016-12-26 17:05:09.22-04:30
205	Player 9	AS ROMA PRIMAVERA	\N	1999-03-09	\N	1	\N	\N	\N	\N	\N	\N	\N	212	\N	t	2016-12-26 17:05:09.22-04:30	2016-12-26 17:05:09.22-04:30
206	Player 10	AS ROMA PRIMAVERA	\N	1999-03-10	\N	1	\N	\N	\N	\N	\N	\N	\N	213	\N	t	2016-12-26 17:05:09.22-04:30	2016-12-26 17:05:09.22-04:30
207	Player 11	AS ROMA PRIMAVERA	\N	1999-03-11	\N	1	\N	\N	\N	\N	\N	\N	\N	214	\N	t	2016-12-26 17:05:09.221-04:30	2016-12-26 17:05:09.221-04:30
208	Player 12	AS ROMA PRIMAVERA	\N	1999-03-12	\N	1	\N	\N	\N	\N	\N	\N	\N	215	\N	t	2016-12-26 17:05:09.221-04:30	2016-12-26 17:05:09.221-04:30
209	Player 13	AS ROMA PRIMAVERA	\N	1999-03-13	\N	1	\N	\N	\N	\N	\N	\N	\N	216	\N	t	2016-12-26 17:05:09.221-04:30	2016-12-26 17:05:09.221-04:30
210	Player 14	AS ROMA PRIMAVERA	\N	1999-03-14	\N	1	\N	\N	\N	\N	\N	\N	\N	217	\N	t	2016-12-26 17:05:09.222-04:30	2016-12-26 17:05:09.222-04:30
211	Player 15	AS ROMA PRIMAVERA	\N	1999-03-15	\N	1	\N	\N	\N	\N	\N	\N	\N	218	\N	t	2016-12-26 17:05:09.222-04:30	2016-12-26 17:05:09.222-04:30
212	Player 16	AS ROMA PRIMAVERA	\N	1999-03-16	\N	1	\N	\N	\N	\N	\N	\N	\N	219	\N	t	2016-12-26 17:05:09.222-04:30	2016-12-26 17:05:09.222-04:30
213	Player 17	AS ROMA PRIMAVERA	\N	1999-03-17	\N	1	\N	\N	\N	\N	\N	\N	\N	220	\N	t	2016-12-26 17:05:09.222-04:30	2016-12-26 17:05:09.222-04:30
214	Player 18	AS ROMA PRIMAVERA	\N	1999-03-18	\N	1	\N	\N	\N	\N	\N	\N	\N	221	\N	t	2016-12-26 17:05:09.222-04:30	2016-12-26 17:05:09.222-04:30
215	Player 19	AS ROMA PRIMAVERA	\N	1999-03-19	\N	1	\N	\N	\N	\N	\N	\N	\N	222	\N	t	2016-12-26 17:05:09.223-04:30	2016-12-26 17:05:09.223-04:30
216	Player 20	AS ROMA PRIMAVERA	\N	1999-03-20	\N	1	\N	\N	\N	\N	\N	\N	\N	223	\N	t	2016-12-26 17:05:09.223-04:30	2016-12-26 17:05:09.223-04:30
217	Player 21	AS ROMA PRIMAVERA	\N	1999-03-21	\N	1	\N	\N	\N	\N	\N	\N	\N	224	\N	t	2016-12-26 17:05:09.223-04:30	2016-12-26 17:05:09.223-04:30
218	Player 22	AS ROMA PRIMAVERA	\N	1999-03-22	\N	1	\N	\N	\N	\N	\N	\N	\N	225	\N	t	2016-12-26 17:05:09.223-04:30	2016-12-26 17:05:09.223-04:30
219	Player 23	AS ROMA PRIMAVERA	\N	1999-03-23	\N	1	\N	\N	\N	\N	\N	\N	\N	226	\N	t	2016-12-26 17:05:09.224-04:30	2016-12-26 17:05:09.224-04:30
220	Player 24	AS ROMA PRIMAVERA	\N	1999-03-24	\N	1	\N	\N	\N	\N	\N	\N	\N	227	\N	t	2016-12-26 17:05:09.225-04:30	2016-12-26 17:05:09.225-04:30
221	Player 25	AS ROMA PRIMAVERA	\N	1999-03-25	\N	1	\N	\N	\N	\N	\N	\N	\N	228	\N	t	2016-12-26 17:05:09.225-04:30	2016-12-26 17:05:09.225-04:30
222	Juan	VidaL	\N	1998-08-07	\N	1	\N	\N	\N	https://somosport-s3.s3.amazonaws.com/image.jpg	\N	\N	\N	229	\N	t	2016-12-27 12:27:11.747-04:30	2016-12-27 12:27:11.747-04:30
223	Player 26	SOLAR SC CHELSEA	\N	1999-03-01	\N	1	\N	\N	\N	\N	\N	\N	\N	230	\N	t	2016-12-27 14:07:02.565-04:30	2016-12-27 14:07:02.565-04:30
224	Player 27	SOLAR SC CHELSEA	\N	1999-03-02	\N	1	\N	\N	\N	\N	\N	\N	\N	231	\N	t	2016-12-27 14:07:02.566-04:30	2016-12-27 14:07:02.566-04:30
225	Player 28	SOLAR SC CHELSEA	\N	1999-03-03	\N	1	\N	\N	\N	\N	\N	\N	\N	232	\N	t	2016-12-27 14:07:02.566-04:30	2016-12-27 14:07:02.566-04:30
226	Player 29	SOLAR SC CHELSEA	\N	1999-03-04	\N	1	\N	\N	\N	\N	\N	\N	\N	233	\N	t	2016-12-27 14:07:02.566-04:30	2016-12-27 14:07:02.566-04:30
227	Player 30	SOLAR SC CHELSEA	\N	1999-03-05	\N	1	\N	\N	\N	\N	\N	\N	\N	234	\N	t	2016-12-27 14:07:02.567-04:30	2016-12-27 14:07:02.567-04:30
228	Player 31	SOLAR SC CHELSEA	\N	1999-03-06	\N	1	\N	\N	\N	\N	\N	\N	\N	235	\N	t	2016-12-27 14:07:02.567-04:30	2016-12-27 14:07:02.567-04:30
229	Player 32	SOLAR SC CHELSEA	\N	1999-03-07	\N	1	\N	\N	\N	\N	\N	\N	\N	236	\N	t	2016-12-27 14:07:02.567-04:30	2016-12-27 14:07:02.567-04:30
230	Player 33	SOLAR SC CHELSEA	\N	1999-03-08	\N	1	\N	\N	\N	\N	\N	\N	\N	237	\N	t	2016-12-27 14:07:02.568-04:30	2016-12-27 14:07:02.568-04:30
231	Player 34	SOLAR SC CHELSEA	\N	1999-03-09	\N	1	\N	\N	\N	\N	\N	\N	\N	238	\N	t	2016-12-27 14:07:02.568-04:30	2016-12-27 14:07:02.568-04:30
232	Player 35	SOLAR SC CHELSEA	\N	1999-03-10	\N	1	\N	\N	\N	\N	\N	\N	\N	239	\N	t	2016-12-27 14:07:02.57-04:30	2016-12-27 14:07:02.57-04:30
233	Player 36	SOLAR SC CHELSEA	\N	1999-03-11	\N	1	\N	\N	\N	\N	\N	\N	\N	240	\N	t	2016-12-27 14:07:02.57-04:30	2016-12-27 14:07:02.57-04:30
234	Player 37	SOLAR SC CHELSEA	\N	1999-03-12	\N	1	\N	\N	\N	\N	\N	\N	\N	241	\N	t	2016-12-27 14:07:02.57-04:30	2016-12-27 14:07:02.57-04:30
235	Player 38	SOLAR SC CHELSEA	\N	1999-03-13	\N	1	\N	\N	\N	\N	\N	\N	\N	242	\N	t	2016-12-27 14:07:02.57-04:30	2016-12-27 14:07:02.57-04:30
236	Player 39	SOLAR SC CHELSEA	\N	1999-03-14	\N	1	\N	\N	\N	\N	\N	\N	\N	243	\N	t	2016-12-27 14:07:02.571-04:30	2016-12-27 14:07:02.571-04:30
237	Player 40	SOLAR SC CHELSEA	\N	1999-03-15	\N	1	\N	\N	\N	\N	\N	\N	\N	244	\N	t	2016-12-27 14:07:02.571-04:30	2016-12-27 14:07:02.571-04:30
238	Player 41	SOLAR SC CHELSEA	\N	1999-03-16	\N	1	\N	\N	\N	\N	\N	\N	\N	245	\N	t	2016-12-27 14:07:02.572-04:30	2016-12-27 14:07:02.572-04:30
239	Player 42	SOLAR SC CHELSEA	\N	1999-03-17	\N	1	\N	\N	\N	\N	\N	\N	\N	246	\N	t	2016-12-27 14:07:02.572-04:30	2016-12-27 14:07:02.572-04:30
240	Player 43	SOLAR SC CHELSEA	\N	1999-03-18	\N	1	\N	\N	\N	\N	\N	\N	\N	247	\N	t	2016-12-27 14:07:02.573-04:30	2016-12-27 14:07:02.573-04:30
241	Player 44	SOLAR SC CHELSEA	\N	1999-03-19	\N	1	\N	\N	\N	\N	\N	\N	\N	248	\N	t	2016-12-27 14:07:02.573-04:30	2016-12-27 14:07:02.573-04:30
242	Player 45	SOLAR SC CHELSEA	\N	1999-03-20	\N	1	\N	\N	\N	\N	\N	\N	\N	249	\N	t	2016-12-27 14:07:02.573-04:30	2016-12-27 14:07:02.573-04:30
243	Player 46	SOLAR SC CHELSEA	\N	1999-03-21	\N	1	\N	\N	\N	\N	\N	\N	\N	250	\N	t	2016-12-27 14:07:02.573-04:30	2016-12-27 14:07:02.573-04:30
244	Player 47	SOLAR SC CHELSEA	\N	1999-03-22	\N	1	\N	\N	\N	\N	\N	\N	\N	251	\N	t	2016-12-27 14:07:02.574-04:30	2016-12-27 14:07:02.574-04:30
245	Player 48	SOLAR SC CHELSEA	\N	1999-03-23	\N	1	\N	\N	\N	\N	\N	\N	\N	252	\N	t	2016-12-27 14:07:02.575-04:30	2016-12-27 14:07:02.575-04:30
246	Player 49	SOLAR SC CHELSEA	\N	1999-03-24	\N	1	\N	\N	\N	\N	\N	\N	\N	253	\N	t	2016-12-27 14:07:02.575-04:30	2016-12-27 14:07:02.575-04:30
247	Player 50	SOLAR SC CHELSEA	\N	1999-03-25	\N	1	\N	\N	\N	\N	\N	\N	\N	254	\N	t	2016-12-27 14:07:02.575-04:30	2016-12-27 14:07:02.575-04:30
248	Player 26	BOCA UNITED ACADEMY	\N	1999-03-01	\N	1	\N	\N	\N	\N	\N	\N	\N	255	\N	t	2016-12-27 14:08:05.102-04:30	2016-12-27 14:08:05.102-04:30
249	Player 27	BOCA UNITED ACADEMY	\N	1999-03-02	\N	1	\N	\N	\N	\N	\N	\N	\N	256	\N	t	2016-12-27 14:08:05.102-04:30	2016-12-27 14:08:05.102-04:30
250	Player 28	BOCA UNITED ACADEMY	\N	1999-03-03	\N	1	\N	\N	\N	\N	\N	\N	\N	257	\N	t	2016-12-27 14:08:05.103-04:30	2016-12-27 14:08:05.103-04:30
251	Player 29	BOCA UNITED ACADEMY	\N	1999-03-04	\N	1	\N	\N	\N	\N	\N	\N	\N	258	\N	t	2016-12-27 14:08:05.103-04:30	2016-12-27 14:08:05.103-04:30
252	Player 30	BOCA UNITED ACADEMY	\N	1999-03-05	\N	1	\N	\N	\N	\N	\N	\N	\N	259	\N	t	2016-12-27 14:08:05.103-04:30	2016-12-27 14:08:05.103-04:30
253	Player 31	BOCA UNITED ACADEMY	\N	1999-03-06	\N	1	\N	\N	\N	\N	\N	\N	\N	260	\N	t	2016-12-27 14:08:05.104-04:30	2016-12-27 14:08:05.104-04:30
254	Player 32	BOCA UNITED ACADEMY	\N	1999-03-07	\N	1	\N	\N	\N	\N	\N	\N	\N	261	\N	t	2016-12-27 14:08:05.104-04:30	2016-12-27 14:08:05.104-04:30
255	Player 33	BOCA UNITED ACADEMY	\N	1999-03-08	\N	1	\N	\N	\N	\N	\N	\N	\N	262	\N	t	2016-12-27 14:08:05.104-04:30	2016-12-27 14:08:05.104-04:30
256	Player 34	BOCA UNITED ACADEMY	\N	1999-03-09	\N	1	\N	\N	\N	\N	\N	\N	\N	263	\N	t	2016-12-27 14:08:05.104-04:30	2016-12-27 14:08:05.104-04:30
257	Player 35	BOCA UNITED ACADEMY	\N	1999-03-10	\N	1	\N	\N	\N	\N	\N	\N	\N	264	\N	t	2016-12-27 14:08:05.105-04:30	2016-12-27 14:08:05.105-04:30
258	Player 36	BOCA UNITED ACADEMY	\N	1999-03-11	\N	1	\N	\N	\N	\N	\N	\N	\N	265	\N	t	2016-12-27 14:08:05.105-04:30	2016-12-27 14:08:05.105-04:30
259	Player 37	BOCA UNITED ACADEMY	\N	1999-03-12	\N	1	\N	\N	\N	\N	\N	\N	\N	266	\N	t	2016-12-27 14:08:05.107-04:30	2016-12-27 14:08:05.107-04:30
260	Player 38	BOCA UNITED ACADEMY	\N	1999-03-13	\N	1	\N	\N	\N	\N	\N	\N	\N	267	\N	t	2016-12-27 14:08:05.107-04:30	2016-12-27 14:08:05.107-04:30
261	Player 39	BOCA UNITED ACADEMY	\N	1999-03-14	\N	1	\N	\N	\N	\N	\N	\N	\N	268	\N	t	2016-12-27 14:08:05.107-04:30	2016-12-27 14:08:05.107-04:30
262	Player 40	BOCA UNITED ACADEMY	\N	1999-03-15	\N	1	\N	\N	\N	\N	\N	\N	\N	269	\N	t	2016-12-27 14:08:05.108-04:30	2016-12-27 14:08:05.108-04:30
263	Player 41	BOCA UNITED ACADEMY	\N	1999-03-16	\N	1	\N	\N	\N	\N	\N	\N	\N	270	\N	t	2016-12-27 14:08:05.113-04:30	2016-12-27 14:08:05.113-04:30
264	Player 42	BOCA UNITED ACADEMY	\N	1999-03-17	\N	1	\N	\N	\N	\N	\N	\N	\N	271	\N	t	2016-12-27 14:08:05.113-04:30	2016-12-27 14:08:05.113-04:30
265	Player 49	BOCA UNITED ACADEMY	\N	1999-03-24	\N	1	\N	\N	\N	\N	\N	\N	\N	278	\N	t	2016-12-27 14:08:05.115-04:30	2016-12-27 14:08:05.115-04:30
266	Player 26	SIMA GOLD	\N	1999-03-01	\N	1	\N	\N	\N	\N	\N	\N	\N	280	\N	t	2016-12-27 14:08:40.415-04:30	2016-12-27 14:08:40.415-04:30
267	Player 31	SIMA GOLD	\N	1999-03-06	\N	1	\N	\N	\N	\N	\N	\N	\N	285	\N	t	2016-12-27 14:08:40.417-04:30	2016-12-27 14:08:40.417-04:30
268	Player 36	SIMA GOLD	\N	1999-03-11	\N	1	\N	\N	\N	\N	\N	\N	\N	290	\N	t	2016-12-27 14:08:40.418-04:30	2016-12-27 14:08:40.418-04:30
269	Player 41	SIMA GOLD	\N	1999-03-16	\N	1	\N	\N	\N	\N	\N	\N	\N	295	\N	t	2016-12-27 14:08:40.419-04:30	2016-12-27 14:08:40.419-04:30
270	Player 45	SIMA GOLD	\N	1999-03-20	\N	1	\N	\N	\N	\N	\N	\N	\N	299	\N	t	2016-12-27 14:08:40.42-04:30	2016-12-27 14:08:40.42-04:30
271	Player 50	SIMA GOLD	\N	1999-03-25	\N	1	\N	\N	\N	\N	\N	\N	\N	304	\N	t	2016-12-27 14:08:40.421-04:30	2016-12-27 14:08:40.421-04:30
272	Player 29	AS ROMA PRIMAVERA	\N	1999-03-04	\N	1	\N	\N	\N	\N	\N	\N	\N	308	\N	t	2016-12-27 14:09:12.085-04:30	2016-12-27 14:09:12.085-04:30
273	Player 32	AS ROMA PRIMAVERA	\N	1999-03-07	\N	1	\N	\N	\N	\N	\N	\N	\N	311	\N	t	2016-12-27 14:09:12.086-04:30	2016-12-27 14:09:12.086-04:30
274	Player 37	AS ROMA PRIMAVERA	\N	1999-03-12	\N	1	\N	\N	\N	\N	\N	\N	\N	316	\N	t	2016-12-27 14:09:12.096-04:30	2016-12-27 14:09:12.096-04:30
275	Player 42	AS ROMA PRIMAVERA	\N	1999-03-17	\N	1	\N	\N	\N	\N	\N	\N	\N	321	\N	t	2016-12-27 14:09:12.097-04:30	2016-12-27 14:09:12.097-04:30
276	Player 47	AS ROMA PRIMAVERA	\N	1999-03-22	\N	1	\N	\N	\N	\N	\N	\N	\N	326	\N	t	2016-12-27 14:09:12.099-04:30	2016-12-27 14:09:12.099-04:30
277	Player 28	CONCORDE FIRE	\N	1999-03-03	\N	1	\N	\N	\N	\N	\N	\N	\N	332	\N	t	2016-12-27 14:09:50.548-04:30	2016-12-27 14:09:50.548-04:30
278	Player 34	CONCORDE FIRE	\N	1999-03-09	\N	1	\N	\N	\N	\N	\N	\N	\N	338	\N	t	2016-12-27 14:09:50.55-04:30	2016-12-27 14:09:50.55-04:30
279	Player 39	CONCORDE FIRE	\N	1999-03-14	\N	1	\N	\N	\N	\N	\N	\N	\N	343	\N	t	2016-12-27 14:09:50.574-04:30	2016-12-27 14:09:50.574-04:30
280	Player 44	CONCORDE FIRE	\N	1999-03-19	\N	1	\N	\N	\N	\N	\N	\N	\N	348	\N	t	2016-12-27 14:09:50.576-04:30	2016-12-27 14:09:50.576-04:30
281	Player 50	CONCORDE FIRE	\N	1999-03-25	\N	1	\N	\N	\N	\N	\N	\N	\N	354	\N	t	2016-12-27 14:09:50.578-04:30	2016-12-27 14:09:50.578-04:30
282	Player 43	BOCA UNITED ACADEMY	\N	1999-03-18	\N	1	\N	\N	\N	\N	\N	\N	\N	272	\N	t	2016-12-27 14:08:05.113-04:30	2016-12-27 14:08:05.113-04:30
283	Player 50	BOCA UNITED ACADEMY	\N	1999-03-25	\N	1	\N	\N	\N	\N	\N	\N	\N	279	\N	t	2016-12-27 14:08:05.115-04:30	2016-12-27 14:08:05.115-04:30
284	Player 28	SIMA GOLD	\N	1999-03-03	\N	1	\N	\N	\N	\N	\N	\N	\N	282	\N	t	2016-12-27 14:08:40.416-04:30	2016-12-27 14:08:40.416-04:30
285	Player 32	SIMA GOLD	\N	1999-03-07	\N	1	\N	\N	\N	\N	\N	\N	\N	286	\N	t	2016-12-27 14:08:40.417-04:30	2016-12-27 14:08:40.417-04:30
286	Player 40	SIMA GOLD	\N	1999-03-15	\N	1	\N	\N	\N	\N	\N	\N	\N	294	\N	t	2016-12-27 14:08:40.419-04:30	2016-12-27 14:08:40.419-04:30
287	Player 46	SIMA GOLD	\N	1999-03-21	\N	1	\N	\N	\N	\N	\N	\N	\N	300	\N	t	2016-12-27 14:08:40.42-04:30	2016-12-27 14:08:40.42-04:30
288	Player 30	AS ROMA PRIMAVERA	\N	1999-03-05	\N	1	\N	\N	\N	\N	\N	\N	\N	309	\N	t	2016-12-27 14:09:12.086-04:30	2016-12-27 14:09:12.086-04:30
289	Player 33	AS ROMA PRIMAVERA	\N	1999-03-08	\N	1	\N	\N	\N	\N	\N	\N	\N	312	\N	t	2016-12-27 14:09:12.093-04:30	2016-12-27 14:09:12.093-04:30
290	Player 41	AS ROMA PRIMAVERA	\N	1999-03-16	\N	1	\N	\N	\N	\N	\N	\N	\N	320	\N	t	2016-12-27 14:09:12.097-04:30	2016-12-27 14:09:12.097-04:30
291	Player 46	AS ROMA PRIMAVERA	\N	1999-03-21	\N	1	\N	\N	\N	\N	\N	\N	\N	325	\N	t	2016-12-27 14:09:12.098-04:30	2016-12-27 14:09:12.098-04:30
292	Player 50	AS ROMA PRIMAVERA	\N	1999-03-25	\N	1	\N	\N	\N	\N	\N	\N	\N	329	\N	t	2016-12-27 14:09:12.099-04:30	2016-12-27 14:09:12.099-04:30
293	Player 26	CONCORDE FIRE	\N	1999-03-01	\N	1	\N	\N	\N	\N	\N	\N	\N	330	\N	t	2016-12-27 14:09:50.547-04:30	2016-12-27 14:09:50.547-04:30
294	Player 31	CONCORDE FIRE	\N	1999-03-06	\N	1	\N	\N	\N	\N	\N	\N	\N	335	\N	t	2016-12-27 14:09:50.549-04:30	2016-12-27 14:09:50.549-04:30
295	Player 36	CONCORDE FIRE	\N	1999-03-11	\N	1	\N	\N	\N	\N	\N	\N	\N	340	\N	t	2016-12-27 14:09:50.574-04:30	2016-12-27 14:09:50.574-04:30
296	Player 41	CONCORDE FIRE	\N	1999-03-16	\N	1	\N	\N	\N	\N	\N	\N	\N	345	\N	t	2016-12-27 14:09:50.575-04:30	2016-12-27 14:09:50.575-04:30
297	Player 46	CONCORDE FIRE	\N	1999-03-21	\N	1	\N	\N	\N	\N	\N	\N	\N	350	\N	t	2016-12-27 14:09:50.577-04:30	2016-12-27 14:09:50.577-04:30
298	Player 44	BOCA UNITED ACADEMY	\N	1999-03-19	\N	1	\N	\N	\N	\N	\N	\N	\N	273	\N	t	2016-12-27 14:08:05.113-04:30	2016-12-27 14:08:05.113-04:30
299	Player 47	BOCA UNITED ACADEMY	\N	1999-03-22	\N	1	\N	\N	\N	\N	\N	\N	\N	276	\N	t	2016-12-27 14:08:05.114-04:30	2016-12-27 14:08:05.114-04:30
300	Player 29	SIMA GOLD	\N	1999-03-04	\N	1	\N	\N	\N	\N	\N	\N	\N	283	\N	t	2016-12-27 14:08:40.416-04:30	2016-12-27 14:08:40.416-04:30
301	Player 34	SIMA GOLD	\N	1999-03-09	\N	1	\N	\N	\N	\N	\N	\N	\N	288	\N	t	2016-12-27 14:08:40.417-04:30	2016-12-27 14:08:40.417-04:30
303	Player 42	SIMA GOLD	\N	1999-03-17	\N	1	\N	\N	\N	\N	\N	\N	\N	296	\N	t	2016-12-27 14:08:40.419-04:30	2016-12-27 14:08:40.419-04:30
304	Player 47	SIMA GOLD	\N	1999-03-22	\N	1	\N	\N	\N	\N	\N	\N	\N	301	\N	t	2016-12-27 14:08:40.42-04:30	2016-12-27 14:08:40.42-04:30
305	Player 26	AS ROMA PRIMAVERA	\N	1999-03-01	\N	1	\N	\N	\N	\N	\N	\N	\N	305	\N	t	2016-12-27 14:09:12.084-04:30	2016-12-27 14:09:12.084-04:30
306	Player 31	AS ROMA PRIMAVERA	\N	1999-03-06	\N	1	\N	\N	\N	\N	\N	\N	\N	310	\N	t	2016-12-27 14:09:12.086-04:30	2016-12-27 14:09:12.086-04:30
307	Player 36	AS ROMA PRIMAVERA	\N	1999-03-11	\N	1	\N	\N	\N	\N	\N	\N	\N	315	\N	t	2016-12-27 14:09:12.095-04:30	2016-12-27 14:09:12.095-04:30
308	Player 38	AS ROMA PRIMAVERA	\N	1999-03-13	\N	1	\N	\N	\N	\N	\N	\N	\N	317	\N	t	2016-12-27 14:09:12.096-04:30	2016-12-27 14:09:12.096-04:30
309	Player 43	AS ROMA PRIMAVERA	\N	1999-03-18	\N	1	\N	\N	\N	\N	\N	\N	\N	322	\N	t	2016-12-27 14:09:12.097-04:30	2016-12-27 14:09:12.097-04:30
310	Player 48	AS ROMA PRIMAVERA	\N	1999-03-23	\N	1	\N	\N	\N	\N	\N	\N	\N	327	\N	t	2016-12-27 14:09:12.099-04:30	2016-12-27 14:09:12.099-04:30
311	Player 27	CONCORDE FIRE	\N	1999-03-02	\N	1	\N	\N	\N	\N	\N	\N	\N	331	\N	t	2016-12-27 14:09:50.547-04:30	2016-12-27 14:09:50.547-04:30
312	Player 33	CONCORDE FIRE	\N	1999-03-08	\N	1	\N	\N	\N	\N	\N	\N	\N	337	\N	t	2016-12-27 14:09:50.55-04:30	2016-12-27 14:09:50.55-04:30
313	Player 37	CONCORDE FIRE	\N	1999-03-12	\N	1	\N	\N	\N	\N	\N	\N	\N	341	\N	t	2016-12-27 14:09:50.574-04:30	2016-12-27 14:09:50.574-04:30
314	Player 42	CONCORDE FIRE	\N	1999-03-17	\N	1	\N	\N	\N	\N	\N	\N	\N	346	\N	t	2016-12-27 14:09:50.576-04:30	2016-12-27 14:09:50.576-04:30
315	Player 47	CONCORDE FIRE	\N	1999-03-22	\N	1	\N	\N	\N	\N	\N	\N	\N	351	\N	t	2016-12-27 14:09:50.577-04:30	2016-12-27 14:09:50.577-04:30
316	Player 45	BOCA UNITED ACADEMY	\N	1999-03-20	\N	1	\N	\N	\N	\N	\N	\N	\N	274	\N	t	2016-12-27 14:08:05.114-04:30	2016-12-27 14:08:05.114-04:30
317	Player 48	BOCA UNITED ACADEMY	\N	1999-03-23	\N	1	\N	\N	\N	\N	\N	\N	\N	277	\N	t	2016-12-27 14:08:05.115-04:30	2016-12-27 14:08:05.115-04:30
318	Player 27	SIMA GOLD	\N	1999-03-02	\N	1	\N	\N	\N	\N	\N	\N	\N	281	\N	t	2016-12-27 14:08:40.416-04:30	2016-12-27 14:08:40.416-04:30
319	Player 33	SIMA GOLD	\N	1999-03-08	\N	1	\N	\N	\N	\N	\N	\N	\N	287	\N	t	2016-12-27 14:08:40.417-04:30	2016-12-27 14:08:40.417-04:30
320	Player 39	SIMA GOLD	\N	1999-03-14	\N	1	\N	\N	\N	\N	\N	\N	\N	293	\N	t	2016-12-27 14:08:40.419-04:30	2016-12-27 14:08:40.419-04:30
321	Player 44	SIMA GOLD	\N	1999-03-19	\N	1	\N	\N	\N	\N	\N	\N	\N	298	\N	t	2016-12-27 14:08:40.42-04:30	2016-12-27 14:08:40.42-04:30
322	Player 49	SIMA GOLD	\N	1999-03-24	\N	1	\N	\N	\N	\N	\N	\N	\N	303	\N	t	2016-12-27 14:08:40.421-04:30	2016-12-27 14:08:40.421-04:30
323	Player 27	AS ROMA PRIMAVERA	\N	1999-03-02	\N	1	\N	\N	\N	\N	\N	\N	\N	306	\N	t	2016-12-27 14:09:12.084-04:30	2016-12-27 14:09:12.084-04:30
324	Player 34	AS ROMA PRIMAVERA	\N	1999-03-09	\N	1	\N	\N	\N	\N	\N	\N	\N	313	\N	t	2016-12-27 14:09:12.094-04:30	2016-12-27 14:09:12.094-04:30
325	Player 39	AS ROMA PRIMAVERA	\N	1999-03-14	\N	1	\N	\N	\N	\N	\N	\N	\N	318	\N	t	2016-12-27 14:09:12.096-04:30	2016-12-27 14:09:12.096-04:30
326	Player 44	AS ROMA PRIMAVERA	\N	1999-03-19	\N	1	\N	\N	\N	\N	\N	\N	\N	323	\N	t	2016-12-27 14:09:12.098-04:30	2016-12-27 14:09:12.098-04:30
327	Player 49	AS ROMA PRIMAVERA	\N	1999-03-24	\N	1	\N	\N	\N	\N	\N	\N	\N	328	\N	t	2016-12-27 14:09:12.099-04:30	2016-12-27 14:09:12.099-04:30
328	Player 29	CONCORDE FIRE	\N	1999-03-04	\N	1	\N	\N	\N	\N	\N	\N	\N	333	\N	t	2016-12-27 14:09:50.548-04:30	2016-12-27 14:09:50.548-04:30
329	Player 32	CONCORDE FIRE	\N	1999-03-07	\N	1	\N	\N	\N	\N	\N	\N	\N	336	\N	t	2016-12-27 14:09:50.549-04:30	2016-12-27 14:09:50.549-04:30
330	Player 40	CONCORDE FIRE	\N	1999-03-15	\N	1	\N	\N	\N	\N	\N	\N	\N	344	\N	t	2016-12-27 14:09:50.575-04:30	2016-12-27 14:09:50.575-04:30
331	Player 45	CONCORDE FIRE	\N	1999-03-20	\N	1	\N	\N	\N	\N	\N	\N	\N	349	\N	t	2016-12-27 14:09:50.577-04:30	2016-12-27 14:09:50.577-04:30
332	Player 49	CONCORDE FIRE	\N	1999-03-24	\N	1	\N	\N	\N	\N	\N	\N	\N	353	\N	t	2016-12-27 14:09:50.578-04:30	2016-12-27 14:09:50.578-04:30
333	Player 46	BOCA UNITED ACADEMY	\N	1999-03-21	\N	1	\N	\N	\N	\N	\N	\N	\N	275	\N	t	2016-12-27 14:08:05.114-04:30	2016-12-27 14:08:05.114-04:30
334	Player 30	SIMA GOLD	\N	1999-03-05	\N	1	\N	\N	\N	\N	\N	\N	\N	284	\N	t	2016-12-27 14:08:40.417-04:30	2016-12-27 14:08:40.417-04:30
335	Player 35	SIMA GOLD	\N	1999-03-10	\N	1	\N	\N	\N	\N	\N	\N	\N	289	\N	t	2016-12-27 14:08:40.417-04:30	2016-12-27 14:08:40.417-04:30
336	Player 38	SIMA GOLD	\N	1999-03-13	\N	1	\N	\N	\N	\N	\N	\N	\N	292	\N	t	2016-12-27 14:08:40.418-04:30	2016-12-27 14:08:40.418-04:30
337	Player 43	SIMA GOLD	\N	1999-03-18	\N	1	\N	\N	\N	\N	\N	\N	\N	297	\N	t	2016-12-27 14:08:40.419-04:30	2016-12-27 14:08:40.419-04:30
338	Player 48	SIMA GOLD	\N	1999-03-23	\N	1	\N	\N	\N	\N	\N	\N	\N	302	\N	t	2016-12-27 14:08:40.42-04:30	2016-12-27 14:08:40.42-04:30
339	Player 28	AS ROMA PRIMAVERA	\N	1999-03-03	\N	1	\N	\N	\N	\N	\N	\N	\N	307	\N	t	2016-12-27 14:09:12.085-04:30	2016-12-27 14:09:12.085-04:30
340	Player 35	AS ROMA PRIMAVERA	\N	1999-03-10	\N	1	\N	\N	\N	\N	\N	\N	\N	314	\N	t	2016-12-27 14:09:12.095-04:30	2016-12-27 14:09:12.095-04:30
341	Player 40	AS ROMA PRIMAVERA	\N	1999-03-15	\N	1	\N	\N	\N	\N	\N	\N	\N	319	\N	t	2016-12-27 14:09:12.096-04:30	2016-12-27 14:09:12.096-04:30
342	Player 45	AS ROMA PRIMAVERA	\N	1999-03-20	\N	1	\N	\N	\N	\N	\N	\N	\N	324	\N	t	2016-12-27 14:09:12.098-04:30	2016-12-27 14:09:12.098-04:30
343	Player 30	CONCORDE FIRE	\N	1999-03-05	\N	1	\N	\N	\N	\N	\N	\N	\N	334	\N	t	2016-12-27 14:09:50.548-04:30	2016-12-27 14:09:50.548-04:30
344	Player 35	CONCORDE FIRE	\N	1999-03-10	\N	1	\N	\N	\N	\N	\N	\N	\N	339	\N	t	2016-12-27 14:09:50.573-04:30	2016-12-27 14:09:50.573-04:30
345	Player 38	CONCORDE FIRE	\N	1999-03-13	\N	1	\N	\N	\N	\N	\N	\N	\N	342	\N	t	2016-12-27 14:09:50.574-04:30	2016-12-27 14:09:50.574-04:30
346	Player 43	CONCORDE FIRE	\N	1999-03-18	\N	1	\N	\N	\N	\N	\N	\N	\N	347	\N	t	2016-12-27 14:09:50.576-04:30	2016-12-27 14:09:50.576-04:30
347	Player 48	CONCORDE FIRE	\N	1999-03-23	\N	1	\N	\N	\N	\N	\N	\N	\N	352	\N	t	2016-12-27 14:09:50.578-04:30	2016-12-27 14:09:50.578-04:30
348	Player 26	CHARGERS SC	\N	1999-03-01	\N	1	\N	\N	\N	\N	\N	\N	\N	355	\N	t	2016-12-27 14:10:25.519-04:30	2016-12-27 14:10:25.519-04:30
349	Player 27	CHARGERS SC	\N	1999-03-02	\N	1	\N	\N	\N	\N	\N	\N	\N	356	\N	t	2016-12-27 14:10:25.52-04:30	2016-12-27 14:10:25.52-04:30
350	Player 28	CHARGERS SC	\N	1999-03-03	\N	1	\N	\N	\N	\N	\N	\N	\N	357	\N	t	2016-12-27 14:10:25.52-04:30	2016-12-27 14:10:25.52-04:30
351	Player 29	CHARGERS SC	\N	1999-03-04	\N	1	\N	\N	\N	\N	\N	\N	\N	358	\N	t	2016-12-27 14:10:25.52-04:30	2016-12-27 14:10:25.52-04:30
352	Player 30	CHARGERS SC	\N	1999-03-05	\N	1	\N	\N	\N	\N	\N	\N	\N	359	\N	t	2016-12-27 14:10:25.521-04:30	2016-12-27 14:10:25.521-04:30
353	Player 31	CHARGERS SC	\N	1999-03-06	\N	1	\N	\N	\N	\N	\N	\N	\N	360	\N	t	2016-12-27 14:10:25.521-04:30	2016-12-27 14:10:25.521-04:30
354	Player 32	CHARGERS SC	\N	1999-03-07	\N	1	\N	\N	\N	\N	\N	\N	\N	361	\N	t	2016-12-27 14:10:25.521-04:30	2016-12-27 14:10:25.521-04:30
355	Player 33	CHARGERS SC	\N	1999-03-08	\N	1	\N	\N	\N	\N	\N	\N	\N	362	\N	t	2016-12-27 14:10:25.521-04:30	2016-12-27 14:10:25.521-04:30
356	Player 34	CHARGERS SC	\N	1999-03-09	\N	1	\N	\N	\N	\N	\N	\N	\N	363	\N	t	2016-12-27 14:10:25.521-04:30	2016-12-27 14:10:25.521-04:30
357	Player 35	CHARGERS SC	\N	1999-03-10	\N	1	\N	\N	\N	\N	\N	\N	\N	364	\N	t	2016-12-27 14:10:25.522-04:30	2016-12-27 14:10:25.522-04:30
358	Player 36	CHARGERS SC	\N	1999-03-11	\N	1	\N	\N	\N	\N	\N	\N	\N	365	\N	t	2016-12-27 14:10:25.522-04:30	2016-12-27 14:10:25.522-04:30
359	Player 37	CHARGERS SC	\N	1999-03-12	\N	1	\N	\N	\N	\N	\N	\N	\N	366	\N	t	2016-12-27 14:10:25.522-04:30	2016-12-27 14:10:25.522-04:30
360	Player 38	CHARGERS SC	\N	1999-03-13	\N	1	\N	\N	\N	\N	\N	\N	\N	367	\N	t	2016-12-27 14:10:25.522-04:30	2016-12-27 14:10:25.522-04:30
361	Player 39	CHARGERS SC	\N	1999-03-14	\N	1	\N	\N	\N	\N	\N	\N	\N	368	\N	t	2016-12-27 14:10:25.523-04:30	2016-12-27 14:10:25.523-04:30
362	Player 40	CHARGERS SC	\N	1999-03-15	\N	1	\N	\N	\N	\N	\N	\N	\N	369	\N	t	2016-12-27 14:10:25.523-04:30	2016-12-27 14:10:25.523-04:30
363	Player 41	CHARGERS SC	\N	1999-03-16	\N	1	\N	\N	\N	\N	\N	\N	\N	370	\N	t	2016-12-27 14:10:25.523-04:30	2016-12-27 14:10:25.523-04:30
364	Player 42	CHARGERS SC	\N	1999-03-17	\N	1	\N	\N	\N	\N	\N	\N	\N	371	\N	t	2016-12-27 14:10:25.523-04:30	2016-12-27 14:10:25.523-04:30
365	Player 43	CHARGERS SC	\N	1999-03-18	\N	1	\N	\N	\N	\N	\N	\N	\N	372	\N	t	2016-12-27 14:10:25.523-04:30	2016-12-27 14:10:25.523-04:30
366	Player 44	CHARGERS SC	\N	1999-03-19	\N	1	\N	\N	\N	\N	\N	\N	\N	373	\N	t	2016-12-27 14:10:25.524-04:30	2016-12-27 14:10:25.524-04:30
367	Player 45	CHARGERS SC	\N	1999-03-20	\N	1	\N	\N	\N	\N	\N	\N	\N	374	\N	t	2016-12-27 14:10:25.524-04:30	2016-12-27 14:10:25.524-04:30
368	Player 46	CHARGERS SC	\N	1999-03-21	\N	1	\N	\N	\N	\N	\N	\N	\N	375	\N	t	2016-12-27 14:10:25.524-04:30	2016-12-27 14:10:25.524-04:30
369	Player 47	CHARGERS SC	\N	1999-03-22	\N	1	\N	\N	\N	\N	\N	\N	\N	376	\N	t	2016-12-27 14:10:25.524-04:30	2016-12-27 14:10:25.524-04:30
370	Player 48	CHARGERS SC	\N	1999-03-23	\N	1	\N	\N	\N	\N	\N	\N	\N	377	\N	t	2016-12-27 14:10:25.525-04:30	2016-12-27 14:10:25.525-04:30
371	Player 49	CHARGERS SC	\N	1999-03-24	\N	1	\N	\N	\N	\N	\N	\N	\N	378	\N	t	2016-12-27 14:10:25.525-04:30	2016-12-27 14:10:25.525-04:30
372	Player 26	DALLAS TEXANS	\N	1999-03-01	\N	1	\N	\N	\N	\N	\N	\N	\N	380	\N	t	2016-12-27 14:11:16.101-04:30	2016-12-27 14:11:16.101-04:30
373	Player 27	DALLAS TEXANS	\N	1999-03-02	\N	1	\N	\N	\N	\N	\N	\N	\N	381	\N	t	2016-12-27 14:11:16.102-04:30	2016-12-27 14:11:16.102-04:30
374	Player 28	DALLAS TEXANS	\N	1999-03-03	\N	1	\N	\N	\N	\N	\N	\N	\N	382	\N	t	2016-12-27 14:11:16.103-04:30	2016-12-27 14:11:16.103-04:30
375	Player 29	DALLAS TEXANS	\N	1999-03-04	\N	1	\N	\N	\N	\N	\N	\N	\N	383	\N	t	2016-12-27 14:11:16.103-04:30	2016-12-27 14:11:16.103-04:30
376	Player 30	DALLAS TEXANS	\N	1999-03-05	\N	1	\N	\N	\N	\N	\N	\N	\N	384	\N	t	2016-12-27 14:11:16.103-04:30	2016-12-27 14:11:16.103-04:30
377	Player 31	DALLAS TEXANS	\N	1999-03-06	\N	1	\N	\N	\N	\N	\N	\N	\N	385	\N	t	2016-12-27 14:11:16.103-04:30	2016-12-27 14:11:16.103-04:30
378	Player 32	DALLAS TEXANS	\N	1999-03-07	\N	1	\N	\N	\N	\N	\N	\N	\N	386	\N	t	2016-12-27 14:11:16.104-04:30	2016-12-27 14:11:16.104-04:30
379	Player 33	DALLAS TEXANS	\N	1999-03-08	\N	1	\N	\N	\N	\N	\N	\N	\N	387	\N	t	2016-12-27 14:11:16.104-04:30	2016-12-27 14:11:16.104-04:30
380	Player 34	DALLAS TEXANS	\N	1999-03-09	\N	1	\N	\N	\N	\N	\N	\N	\N	388	\N	t	2016-12-27 14:11:16.104-04:30	2016-12-27 14:11:16.104-04:30
381	Player 35	DALLAS TEXANS	\N	1999-03-10	\N	1	\N	\N	\N	\N	\N	\N	\N	389	\N	t	2016-12-27 14:11:16.105-04:30	2016-12-27 14:11:16.105-04:30
382	Player 36	DALLAS TEXANS	\N	1999-03-11	\N	1	\N	\N	\N	\N	\N	\N	\N	390	\N	t	2016-12-27 14:11:16.105-04:30	2016-12-27 14:11:16.105-04:30
383	Player 37	DALLAS TEXANS	\N	1999-03-12	\N	1	\N	\N	\N	\N	\N	\N	\N	391	\N	t	2016-12-27 14:11:16.105-04:30	2016-12-27 14:11:16.105-04:30
384	Player 38	DALLAS TEXANS	\N	1999-03-13	\N	1	\N	\N	\N	\N	\N	\N	\N	392	\N	t	2016-12-27 14:11:16.106-04:30	2016-12-27 14:11:16.106-04:30
385	Player 39	DALLAS TEXANS	\N	1999-03-14	\N	1	\N	\N	\N	\N	\N	\N	\N	393	\N	t	2016-12-27 14:11:16.106-04:30	2016-12-27 14:11:16.106-04:30
386	Player 40	DALLAS TEXANS	\N	1999-03-15	\N	1	\N	\N	\N	\N	\N	\N	\N	394	\N	t	2016-12-27 14:11:16.106-04:30	2016-12-27 14:11:16.106-04:30
387	Player 41	DALLAS TEXANS	\N	1999-03-16	\N	1	\N	\N	\N	\N	\N	\N	\N	395	\N	t	2016-12-27 14:11:16.107-04:30	2016-12-27 14:11:16.107-04:30
388	Player 42	DALLAS TEXANS	\N	1999-03-17	\N	1	\N	\N	\N	\N	\N	\N	\N	396	\N	t	2016-12-27 14:11:16.107-04:30	2016-12-27 14:11:16.107-04:30
389	Player 43	DALLAS TEXANS	\N	1999-03-18	\N	1	\N	\N	\N	\N	\N	\N	\N	397	\N	t	2016-12-27 14:11:16.107-04:30	2016-12-27 14:11:16.107-04:30
390	Player 44	DALLAS TEXANS	\N	1999-03-19	\N	1	\N	\N	\N	\N	\N	\N	\N	398	\N	t	2016-12-27 14:11:16.108-04:30	2016-12-27 14:11:16.108-04:30
391	Player 45	DALLAS TEXANS	\N	1999-03-20	\N	1	\N	\N	\N	\N	\N	\N	\N	399	\N	t	2016-12-27 14:11:16.108-04:30	2016-12-27 14:11:16.108-04:30
392	Player 46	DALLAS TEXANS	\N	1999-03-21	\N	1	\N	\N	\N	\N	\N	\N	\N	400	\N	t	2016-12-27 14:11:16.108-04:30	2016-12-27 14:11:16.108-04:30
393	Player 47	DALLAS TEXANS	\N	1999-03-22	\N	1	\N	\N	\N	\N	\N	\N	\N	401	\N	t	2016-12-27 14:11:16.109-04:30	2016-12-27 14:11:16.109-04:30
394	Player 48	DALLAS TEXANS	\N	1999-03-23	\N	1	\N	\N	\N	\N	\N	\N	\N	402	\N	t	2016-12-27 14:11:16.109-04:30	2016-12-27 14:11:16.109-04:30
395	Player 49	DALLAS TEXANS	\N	1999-03-24	\N	1	\N	\N	\N	\N	\N	\N	\N	403	\N	t	2016-12-27 14:11:16.109-04:30	2016-12-27 14:11:16.109-04:30
396	Player 50	DALLAS TEXANS	\N	1999-03-25	\N	1	\N	\N	\N	\N	\N	\N	\N	404	\N	t	2016-12-27 14:11:16.109-04:30	2016-12-27 14:11:16.109-04:30
397	Player 26	WESTON FC	\N	1999-03-01	\N	1	\N	\N	\N	\N	\N	\N	\N	405	\N	t	2016-12-27 14:11:55.799-04:30	2016-12-27 14:11:55.799-04:30
398	Player 27	WESTON FC	\N	1999-03-02	\N	1	\N	\N	\N	\N	\N	\N	\N	406	\N	t	2016-12-27 14:11:55.8-04:30	2016-12-27 14:11:55.8-04:30
399	Player 28	WESTON FC	\N	1999-03-03	\N	1	\N	\N	\N	\N	\N	\N	\N	407	\N	t	2016-12-27 14:11:55.8-04:30	2016-12-27 14:11:55.8-04:30
400	Player 29	WESTON FC	\N	1999-03-04	\N	1	\N	\N	\N	\N	\N	\N	\N	408	\N	t	2016-12-27 14:11:55.8-04:30	2016-12-27 14:11:55.8-04:30
401	Player 30	WESTON FC	\N	1999-03-05	\N	1	\N	\N	\N	\N	\N	\N	\N	409	\N	t	2016-12-27 14:11:55.8-04:30	2016-12-27 14:11:55.8-04:30
402	Player 31	WESTON FC	\N	1999-03-06	\N	1	\N	\N	\N	\N	\N	\N	\N	410	\N	t	2016-12-27 14:11:55.8-04:30	2016-12-27 14:11:55.8-04:30
403	Player 32	WESTON FC	\N	1999-03-07	\N	1	\N	\N	\N	\N	\N	\N	\N	411	\N	t	2016-12-27 14:11:55.8-04:30	2016-12-27 14:11:55.8-04:30
404	Player 33	WESTON FC	\N	1999-03-08	\N	1	\N	\N	\N	\N	\N	\N	\N	412	\N	t	2016-12-27 14:11:55.8-04:30	2016-12-27 14:11:55.8-04:30
405	Player 34	WESTON FC	\N	1999-03-09	\N	1	\N	\N	\N	\N	\N	\N	\N	413	\N	t	2016-12-27 14:11:55.801-04:30	2016-12-27 14:11:55.801-04:30
406	Player 35	WESTON FC	\N	1999-03-10	\N	1	\N	\N	\N	\N	\N	\N	\N	414	\N	t	2016-12-27 14:11:55.801-04:30	2016-12-27 14:11:55.801-04:30
407	Player 36	WESTON FC	\N	1999-03-11	\N	1	\N	\N	\N	\N	\N	\N	\N	415	\N	t	2016-12-27 14:11:55.801-04:30	2016-12-27 14:11:55.801-04:30
408	Player 37	WESTON FC	\N	1999-03-12	\N	1	\N	\N	\N	\N	\N	\N	\N	416	\N	t	2016-12-27 14:11:55.801-04:30	2016-12-27 14:11:55.801-04:30
409	Player 38	WESTON FC	\N	1999-03-13	\N	1	\N	\N	\N	\N	\N	\N	\N	417	\N	t	2016-12-27 14:11:55.801-04:30	2016-12-27 14:11:55.801-04:30
410	Player 39	WESTON FC	\N	1999-03-14	\N	1	\N	\N	\N	\N	\N	\N	\N	418	\N	t	2016-12-27 14:11:55.801-04:30	2016-12-27 14:11:55.801-04:30
411	Player 40	WESTON FC	\N	1999-03-15	\N	1	\N	\N	\N	\N	\N	\N	\N	419	\N	t	2016-12-27 14:11:55.802-04:30	2016-12-27 14:11:55.802-04:30
412	Player 41	WESTON FC	\N	1999-03-16	\N	1	\N	\N	\N	\N	\N	\N	\N	420	\N	t	2016-12-27 14:11:55.802-04:30	2016-12-27 14:11:55.802-04:30
413	Player 42	WESTON FC	\N	1999-03-17	\N	1	\N	\N	\N	\N	\N	\N	\N	421	\N	t	2016-12-27 14:11:55.802-04:30	2016-12-27 14:11:55.802-04:30
414	Player 47	WESTON FC	\N	1999-03-22	\N	1	\N	\N	\N	\N	\N	\N	\N	426	\N	t	2016-12-27 14:11:55.803-04:30	2016-12-27 14:11:55.803-04:30
415	Player 43	WESTON FC	\N	1999-03-18	\N	1	\N	\N	\N	\N	\N	\N	\N	422	\N	t	2016-12-27 14:11:55.802-04:30	2016-12-27 14:11:55.802-04:30
416	Player 48	WESTON FC	\N	1999-03-23	\N	1	\N	\N	\N	\N	\N	\N	\N	427	\N	t	2016-12-27 14:11:55.804-04:30	2016-12-27 14:11:55.804-04:30
417	Player 44	WESTON FC	\N	1999-03-19	\N	1	\N	\N	\N	\N	\N	\N	\N	423	\N	t	2016-12-27 14:11:55.803-04:30	2016-12-27 14:11:55.803-04:30
418	Player 49	WESTON FC	\N	1999-03-24	\N	1	\N	\N	\N	\N	\N	\N	\N	428	\N	t	2016-12-27 14:11:55.804-04:30	2016-12-27 14:11:55.804-04:30
419	Player 45	WESTON FC	\N	1999-03-20	\N	1	\N	\N	\N	\N	\N	\N	\N	424	\N	t	2016-12-27 14:11:55.803-04:30	2016-12-27 14:11:55.803-04:30
420	Player 50	WESTON FC	\N	1999-03-25	\N	1	\N	\N	\N	\N	\N	\N	\N	429	\N	t	2016-12-27 14:11:55.804-04:30	2016-12-27 14:11:55.804-04:30
421	Player 46	WESTON FC	\N	1999-03-21	\N	1	\N	\N	\N	\N	\N	\N	\N	425	\N	t	2016-12-27 14:11:55.803-04:30	2016-12-27 14:11:55.803-04:30
422	Player 51	BOCA UNITED ACADEMY	\N	1999-03-01	\N	1	\N	\N	\N	\N	\N	\N	\N	430	\N	t	2016-12-27 15:34:12.06-04:30	2016-12-27 15:34:12.06-04:30
423	Player 52	BOCA UNITED ACADEMY	\N	1999-03-02	\N	1	\N	\N	\N	\N	\N	\N	\N	431	\N	t	2016-12-27 15:34:12.061-04:30	2016-12-27 15:34:12.061-04:30
424	Player 53	BOCA UNITED ACADEMY	\N	1999-03-03	\N	1	\N	\N	\N	\N	\N	\N	\N	432	\N	t	2016-12-27 15:34:12.061-04:30	2016-12-27 15:34:12.061-04:30
425	Player 55	BOCA UNITED ACADEMY	\N	1999-03-05	\N	1	\N	\N	\N	\N	\N	\N	\N	433	\N	t	2016-12-27 15:34:12.062-04:30	2016-12-27 15:34:12.062-04:30
426	Player 54	BOCA UNITED ACADEMY	\N	1999-03-04	\N	1	\N	\N	\N	\N	\N	\N	\N	434	\N	t	2016-12-27 15:34:12.062-04:30	2016-12-27 15:34:12.062-04:30
427	Player 56	BOCA UNITED ACADEMY	\N	1999-03-06	\N	1	\N	\N	\N	\N	\N	\N	\N	435	\N	t	2016-12-27 15:34:12.062-04:30	2016-12-27 15:34:12.062-04:30
428	Player 57	BOCA UNITED ACADEMY	\N	1999-03-07	\N	1	\N	\N	\N	\N	\N	\N	\N	436	\N	t	2016-12-27 15:34:12.062-04:30	2016-12-27 15:34:12.062-04:30
429	Player 58	BOCA UNITED ACADEMY	\N	1999-03-08	\N	1	\N	\N	\N	\N	\N	\N	\N	437	\N	t	2016-12-27 15:34:12.062-04:30	2016-12-27 15:34:12.062-04:30
430	Player 59	BOCA UNITED ACADEMY	\N	1999-03-09	\N	1	\N	\N	\N	\N	\N	\N	\N	438	\N	t	2016-12-27 15:34:12.062-04:30	2016-12-27 15:34:12.062-04:30
431	Player 60	BOCA UNITED ACADEMY	\N	1999-03-10	\N	1	\N	\N	\N	\N	\N	\N	\N	439	\N	t	2016-12-27 15:34:12.063-04:30	2016-12-27 15:34:12.063-04:30
432	Player 61	BOCA UNITED ACADEMY	\N	1999-03-11	\N	1	\N	\N	\N	\N	\N	\N	\N	440	\N	t	2016-12-27 15:34:12.063-04:30	2016-12-27 15:34:12.063-04:30
433	Player 62	BOCA UNITED ACADEMY	\N	1999-03-12	\N	1	\N	\N	\N	\N	\N	\N	\N	441	\N	t	2016-12-27 15:34:12.063-04:30	2016-12-27 15:34:12.063-04:30
434	Player 63	BOCA UNITED ACADEMY	\N	1999-03-13	\N	1	\N	\N	\N	\N	\N	\N	\N	442	\N	t	2016-12-27 15:34:12.063-04:30	2016-12-27 15:34:12.063-04:30
435	Player 64	BOCA UNITED ACADEMY	\N	1999-03-14	\N	1	\N	\N	\N	\N	\N	\N	\N	443	\N	t	2016-12-27 15:34:12.063-04:30	2016-12-27 15:34:12.063-04:30
436	Player 65	BOCA UNITED ACADEMY	\N	1999-03-15	\N	1	\N	\N	\N	\N	\N	\N	\N	444	\N	t	2016-12-27 15:34:12.064-04:30	2016-12-27 15:34:12.064-04:30
437	Player 66	BOCA UNITED ACADEMY	\N	1999-03-16	\N	1	\N	\N	\N	\N	\N	\N	\N	445	\N	t	2016-12-27 15:34:12.064-04:30	2016-12-27 15:34:12.064-04:30
438	Player 67	BOCA UNITED ACADEMY	\N	1999-03-17	\N	1	\N	\N	\N	\N	\N	\N	\N	446	\N	t	2016-12-27 15:34:12.064-04:30	2016-12-27 15:34:12.064-04:30
439	Player 68	BOCA UNITED ACADEMY	\N	1999-03-18	\N	1	\N	\N	\N	\N	\N	\N	\N	447	\N	t	2016-12-27 15:34:12.064-04:30	2016-12-27 15:34:12.064-04:30
440	Player 69	BOCA UNITED ACADEMY	\N	1999-03-19	\N	1	\N	\N	\N	\N	\N	\N	\N	448	\N	t	2016-12-27 15:34:12.064-04:30	2016-12-27 15:34:12.064-04:30
441	Player 70	BOCA UNITED ACADEMY	\N	1999-03-20	\N	1	\N	\N	\N	\N	\N	\N	\N	449	\N	t	2016-12-27 15:34:12.064-04:30	2016-12-27 15:34:12.064-04:30
442	Player 71	BOCA UNITED ACADEMY	\N	1999-03-21	\N	1	\N	\N	\N	\N	\N	\N	\N	450	\N	t	2016-12-27 15:34:12.065-04:30	2016-12-27 15:34:12.065-04:30
443	Player 72	BOCA UNITED ACADEMY	\N	1999-03-22	\N	1	\N	\N	\N	\N	\N	\N	\N	451	\N	t	2016-12-27 15:34:12.065-04:30	2016-12-27 15:34:12.065-04:30
444	Player 73	BOCA UNITED ACADEMY	\N	1999-03-23	\N	1	\N	\N	\N	\N	\N	\N	\N	452	\N	t	2016-12-27 15:34:12.065-04:30	2016-12-27 15:34:12.065-04:30
445	Player 74	BOCA UNITED ACADEMY	\N	1999-03-24	\N	1	\N	\N	\N	\N	\N	\N	\N	453	\N	t	2016-12-27 15:34:12.065-04:30	2016-12-27 15:34:12.065-04:30
446	Player 75	BOCA UNITED ACADEMY	\N	1999-03-25	\N	1	\N	\N	\N	\N	\N	\N	\N	454	\N	t	2016-12-27 15:34:12.065-04:30	2016-12-27 15:34:12.065-04:30
447	Player 76	BOCA UNITED ACADEMY	\N	1999-03-01	\N	1	\N	\N	\N	\N	\N	\N	\N	455	\N	t	2016-12-27 15:37:16.602-04:30	2016-12-27 15:37:16.602-04:30
448	Player 77	BOCA UNITED ACADEMY	\N	1999-03-02	\N	1	\N	\N	\N	\N	\N	\N	\N	456	\N	t	2016-12-27 15:37:16.602-04:30	2016-12-27 15:37:16.602-04:30
449	Player 78	BOCA UNITED ACADEMY	\N	1999-03-03	\N	1	\N	\N	\N	\N	\N	\N	\N	457	\N	t	2016-12-27 15:37:16.603-04:30	2016-12-27 15:37:16.603-04:30
450	Player 79	BOCA UNITED ACADEMY	\N	1999-03-04	\N	1	\N	\N	\N	\N	\N	\N	\N	458	\N	t	2016-12-27 15:37:16.603-04:30	2016-12-27 15:37:16.603-04:30
451	Player 80	BOCA UNITED ACADEMY	\N	1999-03-05	\N	1	\N	\N	\N	\N	\N	\N	\N	459	\N	t	2016-12-27 15:37:16.603-04:30	2016-12-27 15:37:16.603-04:30
452	Player 81	BOCA UNITED ACADEMY	\N	1999-03-06	\N	1	\N	\N	\N	\N	\N	\N	\N	460	\N	t	2016-12-27 15:37:16.604-04:30	2016-12-27 15:37:16.604-04:30
453	Player 82	BOCA UNITED ACADEMY	\N	1999-03-07	\N	1	\N	\N	\N	\N	\N	\N	\N	461	\N	t	2016-12-27 15:37:16.604-04:30	2016-12-27 15:37:16.604-04:30
454	Player 83	BOCA UNITED ACADEMY	\N	1999-03-08	\N	1	\N	\N	\N	\N	\N	\N	\N	462	\N	t	2016-12-27 15:37:16.604-04:30	2016-12-27 15:37:16.604-04:30
455	Player 84	BOCA UNITED ACADEMY	\N	1999-03-09	\N	1	\N	\N	\N	\N	\N	\N	\N	463	\N	t	2016-12-27 15:37:16.604-04:30	2016-12-27 15:37:16.604-04:30
456	Player 85	BOCA UNITED ACADEMY	\N	1999-03-10	\N	1	\N	\N	\N	\N	\N	\N	\N	464	\N	t	2016-12-27 15:37:16.605-04:30	2016-12-27 15:37:16.605-04:30
457	Player 86	BOCA UNITED ACADEMY	\N	1999-03-11	\N	1	\N	\N	\N	\N	\N	\N	\N	465	\N	t	2016-12-27 15:37:16.605-04:30	2016-12-27 15:37:16.605-04:30
458	Player 87	BOCA UNITED ACADEMY	\N	1999-03-12	\N	1	\N	\N	\N	\N	\N	\N	\N	466	\N	t	2016-12-27 15:37:16.605-04:30	2016-12-27 15:37:16.605-04:30
459	Player 88	BOCA UNITED ACADEMY	\N	1999-03-13	\N	1	\N	\N	\N	\N	\N	\N	\N	467	\N	t	2016-12-27 15:37:16.606-04:30	2016-12-27 15:37:16.606-04:30
460	Player 89	BOCA UNITED ACADEMY	\N	1999-03-14	\N	1	\N	\N	\N	\N	\N	\N	\N	468	\N	t	2016-12-27 15:37:16.606-04:30	2016-12-27 15:37:16.606-04:30
461	Player 90	BOCA UNITED ACADEMY	\N	1999-03-15	\N	1	\N	\N	\N	\N	\N	\N	\N	469	\N	t	2016-12-27 15:37:16.606-04:30	2016-12-27 15:37:16.606-04:30
462	Player 91	BOCA UNITED ACADEMY	\N	1999-03-16	\N	1	\N	\N	\N	\N	\N	\N	\N	470	\N	t	2016-12-27 15:37:16.606-04:30	2016-12-27 15:37:16.606-04:30
463	Player 92	BOCA UNITED ACADEMY	\N	1999-03-17	\N	1	\N	\N	\N	\N	\N	\N	\N	471	\N	t	2016-12-27 15:37:16.607-04:30	2016-12-27 15:37:16.607-04:30
464	Player 93	BOCA UNITED ACADEMY	\N	1999-03-18	\N	1	\N	\N	\N	\N	\N	\N	\N	472	\N	t	2016-12-27 15:37:16.607-04:30	2016-12-27 15:37:16.607-04:30
465	Player 94	BOCA UNITED ACADEMY	\N	1999-03-19	\N	1	\N	\N	\N	\N	\N	\N	\N	473	\N	t	2016-12-27 15:37:16.607-04:30	2016-12-27 15:37:16.607-04:30
466	Player 95	BOCA UNITED ACADEMY	\N	1999-03-20	\N	1	\N	\N	\N	\N	\N	\N	\N	474	\N	t	2016-12-27 15:37:16.607-04:30	2016-12-27 15:37:16.607-04:30
467	Player 96	BOCA UNITED ACADEMY	\N	1999-03-21	\N	1	\N	\N	\N	\N	\N	\N	\N	475	\N	t	2016-12-27 15:37:16.607-04:30	2016-12-27 15:37:16.607-04:30
468	Player 97	BOCA UNITED ACADEMY	\N	1999-03-22	\N	1	\N	\N	\N	\N	\N	\N	\N	476	\N	t	2016-12-27 15:37:16.608-04:30	2016-12-27 15:37:16.608-04:30
469	Player 98	BOCA UNITED ACADEMY	\N	1999-03-23	\N	1	\N	\N	\N	\N	\N	\N	\N	477	\N	t	2016-12-27 15:37:16.608-04:30	2016-12-27 15:37:16.608-04:30
470	Player 99	BOCA UNITED ACADEMY	\N	1999-03-24	\N	1	\N	\N	\N	\N	\N	\N	\N	478	\N	t	2016-12-27 15:37:16.608-04:30	2016-12-27 15:37:16.608-04:30
471	Player 100	BOCA UNITED ACADEMY	\N	1999-03-25	\N	1	\N	\N	\N	\N	\N	\N	\N	479	\N	t	2016-12-27 15:37:16.608-04:30	2016-12-27 15:37:16.608-04:30
472	Player 51	CHARGERS SC	\N	1999-03-01	\N	1	\N	\N	\N	\N	\N	\N	\N	480	\N	t	2016-12-27 15:44:05.711-04:30	2016-12-27 15:44:05.711-04:30
473	Player 52	CHARGERS SC	\N	1999-03-02	\N	1	\N	\N	\N	\N	\N	\N	\N	481	\N	t	2016-12-27 15:44:05.712-04:30	2016-12-27 15:44:05.712-04:30
474	Player 53	CHARGERS SC	\N	1999-03-03	\N	1	\N	\N	\N	\N	\N	\N	\N	482	\N	t	2016-12-27 15:44:05.712-04:30	2016-12-27 15:44:05.712-04:30
475	Player 54	CHARGERS SC	\N	1999-03-04	\N	1	\N	\N	\N	\N	\N	\N	\N	483	\N	t	2016-12-27 15:44:05.712-04:30	2016-12-27 15:44:05.712-04:30
476	Player 55	CHARGERS SC	\N	1999-03-05	\N	1	\N	\N	\N	\N	\N	\N	\N	484	\N	t	2016-12-27 15:44:05.712-04:30	2016-12-27 15:44:05.712-04:30
477	Player 56	CHARGERS SC	\N	1999-03-06	\N	1	\N	\N	\N	\N	\N	\N	\N	485	\N	t	2016-12-27 15:44:05.713-04:30	2016-12-27 15:44:05.713-04:30
478	Player 57	CHARGERS SC	\N	1999-03-07	\N	1	\N	\N	\N	\N	\N	\N	\N	486	\N	t	2016-12-27 15:44:05.713-04:30	2016-12-27 15:44:05.713-04:30
479	Player 58	CHARGERS SC	\N	1999-03-08	\N	1	\N	\N	\N	\N	\N	\N	\N	487	\N	t	2016-12-27 15:44:05.713-04:30	2016-12-27 15:44:05.713-04:30
480	Player 59	CHARGERS SC	\N	1999-03-09	\N	1	\N	\N	\N	\N	\N	\N	\N	488	\N	t	2016-12-27 15:44:05.714-04:30	2016-12-27 15:44:05.714-04:30
481	Player 60	CHARGERS SC	\N	1999-03-10	\N	1	\N	\N	\N	\N	\N	\N	\N	489	\N	t	2016-12-27 15:44:05.714-04:30	2016-12-27 15:44:05.714-04:30
482	Player 61	CHARGERS SC	\N	1999-03-11	\N	1	\N	\N	\N	\N	\N	\N	\N	490	\N	t	2016-12-27 15:44:05.714-04:30	2016-12-27 15:44:05.714-04:30
483	Player 62	CHARGERS SC	\N	1999-03-12	\N	1	\N	\N	\N	\N	\N	\N	\N	491	\N	t	2016-12-27 15:44:05.714-04:30	2016-12-27 15:44:05.714-04:30
484	Player 63	CHARGERS SC	\N	1999-03-13	\N	1	\N	\N	\N	\N	\N	\N	\N	492	\N	t	2016-12-27 15:44:05.714-04:30	2016-12-27 15:44:05.714-04:30
485	Player 64	CHARGERS SC	\N	1999-03-14	\N	1	\N	\N	\N	\N	\N	\N	\N	493	\N	t	2016-12-27 15:44:05.715-04:30	2016-12-27 15:44:05.715-04:30
486	Player 65	CHARGERS SC	\N	1999-03-15	\N	1	\N	\N	\N	\N	\N	\N	\N	494	\N	t	2016-12-27 15:44:05.715-04:30	2016-12-27 15:44:05.715-04:30
487	Player 66	CHARGERS SC	\N	1999-03-16	\N	1	\N	\N	\N	\N	\N	\N	\N	495	\N	t	2016-12-27 15:44:05.715-04:30	2016-12-27 15:44:05.715-04:30
488	Player 67	CHARGERS SC	\N	1999-03-17	\N	1	\N	\N	\N	\N	\N	\N	\N	496	\N	t	2016-12-27 15:44:05.716-04:30	2016-12-27 15:44:05.716-04:30
489	Player 68	CHARGERS SC	\N	1999-03-18	\N	1	\N	\N	\N	\N	\N	\N	\N	497	\N	t	2016-12-27 15:44:05.716-04:30	2016-12-27 15:44:05.716-04:30
490	Player 69	CHARGERS SC	\N	1999-03-19	\N	1	\N	\N	\N	\N	\N	\N	\N	498	\N	t	2016-12-27 15:44:05.716-04:30	2016-12-27 15:44:05.716-04:30
491	Player 70	CHARGERS SC	\N	1999-03-20	\N	1	\N	\N	\N	\N	\N	\N	\N	499	\N	t	2016-12-27 15:44:05.716-04:30	2016-12-27 15:44:05.716-04:30
492	Player 71	CHARGERS SC	\N	1999-03-21	\N	1	\N	\N	\N	\N	\N	\N	\N	500	\N	t	2016-12-27 15:44:05.717-04:30	2016-12-27 15:44:05.717-04:30
493	Player 72	CHARGERS SC	\N	1999-03-22	\N	1	\N	\N	\N	\N	\N	\N	\N	501	\N	t	2016-12-27 15:44:05.717-04:30	2016-12-27 15:44:05.717-04:30
494	Player 73	CHARGERS SC	\N	1999-03-23	\N	1	\N	\N	\N	\N	\N	\N	\N	502	\N	t	2016-12-27 15:44:05.717-04:30	2016-12-27 15:44:05.717-04:30
495	Player 74	CHARGERS SC	\N	1999-03-24	\N	1	\N	\N	\N	\N	\N	\N	\N	503	\N	t	2016-12-27 15:44:05.718-04:30	2016-12-27 15:44:05.718-04:30
496	Player 75	CHARGERS SC	\N	1999-03-25	\N	1	\N	\N	\N	\N	\N	\N	\N	504	\N	t	2016-12-27 15:44:05.718-04:30	2016-12-27 15:44:05.718-04:30
497	Player 76	CHARGERS SC	\N	1999-03-01	\N	1	\N	\N	\N	\N	\N	\N	\N	505	\N	t	2016-12-27 15:44:33.13-04:30	2016-12-27 15:44:33.13-04:30
498	Player 77	CHARGERS SC	\N	1999-03-02	\N	1	\N	\N	\N	\N	\N	\N	\N	506	\N	t	2016-12-27 15:44:33.13-04:30	2016-12-27 15:44:33.13-04:30
499	Player 82	CHARGERS SC	\N	1999-03-07	\N	1	\N	\N	\N	\N	\N	\N	\N	511	\N	t	2016-12-27 15:44:33.141-04:30	2016-12-27 15:44:33.141-04:30
500	Player 88	CHARGERS SC	\N	1999-03-13	\N	1	\N	\N	\N	\N	\N	\N	\N	517	\N	t	2016-12-27 15:44:33.143-04:30	2016-12-27 15:44:33.143-04:30
501	Player 93	CHARGERS SC	\N	1999-03-18	\N	1	\N	\N	\N	\N	\N	\N	\N	522	\N	t	2016-12-27 15:44:33.144-04:30	2016-12-27 15:44:33.144-04:30
502	Player 98	CHARGERS SC	\N	1999-03-23	\N	1	\N	\N	\N	\N	\N	\N	\N	527	\N	t	2016-12-27 15:44:33.146-04:30	2016-12-27 15:44:33.146-04:30
503	Player 78	CHARGERS SC	\N	1999-03-03	\N	1	\N	\N	\N	\N	\N	\N	\N	507	\N	t	2016-12-27 15:44:33.14-04:30	2016-12-27 15:44:33.14-04:30
504	Player 83	CHARGERS SC	\N	1999-03-08	\N	1	\N	\N	\N	\N	\N	\N	\N	512	\N	t	2016-12-27 15:44:33.141-04:30	2016-12-27 15:44:33.141-04:30
505	Player 89	CHARGERS SC	\N	1999-03-14	\N	1	\N	\N	\N	\N	\N	\N	\N	518	\N	t	2016-12-27 15:44:33.143-04:30	2016-12-27 15:44:33.143-04:30
506	Player 94	CHARGERS SC	\N	1999-03-19	\N	1	\N	\N	\N	\N	\N	\N	\N	523	\N	t	2016-12-27 15:44:33.145-04:30	2016-12-27 15:44:33.145-04:30
507	Player 99	CHARGERS SC	\N	1999-03-24	\N	1	\N	\N	\N	\N	\N	\N	\N	528	\N	t	2016-12-27 15:44:33.146-04:30	2016-12-27 15:44:33.146-04:30
508	Player 79	CHARGERS SC	\N	1999-03-04	\N	1	\N	\N	\N	\N	\N	\N	\N	508	\N	t	2016-12-27 15:44:33.14-04:30	2016-12-27 15:44:33.14-04:30
509	Player 85	CHARGERS SC	\N	1999-03-10	\N	1	\N	\N	\N	\N	\N	\N	\N	514	\N	t	2016-12-27 15:44:33.142-04:30	2016-12-27 15:44:33.142-04:30
510	Player 90	CHARGERS SC	\N	1999-03-15	\N	1	\N	\N	\N	\N	\N	\N	\N	519	\N	t	2016-12-27 15:44:33.143-04:30	2016-12-27 15:44:33.143-04:30
511	Player 95	CHARGERS SC	\N	1999-03-20	\N	1	\N	\N	\N	\N	\N	\N	\N	524	\N	t	2016-12-27 15:44:33.145-04:30	2016-12-27 15:44:33.145-04:30
512	Player 80	CHARGERS SC	\N	1999-03-05	\N	1	\N	\N	\N	\N	\N	\N	\N	509	\N	t	2016-12-27 15:44:33.141-04:30	2016-12-27 15:44:33.141-04:30
513	Player 84	CHARGERS SC	\N	1999-03-09	\N	1	\N	\N	\N	\N	\N	\N	\N	513	\N	t	2016-12-27 15:44:33.142-04:30	2016-12-27 15:44:33.142-04:30
514	Player 87	CHARGERS SC	\N	1999-03-12	\N	1	\N	\N	\N	\N	\N	\N	\N	516	\N	t	2016-12-27 15:44:33.143-04:30	2016-12-27 15:44:33.143-04:30
515	Player 92	CHARGERS SC	\N	1999-03-17	\N	1	\N	\N	\N	\N	\N	\N	\N	521	\N	t	2016-12-27 15:44:33.144-04:30	2016-12-27 15:44:33.144-04:30
516	Player 97	CHARGERS SC	\N	1999-03-22	\N	1	\N	\N	\N	\N	\N	\N	\N	526	\N	t	2016-12-27 15:44:33.145-04:30	2016-12-27 15:44:33.145-04:30
517	Player 81	CHARGERS SC	\N	1999-03-06	\N	1	\N	\N	\N	\N	\N	\N	\N	510	\N	t	2016-12-27 15:44:33.141-04:30	2016-12-27 15:44:33.141-04:30
518	Player 86	CHARGERS SC	\N	1999-03-11	\N	1	\N	\N	\N	\N	\N	\N	\N	515	\N	t	2016-12-27 15:44:33.142-04:30	2016-12-27 15:44:33.142-04:30
519	Player 91	CHARGERS SC	\N	1999-03-16	\N	1	\N	\N	\N	\N	\N	\N	\N	520	\N	t	2016-12-27 15:44:33.144-04:30	2016-12-27 15:44:33.144-04:30
520	Player 96	CHARGERS SC	\N	1999-03-21	\N	1	\N	\N	\N	\N	\N	\N	\N	525	\N	t	2016-12-27 15:44:33.145-04:30	2016-12-27 15:44:33.145-04:30
521	Player 00	CHARGERS SC	\N	1999-03-25	\N	1	\N	\N	\N	\N	\N	\N	\N	529	\N	t	2016-12-27 15:44:33.146-04:30	2016-12-27 15:44:33.146-04:30
522	Player 52	SIMA GOLD	\N	1999-03-02	\N	1	\N	\N	\N	\N	\N	\N	\N	531	\N	t	2016-12-27 15:55:17.794-04:30	2016-12-27 15:55:17.794-04:30
523	Player 53	SIMA GOLD	\N	1999-03-03	\N	1	\N	\N	\N	\N	\N	\N	\N	532	\N	t	2016-12-27 15:55:17.794-04:30	2016-12-27 15:55:17.794-04:30
524	Player 54	SIMA GOLD	\N	1999-03-04	\N	1	\N	\N	\N	\N	\N	\N	\N	533	\N	t	2016-12-27 15:55:17.795-04:30	2016-12-27 15:55:17.795-04:30
525	Player 55	SIMA GOLD	\N	1999-03-05	\N	1	\N	\N	\N	\N	\N	\N	\N	534	\N	t	2016-12-27 15:55:17.795-04:30	2016-12-27 15:55:17.795-04:30
526	Player 56	SIMA GOLD	\N	1999-03-06	\N	1	\N	\N	\N	\N	\N	\N	\N	535	\N	t	2016-12-27 15:55:17.795-04:30	2016-12-27 15:55:17.795-04:30
527	Player 57	SIMA GOLD	\N	1999-03-07	\N	1	\N	\N	\N	\N	\N	\N	\N	536	\N	t	2016-12-27 15:55:17.795-04:30	2016-12-27 15:55:17.795-04:30
528	Player 58	SIMA GOLD	\N	1999-03-08	\N	1	\N	\N	\N	\N	\N	\N	\N	537	\N	t	2016-12-27 15:55:17.795-04:30	2016-12-27 15:55:17.795-04:30
529	Player 59	SIMA GOLD	\N	1999-03-09	\N	1	\N	\N	\N	\N	\N	\N	\N	538	\N	t	2016-12-27 15:55:17.796-04:30	2016-12-27 15:55:17.796-04:30
530	Player 60	SIMA GOLD	\N	1999-03-10	\N	1	\N	\N	\N	\N	\N	\N	\N	539	\N	t	2016-12-27 15:55:17.796-04:30	2016-12-27 15:55:17.796-04:30
531	Player 61	SIMA GOLD	\N	1999-03-11	\N	1	\N	\N	\N	\N	\N	\N	\N	540	\N	t	2016-12-27 15:55:17.796-04:30	2016-12-27 15:55:17.796-04:30
532	Player 62	SIMA GOLD	\N	1999-03-12	\N	1	\N	\N	\N	\N	\N	\N	\N	541	\N	t	2016-12-27 15:55:17.796-04:30	2016-12-27 15:55:17.796-04:30
533	Player 63	SIMA GOLD	\N	1999-03-13	\N	1	\N	\N	\N	\N	\N	\N	\N	542	\N	t	2016-12-27 15:55:17.796-04:30	2016-12-27 15:55:17.796-04:30
534	Player 64	SIMA GOLD	\N	1999-03-14	\N	1	\N	\N	\N	\N	\N	\N	\N	543	\N	t	2016-12-27 15:55:17.797-04:30	2016-12-27 15:55:17.797-04:30
535	Player 65	SIMA GOLD	\N	1999-03-15	\N	1	\N	\N	\N	\N	\N	\N	\N	544	\N	t	2016-12-27 15:55:17.797-04:30	2016-12-27 15:55:17.797-04:30
536	Player 66	SIMA GOLD	\N	1999-03-16	\N	1	\N	\N	\N	\N	\N	\N	\N	545	\N	t	2016-12-27 15:55:17.797-04:30	2016-12-27 15:55:17.797-04:30
537	Player 67	SIMA GOLD	\N	1999-03-17	\N	1	\N	\N	\N	\N	\N	\N	\N	546	\N	t	2016-12-27 15:55:17.797-04:30	2016-12-27 15:55:17.797-04:30
538	Player 68	SIMA GOLD	\N	1999-03-18	\N	1	\N	\N	\N	\N	\N	\N	\N	547	\N	t	2016-12-27 15:55:17.797-04:30	2016-12-27 15:55:17.797-04:30
539	Player 70	SIMA GOLD	\N	1999-03-20	\N	1	\N	\N	\N	\N	\N	\N	\N	549	\N	t	2016-12-27 15:55:17.798-04:30	2016-12-27 15:55:17.798-04:30
540	Player 71	SIMA GOLD	\N	1999-03-21	\N	1	\N	\N	\N	\N	\N	\N	\N	550	\N	t	2016-12-27 15:55:17.798-04:30	2016-12-27 15:55:17.798-04:30
541	Player 72	SIMA GOLD	\N	1999-03-22	\N	1	\N	\N	\N	\N	\N	\N	\N	551	\N	t	2016-12-27 15:55:17.798-04:30	2016-12-27 15:55:17.798-04:30
542	Player 73	SIMA GOLD	\N	1999-03-23	\N	1	\N	\N	\N	\N	\N	\N	\N	552	\N	t	2016-12-27 15:55:17.798-04:30	2016-12-27 15:55:17.798-04:30
543	Player 75	SIMA GOLD	\N	1999-03-25	\N	1	\N	\N	\N	\N	\N	\N	\N	554	\N	t	2016-12-27 15:55:17.799-04:30	2016-12-27 15:55:17.799-04:30
544	Player 76	SIMA GOLD	\N	1999-03-01	\N	1	\N	\N	\N	\N	\N	\N	\N	555	\N	t	2016-12-27 15:55:37.844-04:30	2016-12-27 15:55:37.844-04:30
545	Player 77	SIMA GOLD	\N	1999-03-02	\N	1	\N	\N	\N	\N	\N	\N	\N	556	\N	t	2016-12-27 15:55:37.845-04:30	2016-12-27 15:55:37.845-04:30
546	Player 78	SIMA GOLD	\N	1999-03-03	\N	1	\N	\N	\N	\N	\N	\N	\N	557	\N	t	2016-12-27 15:55:37.846-04:30	2016-12-27 15:55:37.846-04:30
547	Player 80	SIMA GOLD	\N	1999-03-05	\N	1	\N	\N	\N	\N	\N	\N	\N	559	\N	t	2016-12-27 15:55:37.848-04:30	2016-12-27 15:55:37.848-04:30
548	Player 81	SIMA GOLD	\N	1999-03-06	\N	1	\N	\N	\N	\N	\N	\N	\N	560	\N	t	2016-12-27 15:55:37.848-04:30	2016-12-27 15:55:37.848-04:30
549	Player 82	SIMA GOLD	\N	1999-03-07	\N	1	\N	\N	\N	\N	\N	\N	\N	561	\N	t	2016-12-27 15:55:37.848-04:30	2016-12-27 15:55:37.848-04:30
550	Player 84	SIMA GOLD	\N	1999-03-09	\N	1	\N	\N	\N	\N	\N	\N	\N	563	\N	t	2016-12-27 15:55:37.849-04:30	2016-12-27 15:55:37.849-04:30
551	Player 85	SIMA GOLD	\N	1999-03-10	\N	1	\N	\N	\N	\N	\N	\N	\N	564	\N	t	2016-12-27 15:55:37.849-04:30	2016-12-27 15:55:37.849-04:30
552	Player 86	SIMA GOLD	\N	1999-03-11	\N	1	\N	\N	\N	\N	\N	\N	\N	565	\N	t	2016-12-27 15:55:37.849-04:30	2016-12-27 15:55:37.849-04:30
553	Player 89	SIMA GOLD	\N	1999-03-14	\N	1	\N	\N	\N	\N	\N	\N	\N	568	\N	t	2016-12-27 15:55:37.851-04:30	2016-12-27 15:55:37.851-04:30
554	Player 90	SIMA GOLD	\N	1999-03-15	\N	1	\N	\N	\N	\N	\N	\N	\N	569	\N	t	2016-12-27 15:55:37.851-04:30	2016-12-27 15:55:37.851-04:30
555	Player 91	SIMA GOLD	\N	1999-03-16	\N	1	\N	\N	\N	\N	\N	\N	\N	570	\N	t	2016-12-27 15:55:37.852-04:30	2016-12-27 15:55:37.852-04:30
556	Player 93	SIMA GOLD	\N	1999-03-18	\N	1	\N	\N	\N	\N	\N	\N	\N	572	\N	t	2016-12-27 15:55:37.852-04:30	2016-12-27 15:55:37.852-04:30
557	Player 94	SIMA GOLD	\N	1999-03-19	\N	1	\N	\N	\N	\N	\N	\N	\N	573	\N	t	2016-12-27 15:55:37.853-04:30	2016-12-27 15:55:37.853-04:30
558	Player 95	SIMA GOLD	\N	1999-03-20	\N	1	\N	\N	\N	\N	\N	\N	\N	574	\N	t	2016-12-27 15:55:37.853-04:30	2016-12-27 15:55:37.853-04:30
559	Player 96	SIMA GOLD	\N	1999-03-21	\N	1	\N	\N	\N	\N	\N	\N	\N	575	\N	t	2016-12-27 15:55:37.853-04:30	2016-12-27 15:55:37.853-04:30
560	Player 98	SIMA GOLD	\N	1999-03-23	\N	1	\N	\N	\N	\N	\N	\N	\N	577	\N	t	2016-12-27 15:55:37.855-04:30	2016-12-27 15:55:37.855-04:30
561	Player 99	SIMA GOLD	\N	1999-03-24	\N	1	\N	\N	\N	\N	\N	\N	\N	578	\N	t	2016-12-27 15:55:37.855-04:30	2016-12-27 15:55:37.855-04:30
562	Player 00	SIMA GOLD	\N	1999-03-25	\N	1	\N	\N	\N	\N	\N	\N	\N	579	\N	t	2016-12-27 15:55:37.855-04:30	2016-12-27 15:55:37.855-04:30
563	Player 51	SOLAR SC CHELSEA 	\N	1999-03-01	\N	1	\N	\N	\N	\N	\N	\N	\N	580	\N	t	2016-12-27 15:57:02.224-04:30	2016-12-27 15:57:02.224-04:30
564	Player 52	SOLAR SC CHELSEA 	\N	1999-03-02	\N	1	\N	\N	\N	\N	\N	\N	\N	581	\N	t	2016-12-27 15:57:02.225-04:30	2016-12-27 15:57:02.225-04:30
565	Player 53	SOLAR SC CHELSEA 	\N	1999-03-03	\N	1	\N	\N	\N	\N	\N	\N	\N	582	\N	t	2016-12-27 15:57:02.225-04:30	2016-12-27 15:57:02.225-04:30
566	Player 54	SOLAR SC CHELSEA 	\N	1999-03-04	\N	1	\N	\N	\N	\N	\N	\N	\N	583	\N	t	2016-12-27 15:57:02.225-04:30	2016-12-27 15:57:02.225-04:30
567	Player 55	SOLAR SC CHELSEA 	\N	1999-03-05	\N	1	\N	\N	\N	\N	\N	\N	\N	584	\N	t	2016-12-27 15:57:02.225-04:30	2016-12-27 15:57:02.225-04:30
568	Player 56	SOLAR SC CHELSEA 	\N	1999-03-06	\N	1	\N	\N	\N	\N	\N	\N	\N	585	\N	t	2016-12-27 15:57:02.225-04:30	2016-12-27 15:57:02.225-04:30
569	Player 57	SOLAR SC CHELSEA 	\N	1999-03-07	\N	1	\N	\N	\N	\N	\N	\N	\N	586	\N	t	2016-12-27 15:57:02.225-04:30	2016-12-27 15:57:02.225-04:30
570	Player 58	SOLAR SC CHELSEA 	\N	1999-03-08	\N	1	\N	\N	\N	\N	\N	\N	\N	587	\N	t	2016-12-27 15:57:02.226-04:30	2016-12-27 15:57:02.226-04:30
571	Player 59	SOLAR SC CHELSEA 	\N	1999-03-09	\N	1	\N	\N	\N	\N	\N	\N	\N	588	\N	t	2016-12-27 15:57:02.226-04:30	2016-12-27 15:57:02.226-04:30
572	Player 60	SOLAR SC CHELSEA 	\N	1999-03-10	\N	1	\N	\N	\N	\N	\N	\N	\N	589	\N	t	2016-12-27 15:57:02.226-04:30	2016-12-27 15:57:02.226-04:30
573	Player 61	SOLAR SC CHELSEA 	\N	1999-03-11	\N	1	\N	\N	\N	\N	\N	\N	\N	590	\N	t	2016-12-27 15:57:02.226-04:30	2016-12-27 15:57:02.226-04:30
574	Player 62	SOLAR SC CHELSEA 	\N	1999-03-12	\N	1	\N	\N	\N	\N	\N	\N	\N	591	\N	t	2016-12-27 15:57:02.226-04:30	2016-12-27 15:57:02.226-04:30
575	Player 63	SOLAR SC CHELSEA 	\N	1999-03-13	\N	1	\N	\N	\N	\N	\N	\N	\N	592	\N	t	2016-12-27 15:57:02.227-04:30	2016-12-27 15:57:02.227-04:30
576	Player 64	SOLAR SC CHELSEA 	\N	1999-03-14	\N	1	\N	\N	\N	\N	\N	\N	\N	593	\N	t	2016-12-27 15:57:02.227-04:30	2016-12-27 15:57:02.227-04:30
577	Player 65	SOLAR SC CHELSEA 	\N	1999-03-15	\N	1	\N	\N	\N	\N	\N	\N	\N	594	\N	t	2016-12-27 15:57:02.227-04:30	2016-12-27 15:57:02.227-04:30
578	Player 66	SOLAR SC CHELSEA 	\N	1999-03-16	\N	1	\N	\N	\N	\N	\N	\N	\N	595	\N	t	2016-12-27 15:57:02.227-04:30	2016-12-27 15:57:02.227-04:30
579	Player 67	SOLAR SC CHELSEA 	\N	1999-03-17	\N	1	\N	\N	\N	\N	\N	\N	\N	596	\N	t	2016-12-27 15:57:02.227-04:30	2016-12-27 15:57:02.227-04:30
580	Player 68	SOLAR SC CHELSEA 	\N	1999-03-18	\N	1	\N	\N	\N	\N	\N	\N	\N	597	\N	t	2016-12-27 15:57:02.228-04:30	2016-12-27 15:57:02.228-04:30
581	Player 69	SOLAR SC CHELSEA 	\N	1999-03-19	\N	1	\N	\N	\N	\N	\N	\N	\N	598	\N	t	2016-12-27 15:57:02.228-04:30	2016-12-27 15:57:02.228-04:30
582	Player 70	SOLAR SC CHELSEA 	\N	1999-03-20	\N	1	\N	\N	\N	\N	\N	\N	\N	599	\N	t	2016-12-27 15:57:02.228-04:30	2016-12-27 15:57:02.228-04:30
583	Player 71	SOLAR SC CHELSEA 	\N	1999-03-21	\N	1	\N	\N	\N	\N	\N	\N	\N	600	\N	t	2016-12-27 15:57:02.228-04:30	2016-12-27 15:57:02.228-04:30
584	Player 72	SOLAR SC CHELSEA 	\N	1999-03-22	\N	1	\N	\N	\N	\N	\N	\N	\N	601	\N	t	2016-12-27 15:57:02.228-04:30	2016-12-27 15:57:02.228-04:30
585	Player 73	SOLAR SC CHELSEA 	\N	1999-03-23	\N	1	\N	\N	\N	\N	\N	\N	\N	602	\N	t	2016-12-27 15:57:02.229-04:30	2016-12-27 15:57:02.229-04:30
586	Player 74	SOLAR SC CHELSEA 	\N	1999-03-24	\N	1	\N	\N	\N	\N	\N	\N	\N	603	\N	t	2016-12-27 15:57:02.229-04:30	2016-12-27 15:57:02.229-04:30
587	Albert	Dikwa Lega	\N	1999-03-06	\N	1	\N	\N	\N	\N	\N	\N	\N	562	\N	t	2016-12-27 15:55:37.848-04:30	2016-12-27 17:40:53.204-04:30
588	Moussa	Diarra	\N	1999-03-01	\N	1	\N	\N	\N	https://somosport-s3.s3.amazonaws.com/image1482880373165.jpg	\N	\N	\N	558	\N	t	2016-12-27 15:55:37.847-04:30	2016-12-27 18:42:59.094-04:30
589	Abdoulaye	Diop	\N	1999-03-13	K	1	\N	\N	\N	\N	\N	\N	\N	571	\N	t	2016-12-27 15:55:37.852-04:30	2016-12-27 17:41:05.353-04:30
590	Alassane Ates	Diouf	\N	1999-03-11	\N	1	\N	\N	\N	\N	\N	\N	\N	567	\N	t	2016-12-27 15:55:37.85-04:30	2016-12-27 17:41:30.571-04:30
591	Hamady	Diop	\N	1999-02-26	\N	1	\N	\N	\N	https://somosport-s3.s3.amazonaws.com/image1482880025663.jpg	\N	\N	\N	530	\N	t	2016-12-27 15:55:17.794-04:30	2016-12-27 18:37:09.502-04:30
592	Youmeni	Gildas	\N	1999-03-22	\N	1	\N	\N	\N	\N	\N	\N	\N	553	\N	t	2016-12-27 15:55:17.799-04:30	2016-12-27 17:44:00.954-04:30
593	Player 75	SOLAR SC CHELSEA 	\N	1999-03-25	\N	1	\N	\N	\N	\N	\N	\N	\N	604	\N	t	2016-12-27 15:57:02.229-04:30	2016-12-27 15:57:02.229-04:30
594	Player 78	SOLAR SC CHELSEA 	\N	1999-03-03	\N	1	\N	\N	\N	\N	\N	\N	\N	607	\N	t	2016-12-27 15:58:26.049-04:30	2016-12-27 15:58:26.049-04:30
595	Player 83	SOLAR SC CHELSEA 	\N	1999-03-08	\N	1	\N	\N	\N	\N	\N	\N	\N	612	\N	t	2016-12-27 15:58:26.05-04:30	2016-12-27 15:58:26.05-04:30
596	Player 89	SOLAR SC CHELSEA 	\N	1999-03-14	\N	1	\N	\N	\N	\N	\N	\N	\N	618	\N	t	2016-12-27 15:58:26.052-04:30	2016-12-27 15:58:26.052-04:30
597	Player 94	SOLAR SC CHELSEA 	\N	1999-03-19	\N	1	\N	\N	\N	\N	\N	\N	\N	623	\N	t	2016-12-27 15:58:26.053-04:30	2016-12-27 15:58:26.053-04:30
598	Player 99	SOLAR SC CHELSEA 	\N	1999-03-24	\N	1	\N	\N	\N	\N	\N	\N	\N	628	\N	t	2016-12-27 15:58:26.054-04:30	2016-12-27 15:58:26.054-04:30
599	Player 76	SOLAR SC CHELSEA 	\N	1999-03-01	\N	1	\N	\N	\N	\N	\N	\N	\N	605	\N	t	2016-12-27 15:58:26.049-04:30	2016-12-27 15:58:26.049-04:30
600	Player 81	SOLAR SC CHELSEA 	\N	1999-03-06	\N	1	\N	\N	\N	\N	\N	\N	\N	610	\N	t	2016-12-27 15:58:26.05-04:30	2016-12-27 15:58:26.05-04:30
601	Player 86	SOLAR SC CHELSEA 	\N	1999-03-11	\N	1	\N	\N	\N	\N	\N	\N	\N	615	\N	t	2016-12-27 15:58:26.051-04:30	2016-12-27 15:58:26.051-04:30
602	Player 91	SOLAR SC CHELSEA 	\N	1999-03-16	\N	1	\N	\N	\N	\N	\N	\N	\N	620	\N	t	2016-12-27 15:58:26.052-04:30	2016-12-27 15:58:26.052-04:30
603	Player 96	SOLAR SC CHELSEA 	\N	1999-03-21	\N	1	\N	\N	\N	\N	\N	\N	\N	625	\N	t	2016-12-27 15:58:26.053-04:30	2016-12-27 15:58:26.053-04:30
604	Player 77	SOLAR SC CHELSEA 	\N	1999-03-02	\N	1	\N	\N	\N	\N	\N	\N	\N	606	\N	t	2016-12-27 15:58:26.049-04:30	2016-12-27 15:58:26.049-04:30
605	Player 84	SOLAR SC CHELSEA 	\N	1999-03-09	\N	1	\N	\N	\N	\N	\N	\N	\N	613	\N	t	2016-12-27 15:58:26.051-04:30	2016-12-27 15:58:26.051-04:30
606	Player 87	SOLAR SC CHELSEA 	\N	1999-03-12	\N	1	\N	\N	\N	\N	\N	\N	\N	616	\N	t	2016-12-27 15:58:26.051-04:30	2016-12-27 15:58:26.051-04:30
607	Player 92	SOLAR SC CHELSEA 	\N	1999-03-17	\N	1	\N	\N	\N	\N	\N	\N	\N	621	\N	t	2016-12-27 15:58:26.052-04:30	2016-12-27 15:58:26.052-04:30
608	Player 97	SOLAR SC CHELSEA 	\N	1999-03-22	\N	1	\N	\N	\N	\N	\N	\N	\N	626	\N	t	2016-12-27 15:58:26.053-04:30	2016-12-27 15:58:26.053-04:30
609	Player 79	SOLAR SC CHELSEA 	\N	1999-03-04	\N	1	\N	\N	\N	\N	\N	\N	\N	608	\N	t	2016-12-27 15:58:26.05-04:30	2016-12-27 15:58:26.05-04:30
610	Player 82	SOLAR SC CHELSEA 	\N	1999-03-07	\N	1	\N	\N	\N	\N	\N	\N	\N	611	\N	t	2016-12-27 15:58:26.05-04:30	2016-12-27 15:58:26.05-04:30
611	Player 88	SOLAR SC CHELSEA 	\N	1999-03-13	\N	1	\N	\N	\N	\N	\N	\N	\N	617	\N	t	2016-12-27 15:58:26.051-04:30	2016-12-27 15:58:26.051-04:30
612	Player 93	SOLAR SC CHELSEA 	\N	1999-03-18	\N	1	\N	\N	\N	\N	\N	\N	\N	622	\N	t	2016-12-27 15:58:26.052-04:30	2016-12-27 15:58:26.052-04:30
613	Player 98	SOLAR SC CHELSEA 	\N	1999-03-23	\N	1	\N	\N	\N	\N	\N	\N	\N	627	\N	t	2016-12-27 15:58:26.053-04:30	2016-12-27 15:58:26.053-04:30
614	Player 80	SOLAR SC CHELSEA 	\N	1999-03-05	\N	1	\N	\N	\N	\N	\N	\N	\N	609	\N	t	2016-12-27 15:58:26.05-04:30	2016-12-27 15:58:26.05-04:30
615	Player 85	SOLAR SC CHELSEA 	\N	1999-03-10	\N	1	\N	\N	\N	\N	\N	\N	\N	614	\N	t	2016-12-27 15:58:26.051-04:30	2016-12-27 15:58:26.051-04:30
616	Player 90	SOLAR SC CHELSEA 	\N	1999-03-15	\N	1	\N	\N	\N	\N	\N	\N	\N	619	\N	t	2016-12-27 15:58:26.052-04:30	2016-12-27 15:58:26.052-04:30
617	Player 95	SOLAR SC CHELSEA 	\N	1999-03-20	\N	1	\N	\N	\N	\N	\N	\N	\N	624	\N	t	2016-12-27 15:58:26.053-04:30	2016-12-27 15:58:26.053-04:30
618	Player 00	SOLAR SC CHELSEA 	\N	1999-03-25	\N	1	\N	\N	\N	\N	\N	\N	\N	629	\N	t	2016-12-27 15:58:26.054-04:30	2016-12-27 15:58:26.054-04:30
619	Player 51	AS ROMA PRIMAVERA	\N	1999-03-01	\N	1	\N	\N	\N	\N	\N	\N	\N	630	\N	t	2016-12-27 15:59:35.669-04:30	2016-12-27 15:59:35.669-04:30
620	Player 52	AS ROMA PRIMAVERA	\N	1999-03-02	\N	1	\N	\N	\N	\N	\N	\N	\N	631	\N	t	2016-12-27 15:59:35.67-04:30	2016-12-27 15:59:35.67-04:30
621	Player 53	AS ROMA PRIMAVERA	\N	1999-03-03	\N	1	\N	\N	\N	\N	\N	\N	\N	632	\N	t	2016-12-27 15:59:35.67-04:30	2016-12-27 15:59:35.67-04:30
622	Player 54	AS ROMA PRIMAVERA	\N	1999-03-04	\N	1	\N	\N	\N	\N	\N	\N	\N	633	\N	t	2016-12-27 15:59:35.671-04:30	2016-12-27 15:59:35.671-04:30
623	Player 55	AS ROMA PRIMAVERA	\N	1999-03-05	\N	1	\N	\N	\N	\N	\N	\N	\N	634	\N	t	2016-12-27 15:59:35.671-04:30	2016-12-27 15:59:35.671-04:30
624	Player 56	AS ROMA PRIMAVERA	\N	1999-03-06	\N	1	\N	\N	\N	\N	\N	\N	\N	635	\N	t	2016-12-27 15:59:35.671-04:30	2016-12-27 15:59:35.671-04:30
625	Player 57	AS ROMA PRIMAVERA	\N	1999-03-07	\N	1	\N	\N	\N	\N	\N	\N	\N	636	\N	t	2016-12-27 15:59:35.671-04:30	2016-12-27 15:59:35.671-04:30
626	Player 58	AS ROMA PRIMAVERA	\N	1999-03-08	\N	1	\N	\N	\N	\N	\N	\N	\N	637	\N	t	2016-12-27 15:59:35.671-04:30	2016-12-27 15:59:35.671-04:30
627	Player 59	AS ROMA PRIMAVERA	\N	1999-03-09	\N	1	\N	\N	\N	\N	\N	\N	\N	638	\N	t	2016-12-27 15:59:35.672-04:30	2016-12-27 15:59:35.672-04:30
628	Player 60	AS ROMA PRIMAVERA	\N	1999-03-10	\N	1	\N	\N	\N	\N	\N	\N	\N	639	\N	t	2016-12-27 15:59:35.672-04:30	2016-12-27 15:59:35.672-04:30
629	Player 61	AS ROMA PRIMAVERA	\N	1999-03-11	\N	1	\N	\N	\N	\N	\N	\N	\N	640	\N	t	2016-12-27 15:59:35.672-04:30	2016-12-27 15:59:35.672-04:30
630	Player 62	AS ROMA PRIMAVERA	\N	1999-03-12	\N	1	\N	\N	\N	\N	\N	\N	\N	641	\N	t	2016-12-27 15:59:35.672-04:30	2016-12-27 15:59:35.672-04:30
631	Player 63	AS ROMA PRIMAVERA	\N	1999-03-13	\N	1	\N	\N	\N	\N	\N	\N	\N	642	\N	t	2016-12-27 15:59:35.672-04:30	2016-12-27 15:59:35.672-04:30
632	Player 64	AS ROMA PRIMAVERA	\N	1999-03-14	\N	1	\N	\N	\N	\N	\N	\N	\N	643	\N	t	2016-12-27 15:59:35.672-04:30	2016-12-27 15:59:35.672-04:30
633	Player 65	AS ROMA PRIMAVERA	\N	1999-03-15	\N	1	\N	\N	\N	\N	\N	\N	\N	644	\N	t	2016-12-27 15:59:35.673-04:30	2016-12-27 15:59:35.673-04:30
634	Player 66	AS ROMA PRIMAVERA	\N	1999-03-16	\N	1	\N	\N	\N	\N	\N	\N	\N	645	\N	t	2016-12-27 15:59:35.673-04:30	2016-12-27 15:59:35.673-04:30
635	Player 67	AS ROMA PRIMAVERA	\N	1999-03-17	\N	1	\N	\N	\N	\N	\N	\N	\N	646	\N	t	2016-12-27 15:59:35.673-04:30	2016-12-27 15:59:35.673-04:30
636	Player 68	AS ROMA PRIMAVERA	\N	1999-03-18	\N	1	\N	\N	\N	\N	\N	\N	\N	647	\N	t	2016-12-27 15:59:35.673-04:30	2016-12-27 15:59:35.673-04:30
637	Player 69	AS ROMA PRIMAVERA	\N	1999-03-19	\N	1	\N	\N	\N	\N	\N	\N	\N	648	\N	t	2016-12-27 15:59:35.673-04:30	2016-12-27 15:59:35.673-04:30
638	Player 70	AS ROMA PRIMAVERA	\N	1999-03-20	\N	1	\N	\N	\N	\N	\N	\N	\N	649	\N	t	2016-12-27 15:59:35.673-04:30	2016-12-27 15:59:35.673-04:30
639	Player 71	AS ROMA PRIMAVERA	\N	1999-03-21	\N	1	\N	\N	\N	\N	\N	\N	\N	650	\N	t	2016-12-27 15:59:35.674-04:30	2016-12-27 15:59:35.674-04:30
640	Player 72	AS ROMA PRIMAVERA	\N	1999-03-22	\N	1	\N	\N	\N	\N	\N	\N	\N	651	\N	t	2016-12-27 15:59:35.674-04:30	2016-12-27 15:59:35.674-04:30
641	Player 73	AS ROMA PRIMAVERA	\N	1999-03-23	\N	1	\N	\N	\N	\N	\N	\N	\N	652	\N	t	2016-12-27 15:59:35.674-04:30	2016-12-27 15:59:35.674-04:30
642	Player 74	AS ROMA PRIMAVERA	\N	1999-03-24	\N	1	\N	\N	\N	\N	\N	\N	\N	653	\N	t	2016-12-27 15:59:35.674-04:30	2016-12-27 15:59:35.674-04:30
643	Player 75	AS ROMA PRIMAVERA	\N	1999-03-25	\N	1	\N	\N	\N	\N	\N	\N	\N	654	\N	t	2016-12-27 15:59:35.674-04:30	2016-12-27 15:59:35.674-04:30
644	Player 76	AS ROMA PRIMAVERA 	\N	1999-03-01	\N	1	\N	\N	\N	\N	\N	\N	\N	655	\N	t	2016-12-27 15:59:54.348-04:30	2016-12-27 15:59:54.348-04:30
645	Player 77	AS ROMA PRIMAVERA 	\N	1999-03-02	\N	1	\N	\N	\N	\N	\N	\N	\N	656	\N	t	2016-12-27 15:59:54.349-04:30	2016-12-27 15:59:54.349-04:30
646	Player 78	AS ROMA PRIMAVERA 	\N	1999-03-03	\N	1	\N	\N	\N	\N	\N	\N	\N	657	\N	t	2016-12-27 15:59:54.349-04:30	2016-12-27 15:59:54.349-04:30
647	Player 79	AS ROMA PRIMAVERA 	\N	1999-03-04	\N	1	\N	\N	\N	\N	\N	\N	\N	658	\N	t	2016-12-27 15:59:54.349-04:30	2016-12-27 15:59:54.349-04:30
648	Player 80	AS ROMA PRIMAVERA 	\N	1999-03-05	\N	1	\N	\N	\N	\N	\N	\N	\N	659	\N	t	2016-12-27 15:59:54.349-04:30	2016-12-27 15:59:54.349-04:30
649	Player 81	AS ROMA PRIMAVERA 	\N	1999-03-06	\N	1	\N	\N	\N	\N	\N	\N	\N	660	\N	t	2016-12-27 15:59:54.35-04:30	2016-12-27 15:59:54.35-04:30
650	Player 82	AS ROMA PRIMAVERA 	\N	1999-03-07	\N	1	\N	\N	\N	\N	\N	\N	\N	661	\N	t	2016-12-27 15:59:54.35-04:30	2016-12-27 15:59:54.35-04:30
651	Player 83	AS ROMA PRIMAVERA 	\N	1999-03-08	\N	1	\N	\N	\N	\N	\N	\N	\N	662	\N	t	2016-12-27 15:59:54.35-04:30	2016-12-27 15:59:54.35-04:30
652	Player 84	AS ROMA PRIMAVERA 	\N	1999-03-09	\N	1	\N	\N	\N	\N	\N	\N	\N	663	\N	t	2016-12-27 15:59:54.35-04:30	2016-12-27 15:59:54.35-04:30
653	Player 85	AS ROMA PRIMAVERA 	\N	1999-03-10	\N	1	\N	\N	\N	\N	\N	\N	\N	664	\N	t	2016-12-27 15:59:54.35-04:30	2016-12-27 15:59:54.35-04:30
654	Player 86	AS ROMA PRIMAVERA 	\N	1999-03-11	\N	1	\N	\N	\N	\N	\N	\N	\N	665	\N	t	2016-12-27 15:59:54.35-04:30	2016-12-27 15:59:54.35-04:30
655	Player 87	AS ROMA PRIMAVERA 	\N	1999-03-12	\N	1	\N	\N	\N	\N	\N	\N	\N	666	\N	t	2016-12-27 15:59:54.351-04:30	2016-12-27 15:59:54.351-04:30
656	Player 88	AS ROMA PRIMAVERA 	\N	1999-03-13	\N	1	\N	\N	\N	\N	\N	\N	\N	667	\N	t	2016-12-27 15:59:54.351-04:30	2016-12-27 15:59:54.351-04:30
657	Player 89	AS ROMA PRIMAVERA 	\N	1999-03-14	\N	1	\N	\N	\N	\N	\N	\N	\N	668	\N	t	2016-12-27 15:59:54.351-04:30	2016-12-27 15:59:54.351-04:30
658	Player 90	AS ROMA PRIMAVERA 	\N	1999-03-15	\N	1	\N	\N	\N	\N	\N	\N	\N	669	\N	t	2016-12-27 15:59:54.351-04:30	2016-12-27 15:59:54.351-04:30
659	Player 91	AS ROMA PRIMAVERA 	\N	1999-03-16	\N	1	\N	\N	\N	\N	\N	\N	\N	670	\N	t	2016-12-27 15:59:54.351-04:30	2016-12-27 15:59:54.351-04:30
660	Player 92	AS ROMA PRIMAVERA 	\N	1999-03-17	\N	1	\N	\N	\N	\N	\N	\N	\N	671	\N	t	2016-12-27 15:59:54.351-04:30	2016-12-27 15:59:54.351-04:30
661	Player 93	AS ROMA PRIMAVERA 	\N	1999-03-18	\N	1	\N	\N	\N	\N	\N	\N	\N	672	\N	t	2016-12-27 15:59:54.352-04:30	2016-12-27 15:59:54.352-04:30
662	Player 94	AS ROMA PRIMAVERA 	\N	1999-03-19	\N	1	\N	\N	\N	\N	\N	\N	\N	673	\N	t	2016-12-27 15:59:54.352-04:30	2016-12-27 15:59:54.352-04:30
663	Player 95	AS ROMA PRIMAVERA 	\N	1999-03-20	\N	1	\N	\N	\N	\N	\N	\N	\N	674	\N	t	2016-12-27 15:59:54.352-04:30	2016-12-27 15:59:54.352-04:30
664	Player 96	AS ROMA PRIMAVERA 	\N	1999-03-21	\N	1	\N	\N	\N	\N	\N	\N	\N	675	\N	t	2016-12-27 15:59:54.352-04:30	2016-12-27 15:59:54.352-04:30
665	Player 97	AS ROMA PRIMAVERA 	\N	1999-03-22	\N	1	\N	\N	\N	\N	\N	\N	\N	676	\N	t	2016-12-27 15:59:54.352-04:30	2016-12-27 15:59:54.352-04:30
666	Player 98	AS ROMA PRIMAVERA 	\N	1999-03-23	\N	1	\N	\N	\N	\N	\N	\N	\N	677	\N	t	2016-12-27 15:59:54.352-04:30	2016-12-27 15:59:54.352-04:30
667	Player 99	AS ROMA PRIMAVERA 	\N	1999-03-24	\N	1	\N	\N	\N	\N	\N	\N	\N	678	\N	t	2016-12-27 15:59:54.353-04:30	2016-12-27 15:59:54.353-04:30
668	Player 00	AS ROMA PRIMAVERA 	\N	1999-03-25	\N	1	\N	\N	\N	\N	\N	\N	\N	679	\N	t	2016-12-27 15:59:54.353-04:30	2016-12-27 15:59:54.353-04:30
669	Player 51	CONCORDE FIRE	\N	1999-03-01	\N	1	\N	\N	\N	\N	\N	\N	\N	680	\N	t	2016-12-27 16:01:13.928-04:30	2016-12-27 16:01:13.928-04:30
670	Player 52	CONCORDE FIRE	\N	1999-03-02	\N	1	\N	\N	\N	\N	\N	\N	\N	681	\N	t	2016-12-27 16:01:13.928-04:30	2016-12-27 16:01:13.928-04:30
671	Player 53	CONCORDE FIRE	\N	1999-03-03	\N	1	\N	\N	\N	\N	\N	\N	\N	682	\N	t	2016-12-27 16:01:13.928-04:30	2016-12-27 16:01:13.928-04:30
672	Player 54	CONCORDE FIRE	\N	1999-03-04	\N	1	\N	\N	\N	\N	\N	\N	\N	683	\N	t	2016-12-27 16:01:13.928-04:30	2016-12-27 16:01:13.928-04:30
673	Player 55	CONCORDE FIRE	\N	1999-03-05	\N	1	\N	\N	\N	\N	\N	\N	\N	684	\N	t	2016-12-27 16:01:13.928-04:30	2016-12-27 16:01:13.928-04:30
674	Player 56	CONCORDE FIRE	\N	1999-03-06	\N	1	\N	\N	\N	\N	\N	\N	\N	685	\N	t	2016-12-27 16:01:13.929-04:30	2016-12-27 16:01:13.929-04:30
675	Player 57	CONCORDE FIRE	\N	1999-03-07	\N	1	\N	\N	\N	\N	\N	\N	\N	686	\N	t	2016-12-27 16:01:13.929-04:30	2016-12-27 16:01:13.929-04:30
676	Player 58	CONCORDE FIRE	\N	1999-03-08	\N	1	\N	\N	\N	\N	\N	\N	\N	687	\N	t	2016-12-27 16:01:13.929-04:30	2016-12-27 16:01:13.929-04:30
677	Player 59	CONCORDE FIRE	\N	1999-03-09	\N	1	\N	\N	\N	\N	\N	\N	\N	688	\N	t	2016-12-27 16:01:13.929-04:30	2016-12-27 16:01:13.929-04:30
678	Player 60	CONCORDE FIRE	\N	1999-03-10	\N	1	\N	\N	\N	\N	\N	\N	\N	689	\N	t	2016-12-27 16:01:13.929-04:30	2016-12-27 16:01:13.929-04:30
679	Player 61	CONCORDE FIRE	\N	1999-03-11	\N	1	\N	\N	\N	\N	\N	\N	\N	690	\N	t	2016-12-27 16:01:13.93-04:30	2016-12-27 16:01:13.93-04:30
680	Player 62	CONCORDE FIRE	\N	1999-03-12	\N	1	\N	\N	\N	\N	\N	\N	\N	691	\N	t	2016-12-27 16:01:13.93-04:30	2016-12-27 16:01:13.93-04:30
681	Player 63	CONCORDE FIRE	\N	1999-03-13	\N	1	\N	\N	\N	\N	\N	\N	\N	692	\N	t	2016-12-27 16:01:13.93-04:30	2016-12-27 16:01:13.93-04:30
682	Player 64	CONCORDE FIRE	\N	1999-03-14	\N	1	\N	\N	\N	\N	\N	\N	\N	693	\N	t	2016-12-27 16:01:13.93-04:30	2016-12-27 16:01:13.93-04:30
683	Player 65	CONCORDE FIRE	\N	1999-03-15	\N	1	\N	\N	\N	\N	\N	\N	\N	694	\N	t	2016-12-27 16:01:13.93-04:30	2016-12-27 16:01:13.93-04:30
684	Player 66	CONCORDE FIRE	\N	1999-03-16	\N	1	\N	\N	\N	\N	\N	\N	\N	695	\N	t	2016-12-27 16:01:13.931-04:30	2016-12-27 16:01:13.931-04:30
685	Player 67	CONCORDE FIRE	\N	1999-03-17	\N	1	\N	\N	\N	\N	\N	\N	\N	696	\N	t	2016-12-27 16:01:13.931-04:30	2016-12-27 16:01:13.931-04:30
686	Player 68	CONCORDE FIRE	\N	1999-03-18	\N	1	\N	\N	\N	\N	\N	\N	\N	697	\N	t	2016-12-27 16:01:13.931-04:30	2016-12-27 16:01:13.931-04:30
687	Player 69	CONCORDE FIRE	\N	1999-03-19	\N	1	\N	\N	\N	\N	\N	\N	\N	698	\N	t	2016-12-27 16:01:13.931-04:30	2016-12-27 16:01:13.931-04:30
688	Player 70	CONCORDE FIRE	\N	1999-03-20	\N	1	\N	\N	\N	\N	\N	\N	\N	699	\N	t	2016-12-27 16:01:13.931-04:30	2016-12-27 16:01:13.931-04:30
689	Player 71	CONCORDE FIRE	\N	1999-03-21	\N	1	\N	\N	\N	\N	\N	\N	\N	700	\N	t	2016-12-27 16:01:13.932-04:30	2016-12-27 16:01:13.932-04:30
690	Player 72	CONCORDE FIRE	\N	1999-03-22	\N	1	\N	\N	\N	\N	\N	\N	\N	701	\N	t	2016-12-27 16:01:13.932-04:30	2016-12-27 16:01:13.932-04:30
691	Player 73	CONCORDE FIRE	\N	1999-03-23	\N	1	\N	\N	\N	\N	\N	\N	\N	702	\N	t	2016-12-27 16:01:13.932-04:30	2016-12-27 16:01:13.932-04:30
692	Player 80	CONCORDE FIRE	\N	1999-03-05	\N	1	\N	\N	\N	\N	\N	\N	\N	709	\N	t	2016-12-27 16:01:47.944-04:30	2016-12-27 16:01:47.944-04:30
693	Player 82	CONCORDE FIRE	\N	1999-03-07	\N	1	\N	\N	\N	\N	\N	\N	\N	711	\N	t	2016-12-27 16:01:47.945-04:30	2016-12-27 16:01:47.945-04:30
694	Player 89	CONCORDE FIRE	\N	1999-03-14	\N	1	\N	\N	\N	\N	\N	\N	\N	718	\N	t	2016-12-27 16:01:47.946-04:30	2016-12-27 16:01:47.946-04:30
695	Player 95	CONCORDE FIRE	\N	1999-03-20	\N	1	\N	\N	\N	\N	\N	\N	\N	724	\N	t	2016-12-27 16:01:47.947-04:30	2016-12-27 16:01:47.947-04:30
696	Player 99	CONCORDE FIRE	\N	1999-03-24	\N	1	\N	\N	\N	\N	\N	\N	\N	728	\N	t	2016-12-27 16:01:47.948-04:30	2016-12-27 16:01:47.948-04:30
697	Player 55	DALLAS TEXANS	\N	1999-03-05	\N	1	\N	\N	\N	\N	\N	\N	\N	734	\N	t	2016-12-27 16:02:36.351-04:30	2016-12-27 16:02:36.351-04:30
698	Player 59	DALLAS TEXANS	\N	1999-03-09	\N	1	\N	\N	\N	\N	\N	\N	\N	739	\N	t	2016-12-27 16:02:36.352-04:30	2016-12-27 16:02:36.352-04:30
699	Player 65	DALLAS TEXANS	\N	1999-03-15	\N	1	\N	\N	\N	\N	\N	\N	\N	744	\N	t	2016-12-27 16:02:36.353-04:30	2016-12-27 16:02:36.353-04:30
700	Player 71	DALLAS TEXANS	\N	1999-03-21	\N	1	\N	\N	\N	\N	\N	\N	\N	750	\N	t	2016-12-27 16:02:36.354-04:30	2016-12-27 16:02:36.354-04:30
701	Player 75	DALLAS TEXANS	\N	1999-03-25	\N	1	\N	\N	\N	\N	\N	\N	\N	754	\N	t	2016-12-27 16:02:36.355-04:30	2016-12-27 16:02:36.355-04:30
702	Player 74	CONCORDE FIRE	\N	1999-03-24	\N	1	\N	\N	\N	\N	\N	\N	\N	703	\N	t	2016-12-27 16:01:13.932-04:30	2016-12-27 16:01:13.932-04:30
703	Player 78	CONCORDE FIRE	\N	1999-03-03	\N	1	\N	\N	\N	\N	\N	\N	\N	708	\N	t	2016-12-27 16:01:47.944-04:30	2016-12-27 16:01:47.944-04:30
704	Player 85	CONCORDE FIRE	\N	1999-03-10	\N	1	\N	\N	\N	\N	\N	\N	\N	714	\N	t	2016-12-27 16:01:47.945-04:30	2016-12-27 16:01:47.945-04:30
705	Player 88	CONCORDE FIRE	\N	1999-03-13	\N	1	\N	\N	\N	\N	\N	\N	\N	717	\N	t	2016-12-27 16:01:47.946-04:30	2016-12-27 16:01:47.946-04:30
706	Player 93	CONCORDE FIRE	\N	1999-03-18	\N	1	\N	\N	\N	\N	\N	\N	\N	722	\N	t	2016-12-27 16:01:47.947-04:30	2016-12-27 16:01:47.947-04:30
707	Player 96	CONCORDE FIRE	\N	1999-03-21	\N	1	\N	\N	\N	\N	\N	\N	\N	725	\N	t	2016-12-27 16:01:47.947-04:30	2016-12-27 16:01:47.947-04:30
708	Player 51	DALLAS TEXANS	\N	1999-03-01	\N	1	\N	\N	\N	\N	\N	\N	\N	730	\N	t	2016-12-27 16:02:36.35-04:30	2016-12-27 16:02:36.35-04:30
709	Player 56	DALLAS TEXANS	\N	1999-03-06	\N	1	\N	\N	\N	\N	\N	\N	\N	735	\N	t	2016-12-27 16:02:36.352-04:30	2016-12-27 16:02:36.352-04:30
710	Player 61	DALLAS TEXANS	\N	1999-03-11	\N	1	\N	\N	\N	\N	\N	\N	\N	740	\N	t	2016-12-27 16:02:36.353-04:30	2016-12-27 16:02:36.353-04:30
711	Player 66	DALLAS TEXANS	\N	1999-03-16	\N	1	\N	\N	\N	\N	\N	\N	\N	745	\N	t	2016-12-27 16:02:36.354-04:30	2016-12-27 16:02:36.354-04:30
712	Player 70	DALLAS TEXANS	\N	1999-03-20	\N	1	\N	\N	\N	\N	\N	\N	\N	749	\N	t	2016-12-27 16:02:36.354-04:30	2016-12-27 16:02:36.354-04:30
713	Player 75	CONCORDE FIRE	\N	1999-03-25	\N	1	\N	\N	\N	\N	\N	\N	\N	704	\N	t	2016-12-27 16:01:13.932-04:30	2016-12-27 16:01:13.932-04:30
714	Player 79	CONCORDE FIRE	\N	1999-03-04	\N	1	\N	\N	\N	\N	\N	\N	\N	707	\N	t	2016-12-27 16:01:47.944-04:30	2016-12-27 16:01:47.944-04:30
715	Player 83	CONCORDE FIRE	\N	1999-03-08	\N	1	\N	\N	\N	\N	\N	\N	\N	712	\N	t	2016-12-27 16:01:47.945-04:30	2016-12-27 16:01:47.945-04:30
716	Player 90	CONCORDE FIRE	\N	1999-03-15	\N	1	\N	\N	\N	\N	\N	\N	\N	719	\N	t	2016-12-27 16:01:47.946-04:30	2016-12-27 16:01:47.946-04:30
717	Player 94	CONCORDE FIRE	\N	1999-03-19	\N	1	\N	\N	\N	\N	\N	\N	\N	723	\N	t	2016-12-27 16:01:47.947-04:30	2016-12-27 16:01:47.947-04:30
718	Player 00	CONCORDE FIRE	\N	1999-03-25	\N	1	\N	\N	\N	\N	\N	\N	\N	729	\N	t	2016-12-27 16:01:47.948-04:30	2016-12-27 16:01:47.948-04:30
719	Player 53	DALLAS TEXANS	\N	1999-03-03	\N	1	\N	\N	\N	\N	\N	\N	\N	732	\N	t	2016-12-27 16:02:36.351-04:30	2016-12-27 16:02:36.351-04:30
720	Player 60	DALLAS TEXANS	\N	1999-03-10	\N	1	\N	\N	\N	\N	\N	\N	\N	738	\N	t	2016-12-27 16:02:36.352-04:30	2016-12-27 16:02:36.352-04:30
721	Player 64	DALLAS TEXANS	\N	1999-03-14	\N	1	\N	\N	\N	\N	\N	\N	\N	743	\N	t	2016-12-27 16:02:36.353-04:30	2016-12-27 16:02:36.353-04:30
722	Player 69	DALLAS TEXANS	\N	1999-03-19	\N	1	\N	\N	\N	\N	\N	\N	\N	748	\N	t	2016-12-27 16:02:36.354-04:30	2016-12-27 16:02:36.354-04:30
723	Player 74	DALLAS TEXANS	\N	1999-03-24	\N	1	\N	\N	\N	\N	\N	\N	\N	753	\N	t	2016-12-27 16:02:36.355-04:30	2016-12-27 16:02:36.355-04:30
724	Player 76	CONCORDE FIRE	\N	1999-03-01	\N	1	\N	\N	\N	\N	\N	\N	\N	705	\N	t	2016-12-27 16:01:47.943-04:30	2016-12-27 16:01:47.943-04:30
725	Player 81	CONCORDE FIRE	\N	1999-03-06	\N	1	\N	\N	\N	\N	\N	\N	\N	710	\N	t	2016-12-27 16:01:47.945-04:30	2016-12-27 16:01:47.945-04:30
726	Player 86	CONCORDE FIRE	\N	1999-03-11	\N	1	\N	\N	\N	\N	\N	\N	\N	715	\N	t	2016-12-27 16:01:47.946-04:30	2016-12-27 16:01:47.946-04:30
727	Player 91	CONCORDE FIRE	\N	1999-03-16	\N	1	\N	\N	\N	\N	\N	\N	\N	720	\N	t	2016-12-27 16:01:47.946-04:30	2016-12-27 16:01:47.946-04:30
728	Player 97	CONCORDE FIRE	\N	1999-03-22	\N	1	\N	\N	\N	\N	\N	\N	\N	726	\N	t	2016-12-27 16:01:47.948-04:30	2016-12-27 16:01:47.948-04:30
729	Player 54	DALLAS TEXANS	\N	1999-03-04	\N	1	\N	\N	\N	\N	\N	\N	\N	733	\N	t	2016-12-27 16:02:36.351-04:30	2016-12-27 16:02:36.351-04:30
730	Player 58	DALLAS TEXANS	\N	1999-03-08	\N	1	\N	\N	\N	\N	\N	\N	\N	737	\N	t	2016-12-27 16:02:36.352-04:30	2016-12-27 16:02:36.352-04:30
731	Player 63	DALLAS TEXANS	\N	1999-03-13	\N	1	\N	\N	\N	\N	\N	\N	\N	742	\N	t	2016-12-27 16:02:36.353-04:30	2016-12-27 16:02:36.353-04:30
732	Player 68	DALLAS TEXANS	\N	1999-03-18	\N	1	\N	\N	\N	\N	\N	\N	\N	747	\N	t	2016-12-27 16:02:36.354-04:30	2016-12-27 16:02:36.354-04:30
733	Player 73	DALLAS TEXANS	\N	1999-03-23	\N	1	\N	\N	\N	\N	\N	\N	\N	752	\N	t	2016-12-27 16:02:36.355-04:30	2016-12-27 16:02:36.355-04:30
734	Player 77	CONCORDE FIRE	\N	1999-03-02	\N	1	\N	\N	\N	\N	\N	\N	\N	706	\N	t	2016-12-27 16:01:47.943-04:30	2016-12-27 16:01:47.943-04:30
735	Player 84	CONCORDE FIRE	\N	1999-03-09	\N	1	\N	\N	\N	\N	\N	\N	\N	713	\N	t	2016-12-27 16:01:47.945-04:30	2016-12-27 16:01:47.945-04:30
736	Player 87	CONCORDE FIRE	\N	1999-03-12	\N	1	\N	\N	\N	\N	\N	\N	\N	716	\N	t	2016-12-27 16:01:47.946-04:30	2016-12-27 16:01:47.946-04:30
737	Player 92	CONCORDE FIRE	\N	1999-03-17	\N	1	\N	\N	\N	\N	\N	\N	\N	721	\N	t	2016-12-27 16:01:47.947-04:30	2016-12-27 16:01:47.947-04:30
738	Player 98	CONCORDE FIRE	\N	1999-03-23	\N	1	\N	\N	\N	\N	\N	\N	\N	727	\N	t	2016-12-27 16:01:47.948-04:30	2016-12-27 16:01:47.948-04:30
739	Player 52	DALLAS TEXANS	\N	1999-03-02	\N	1	\N	\N	\N	\N	\N	\N	\N	731	\N	t	2016-12-27 16:02:36.35-04:30	2016-12-27 16:02:36.35-04:30
740	Player 57	DALLAS TEXANS	\N	1999-03-07	\N	1	\N	\N	\N	\N	\N	\N	\N	736	\N	t	2016-12-27 16:02:36.352-04:30	2016-12-27 16:02:36.352-04:30
741	Player 62	DALLAS TEXANS	\N	1999-03-12	\N	1	\N	\N	\N	\N	\N	\N	\N	741	\N	t	2016-12-27 16:02:36.353-04:30	2016-12-27 16:02:36.353-04:30
742	Player 67	DALLAS TEXANS	\N	1999-03-17	\N	1	\N	\N	\N	\N	\N	\N	\N	746	\N	t	2016-12-27 16:02:36.354-04:30	2016-12-27 16:02:36.354-04:30
743	Player 72	DALLAS TEXANS	\N	1999-03-22	\N	1	\N	\N	\N	\N	\N	\N	\N	751	\N	t	2016-12-27 16:02:36.355-04:30	2016-12-27 16:02:36.355-04:30
744	Player 76	DALLAS TEXANS	\N	1999-03-01	\N	1	\N	\N	\N	\N	\N	\N	\N	755	\N	t	2016-12-27 16:03:08.038-04:30	2016-12-27 16:03:08.038-04:30
745	Player 77	DALLAS TEXANS	\N	1999-03-02	\N	1	\N	\N	\N	\N	\N	\N	\N	756	\N	t	2016-12-27 16:03:08.038-04:30	2016-12-27 16:03:08.038-04:30
746	Player 78	DALLAS TEXANS	\N	1999-03-03	\N	1	\N	\N	\N	\N	\N	\N	\N	757	\N	t	2016-12-27 16:03:08.039-04:30	2016-12-27 16:03:08.039-04:30
747	Player 79	DALLAS TEXANS	\N	1999-03-04	\N	1	\N	\N	\N	\N	\N	\N	\N	758	\N	t	2016-12-27 16:03:08.039-04:30	2016-12-27 16:03:08.039-04:30
748	Player 80	DALLAS TEXANS	\N	1999-03-05	\N	1	\N	\N	\N	\N	\N	\N	\N	759	\N	t	2016-12-27 16:03:08.039-04:30	2016-12-27 16:03:08.039-04:30
749	Player 81	DALLAS TEXANS	\N	1999-03-06	\N	1	\N	\N	\N	\N	\N	\N	\N	760	\N	t	2016-12-27 16:03:08.039-04:30	2016-12-27 16:03:08.039-04:30
750	Player 82	DALLAS TEXANS	\N	1999-03-07	\N	1	\N	\N	\N	\N	\N	\N	\N	761	\N	t	2016-12-27 16:03:08.039-04:30	2016-12-27 16:03:08.039-04:30
751	Player 83	DALLAS TEXANS	\N	1999-03-08	\N	1	\N	\N	\N	\N	\N	\N	\N	762	\N	t	2016-12-27 16:03:08.039-04:30	2016-12-27 16:03:08.039-04:30
752	Player 84	DALLAS TEXANS	\N	1999-03-09	\N	1	\N	\N	\N	\N	\N	\N	\N	763	\N	t	2016-12-27 16:03:08.04-04:30	2016-12-27 16:03:08.04-04:30
753	Player 85	DALLAS TEXANS	\N	1999-03-10	\N	1	\N	\N	\N	\N	\N	\N	\N	764	\N	t	2016-12-27 16:03:08.04-04:30	2016-12-27 16:03:08.04-04:30
754	Player 86	DALLAS TEXANS	\N	1999-03-11	\N	1	\N	\N	\N	\N	\N	\N	\N	765	\N	t	2016-12-27 16:03:08.04-04:30	2016-12-27 16:03:08.04-04:30
755	Player 87	DALLAS TEXANS	\N	1999-03-12	\N	1	\N	\N	\N	\N	\N	\N	\N	766	\N	t	2016-12-27 16:03:08.04-04:30	2016-12-27 16:03:08.04-04:30
756	Player 88	DALLAS TEXANS	\N	1999-03-13	\N	1	\N	\N	\N	\N	\N	\N	\N	767	\N	t	2016-12-27 16:03:08.04-04:30	2016-12-27 16:03:08.04-04:30
757	Player 89	DALLAS TEXANS	\N	1999-03-14	\N	1	\N	\N	\N	\N	\N	\N	\N	768	\N	t	2016-12-27 16:03:08.041-04:30	2016-12-27 16:03:08.041-04:30
758	Player 90	DALLAS TEXANS	\N	1999-03-15	\N	1	\N	\N	\N	\N	\N	\N	\N	769	\N	t	2016-12-27 16:03:08.041-04:30	2016-12-27 16:03:08.041-04:30
759	Player 91	DALLAS TEXANS	\N	1999-03-16	\N	1	\N	\N	\N	\N	\N	\N	\N	770	\N	t	2016-12-27 16:03:08.041-04:30	2016-12-27 16:03:08.041-04:30
760	Player 92	DALLAS TEXANS	\N	1999-03-17	\N	1	\N	\N	\N	\N	\N	\N	\N	771	\N	t	2016-12-27 16:03:08.041-04:30	2016-12-27 16:03:08.041-04:30
761	Player 93	DALLAS TEXANS	\N	1999-03-18	\N	1	\N	\N	\N	\N	\N	\N	\N	772	\N	t	2016-12-27 16:03:08.041-04:30	2016-12-27 16:03:08.041-04:30
762	Player 94	DALLAS TEXANS	\N	1999-03-19	\N	1	\N	\N	\N	\N	\N	\N	\N	773	\N	t	2016-12-27 16:03:08.042-04:30	2016-12-27 16:03:08.042-04:30
763	Player 95	DALLAS TEXANS	\N	1999-03-20	\N	1	\N	\N	\N	\N	\N	\N	\N	774	\N	t	2016-12-27 16:03:08.042-04:30	2016-12-27 16:03:08.042-04:30
764	Player 96	DALLAS TEXANS	\N	1999-03-21	\N	1	\N	\N	\N	\N	\N	\N	\N	775	\N	t	2016-12-27 16:03:08.042-04:30	2016-12-27 16:03:08.042-04:30
765	Player 97	DALLAS TEXANS	\N	1999-03-22	\N	1	\N	\N	\N	\N	\N	\N	\N	776	\N	t	2016-12-27 16:03:08.042-04:30	2016-12-27 16:03:08.042-04:30
766	Player 98	DALLAS TEXANS	\N	1999-03-23	\N	1	\N	\N	\N	\N	\N	\N	\N	777	\N	t	2016-12-27 16:03:08.042-04:30	2016-12-27 16:03:08.042-04:30
767	Player 99	DALLAS TEXANS	\N	1999-03-24	\N	1	\N	\N	\N	\N	\N	\N	\N	778	\N	t	2016-12-27 16:03:08.042-04:30	2016-12-27 16:03:08.042-04:30
768	Player 00	DALLAS TEXANS	\N	1999-03-25	\N	1	\N	\N	\N	\N	\N	\N	\N	779	\N	t	2016-12-27 16:03:08.043-04:30	2016-12-27 16:03:08.043-04:30
769	Player 51	WESTON FC	\N	1999-03-01	\N	1	\N	\N	\N	\N	\N	\N	\N	780	\N	t	2016-12-27 16:04:14.508-04:30	2016-12-27 16:04:14.508-04:30
770	Player 52	WESTON FC	\N	1999-03-02	\N	1	\N	\N	\N	\N	\N	\N	\N	781	\N	t	2016-12-27 16:04:14.508-04:30	2016-12-27 16:04:14.508-04:30
771	Player 53	WESTON FC	\N	1999-03-03	\N	1	\N	\N	\N	\N	\N	\N	\N	782	\N	t	2016-12-27 16:04:14.508-04:30	2016-12-27 16:04:14.508-04:30
772	Player 54	WESTON FC	\N	1999-03-04	\N	1	\N	\N	\N	\N	\N	\N	\N	783	\N	t	2016-12-27 16:04:14.509-04:30	2016-12-27 16:04:14.509-04:30
773	Player 55	WESTON FC	\N	1999-03-05	\N	1	\N	\N	\N	\N	\N	\N	\N	784	\N	t	2016-12-27 16:04:14.509-04:30	2016-12-27 16:04:14.509-04:30
774	Player 56	WESTON FC	\N	1999-03-06	\N	1	\N	\N	\N	\N	\N	\N	\N	785	\N	t	2016-12-27 16:04:14.509-04:30	2016-12-27 16:04:14.509-04:30
775	Player 57	WESTON FC	\N	1999-03-07	\N	1	\N	\N	\N	\N	\N	\N	\N	786	\N	t	2016-12-27 16:04:14.51-04:30	2016-12-27 16:04:14.51-04:30
776	Player 58	WESTON FC	\N	1999-03-08	\N	1	\N	\N	\N	\N	\N	\N	\N	787	\N	t	2016-12-27 16:04:14.51-04:30	2016-12-27 16:04:14.51-04:30
777	Player 59	WESTON FC	\N	1999-03-09	\N	1	\N	\N	\N	\N	\N	\N	\N	788	\N	t	2016-12-27 16:04:14.51-04:30	2016-12-27 16:04:14.51-04:30
778	Player 60	WESTON FC	\N	1999-03-10	\N	1	\N	\N	\N	\N	\N	\N	\N	789	\N	t	2016-12-27 16:04:14.51-04:30	2016-12-27 16:04:14.51-04:30
779	Player 61	WESTON FC	\N	1999-03-11	\N	1	\N	\N	\N	\N	\N	\N	\N	790	\N	t	2016-12-27 16:04:14.51-04:30	2016-12-27 16:04:14.51-04:30
780	Player 62	WESTON FC	\N	1999-03-12	\N	1	\N	\N	\N	\N	\N	\N	\N	791	\N	t	2016-12-27 16:04:14.511-04:30	2016-12-27 16:04:14.511-04:30
781	Player 63	WESTON FC	\N	1999-03-13	\N	1	\N	\N	\N	\N	\N	\N	\N	792	\N	t	2016-12-27 16:04:14.511-04:30	2016-12-27 16:04:14.511-04:30
782	Player 64	WESTON FC	\N	1999-03-14	\N	1	\N	\N	\N	\N	\N	\N	\N	793	\N	t	2016-12-27 16:04:14.511-04:30	2016-12-27 16:04:14.511-04:30
783	Player 65	WESTON FC	\N	1999-03-15	\N	1	\N	\N	\N	\N	\N	\N	\N	794	\N	t	2016-12-27 16:04:14.511-04:30	2016-12-27 16:04:14.511-04:30
784	Player 66	WESTON FC	\N	1999-03-16	\N	1	\N	\N	\N	\N	\N	\N	\N	795	\N	t	2016-12-27 16:04:14.511-04:30	2016-12-27 16:04:14.511-04:30
785	Player 67	WESTON FC	\N	1999-03-17	\N	1	\N	\N	\N	\N	\N	\N	\N	796	\N	t	2016-12-27 16:04:14.512-04:30	2016-12-27 16:04:14.512-04:30
786	Player 68	WESTON FC	\N	1999-03-18	\N	1	\N	\N	\N	\N	\N	\N	\N	797	\N	t	2016-12-27 16:04:14.512-04:30	2016-12-27 16:04:14.512-04:30
787	Player 69	WESTON FC	\N	1999-03-19	\N	1	\N	\N	\N	\N	\N	\N	\N	798	\N	t	2016-12-27 16:04:14.512-04:30	2016-12-27 16:04:14.512-04:30
788	Player 70	WESTON FC	\N	1999-03-20	\N	1	\N	\N	\N	\N	\N	\N	\N	799	\N	t	2016-12-27 16:04:14.512-04:30	2016-12-27 16:04:14.512-04:30
789	Player 71	WESTON FC	\N	1999-03-21	\N	1	\N	\N	\N	\N	\N	\N	\N	800	\N	t	2016-12-27 16:04:14.513-04:30	2016-12-27 16:04:14.513-04:30
790	Player 72	WESTON FC	\N	1999-03-22	\N	1	\N	\N	\N	\N	\N	\N	\N	801	\N	t	2016-12-27 16:04:14.513-04:30	2016-12-27 16:04:14.513-04:30
791	Player 73	WESTON FC	\N	1999-03-23	\N	1	\N	\N	\N	\N	\N	\N	\N	802	\N	t	2016-12-27 16:04:14.513-04:30	2016-12-27 16:04:14.513-04:30
792	Player 74	WESTON FC	\N	1999-03-24	\N	1	\N	\N	\N	\N	\N	\N	\N	803	\N	t	2016-12-27 16:04:14.513-04:30	2016-12-27 16:04:14.513-04:30
793	Player 75	WESTON FC	\N	1999-03-25	\N	1	\N	\N	\N	\N	\N	\N	\N	804	\N	t	2016-12-27 16:04:14.514-04:30	2016-12-27 16:04:14.514-04:30
794	Player 76	WESTON FC	\N	1999-03-01	\N	1	\N	\N	\N	\N	\N	\N	\N	805	\N	t	2016-12-27 16:04:33.706-04:30	2016-12-27 16:04:33.706-04:30
795	Player 77	WESTON FC	\N	1999-03-02	\N	1	\N	\N	\N	\N	\N	\N	\N	806	\N	t	2016-12-27 16:04:33.707-04:30	2016-12-27 16:04:33.707-04:30
796	Player 78	WESTON FC	\N	1999-03-03	\N	1	\N	\N	\N	\N	\N	\N	\N	807	\N	t	2016-12-27 16:04:33.707-04:30	2016-12-27 16:04:33.707-04:30
797	Player 79	WESTON FC	\N	1999-03-04	\N	1	\N	\N	\N	\N	\N	\N	\N	808	\N	t	2016-12-27 16:04:33.707-04:30	2016-12-27 16:04:33.707-04:30
798	Player 80	WESTON FC	\N	1999-03-05	\N	1	\N	\N	\N	\N	\N	\N	\N	809	\N	t	2016-12-27 16:04:33.707-04:30	2016-12-27 16:04:33.707-04:30
799	Player 81	WESTON FC	\N	1999-03-06	\N	1	\N	\N	\N	\N	\N	\N	\N	810	\N	t	2016-12-27 16:04:33.708-04:30	2016-12-27 16:04:33.708-04:30
800	Player 82	WESTON FC	\N	1999-03-07	\N	1	\N	\N	\N	\N	\N	\N	\N	811	\N	t	2016-12-27 16:04:33.708-04:30	2016-12-27 16:04:33.708-04:30
801	Player 83	WESTON FC	\N	1999-03-08	\N	1	\N	\N	\N	\N	\N	\N	\N	812	\N	t	2016-12-27 16:04:33.708-04:30	2016-12-27 16:04:33.708-04:30
802	Player 84	WESTON FC	\N	1999-03-09	\N	1	\N	\N	\N	\N	\N	\N	\N	813	\N	t	2016-12-27 16:04:33.708-04:30	2016-12-27 16:04:33.708-04:30
803	Player 85	WESTON FC	\N	1999-03-10	\N	1	\N	\N	\N	\N	\N	\N	\N	814	\N	t	2016-12-27 16:04:33.709-04:30	2016-12-27 16:04:33.709-04:30
804	Player 86	WESTON FC	\N	1999-03-11	\N	1	\N	\N	\N	\N	\N	\N	\N	815	\N	t	2016-12-27 16:04:33.709-04:30	2016-12-27 16:04:33.709-04:30
805	Player 87	WESTON FC	\N	1999-03-12	\N	1	\N	\N	\N	\N	\N	\N	\N	816	\N	t	2016-12-27 16:04:33.709-04:30	2016-12-27 16:04:33.709-04:30
806	Player 88	WESTON FC	\N	1999-03-13	\N	1	\N	\N	\N	\N	\N	\N	\N	817	\N	t	2016-12-27 16:04:33.709-04:30	2016-12-27 16:04:33.709-04:30
807	Player 89	WESTON FC	\N	1999-03-14	\N	1	\N	\N	\N	\N	\N	\N	\N	818	\N	t	2016-12-27 16:04:33.71-04:30	2016-12-27 16:04:33.71-04:30
808	Player 90	WESTON FC	\N	1999-03-15	\N	1	\N	\N	\N	\N	\N	\N	\N	819	\N	t	2016-12-27 16:04:33.71-04:30	2016-12-27 16:04:33.71-04:30
809	Player 91	WESTON FC	\N	1999-03-16	\N	1	\N	\N	\N	\N	\N	\N	\N	820	\N	t	2016-12-27 16:04:33.71-04:30	2016-12-27 16:04:33.71-04:30
810	Player 92	WESTON FC	\N	1999-03-17	\N	1	\N	\N	\N	\N	\N	\N	\N	821	\N	t	2016-12-27 16:04:33.71-04:30	2016-12-27 16:04:33.71-04:30
811	Player 93	WESTON FC	\N	1999-03-18	\N	1	\N	\N	\N	\N	\N	\N	\N	822	\N	t	2016-12-27 16:04:33.711-04:30	2016-12-27 16:04:33.711-04:30
812	Player 94	WESTON FC	\N	1999-03-19	\N	1	\N	\N	\N	\N	\N	\N	\N	823	\N	t	2016-12-27 16:04:33.711-04:30	2016-12-27 16:04:33.711-04:30
813	Player 95	WESTON FC	\N	1999-03-20	\N	1	\N	\N	\N	\N	\N	\N	\N	824	\N	t	2016-12-27 16:04:33.711-04:30	2016-12-27 16:04:33.711-04:30
814	Player 96	WESTON FC	\N	1999-03-21	\N	1	\N	\N	\N	\N	\N	\N	\N	825	\N	t	2016-12-27 16:04:33.711-04:30	2016-12-27 16:04:33.711-04:30
815	Player 97	WESTON FC	\N	1999-03-22	\N	1	\N	\N	\N	\N	\N	\N	\N	826	\N	t	2016-12-27 16:04:33.711-04:30	2016-12-27 16:04:33.711-04:30
816	Player 98	WESTON FC	\N	1999-03-23	\N	1	\N	\N	\N	\N	\N	\N	\N	827	\N	t	2016-12-27 16:04:33.712-04:30	2016-12-27 16:04:33.712-04:30
817	Player 99	WESTON FC	\N	1999-03-24	\N	1	\N	\N	\N	\N	\N	\N	\N	828	\N	t	2016-12-27 16:04:33.712-04:30	2016-12-27 16:04:33.712-04:30
818	Player 00	WESTON FC	\N	1999-03-25	\N	1	\N	\N	\N	\N	\N	\N	\N	829	\N	t	2016-12-27 16:04:33.712-04:30	2016-12-27 16:04:33.712-04:30
819	Shelove	Achelus	\N	1999-03-15	\N	1	\N	\N	\N	\N	\N	\N	\N	548	\N	t	2016-12-27 15:55:17.798-04:30	2016-12-27 17:40:24.785-04:30
820	Chase	Vosvick	\N	1999-03-11	\N	1	\N	\N	\N	https://somosport-s3.s3.amazonaws.com/image1482879629596.jpg	\N	\N	\N	93	\N	t	2016-12-26 16:55:35.118-04:30	2016-12-27 18:31:27.687-04:30
821	Caua	Szot Soares	\N	1999-03-11	\N	1	\N	\N	\N	https://somosport-s3.s3.amazonaws.com/image1482879788785.jpg	\N	\N	\N	92	\N	t	2016-12-26 16:55:35.118-04:30	2016-12-27 18:33:18.656-04:30
822	Sylvain Jordan	Njouokep Fotso	\N	1999-03-08	\N	1	\N	\N	\N	https://somosport-s3.s3.amazonaws.com/image1482879931699.jpg	\N	\N	\N	89	\N	t	2016-12-26 16:55:35.117-04:30	2016-12-27 18:35:44.138-04:30
823	Pierre	Mane	\N	1999-03-05	\N	1	\N	\N	\N	https://somosport-s3.s3.amazonaws.com/image1482880125462.jpg	\N	\N	\N	86	\N	t	2016-12-26 16:55:35.116-04:30	2016-12-27 18:38:51.215-04:30
824	Usman	Gil Ivern	\N	1999-03-18	\N	1	\N	\N	\N	https://somosport-s3.s3.amazonaws.com/image1482880172955.jpg	\N	\N	\N	576	\N	t	2016-12-27 15:55:37.854-04:30	2016-12-27 18:39:37.333-04:30
825	Harold	Meek Mayenga	\N	1999-03-06	\N	1	\N	\N	\N	https://somosport-s3.s3.amazonaws.com/image1482880456149.jpg	\N	\N	\N	87	\N	t	2016-12-26 16:55:35.117-04:30	2016-12-27 18:44:24.34-04:30
826	Justin	Malou	\N	1999-03-04	\N	1	\N	\N	\N	https://somosport-s3.s3.amazonaws.com/image1482881021818.jpg	\N	\N	\N	85	\N	t	2016-12-26 16:55:35.116-04:30	2016-12-27 18:53:45.95-04:30
827	Talla	Faye	\N	1999-03-08	\N	1	\N	\N	\N	https://somosport-s3.s3.amazonaws.com/image1482881049803.jpg	\N	\N	\N	566	\N	t	2016-12-27 15:55:37.849-04:30	2016-12-27 18:54:14.133-04:30
828	Abdoul Jacques	Doumbia	\N	1999-02-26	\N	1	\N	\N	\N	https://somosport-s3.s3.amazonaws.com/image1482881068099.jpg	\N	\N	\N	79	\N	t	2016-12-26 16:55:35.114-04:30	2016-12-27 18:54:35.197-04:30
829	Cheche	Vidal	\N	2004-11-07	\N	1	\N	\N	\N	https://somosport-s3.s3.amazonaws.com/image.jpg	\N	\N	\N	830	\N	t	2016-12-28 13:51:27.469-04:30	2016-12-28 13:51:27.469-04:30
830	player 36	SIMA		1999-02-04		1	\N	\N	\N			\N	\N	831	\N	t	2016-12-28 15:52:36.845-04:30	2016-12-28 15:52:36.845-04:30
831	NameTest	LastNameTest	test	2007-12-01	test@gmail.com	1	\N	\N	\N	\N	24757103	\N	\N	19	\N	t	2016-11-24 17:06:18.26-04:30	2017-01-20 14:14:55.809-04:30
832	Beast	Master	El capo	2012-02-18	test@gmail.com	1	\N	\N	\N	https://somosport-s3.s3.amazonaws.com/Beastmaster.png	asdasfdsf	\N	\N	832	\N	t	2017-01-19 14:37:37.214-04:30	2017-01-22 01:10:50.58-04:30
833	Ramses Reinaldo	Lopez		2000-09-20	ramses.lopez@gmail.com	1	\N	\N	\N		15893422	\N	\N	834	\N	t	2017-03-20 10:16:20.237-04:30	2017-03-20 10:16:20.237-04:30
834	Jonathan	Ive	Jhonny	2000-05-18	jive@test.com	1	\N	\N	\N	https://somosport-s3.s3.amazonaws.com/3a5e88258f55794665bde228e44b40b8df73ebb2e1bc23102d9cd5b9277034ab.png	V1232132	\N	\N	835	\N	t	2017-03-22 16:49:47.593-04:30	2017-03-22 16:49:47.593-04:30
835	Ramses Reinaldo	Lopez		2000-05-11	ramses.lopez@gmail.com	1	\N	\N	\N			\N	\N	833	\N	t	2017-03-20 10:15:22.62-04:30	2017-03-22 17:20:18.526-04:30
836	Francisco Javier	De La Blanca	Chesco	2001-04-19	franciscoj.delablancam@gmail.com	1	\N	\N	\N	https://somosport-s3.s3.amazonaws.com/0b0a48e4078a67aad2ea569a1ba4402f1eec9527a275739186fa6f4947c99477.png	V14345123	\N	\N	836	\N	t	2017-03-22 17:55:41.103-04:30	2017-03-22 17:56:22.449-04:30
837	Ramses	Jones		2003-04-22	ramsesJ@gmail.com	1	\N	\N	\N		v15000013	\N	\N	837	\N	t	2017-03-22 17:57:35.666-04:30	2017-03-22 17:58:03.789-04:30
838	Ivan	Mendez		2005-04-21		1	\N	\N	\N			\N	\N	838	\N	t	2017-03-23 14:02:45.357-04:30	2017-03-23 14:02:45.357-04:30
839	Francisco Javier	De La Blanca	Chesco	2006-03-23		1	\N	\N	\N			\N	\N	839	\N	t	2017-03-23 14:10:06.465-04:30	2017-03-23 14:10:06.465-04:30
840	Juan Carlos	Scarpone		2005-07-11		1	\N	\N	\N			\N	\N	840	\N	t	2017-03-23 14:19:08.858-04:30	2017-03-23 14:19:08.858-04:30
841	wrgrwegerwegsdg	rewv35gvrfgsgf	sfgdgfsdgsfg	2005-03-23		1	\N	\N	\N		24323434244234234	\N	\N	842	\N	t	2017-03-23 15:16:59.275-04:30	2017-03-23 15:16:59.275-04:30
842	wrgrwegerwegsdg	rewv35gvrfgsgf	sfgdgfsdgsfg	2005-03-23		1	\N	\N	\N		24323434244234234	\N	\N	843	\N	t	2017-03-23 15:16:59.383-04:30	2017-03-23 15:16:59.383-04:30
843	cccccccccc	vvvvvvvvv	vvv	2005-03-23		1	\N	\N	\N		12313	\N	\N	844	\N	t	2017-03-23 15:21:31.466-04:30	2017-03-23 15:21:31.466-04:30
844	ggggggg	hhhh		2005-03-23		1	\N	\N	\N			\N	\N	845	\N	t	2017-03-23 15:23:01.854-04:30	2017-03-23 15:23:01.854-04:30
845	andres	zcvcxzvzxcv	zcvzcv	2005-03-23	zxvzvzvz@gdsagasd.com	1	\N	\N	\N		qreweqwvewe	\N	\N	841	\N	t	2017-03-23 15:12:09.349-04:30	2017-03-23 15:30:06.926-04:30
846	Irving	Ventura	v8	2005-03-31	irvingv8@somosport.com	1	\N	\N	\N	\N	v15000003	\N	\N	846	\N	t	2017-03-24 11:33:59.333-04:30	2017-03-24 11:33:59.333-04:30
847	Francisco	De La Blanca	Chesco	\N	\N	1	\N	\N	\N	\N	v15000002	\N	\N	849	\N	t	2017-03-24 14:26:04.225-04:30	2017-03-24 14:26:04.225-04:30
848	Jorge	Mendoza	Yorch	2002-07-03	\N	2	\N	\N	\N	\N	\N	\N	\N	850	\N	t	2017-03-24 14:26:04.227-04:30	2017-03-24 14:26:04.227-04:30
849	Juan	Vidal	Cheche	1980-04-03	che@somosport.com	1	\N	\N	\N	\N	v15000006	\N	\N	851	\N	t	2017-03-24 14:26:04.235-04:30	2017-03-24 14:26:04.235-04:30
850	Alfonso	Leon	Poncho	2002-12-03	poncho@somosport.com	1	\N	\N	\N	\N	\N	\N	\N	847	\N	t	2017-03-24 14:26:04.228-04:30	2017-03-24 14:26:04.228-04:30
851	Irving	Ventura	v8	2002-08-02	irvingv8@somosport.com	1	\N	\N	\N	\N	v15000003	\N	\N	848	\N	t	2017-03-24 14:26:04.226-04:30	2017-03-24 14:26:04.226-04:30
852	Cristina	Gonzales	\N	2005-05-23	\N	2	\N	\N	\N	\N	\N	\N	\N	852	\N	t	2017-03-24 14:26:04.238-04:30	2017-03-24 14:26:04.238-04:30
\.


--
-- Name: tmp_persons_id_seq; Type: SEQUENCE SET; Schema: public; Owner: postgres
--

SELECT pg_catalog.setval('tmp_persons_id_seq', 852, true);


--
-- Data for Name: tmp_players_teams; Type: TABLE DATA; Schema: public; Owner: postgres
--

COPY tmp_players_teams (id, active, number, registered_at, unregistered_at, player_id, team_player_id, person_id, team_id, position_id, created_at, updated_at) FROM stdin;
1	t	\N	\N	\N	9	9	9	2	9	2016-11-24 01:02:45.96-04:30	2016-11-24 01:02:45.96-04:30
2	t	\N	\N	\N	10	10	10	2	8	2016-11-24 01:04:50.759-04:30	2016-11-24 01:04:50.759-04:30
3	t	\N	\N	\N	11	11	11	2	9	2016-11-24 01:06:31.908-04:30	2016-11-24 01:06:31.908-04:30
4	t	\N	\N	\N	12	12	12	2	9	2016-11-24 01:07:21.465-04:30	2016-11-24 01:07:21.465-04:30
5	t	\N	\N	\N	13	13	13	2	9	2016-11-24 01:08:21.628-04:30	2016-11-24 01:08:21.628-04:30
6	t	\N	\N	\N	14	14	14	3	8	2016-11-24 01:35:57.438-04:30	2016-11-24 01:35:57.438-04:30
7	t	\N	\N	\N	15	15	15	8	6	2016-11-24 14:14:07.262-04:30	2016-11-24 14:14:07.262-04:30
8	t	\N	\N	\N	16	16	16	8	9	2016-11-24 14:17:17.542-04:30	2016-11-24 14:17:17.542-04:30
9	t	\N	\N	\N	17	17	17	8	7	2016-11-24 14:20:55.519-04:30	2016-11-24 14:20:55.519-04:30
10	t	\N	\N	\N	18	18	18	8	8	2016-11-24 14:24:36.502-04:30	2016-11-24 14:24:36.502-04:30
11	t	\N	\N	\N	104	101	87	26	19	2016-12-26 16:56:39.183-04:30	2016-12-26 16:56:39.183-04:30
12	t	\N	\N	\N	107	102	90	26	19	2016-12-26 16:56:39.195-04:30	2016-12-26 16:56:39.195-04:30
13	t	\N	\N	\N	25	22	24	12	9	2016-11-25 15:46:10.734-04:30	2016-11-25 15:46:10.734-04:30
14	t	\N	\N	\N	21	21	25	12	\N	2016-11-25 15:43:24.736-04:30	2016-11-25 15:46:21.953-04:30
15	t	\N	\N	\N	26	23	26	12	\N	2016-11-25 15:54:44.449-04:30	2016-11-25 15:54:44.449-04:30
16	t	\N	\N	\N	27	24	27	17	8	2016-11-28 11:39:33.776-04:30	2016-11-28 11:39:33.776-04:30
17	t	\N	\N	\N	28	25	28	18	8	2016-11-28 11:42:40.281-04:30	2016-11-28 11:42:40.281-04:30
18	t	\N	\N	\N	30	26	30	28	19	2016-12-26 16:51:57.673-04:30	2016-12-26 16:51:57.673-04:30
19	t	\N	\N	\N	32	27	32	28	19	2016-12-26 16:51:57.679-04:30	2016-12-26 16:51:57.679-04:30
20	t	\N	\N	\N	31	28	31	28	19	2016-12-26 16:51:57.679-04:30	2016-12-26 16:51:57.679-04:30
21	t	\N	\N	\N	29	29	29	28	19	2016-12-26 16:51:57.68-04:30	2016-12-26 16:51:57.68-04:30
22	t	\N	\N	\N	33	30	33	28	19	2016-12-26 16:51:57.68-04:30	2016-12-26 16:51:57.68-04:30
23	t	\N	\N	\N	34	31	34	28	18	2016-12-26 16:51:57.685-04:30	2016-12-26 16:51:57.685-04:30
24	t	\N	\N	\N	38	32	38	28	18	2016-12-26 16:51:57.691-04:30	2016-12-26 16:51:57.691-04:30
25	t	\N	\N	\N	35	33	35	28	18	2016-12-26 16:51:57.691-04:30	2016-12-26 16:51:57.691-04:30
26	t	\N	\N	\N	36	34	36	28	18	2016-12-26 16:51:57.692-04:30	2016-12-26 16:51:57.692-04:30
27	t	\N	\N	\N	37	35	37	28	18	2016-12-26 16:51:57.693-04:30	2016-12-26 16:51:57.693-04:30
28	t	\N	\N	\N	39	36	39	28	18	2016-12-26 16:51:57.698-04:30	2016-12-26 16:51:57.698-04:30
29	t	\N	\N	\N	43	37	43	28	17	2016-12-26 16:51:57.703-04:30	2016-12-26 16:51:57.703-04:30
30	t	\N	\N	\N	42	38	42	28	17	2016-12-26 16:51:57.704-04:30	2016-12-26 16:51:57.704-04:30
31	t	\N	\N	\N	40	39	40	28	18	2016-12-26 16:51:57.704-04:30	2016-12-26 16:51:57.704-04:30
32	t	\N	\N	\N	41	40	41	28	17	2016-12-26 16:51:57.705-04:30	2016-12-26 16:51:57.705-04:30
33	t	\N	\N	\N	44	41	44	28	17	2016-12-26 16:51:57.711-04:30	2016-12-26 16:51:57.711-04:30
34	t	\N	\N	\N	47	42	47	28	16	2016-12-26 16:51:57.716-04:30	2016-12-26 16:51:57.716-04:30
35	t	\N	\N	\N	45	43	45	28	17	2016-12-26 16:51:57.716-04:30	2016-12-26 16:51:57.716-04:30
36	t	\N	\N	\N	46	44	46	28	17	2016-12-26 16:51:57.716-04:30	2016-12-26 16:51:57.716-04:30
37	t	\N	\N	\N	48	45	48	28	16	2016-12-26 16:51:57.722-04:30	2016-12-26 16:51:57.722-04:30
38	t	\N	\N	\N	49	46	49	28	18	2016-12-26 16:51:57.729-04:30	2016-12-26 16:51:57.729-04:30
39	t	\N	\N	\N	50	47	50	28	17	2016-12-26 16:51:57.729-04:30	2016-12-26 16:51:57.729-04:30
40	t	\N	\N	\N	51	48	51	28	19	2016-12-26 16:51:57.734-04:30	2016-12-26 16:51:57.734-04:30
41	t	\N	\N	\N	52	49	52	28	18	2016-12-26 16:51:57.737-04:30	2016-12-26 16:51:57.737-04:30
42	t	\N	\N	\N	53	50	61	28	19	2016-12-26 16:51:57.739-04:30	2016-12-26 16:51:57.739-04:30
43	t	\N	\N	\N	54	51	19	21	19	2016-12-26 16:53:45.886-04:30	2016-12-26 16:53:45.886-04:30
44	t	\N	\N	\N	56	52	53	21	19	2016-12-26 16:53:45.903-04:30	2016-12-26 16:53:45.903-04:30
45	t	\N	\N	\N	55	53	20	21	19	2016-12-26 16:53:45.903-04:30	2016-12-26 16:53:45.903-04:30
46	t	\N	\N	\N	57	54	62	21	19	2016-12-26 16:53:45.904-04:30	2016-12-26 16:53:45.904-04:30
47	t	\N	\N	\N	58	55	54	21	19	2016-12-26 16:53:45.911-04:30	2016-12-26 16:53:45.911-04:30
48	t	\N	\N	\N	59	56	55	21	18	2016-12-26 16:53:45.918-04:30	2016-12-26 16:53:45.918-04:30
49	t	\N	\N	\N	60	57	56	21	18	2016-12-26 16:53:45.93-04:30	2016-12-26 16:53:45.93-04:30
50	t	\N	\N	\N	61	58	57	21	18	2016-12-26 16:53:45.931-04:30	2016-12-26 16:53:45.931-04:30
51	t	\N	\N	\N	62	59	63	21	18	2016-12-26 16:53:45.94-04:30	2016-12-26 16:53:45.94-04:30
52	t	\N	\N	\N	63	60	58	21	18	2016-12-26 16:53:45.941-04:30	2016-12-26 16:53:45.941-04:30
53	t	\N	\N	\N	64	61	59	21	18	2016-12-26 16:53:45.95-04:30	2016-12-26 16:53:45.95-04:30
54	t	\N	\N	\N	65	62	67	21	18	2016-12-26 16:53:45.951-04:30	2016-12-26 16:53:45.951-04:30
55	t	\N	\N	\N	66	63	70	21	17	2016-12-26 16:53:45.961-04:30	2016-12-26 16:53:45.961-04:30
56	t	\N	\N	\N	67	64	64	21	17	2016-12-26 16:53:45.966-04:30	2016-12-26 16:53:45.966-04:30
57	t	\N	\N	\N	68	65	73	21	17	2016-12-26 16:53:45.98-04:30	2016-12-26 16:53:45.98-04:30
58	t	\N	\N	\N	69	66	76	21	17	2016-12-26 16:53:45.982-04:30	2016-12-26 16:53:45.982-04:30
59	t	\N	\N	\N	70	67	68	21	17	2016-12-26 16:53:45.984-04:30	2016-12-26 16:53:45.984-04:30
60	t	\N	\N	\N	71	68	71	21	17	2016-12-26 16:53:45.994-04:30	2016-12-26 16:53:45.994-04:30
61	t	\N	\N	\N	72	69	65	21	16	2016-12-26 16:53:45.995-04:30	2016-12-26 16:53:45.995-04:30
62	t	\N	\N	\N	73	70	74	21	16	2016-12-26 16:53:46.005-04:30	2016-12-26 16:53:46.005-04:30
63	t	\N	\N	\N	74	71	77	21	18	2016-12-26 16:53:46.009-04:30	2016-12-26 16:53:46.009-04:30
64	t	\N	\N	\N	75	72	69	21	17	2016-12-26 16:53:46.018-04:30	2016-12-26 16:53:46.018-04:30
65	t	\N	\N	\N	76	73	72	21	19	2016-12-26 16:53:46.025-04:30	2016-12-26 16:53:46.025-04:30
66	t	\N	\N	\N	77	74	66	21	18	2016-12-26 16:53:46.025-04:30	2016-12-26 16:53:46.025-04:30
67	t	\N	\N	\N	78	75	75	21	19	2016-12-26 16:53:46.028-04:30	2016-12-26 16:53:46.028-04:30
68	t	\N	\N	\N	105	103	88	26	19	2016-12-26 16:56:39.195-04:30	2016-12-26 16:56:39.195-04:30
69	t	\N	\N	\N	106	104	89	26	19	2016-12-26 16:56:39.195-04:30	2016-12-26 16:56:39.195-04:30
70	t	\N	\N	\N	108	105	91	26	19	2016-12-26 16:56:39.196-04:30	2016-12-26 16:56:39.196-04:30
71	t	\N	\N	\N	109	106	92	26	18	2016-12-26 16:56:39.202-04:30	2016-12-26 16:56:39.202-04:30
72	t	\N	\N	\N	113	107	96	26	18	2016-12-26 16:56:39.212-04:30	2016-12-26 16:56:39.212-04:30
73	t	\N	\N	\N	111	108	94	26	18	2016-12-26 16:56:39.212-04:30	2016-12-26 16:56:39.212-04:30
74	t	\N	\N	\N	92	89	821	23	17	2016-12-26 16:55:35.17-04:30	2016-12-27 18:33:18.693-04:30
75	t	\N	\N	\N	81	78	141	23	19	2016-12-26 16:55:35.141-04:30	2016-12-27 18:32:35.434-04:30
76	f	\N	\N	\N	95	92	78	23	17	2016-12-26 16:55:35.18-04:30	2016-12-28 10:17:19.909-04:30
77	t	\N	\N	\N	88	85	145	23	18	2016-12-26 16:55:35.16-04:30	2016-12-27 18:42:05.662-04:30
78	t	\N	\N	\N	84	81	144	23	16	2016-12-26 16:55:35.148-04:30	2016-12-27 18:46:11.337-04:30
79	t	\N	\N	\N	87	84	825	23	18	2016-12-26 16:55:35.153-04:30	2016-12-27 18:44:24.348-04:30
80	t	\N	\N	\N	86	83	823	23	18	2016-12-26 16:55:35.153-04:30	2016-12-27 18:38:51.352-04:30
81	t	\N	\N	\N	91	88	139	23	17	2016-12-26 16:55:35.167-04:30	2016-12-27 18:33:54.193-04:30
82	t	\N	\N	\N	94	91	146	23	18	2016-12-26 16:55:35.175-04:30	2016-12-27 18:34:50.547-04:30
83	t	\N	\N	\N	93	90	820	23	16	2016-12-26 16:55:35.172-04:30	2016-12-27 18:31:27.719-04:30
84	t	\N	\N	\N	90	87	147	23	18	2016-12-26 16:55:35.166-04:30	2016-12-27 18:36:34.679-04:30
85	t	\N	\N	\N	82	79	148	23	16	2016-12-26 16:55:35.142-04:30	2016-12-27 18:31:43.286-04:30
86	t	\N	\N	\N	85	82	826	23	18	2016-12-26 16:55:35.153-04:30	2016-12-27 18:53:45.955-04:30
87	t	\N	\N	\N	80	77	142	23	19	2016-12-26 16:55:35.141-04:30	2016-12-27 18:55:57.125-04:30
88	t	\N	\N	\N	89	86	822	23	18	2016-12-26 16:55:35.162-04:30	2016-12-27 18:35:44.16-04:30
89	f	\N	\N	\N	96	93	79	23	17	2016-12-26 16:55:35.181-04:30	2016-12-28 10:25:11.989-04:30
90	f	\N	\N	\N	97	94	80	23	16	2016-12-26 16:55:35.183-04:30	2016-12-28 10:25:12.643-04:30
91	f	\N	\N	\N	98	95	81	23	16	2016-12-26 16:55:35.187-04:30	2016-12-28 10:25:14.973-04:30
92	f	\N	\N	\N	100	97	83	23	17	2016-12-26 16:55:35.193-04:30	2016-12-28 10:25:19.589-04:30
93	f	\N	\N	\N	101	98	84	23	19	2016-12-26 16:55:35.193-04:30	2016-12-28 10:25:22.816-04:30
94	f	\N	\N	\N	102	99	85	23	18	2016-12-26 16:55:35.199-04:30	2016-12-28 10:25:25.545-04:30
95	f	\N	\N	\N	103	100	86	23	19	2016-12-26 16:55:35.204-04:30	2016-12-28 10:25:29.541-04:30
96	t	\N	\N	\N	20	20	60	9	9	2016-11-25 11:09:36.762-04:30	2017-01-20 12:49:26.696-04:30
97	t	\N	\N	\N	19	19	831	9	6	2016-11-24 17:06:18.264-04:30	2017-01-20 14:14:55.821-04:30
98	t	\N	\N	\N	110	109	93	26	18	2016-12-26 16:56:39.213-04:30	2016-12-26 16:56:39.213-04:30
99	t	\N	\N	\N	117	114	100	26	17	2016-12-26 16:56:39.225-04:30	2016-12-26 16:56:39.225-04:30
100	t	\N	\N	\N	120	117	103	26	17	2016-12-26 16:56:39.232-04:30	2016-12-26 16:56:39.232-04:30
101	t	\N	\N	\N	123	120	106	26	16	2016-12-26 16:56:39.236-04:30	2016-12-26 16:56:39.236-04:30
102	t	\N	\N	\N	128	125	111	26	19	2016-12-26 16:56:39.248-04:30	2016-12-26 16:56:39.248-04:30
103	t	\N	\N	\N	112	110	95	26	18	2016-12-26 16:56:39.213-04:30	2016-12-26 16:56:39.213-04:30
104	t	\N	\N	\N	115	112	98	26	18	2016-12-26 16:56:39.221-04:30	2016-12-26 16:56:39.221-04:30
105	t	\N	\N	\N	118	115	101	26	17	2016-12-26 16:56:39.226-04:30	2016-12-26 16:56:39.226-04:30
106	t	\N	\N	\N	122	119	105	26	16	2016-12-26 16:56:39.236-04:30	2016-12-26 16:56:39.236-04:30
107	t	\N	\N	\N	126	123	109	26	19	2016-12-26 16:56:39.245-04:30	2016-12-26 16:56:39.245-04:30
108	t	\N	\N	\N	114	111	97	26	18	2016-12-26 16:56:39.217-04:30	2016-12-26 16:56:39.217-04:30
109	t	\N	\N	\N	119	116	102	26	17	2016-12-26 16:56:39.228-04:30	2016-12-26 16:56:39.228-04:30
110	t	\N	\N	\N	125	122	108	26	17	2016-12-26 16:56:39.243-04:30	2016-12-26 16:56:39.243-04:30
111	t	\N	\N	\N	127	124	110	26	18	2016-12-26 16:56:39.248-04:30	2016-12-26 16:56:39.248-04:30
112	t	\N	\N	\N	116	113	99	26	17	2016-12-26 16:56:39.221-04:30	2016-12-26 16:56:39.221-04:30
113	t	\N	\N	\N	121	118	104	26	17	2016-12-26 16:56:39.232-04:30	2016-12-26 16:56:39.232-04:30
114	t	\N	\N	\N	124	121	107	26	18	2016-12-26 16:56:39.239-04:30	2016-12-26 16:56:39.239-04:30
115	t	\N	\N	\N	129	126	112	27	19	2016-12-26 16:58:50.665-04:30	2016-12-26 16:58:50.665-04:30
116	t	\N	\N	\N	133	127	116	27	19	2016-12-26 16:58:50.672-04:30	2016-12-26 16:58:50.672-04:30
117	t	\N	\N	\N	131	128	114	27	19	2016-12-26 16:58:50.673-04:30	2016-12-26 16:58:50.673-04:30
118	t	\N	\N	\N	132	129	115	27	19	2016-12-26 16:58:50.673-04:30	2016-12-26 16:58:50.673-04:30
119	t	\N	\N	\N	130	130	113	27	19	2016-12-26 16:58:50.673-04:30	2016-12-26 16:58:50.673-04:30
120	t	\N	\N	\N	134	131	117	27	18	2016-12-26 16:58:50.679-04:30	2016-12-26 16:58:50.679-04:30
121	t	\N	\N	\N	135	132	118	27	18	2016-12-26 16:58:50.684-04:30	2016-12-26 16:58:50.684-04:30
122	t	\N	\N	\N	136	133	119	27	18	2016-12-26 16:58:50.684-04:30	2016-12-26 16:58:50.684-04:30
123	t	\N	\N	\N	137	134	120	27	18	2016-12-26 16:58:50.685-04:30	2016-12-26 16:58:50.685-04:30
124	t	\N	\N	\N	138	135	121	27	18	2016-12-26 16:58:50.691-04:30	2016-12-26 16:58:50.691-04:30
125	t	\N	\N	\N	139	136	122	27	18	2016-12-26 16:58:50.693-04:30	2016-12-26 16:58:50.693-04:30
126	t	\N	\N	\N	140	137	123	27	18	2016-12-26 16:58:50.696-04:30	2016-12-26 16:58:50.696-04:30
127	t	\N	\N	\N	141	138	124	27	17	2016-12-26 16:58:50.7-04:30	2016-12-26 16:58:50.7-04:30
128	t	\N	\N	\N	142	139	125	27	17	2016-12-26 16:58:50.7-04:30	2016-12-26 16:58:50.7-04:30
129	t	\N	\N	\N	143	140	126	27	17	2016-12-26 16:58:50.703-04:30	2016-12-26 16:58:50.703-04:30
130	t	\N	\N	\N	144	141	127	27	17	2016-12-26 16:58:50.708-04:30	2016-12-26 16:58:50.708-04:30
131	t	\N	\N	\N	145	142	128	27	17	2016-12-26 16:58:50.71-04:30	2016-12-26 16:58:50.71-04:30
132	t	\N	\N	\N	146	143	129	27	17	2016-12-26 16:58:50.714-04:30	2016-12-26 16:58:50.714-04:30
133	t	\N	\N	\N	147	144	130	27	16	2016-12-26 16:58:50.714-04:30	2016-12-26 16:58:50.714-04:30
134	t	\N	\N	\N	148	145	131	27	16	2016-12-26 16:58:50.717-04:30	2016-12-26 16:58:50.717-04:30
135	t	\N	\N	\N	149	146	132	27	18	2016-12-26 16:58:50.72-04:30	2016-12-26 16:58:50.72-04:30
136	t	\N	\N	\N	150	147	133	27	17	2016-12-26 16:58:50.723-04:30	2016-12-26 16:58:50.723-04:30
137	t	\N	\N	\N	151	148	134	27	19	2016-12-26 16:58:50.728-04:30	2016-12-26 16:58:50.728-04:30
138	t	\N	\N	\N	152	149	135	27	18	2016-12-26 16:58:50.729-04:30	2016-12-26 16:58:50.729-04:30
139	t	\N	\N	\N	153	150	136	27	19	2016-12-26 16:58:50.732-04:30	2016-12-26 16:58:50.732-04:30
140	t	\N	\N	\N	154	151	137	24	19	2016-12-26 16:59:56.398-04:30	2016-12-26 16:59:56.398-04:30
141	t	\N	\N	\N	158	152	169	24	19	2016-12-26 16:59:56.404-04:30	2016-12-26 16:59:56.404-04:30
142	t	\N	\N	\N	156	153	149	24	19	2016-12-26 16:59:56.404-04:30	2016-12-26 16:59:56.404-04:30
143	t	\N	\N	\N	155	154	138	24	19	2016-12-26 16:59:56.405-04:30	2016-12-26 16:59:56.405-04:30
144	t	\N	\N	\N	157	155	159	24	19	2016-12-26 16:59:56.405-04:30	2016-12-26 16:59:56.405-04:30
145	t	\N	\N	\N	159	156	179	24	18	2016-12-26 16:59:56.409-04:30	2016-12-26 16:59:56.409-04:30
146	t	\N	\N	\N	160	157	170	24	18	2016-12-26 16:59:56.412-04:30	2016-12-26 16:59:56.412-04:30
147	t	\N	\N	\N	163	158	160	24	18	2016-12-26 16:59:56.415-04:30	2016-12-26 16:59:56.415-04:30
148	t	\N	\N	\N	161	159	150	24	18	2016-12-26 16:59:56.416-04:30	2016-12-26 16:59:56.416-04:30
149	t	\N	\N	\N	162	160	188	24	18	2016-12-26 16:59:56.417-04:30	2016-12-26 16:59:56.417-04:30
150	t	\N	\N	\N	164	161	180	24	18	2016-12-26 16:59:56.421-04:30	2016-12-26 16:59:56.421-04:30
151	t	\N	\N	\N	165	162	171	24	18	2016-12-26 16:59:56.423-04:30	2016-12-26 16:59:56.423-04:30
152	t	\N	\N	\N	166	163	161	24	17	2016-12-26 16:59:56.426-04:30	2016-12-26 16:59:56.426-04:30
153	t	\N	\N	\N	167	164	151	24	17	2016-12-26 16:59:56.426-04:30	2016-12-26 16:59:56.426-04:30
154	t	\N	\N	\N	168	165	189	24	17	2016-12-26 16:59:56.429-04:30	2016-12-26 16:59:56.429-04:30
155	t	\N	\N	\N	169	166	181	24	17	2016-12-26 16:59:56.431-04:30	2016-12-26 16:59:56.431-04:30
156	t	\N	\N	\N	170	167	172	24	17	2016-12-26 16:59:56.434-04:30	2016-12-26 16:59:56.434-04:30
157	t	\N	\N	\N	171	168	162	24	17	2016-12-26 16:59:56.437-04:30	2016-12-26 16:59:56.437-04:30
158	t	\N	\N	\N	172	169	152	24	16	2016-12-26 16:59:56.438-04:30	2016-12-26 16:59:56.438-04:30
159	t	\N	\N	\N	173	170	190	24	16	2016-12-26 16:59:56.44-04:30	2016-12-26 16:59:56.44-04:30
160	t	\N	\N	\N	174	171	182	24	18	2016-12-26 16:59:56.443-04:30	2016-12-26 16:59:56.443-04:30
161	t	\N	\N	\N	175	172	173	24	17	2016-12-26 16:59:56.448-04:30	2016-12-26 16:59:56.448-04:30
162	t	\N	\N	\N	176	173	163	24	19	2016-12-26 16:59:56.453-04:30	2016-12-26 16:59:56.453-04:30
163	t	\N	\N	\N	177	174	153	24	18	2016-12-26 16:59:56.454-04:30	2016-12-26 16:59:56.454-04:30
164	t	\N	\N	\N	178	175	191	24	19	2016-12-26 16:59:56.454-04:30	2016-12-26 16:59:56.454-04:30
165	t	\N	\N	\N	179	176	164	22	19	2016-12-26 17:01:15.762-04:30	2016-12-26 17:01:15.762-04:30
166	t	\N	\N	\N	183	177	174	22	19	2016-12-26 17:01:15.767-04:30	2016-12-26 17:01:15.767-04:30
167	t	\N	\N	\N	181	178	183	22	19	2016-12-26 17:01:15.767-04:30	2016-12-26 17:01:15.767-04:30
168	t	\N	\N	\N	180	179	192	22	19	2016-12-26 17:01:15.768-04:30	2016-12-26 17:01:15.768-04:30
169	t	\N	\N	\N	182	180	154	22	19	2016-12-26 17:01:15.769-04:30	2016-12-26 17:01:15.769-04:30
170	t	\N	\N	\N	184	181	165	22	18	2016-12-26 17:01:15.773-04:30	2016-12-26 17:01:15.773-04:30
171	t	\N	\N	\N	187	182	193	22	18	2016-12-26 17:01:15.777-04:30	2016-12-26 17:01:15.777-04:30
172	t	\N	\N	\N	185	183	175	22	18	2016-12-26 17:01:15.777-04:30	2016-12-26 17:01:15.777-04:30
173	t	\N	\N	\N	186	184	184	22	18	2016-12-26 17:01:15.778-04:30	2016-12-26 17:01:15.778-04:30
174	t	\N	\N	\N	188	185	155	22	18	2016-12-26 17:01:15.781-04:30	2016-12-26 17:01:15.781-04:30
175	t	\N	\N	\N	189	186	166	22	18	2016-12-26 17:01:15.784-04:30	2016-12-26 17:01:15.784-04:30
176	t	\N	\N	\N	190	187	194	22	18	2016-12-26 17:01:15.786-04:30	2016-12-26 17:01:15.786-04:30
177	t	\N	\N	\N	191	188	176	22	17	2016-12-26 17:01:15.789-04:30	2016-12-26 17:01:15.789-04:30
178	t	\N	\N	\N	192	189	185	22	17	2016-12-26 17:01:15.789-04:30	2016-12-26 17:01:15.789-04:30
179	t	\N	\N	\N	193	190	156	22	17	2016-12-26 17:01:15.792-04:30	2016-12-26 17:01:15.792-04:30
180	t	\N	\N	\N	194	191	167	22	17	2016-12-26 17:01:15.794-04:30	2016-12-26 17:01:15.794-04:30
181	t	\N	\N	\N	195	192	195	22	17	2016-12-26 17:01:15.796-04:30	2016-12-26 17:01:15.796-04:30
182	t	\N	\N	\N	196	193	177	22	17	2016-12-26 17:01:15.8-04:30	2016-12-26 17:01:15.8-04:30
183	t	\N	\N	\N	197	194	186	22	16	2016-12-26 17:01:15.801-04:30	2016-12-26 17:01:15.801-04:30
184	t	\N	\N	\N	198	195	157	22	16	2016-12-26 17:01:15.803-04:30	2016-12-26 17:01:15.803-04:30
185	t	\N	\N	\N	199	196	168	22	18	2016-12-26 17:01:15.806-04:30	2016-12-26 17:01:15.806-04:30
186	t	\N	\N	\N	200	197	196	22	17	2016-12-26 17:01:15.808-04:30	2016-12-26 17:01:15.808-04:30
187	t	\N	\N	\N	201	198	178	22	19	2016-12-26 17:01:15.811-04:30	2016-12-26 17:01:15.811-04:30
188	t	\N	\N	\N	202	199	187	22	18	2016-12-26 17:01:15.811-04:30	2016-12-26 17:01:15.811-04:30
189	t	\N	\N	\N	203	200	158	22	19	2016-12-26 17:01:15.814-04:30	2016-12-26 17:01:15.814-04:30
190	t	\N	\N	\N	204	201	197	20	19	2016-12-26 17:05:09.242-04:30	2016-12-26 17:05:09.242-04:30
191	t	\N	\N	\N	205	202	198	20	19	2016-12-26 17:05:09.246-04:30	2016-12-26 17:05:09.246-04:30
192	t	\N	\N	\N	206	203	199	20	19	2016-12-26 17:05:09.252-04:30	2016-12-26 17:05:09.252-04:30
193	t	\N	\N	\N	207	204	200	20	19	2016-12-26 17:05:09.271-04:30	2016-12-26 17:05:09.271-04:30
194	t	\N	\N	\N	209	205	202	20	19	2016-12-26 17:05:09.276-04:30	2016-12-26 17:05:09.276-04:30
195	t	\N	\N	\N	211	206	204	20	18	2016-12-26 17:05:09.284-04:30	2016-12-26 17:05:09.284-04:30
196	t	\N	\N	\N	208	207	201	20	18	2016-12-26 17:05:09.284-04:30	2016-12-26 17:05:09.284-04:30
197	t	\N	\N	\N	210	208	203	20	18	2016-12-26 17:05:09.285-04:30	2016-12-26 17:05:09.285-04:30
198	t	\N	\N	\N	212	209	205	20	18	2016-12-26 17:05:09.294-04:30	2016-12-26 17:05:09.294-04:30
199	t	\N	\N	\N	213	210	206	20	18	2016-12-26 17:05:09.296-04:30	2016-12-26 17:05:09.296-04:30
200	t	\N	\N	\N	214	211	207	20	18	2016-12-26 17:05:09.302-04:30	2016-12-26 17:05:09.302-04:30
201	t	\N	\N	\N	215	212	208	20	18	2016-12-26 17:05:09.302-04:30	2016-12-26 17:05:09.302-04:30
202	t	\N	\N	\N	216	213	209	20	17	2016-12-26 17:05:09.306-04:30	2016-12-26 17:05:09.306-04:30
203	t	\N	\N	\N	217	214	210	20	17	2016-12-26 17:05:09.308-04:30	2016-12-26 17:05:09.308-04:30
204	t	\N	\N	\N	218	215	211	20	17	2016-12-26 17:05:09.311-04:30	2016-12-26 17:05:09.311-04:30
205	t	\N	\N	\N	219	216	212	20	17	2016-12-26 17:05:09.314-04:30	2016-12-26 17:05:09.314-04:30
206	t	\N	\N	\N	220	217	213	20	17	2016-12-26 17:05:09.315-04:30	2016-12-26 17:05:09.315-04:30
207	t	\N	\N	\N	221	218	214	20	17	2016-12-26 17:05:09.324-04:30	2016-12-26 17:05:09.324-04:30
208	t	\N	\N	\N	222	219	215	20	16	2016-12-26 17:05:09.327-04:30	2016-12-26 17:05:09.327-04:30
209	t	\N	\N	\N	223	220	216	20	16	2016-12-26 17:05:09.33-04:30	2016-12-26 17:05:09.33-04:30
210	t	\N	\N	\N	224	221	217	20	18	2016-12-26 17:05:09.335-04:30	2016-12-26 17:05:09.335-04:30
211	t	\N	\N	\N	225	222	218	20	17	2016-12-26 17:05:09.336-04:30	2016-12-26 17:05:09.336-04:30
212	t	\N	\N	\N	226	223	219	20	19	2016-12-26 17:05:09.339-04:30	2016-12-26 17:05:09.339-04:30
213	t	\N	\N	\N	227	224	220	20	18	2016-12-26 17:05:09.342-04:30	2016-12-26 17:05:09.342-04:30
214	t	\N	\N	\N	228	225	221	20	19	2016-12-26 17:05:09.349-04:30	2016-12-26 17:05:09.349-04:30
215	t	\N	\N	\N	229	226	222	29	\N	2016-12-27 12:27:11.758-04:30	2016-12-27 12:27:11.758-04:30
216	t	\N	\N	\N	230	227	223	27	19	2016-12-27 14:07:02.636-04:30	2016-12-27 14:07:02.636-04:30
217	t	\N	\N	\N	232	228	225	27	19	2016-12-27 14:07:02.641-04:30	2016-12-27 14:07:02.641-04:30
218	t	\N	\N	\N	233	229	226	27	19	2016-12-27 14:07:02.642-04:30	2016-12-27 14:07:02.642-04:30
219	t	\N	\N	\N	231	230	224	27	19	2016-12-27 14:07:02.642-04:30	2016-12-27 14:07:02.642-04:30
220	t	\N	\N	\N	234	231	227	27	19	2016-12-27 14:07:02.642-04:30	2016-12-27 14:07:02.642-04:30
221	t	\N	\N	\N	237	235	230	27	18	2016-12-27 14:07:02.655-04:30	2016-12-27 14:07:02.655-04:30
222	t	\N	\N	\N	243	240	236	27	17	2016-12-27 14:07:02.665-04:30	2016-12-27 14:07:02.665-04:30
223	t	\N	\N	\N	246	243	239	27	17	2016-12-27 14:07:02.677-04:30	2016-12-27 14:07:02.677-04:30
224	t	\N	\N	\N	249	245	242	27	16	2016-12-27 14:07:02.682-04:30	2016-12-27 14:07:02.682-04:30
225	t	\N	\N	\N	251	248	244	27	17	2016-12-27 14:07:02.691-04:30	2016-12-27 14:07:02.691-04:30
226	t	\N	\N	\N	253	250	246	27	18	2016-12-27 14:07:02.695-04:30	2016-12-27 14:07:02.695-04:30
227	t	\N	\N	\N	255	252	248	28	19	2016-12-27 14:08:05.135-04:30	2016-12-27 14:08:05.135-04:30
228	t	\N	\N	\N	258	253	251	28	19	2016-12-27 14:08:05.142-04:30	2016-12-27 14:08:05.142-04:30
229	t	\N	\N	\N	257	255	250	28	19	2016-12-27 14:08:05.143-04:30	2016-12-27 14:08:05.143-04:30
230	t	\N	\N	\N	260	257	253	28	18	2016-12-27 14:08:05.154-04:30	2016-12-27 14:08:05.154-04:30
231	t	\N	\N	\N	261	258	254	28	18	2016-12-27 14:08:05.163-04:30	2016-12-27 14:08:05.163-04:30
232	t	\N	\N	\N	262	260	255	28	18	2016-12-27 14:08:05.165-04:30	2016-12-27 14:08:05.165-04:30
233	t	\N	\N	\N	269	264	262	28	17	2016-12-27 14:08:05.184-04:30	2016-12-27 14:08:05.184-04:30
234	t	\N	\N	\N	266	266	259	28	18	2016-12-27 14:08:05.185-04:30	2016-12-27 14:08:05.185-04:30
235	t	\N	\N	\N	274	269	316	28	16	2016-12-27 14:08:05.206-04:30	2016-12-27 14:08:05.206-04:30
236	t	\N	\N	\N	272	271	282	28	17	2016-12-27 14:08:05.207-04:30	2016-12-27 14:08:05.207-04:30
237	t	\N	\N	\N	276	274	299	28	17	2016-12-27 14:08:05.228-04:30	2016-12-27 14:08:05.228-04:30
238	t	\N	\N	\N	277	276	317	28	19	2016-12-27 14:08:05.229-04:30	2016-12-27 14:08:05.229-04:30
239	t	\N	\N	\N	309	304	288	20	19	2016-12-27 14:09:12.121-04:30	2016-12-27 14:09:12.121-04:30
240	t	\N	\N	\N	311	308	273	20	18	2016-12-27 14:09:12.136-04:30	2016-12-27 14:09:12.136-04:30
241	t	\N	\N	\N	315	309	307	20	18	2016-12-27 14:09:12.14-04:30	2016-12-27 14:09:12.14-04:30
242	t	\N	\N	\N	314	311	340	20	18	2016-12-27 14:09:12.14-04:30	2016-12-27 14:09:12.14-04:30
243	t	\N	\N	\N	316	313	274	20	18	2016-12-27 14:09:12.145-04:30	2016-12-27 14:09:12.145-04:30
244	t	\N	\N	\N	317	314	308	20	17	2016-12-27 14:09:12.147-04:30	2016-12-27 14:09:12.147-04:30
245	t	\N	\N	\N	318	315	325	20	17	2016-12-27 14:09:12.15-04:30	2016-12-27 14:09:12.15-04:30
246	t	\N	\N	\N	321	318	275	20	17	2016-12-27 14:09:12.155-04:30	2016-12-27 14:09:12.155-04:30
247	t	\N	\N	\N	322	319	309	20	17	2016-12-27 14:09:12.157-04:30	2016-12-27 14:09:12.157-04:30
248	t	\N	\N	\N	325	321	291	20	18	2016-12-27 14:09:12.162-04:30	2016-12-27 14:09:12.162-04:30
249	t	\N	\N	\N	326	323	276	20	17	2016-12-27 14:09:12.165-04:30	2016-12-27 14:09:12.165-04:30
250	t	\N	\N	\N	328	325	327	20	18	2016-12-27 14:09:12.172-04:30	2016-12-27 14:09:12.172-04:30
251	t	\N	\N	\N	330	327	293	26	19	2016-12-27 14:09:50.631-04:30	2016-12-27 14:09:50.631-04:30
252	t	\N	\N	\N	333	328	328	26	19	2016-12-27 14:09:50.638-04:30	2016-12-27 14:09:50.638-04:30
253	t	\N	\N	\N	334	331	343	26	19	2016-12-27 14:09:50.639-04:30	2016-12-27 14:09:50.639-04:30
254	t	\N	\N	\N	335	332	294	26	18	2016-12-27 14:09:50.653-04:30	2016-12-27 14:09:50.653-04:30
255	t	\N	\N	\N	337	333	312	26	18	2016-12-27 14:09:50.671-04:30	2016-12-27 14:09:50.671-04:30
256	t	\N	\N	\N	336	336	329	26	18	2016-12-27 14:09:50.673-04:30	2016-12-27 14:09:50.673-04:30
257	t	\N	\N	\N	344	341	330	26	17	2016-12-27 14:09:50.701-04:30	2016-12-27 14:09:50.701-04:30
258	t	\N	\N	\N	348	346	280	26	16	2016-12-27 14:09:50.728-04:30	2016-12-27 14:09:50.728-04:30
259	t	\N	\N	\N	350	347	297	26	18	2016-12-27 14:09:50.749-04:30	2016-12-27 14:09:50.749-04:30
260	t	\N	\N	\N	352	349	347	26	19	2016-12-27 14:09:50.762-04:30	2016-12-27 14:09:50.762-04:30
261	t	\N	\N	\N	354	351	281	26	19	2016-12-27 14:09:50.769-04:30	2016-12-27 14:09:50.769-04:30
262	f	\N	\N	\N	280	277	266	23	19	2016-12-27 14:08:40.434-04:30	2016-12-28 10:25:32.986-04:30
263	f	\N	\N	\N	282	278	284	23	19	2016-12-27 14:08:40.441-04:30	2016-12-28 10:25:34.4-04:30
264	f	\N	\N	\N	285	282	267	23	18	2016-12-27 14:08:40.452-04:30	2016-12-28 10:25:35.289-04:30
265	f	\N	\N	\N	290	287	268	23	18	2016-12-27 14:08:40.462-04:30	2016-12-28 10:25:39.828-04:30
266	f	\N	\N	\N	288	283	301	23	18	2016-12-27 14:08:40.457-04:30	2016-12-28 10:25:42.481-04:30
267	f	\N	\N	\N	292	289	336	23	17	2016-12-27 14:08:40.465-04:30	2016-12-28 10:25:44.558-04:30
268	f	\N	\N	\N	294	292	286	23	17	2016-12-27 14:08:40.471-04:30	2016-12-28 10:25:46.755-04:30
269	f	\N	\N	\N	296	293	303	23	17	2016-12-27 14:08:40.473-04:30	2016-12-28 10:27:33.976-04:30
270	f	\N	\N	\N	300	298	287	23	18	2016-12-27 14:08:40.481-04:30	2016-12-28 15:22:45.099-04:30
271	t	\N	\N	\N	235	232	228	27	18	2016-12-27 14:07:02.647-04:30	2016-12-27 14:07:02.647-04:30
272	t	\N	\N	\N	238	234	231	27	18	2016-12-27 14:07:02.654-04:30	2016-12-27 14:07:02.654-04:30
273	t	\N	\N	\N	240	237	233	27	18	2016-12-27 14:07:02.66-04:30	2016-12-27 14:07:02.66-04:30
274	t	\N	\N	\N	242	239	235	27	17	2016-12-27 14:07:02.665-04:30	2016-12-27 14:07:02.665-04:30
275	t	\N	\N	\N	245	242	238	27	17	2016-12-27 14:07:02.674-04:30	2016-12-27 14:07:02.674-04:30
276	t	\N	\N	\N	250	247	243	27	18	2016-12-27 14:07:02.688-04:30	2016-12-27 14:07:02.688-04:30
277	t	\N	\N	\N	252	249	245	27	19	2016-12-27 14:07:02.694-04:30	2016-12-27 14:07:02.694-04:30
278	t	\N	\N	\N	273	268	298	28	16	2016-12-27 14:08:05.205-04:30	2016-12-27 14:08:05.205-04:30
279	t	\N	\N	\N	275	272	333	28	18	2016-12-27 14:08:05.216-04:30	2016-12-27 14:08:05.216-04:30
280	t	\N	\N	\N	310	307	306	20	18	2016-12-27 14:09:12.126-04:30	2016-12-27 14:09:12.126-04:30
281	t	\N	\N	\N	312	312	289	20	18	2016-12-27 14:09:12.141-04:30	2016-12-27 14:09:12.141-04:30
282	t	\N	\N	\N	320	317	290	20	17	2016-12-27 14:09:12.152-04:30	2016-12-27 14:09:12.152-04:30
283	t	\N	\N	\N	324	322	342	20	16	2016-12-27 14:09:12.162-04:30	2016-12-27 14:09:12.162-04:30
284	t	\N	\N	\N	327	324	310	20	19	2016-12-27 14:09:12.169-04:30	2016-12-27 14:09:12.169-04:30
285	t	\N	\N	\N	331	329	311	26	19	2016-12-27 14:09:50.639-04:30	2016-12-27 14:09:50.639-04:30
286	t	\N	\N	\N	338	335	278	26	18	2016-12-27 14:09:50.672-04:30	2016-12-27 14:09:50.672-04:30
287	t	\N	\N	\N	342	339	345	26	17	2016-12-27 14:09:50.699-04:30	2016-12-27 14:09:50.699-04:30
288	t	\N	\N	\N	347	344	346	26	17	2016-12-27 14:09:50.726-04:30	2016-12-27 14:09:50.726-04:30
289	t	\N	\N	\N	353	350	332	26	18	2016-12-27 14:09:50.763-04:30	2016-12-27 14:09:50.763-04:30
290	f	\N	\N	\N	281	279	318	23	19	2016-12-27 14:08:40.441-04:30	2016-12-28 10:25:53.383-04:30
291	f	\N	\N	\N	289	284	335	23	18	2016-12-27 14:08:40.457-04:30	2016-12-28 10:25:55.057-04:30
292	f	\N	\N	\N	301	297	304	23	17	2016-12-27 14:08:40.481-04:30	2016-12-28 10:26:56.072-04:30
293	f	\N	\N	\N	298	295	321	23	16	2016-12-27 14:08:40.477-04:30	2016-12-28 10:26:56.154-04:30
294	f	\N	\N	\N	304	301	271	23	19	2016-12-27 14:08:40.487-04:30	2016-12-28 10:26:56.252-04:30
295	f	\N	\N	\N	293	290	320	23	17	2016-12-27 14:08:40.468-04:30	2016-12-28 10:26:58.545-04:30
296	t	\N	\N	\N	236	233	229	27	18	2016-12-27 14:07:02.65-04:30	2016-12-27 14:07:02.65-04:30
297	t	\N	\N	\N	239	236	232	27	18	2016-12-27 14:07:02.657-04:30	2016-12-27 14:07:02.657-04:30
298	t	\N	\N	\N	241	238	234	27	18	2016-12-27 14:07:02.665-04:30	2016-12-27 14:07:02.665-04:30
299	t	\N	\N	\N	244	241	237	27	17	2016-12-27 14:07:02.671-04:30	2016-12-27 14:07:02.671-04:30
300	t	\N	\N	\N	247	244	240	27	17	2016-12-27 14:07:02.679-04:30	2016-12-27 14:07:02.679-04:30
301	t	\N	\N	\N	248	246	241	27	16	2016-12-27 14:07:02.682-04:30	2016-12-27 14:07:02.682-04:30
302	t	\N	\N	\N	254	251	247	27	19	2016-12-27 14:07:02.7-04:30	2016-12-27 14:07:02.7-04:30
303	t	\N	\N	\N	256	254	249	28	19	2016-12-27 14:08:05.142-04:30	2016-12-27 14:08:05.142-04:30
304	t	\N	\N	\N	259	256	252	28	19	2016-12-27 14:08:05.143-04:30	2016-12-27 14:08:05.143-04:30
305	t	\N	\N	\N	264	259	257	28	18	2016-12-27 14:08:05.165-04:30	2016-12-27 14:08:05.165-04:30
306	t	\N	\N	\N	263	261	256	28	18	2016-12-27 14:08:05.166-04:30	2016-12-27 14:08:05.166-04:30
307	t	\N	\N	\N	265	262	258	28	18	2016-12-27 14:08:05.174-04:30	2016-12-27 14:08:05.174-04:30
308	t	\N	\N	\N	268	263	261	28	17	2016-12-27 14:08:05.183-04:30	2016-12-27 14:08:05.183-04:30
309	t	\N	\N	\N	267	265	260	28	17	2016-12-27 14:08:05.184-04:30	2016-12-27 14:08:05.184-04:30
310	t	\N	\N	\N	270	267	263	28	17	2016-12-27 14:08:05.196-04:30	2016-12-27 14:08:05.196-04:30
311	t	\N	\N	\N	271	270	264	28	17	2016-12-27 14:08:05.206-04:30	2016-12-27 14:08:05.206-04:30
312	t	\N	\N	\N	279	273	283	28	19	2016-12-27 14:08:05.227-04:30	2016-12-27 14:08:05.227-04:30
313	t	\N	\N	\N	278	275	265	28	18	2016-12-27 14:08:05.228-04:30	2016-12-27 14:08:05.228-04:30
314	t	\N	\N	\N	305	302	305	20	19	2016-12-27 14:09:12.112-04:30	2016-12-27 14:09:12.112-04:30
315	t	\N	\N	\N	308	303	272	20	19	2016-12-27 14:09:12.12-04:30	2016-12-27 14:09:12.12-04:30
316	t	\N	\N	\N	306	305	323	20	19	2016-12-27 14:09:12.121-04:30	2016-12-27 14:09:12.121-04:30
317	t	\N	\N	\N	307	306	339	20	19	2016-12-27 14:09:12.121-04:30	2016-12-27 14:09:12.121-04:30
318	t	\N	\N	\N	313	310	324	20	18	2016-12-27 14:09:12.14-04:30	2016-12-27 14:09:12.14-04:30
319	t	\N	\N	\N	319	316	341	20	17	2016-12-27 14:09:12.15-04:30	2016-12-27 14:09:12.15-04:30
320	t	\N	\N	\N	323	320	326	20	16	2016-12-27 14:09:12.159-04:30	2016-12-27 14:09:12.159-04:30
321	t	\N	\N	\N	329	326	292	20	19	2016-12-27 14:09:12.173-04:30	2016-12-27 14:09:12.173-04:30
322	t	\N	\N	\N	332	330	277	26	19	2016-12-27 14:09:50.639-04:30	2016-12-27 14:09:50.639-04:30
323	t	\N	\N	\N	339	334	344	26	18	2016-12-27 14:09:50.671-04:30	2016-12-27 14:09:50.671-04:30
324	t	\N	\N	\N	340	337	295	26	18	2016-12-27 14:09:50.689-04:30	2016-12-27 14:09:50.689-04:30
325	t	\N	\N	\N	341	338	313	26	18	2016-12-27 14:09:50.699-04:30	2016-12-27 14:09:50.699-04:30
326	t	\N	\N	\N	343	340	279	26	17	2016-12-27 14:09:50.7-04:30	2016-12-27 14:09:50.7-04:30
327	t	\N	\N	\N	345	342	296	26	17	2016-12-27 14:09:50.713-04:30	2016-12-27 14:09:50.713-04:30
328	t	\N	\N	\N	346	343	314	26	17	2016-12-27 14:09:50.718-04:30	2016-12-27 14:09:50.718-04:30
329	t	\N	\N	\N	349	345	331	26	16	2016-12-27 14:09:50.726-04:30	2016-12-27 14:09:50.726-04:30
330	t	\N	\N	\N	351	348	315	26	17	2016-12-27 14:09:50.753-04:30	2016-12-27 14:09:50.753-04:30
331	t	\N	\N	\N	355	352	348	24	19	2016-12-27 14:10:25.539-04:30	2016-12-27 14:10:25.539-04:30
332	t	\N	\N	\N	357	353	350	24	19	2016-12-27 14:10:25.545-04:30	2016-12-27 14:10:25.545-04:30
333	t	\N	\N	\N	356	354	349	24	19	2016-12-27 14:10:25.545-04:30	2016-12-27 14:10:25.545-04:30
334	t	\N	\N	\N	358	355	351	24	19	2016-12-27 14:10:25.546-04:30	2016-12-27 14:10:25.546-04:30
335	t	\N	\N	\N	359	356	352	24	19	2016-12-27 14:10:25.546-04:30	2016-12-27 14:10:25.546-04:30
336	t	\N	\N	\N	360	357	353	24	18	2016-12-27 14:10:25.551-04:30	2016-12-27 14:10:25.551-04:30
337	t	\N	\N	\N	363	358	356	24	18	2016-12-27 14:10:25.557-04:30	2016-12-27 14:10:25.557-04:30
338	t	\N	\N	\N	361	359	354	24	18	2016-12-27 14:10:25.557-04:30	2016-12-27 14:10:25.557-04:30
339	t	\N	\N	\N	362	360	355	24	18	2016-12-27 14:10:25.558-04:30	2016-12-27 14:10:25.558-04:30
340	t	\N	\N	\N	364	361	357	24	18	2016-12-27 14:10:25.562-04:30	2016-12-27 14:10:25.562-04:30
341	t	\N	\N	\N	365	362	358	24	18	2016-12-27 14:10:25.565-04:30	2016-12-27 14:10:25.565-04:30
342	t	\N	\N	\N	366	363	359	24	18	2016-12-27 14:10:25.568-04:30	2016-12-27 14:10:25.568-04:30
343	t	\N	\N	\N	367	364	360	24	17	2016-12-27 14:10:25.572-04:30	2016-12-27 14:10:25.572-04:30
344	t	\N	\N	\N	368	365	361	24	17	2016-12-27 14:10:25.572-04:30	2016-12-27 14:10:25.572-04:30
345	t	\N	\N	\N	369	366	362	24	17	2016-12-27 14:10:25.575-04:30	2016-12-27 14:10:25.575-04:30
346	t	\N	\N	\N	370	367	363	24	17	2016-12-27 14:10:25.577-04:30	2016-12-27 14:10:25.577-04:30
347	t	\N	\N	\N	371	368	364	24	17	2016-12-27 14:10:25.58-04:30	2016-12-27 14:10:25.58-04:30
348	t	\N	\N	\N	372	369	365	24	17	2016-12-27 14:10:25.584-04:30	2016-12-27 14:10:25.584-04:30
349	t	\N	\N	\N	373	370	366	24	16	2016-12-27 14:10:25.584-04:30	2016-12-27 14:10:25.584-04:30
350	t	\N	\N	\N	374	371	367	24	16	2016-12-27 14:10:25.588-04:30	2016-12-27 14:10:25.588-04:30
351	t	\N	\N	\N	375	372	368	24	18	2016-12-27 14:10:25.591-04:30	2016-12-27 14:10:25.591-04:30
352	t	\N	\N	\N	376	373	369	24	17	2016-12-27 14:10:25.593-04:30	2016-12-27 14:10:25.593-04:30
353	t	\N	\N	\N	377	374	370	24	19	2016-12-27 14:10:25.605-04:30	2016-12-27 14:10:25.605-04:30
354	t	\N	\N	\N	378	375	371	24	18	2016-12-27 14:10:25.606-04:30	2016-12-27 14:10:25.606-04:30
355	t	\N	\N	\N	379	376	140	24	19	2016-12-27 14:10:25.608-04:30	2016-12-27 14:10:25.608-04:30
356	t	\N	\N	\N	380	377	372	22	19	2016-12-27 14:11:16.13-04:30	2016-12-27 14:11:16.13-04:30
357	t	\N	\N	\N	384	378	376	22	19	2016-12-27 14:11:16.139-04:30	2016-12-27 14:11:16.139-04:30
358	t	\N	\N	\N	381	379	373	22	19	2016-12-27 14:11:16.14-04:30	2016-12-27 14:11:16.14-04:30
359	t	\N	\N	\N	383	380	375	22	19	2016-12-27 14:11:16.14-04:30	2016-12-27 14:11:16.14-04:30
360	t	\N	\N	\N	382	381	374	22	19	2016-12-27 14:11:16.14-04:30	2016-12-27 14:11:16.14-04:30
361	t	\N	\N	\N	385	382	377	22	18	2016-12-27 14:11:16.147-04:30	2016-12-27 14:11:16.147-04:30
362	t	\N	\N	\N	387	383	379	22	18	2016-12-27 14:11:16.154-04:30	2016-12-27 14:11:16.154-04:30
363	t	\N	\N	\N	388	384	380	22	18	2016-12-27 14:11:16.155-04:30	2016-12-27 14:11:16.155-04:30
364	t	\N	\N	\N	386	385	378	22	18	2016-12-27 14:11:16.155-04:30	2016-12-27 14:11:16.155-04:30
365	t	\N	\N	\N	389	386	381	22	18	2016-12-27 14:11:16.159-04:30	2016-12-27 14:11:16.159-04:30
366	t	\N	\N	\N	390	387	382	22	18	2016-12-27 14:11:16.163-04:30	2016-12-27 14:11:16.163-04:30
367	t	\N	\N	\N	391	388	383	22	18	2016-12-27 14:11:16.17-04:30	2016-12-27 14:11:16.17-04:30
368	t	\N	\N	\N	393	389	385	22	17	2016-12-27 14:11:16.17-04:30	2016-12-27 14:11:16.17-04:30
369	t	\N	\N	\N	392	390	384	22	17	2016-12-27 14:11:16.171-04:30	2016-12-27 14:11:16.171-04:30
370	t	\N	\N	\N	394	391	386	22	17	2016-12-27 14:11:16.176-04:30	2016-12-27 14:11:16.176-04:30
371	t	\N	\N	\N	395	392	387	22	17	2016-12-27 14:11:16.18-04:30	2016-12-27 14:11:16.18-04:30
372	t	\N	\N	\N	396	393	388	22	17	2016-12-27 14:11:16.184-04:30	2016-12-27 14:11:16.184-04:30
373	t	\N	\N	\N	398	394	390	22	16	2016-12-27 14:11:16.19-04:30	2016-12-27 14:11:16.19-04:30
374	t	\N	\N	\N	397	395	389	22	17	2016-12-27 14:11:16.191-04:30	2016-12-27 14:11:16.191-04:30
375	t	\N	\N	\N	399	396	391	22	16	2016-12-27 14:11:16.191-04:30	2016-12-27 14:11:16.191-04:30
376	t	\N	\N	\N	400	397	392	22	18	2016-12-27 14:11:16.209-04:30	2016-12-27 14:11:16.209-04:30
377	t	\N	\N	\N	401	398	393	22	17	2016-12-27 14:11:16.213-04:30	2016-12-27 14:11:16.213-04:30
378	t	\N	\N	\N	402	399	394	22	19	2016-12-27 14:11:16.217-04:30	2016-12-27 14:11:16.217-04:30
379	t	\N	\N	\N	403	400	395	22	18	2016-12-27 14:11:16.218-04:30	2016-12-27 14:11:16.218-04:30
380	t	\N	\N	\N	404	401	396	22	19	2016-12-27 14:11:16.222-04:30	2016-12-27 14:11:16.222-04:30
381	t	\N	\N	\N	408	402	400	21	19	2016-12-27 14:11:55.829-04:30	2016-12-27 14:11:55.829-04:30
382	t	\N	\N	\N	409	403	401	21	19	2016-12-27 14:11:55.83-04:30	2016-12-27 14:11:55.83-04:30
383	t	\N	\N	\N	407	404	399	21	19	2016-12-27 14:11:55.83-04:30	2016-12-27 14:11:55.83-04:30
384	t	\N	\N	\N	406	405	398	21	19	2016-12-27 14:11:55.832-04:30	2016-12-27 14:11:55.832-04:30
385	t	\N	\N	\N	405	406	397	21	19	2016-12-27 14:11:55.832-04:30	2016-12-27 14:11:55.832-04:30
386	t	\N	\N	\N	410	407	402	21	18	2016-12-27 14:11:55.845-04:30	2016-12-27 14:11:55.845-04:30
387	t	\N	\N	\N	414	408	406	21	18	2016-12-27 14:11:55.852-04:30	2016-12-27 14:11:55.852-04:30
388	t	\N	\N	\N	411	409	403	21	18	2016-12-27 14:11:55.852-04:30	2016-12-27 14:11:55.852-04:30
389	t	\N	\N	\N	412	410	404	21	18	2016-12-27 14:11:55.852-04:30	2016-12-27 14:11:55.852-04:30
390	t	\N	\N	\N	413	411	405	21	18	2016-12-27 14:11:55.853-04:30	2016-12-27 14:11:55.853-04:30
391	t	\N	\N	\N	415	412	407	21	18	2016-12-27 14:11:55.859-04:30	2016-12-27 14:11:55.859-04:30
392	t	\N	\N	\N	418	413	410	21	17	2016-12-27 14:11:55.864-04:30	2016-12-27 14:11:55.864-04:30
393	f	\N	\N	\N	284	281	334	23	19	2016-12-27 14:08:40.441-04:30	2016-12-28 10:26:56.618-04:30
394	f	\N	\N	\N	286	286	285	23	18	2016-12-27 14:08:40.458-04:30	2016-12-28 10:26:56.838-04:30
395	f	\N	\N	\N	291	288	302	23	18	2016-12-27 14:08:40.464-04:30	2016-12-28 10:26:56.84-04:30
396	f	\N	\N	\N	297	294	337	23	17	2016-12-27 14:08:40.475-04:30	2016-12-28 10:26:57.043-04:30
397	f	\N	\N	\N	299	296	270	23	16	2016-12-27 14:08:40.479-04:30	2016-12-28 10:26:57.048-04:30
398	f	\N	\N	\N	302	299	338	23	19	2016-12-27 14:08:40.483-04:30	2016-12-28 10:26:57.254-04:30
399	f	\N	\N	\N	303	300	322	23	18	2016-12-27 14:08:40.485-04:30	2016-12-28 10:26:57.257-04:30
400	f	\N	\N	\N	295	291	269	23	17	2016-12-27 14:08:40.471-04:30	2016-12-28 10:26:57.968-04:30
401	t	\N	\N	\N	416	414	408	21	18	2016-12-27 14:11:55.864-04:30	2016-12-27 14:11:55.864-04:30
402	t	\N	\N	\N	420	417	412	21	17	2016-12-27 14:11:55.872-04:30	2016-12-27 14:11:55.872-04:30
403	t	\N	\N	\N	422	419	415	21	17	2016-12-27 14:11:55.878-04:30	2016-12-27 14:11:55.878-04:30
404	t	\N	\N	\N	425	422	421	21	18	2016-12-27 14:11:55.885-04:30	2016-12-27 14:11:55.885-04:30
405	t	\N	\N	\N	417	415	409	21	17	2016-12-27 14:11:55.864-04:30	2016-12-27 14:11:55.864-04:30
406	t	\N	\N	\N	419	416	411	21	17	2016-12-27 14:11:55.869-04:30	2016-12-27 14:11:55.869-04:30
407	t	\N	\N	\N	424	421	419	21	16	2016-12-27 14:11:55.882-04:30	2016-12-27 14:11:55.882-04:30
408	t	\N	\N	\N	428	426	418	21	18	2016-12-27 14:11:55.894-04:30	2016-12-27 14:11:55.894-04:30
409	t	\N	\N	\N	421	418	413	21	17	2016-12-27 14:11:55.874-04:30	2016-12-27 14:11:55.874-04:30
410	t	\N	\N	\N	427	424	416	21	19	2016-12-27 14:11:55.89-04:30	2016-12-27 14:11:55.89-04:30
411	t	\N	\N	\N	423	420	417	21	16	2016-12-27 14:11:55.878-04:30	2016-12-27 14:11:55.878-04:30
412	t	\N	\N	\N	426	423	414	21	17	2016-12-27 14:11:55.887-04:30	2016-12-27 14:11:55.887-04:30
413	t	\N	\N	\N	429	425	420	21	19	2016-12-27 14:11:55.894-04:30	2016-12-27 14:11:55.894-04:30
414	t	\N	\N	\N	430	427	422	28	19	2016-12-27 15:34:12.081-04:30	2016-12-27 15:34:12.081-04:30
415	t	\N	\N	\N	434	428	426	28	19	2016-12-27 15:34:12.086-04:30	2016-12-27 15:34:12.086-04:30
416	t	\N	\N	\N	433	429	425	28	19	2016-12-27 15:34:12.086-04:30	2016-12-27 15:34:12.086-04:30
417	t	\N	\N	\N	431	430	423	28	19	2016-12-27 15:34:12.087-04:30	2016-12-27 15:34:12.087-04:30
418	t	\N	\N	\N	432	431	424	28	19	2016-12-27 15:34:12.087-04:30	2016-12-27 15:34:12.087-04:30
419	t	\N	\N	\N	435	432	427	28	18	2016-12-27 15:34:12.094-04:30	2016-12-27 15:34:12.094-04:30
420	t	\N	\N	\N	438	433	430	28	18	2016-12-27 15:34:12.1-04:30	2016-12-27 15:34:12.1-04:30
421	t	\N	\N	\N	436	434	428	28	18	2016-12-27 15:34:12.1-04:30	2016-12-27 15:34:12.1-04:30
422	t	\N	\N	\N	437	435	429	28	18	2016-12-27 15:34:12.101-04:30	2016-12-27 15:34:12.101-04:30
423	t	\N	\N	\N	439	436	431	28	18	2016-12-27 15:34:12.104-04:30	2016-12-27 15:34:12.104-04:30
424	t	\N	\N	\N	440	437	432	28	18	2016-12-27 15:34:12.106-04:30	2016-12-27 15:34:12.106-04:30
425	t	\N	\N	\N	441	438	433	28	18	2016-12-27 15:34:12.11-04:30	2016-12-27 15:34:12.11-04:30
426	t	\N	\N	\N	443	439	435	28	17	2016-12-27 15:34:12.111-04:30	2016-12-27 15:34:12.111-04:30
427	t	\N	\N	\N	442	440	434	28	17	2016-12-27 15:34:12.111-04:30	2016-12-27 15:34:12.111-04:30
428	t	\N	\N	\N	444	441	436	28	17	2016-12-27 15:34:12.114-04:30	2016-12-27 15:34:12.114-04:30
429	t	\N	\N	\N	445	442	437	28	17	2016-12-27 15:34:12.117-04:30	2016-12-27 15:34:12.117-04:30
430	t	\N	\N	\N	446	443	438	28	17	2016-12-27 15:34:12.12-04:30	2016-12-27 15:34:12.12-04:30
431	t	\N	\N	\N	447	444	439	28	17	2016-12-27 15:34:12.124-04:30	2016-12-27 15:34:12.124-04:30
432	t	\N	\N	\N	448	445	440	28	16	2016-12-27 15:34:12.124-04:30	2016-12-27 15:34:12.124-04:30
433	t	\N	\N	\N	449	446	441	28	16	2016-12-27 15:34:12.126-04:30	2016-12-27 15:34:12.126-04:30
434	t	\N	\N	\N	450	447	442	28	18	2016-12-27 15:34:12.129-04:30	2016-12-27 15:34:12.129-04:30
435	t	\N	\N	\N	451	448	443	28	17	2016-12-27 15:34:12.131-04:30	2016-12-27 15:34:12.131-04:30
436	t	\N	\N	\N	452	449	444	28	19	2016-12-27 15:34:12.138-04:30	2016-12-27 15:34:12.138-04:30
437	t	\N	\N	\N	453	450	445	28	18	2016-12-27 15:34:12.146-04:30	2016-12-27 15:34:12.146-04:30
438	t	\N	\N	\N	454	451	446	28	19	2016-12-27 15:34:12.147-04:30	2016-12-27 15:34:12.147-04:30
439	t	\N	\N	\N	455	452	447	28	19	2016-12-27 15:37:16.622-04:30	2016-12-27 15:37:16.622-04:30
440	t	\N	\N	\N	458	453	450	28	19	2016-12-27 15:37:16.628-04:30	2016-12-27 15:37:16.628-04:30
441	t	\N	\N	\N	457	454	449	28	19	2016-12-27 15:37:16.628-04:30	2016-12-27 15:37:16.628-04:30
442	t	\N	\N	\N	456	455	448	28	19	2016-12-27 15:37:16.628-04:30	2016-12-27 15:37:16.628-04:30
443	t	\N	\N	\N	459	456	451	28	19	2016-12-27 15:37:16.629-04:30	2016-12-27 15:37:16.629-04:30
444	t	\N	\N	\N	460	457	452	28	18	2016-12-27 15:37:16.635-04:30	2016-12-27 15:37:16.635-04:30
445	t	\N	\N	\N	463	458	455	28	18	2016-12-27 15:37:16.64-04:30	2016-12-27 15:37:16.64-04:30
446	t	\N	\N	\N	461	459	453	28	18	2016-12-27 15:37:16.641-04:30	2016-12-27 15:37:16.641-04:30
447	t	\N	\N	\N	462	460	454	28	18	2016-12-27 15:37:16.641-04:30	2016-12-27 15:37:16.641-04:30
448	t	\N	\N	\N	464	461	456	28	18	2016-12-27 15:37:16.645-04:30	2016-12-27 15:37:16.645-04:30
449	t	\N	\N	\N	465	462	457	28	18	2016-12-27 15:37:16.648-04:30	2016-12-27 15:37:16.648-04:30
450	t	\N	\N	\N	466	463	458	28	18	2016-12-27 15:37:16.65-04:30	2016-12-27 15:37:16.65-04:30
451	t	\N	\N	\N	467	464	459	28	17	2016-12-27 15:37:16.652-04:30	2016-12-27 15:37:16.652-04:30
452	t	\N	\N	\N	468	465	460	28	17	2016-12-27 15:37:16.658-04:30	2016-12-27 15:37:16.658-04:30
453	t	\N	\N	\N	469	466	461	28	17	2016-12-27 15:37:16.664-04:30	2016-12-27 15:37:16.664-04:30
454	t	\N	\N	\N	470	467	462	28	17	2016-12-27 15:37:16.664-04:30	2016-12-27 15:37:16.664-04:30
455	t	\N	\N	\N	471	468	463	28	17	2016-12-27 15:37:16.664-04:30	2016-12-27 15:37:16.664-04:30
456	t	\N	\N	\N	472	469	464	28	17	2016-12-27 15:37:16.666-04:30	2016-12-27 15:37:16.666-04:30
457	t	\N	\N	\N	473	470	465	28	16	2016-12-27 15:37:16.671-04:30	2016-12-27 15:37:16.671-04:30
458	t	\N	\N	\N	474	471	466	28	16	2016-12-27 15:37:16.674-04:30	2016-12-27 15:37:16.674-04:30
459	t	\N	\N	\N	475	472	467	28	18	2016-12-27 15:37:16.677-04:30	2016-12-27 15:37:16.677-04:30
460	t	\N	\N	\N	476	473	468	28	17	2016-12-27 15:37:16.677-04:30	2016-12-27 15:37:16.677-04:30
461	t	\N	\N	\N	477	474	469	28	19	2016-12-27 15:37:16.68-04:30	2016-12-27 15:37:16.68-04:30
462	t	\N	\N	\N	478	475	470	28	18	2016-12-27 15:37:16.684-04:30	2016-12-27 15:37:16.684-04:30
463	t	\N	\N	\N	479	476	471	28	19	2016-12-27 15:37:16.689-04:30	2016-12-27 15:37:16.689-04:30
464	t	\N	\N	\N	480	477	472	24	19	2016-12-27 15:44:05.735-04:30	2016-12-27 15:44:05.735-04:30
465	t	\N	\N	\N	481	478	473	24	19	2016-12-27 15:44:05.745-04:30	2016-12-27 15:44:05.745-04:30
466	t	\N	\N	\N	482	479	474	24	19	2016-12-27 15:44:05.757-04:30	2016-12-27 15:44:05.757-04:30
467	t	\N	\N	\N	484	480	476	24	19	2016-12-27 15:44:05.769-04:30	2016-12-27 15:44:05.769-04:30
468	t	\N	\N	\N	486	481	478	24	18	2016-12-27 15:44:05.769-04:30	2016-12-27 15:44:05.769-04:30
469	t	\N	\N	\N	483	482	475	24	19	2016-12-27 15:44:05.77-04:30	2016-12-27 15:44:05.77-04:30
470	t	\N	\N	\N	485	483	477	24	18	2016-12-27 15:44:05.77-04:30	2016-12-27 15:44:05.77-04:30
471	t	\N	\N	\N	487	484	479	24	18	2016-12-27 15:44:05.777-04:30	2016-12-27 15:44:05.777-04:30
472	t	\N	\N	\N	488	485	480	24	18	2016-12-27 15:44:05.783-04:30	2016-12-27 15:44:05.783-04:30
473	t	\N	\N	\N	489	486	481	24	18	2016-12-27 15:44:05.783-04:30	2016-12-27 15:44:05.783-04:30
474	t	\N	\N	\N	490	487	482	24	18	2016-12-27 15:44:05.79-04:30	2016-12-27 15:44:05.79-04:30
475	t	\N	\N	\N	491	488	483	24	18	2016-12-27 15:44:05.79-04:30	2016-12-27 15:44:05.79-04:30
476	t	\N	\N	\N	492	489	484	24	17	2016-12-27 15:44:05.794-04:30	2016-12-27 15:44:05.794-04:30
477	t	\N	\N	\N	493	490	485	24	17	2016-12-27 15:44:05.798-04:30	2016-12-27 15:44:05.798-04:30
478	t	\N	\N	\N	494	491	486	24	17	2016-12-27 15:44:05.801-04:30	2016-12-27 15:44:05.801-04:30
479	t	\N	\N	\N	495	492	487	24	17	2016-12-27 15:44:05.806-04:30	2016-12-27 15:44:05.806-04:30
480	t	\N	\N	\N	496	493	488	24	17	2016-12-27 15:44:05.807-04:30	2016-12-27 15:44:05.807-04:30
481	t	\N	\N	\N	497	494	489	24	17	2016-12-27 15:44:05.811-04:30	2016-12-27 15:44:05.811-04:30
482	t	\N	\N	\N	498	495	490	24	16	2016-12-27 15:44:05.815-04:30	2016-12-27 15:44:05.815-04:30
483	t	\N	\N	\N	499	496	491	24	16	2016-12-27 15:44:05.818-04:30	2016-12-27 15:44:05.818-04:30
484	t	\N	\N	\N	500	497	492	24	18	2016-12-27 15:44:05.823-04:30	2016-12-27 15:44:05.823-04:30
485	t	\N	\N	\N	501	498	493	24	17	2016-12-27 15:44:05.824-04:30	2016-12-27 15:44:05.824-04:30
486	t	\N	\N	\N	502	499	494	24	19	2016-12-27 15:44:05.828-04:30	2016-12-27 15:44:05.828-04:30
487	t	\N	\N	\N	503	500	495	24	18	2016-12-27 15:44:05.832-04:30	2016-12-27 15:44:05.832-04:30
488	t	\N	\N	\N	504	501	496	24	19	2016-12-27 15:44:05.835-04:30	2016-12-27 15:44:05.835-04:30
489	t	\N	\N	\N	505	502	497	24	19	2016-12-27 15:44:33.158-04:30	2016-12-27 15:44:33.158-04:30
490	t	\N	\N	\N	506	503	498	24	19	2016-12-27 15:44:33.166-04:30	2016-12-27 15:44:33.166-04:30
491	t	\N	\N	\N	507	504	503	24	19	2016-12-27 15:44:33.167-04:30	2016-12-27 15:44:33.167-04:30
492	t	\N	\N	\N	509	505	512	24	19	2016-12-27 15:44:33.167-04:30	2016-12-27 15:44:33.167-04:30
493	t	\N	\N	\N	508	506	508	24	19	2016-12-27 15:44:33.167-04:30	2016-12-27 15:44:33.167-04:30
494	t	\N	\N	\N	510	507	517	24	18	2016-12-27 15:44:33.174-04:30	2016-12-27 15:44:33.174-04:30
495	t	\N	\N	\N	513	508	513	24	18	2016-12-27 15:44:33.179-04:30	2016-12-27 15:44:33.179-04:30
496	t	\N	\N	\N	511	509	499	24	18	2016-12-27 15:44:33.179-04:30	2016-12-27 15:44:33.179-04:30
497	t	\N	\N	\N	512	510	504	24	18	2016-12-27 15:44:33.179-04:30	2016-12-27 15:44:33.179-04:30
498	t	\N	\N	\N	514	511	509	24	18	2016-12-27 15:44:33.185-04:30	2016-12-27 15:44:33.185-04:30
499	t	\N	\N	\N	515	512	518	24	18	2016-12-27 15:44:33.188-04:30	2016-12-27 15:44:33.188-04:30
500	t	\N	\N	\N	516	513	514	24	18	2016-12-27 15:44:33.191-04:30	2016-12-27 15:44:33.191-04:30
501	t	\N	\N	\N	517	514	500	24	17	2016-12-27 15:44:33.195-04:30	2016-12-27 15:44:33.195-04:30
502	t	\N	\N	\N	518	515	505	24	17	2016-12-27 15:44:33.195-04:30	2016-12-27 15:44:33.195-04:30
503	t	\N	\N	\N	519	516	510	24	17	2016-12-27 15:44:33.198-04:30	2016-12-27 15:44:33.198-04:30
504	t	\N	\N	\N	520	517	519	24	17	2016-12-27 15:44:33.2-04:30	2016-12-27 15:44:33.2-04:30
505	t	\N	\N	\N	521	518	515	24	17	2016-12-27 15:44:33.202-04:30	2016-12-27 15:44:33.202-04:30
506	t	\N	\N	\N	522	519	501	24	17	2016-12-27 15:44:33.204-04:30	2016-12-27 15:44:33.204-04:30
507	t	\N	\N	\N	523	520	506	24	16	2016-12-27 15:44:33.206-04:30	2016-12-27 15:44:33.206-04:30
508	t	\N	\N	\N	525	521	520	24	18	2016-12-27 15:44:33.209-04:30	2016-12-27 15:44:33.209-04:30
509	t	\N	\N	\N	524	522	511	24	16	2016-12-27 15:44:33.209-04:30	2016-12-27 15:44:33.209-04:30
510	t	\N	\N	\N	526	523	516	24	17	2016-12-27 15:44:33.212-04:30	2016-12-27 15:44:33.212-04:30
511	t	\N	\N	\N	527	524	502	24	19	2016-12-27 15:44:33.214-04:30	2016-12-27 15:44:33.214-04:30
512	t	\N	\N	\N	528	525	507	24	18	2016-12-27 15:44:33.216-04:30	2016-12-27 15:44:33.216-04:30
513	t	\N	\N	\N	529	526	521	24	19	2016-12-27 15:44:33.218-04:30	2016-12-27 15:44:33.218-04:30
514	f	\N	\N	\N	533	528	524	23	19	2016-12-27 15:55:17.814-04:30	2016-12-28 10:26:57.44-04:30
515	f	\N	\N	\N	531	529	522	23	19	2016-12-27 15:55:17.815-04:30	2016-12-28 10:26:57.446-04:30
516	f	\N	\N	\N	532	530	523	23	19	2016-12-27 15:55:17.815-04:30	2016-12-28 10:26:57.62-04:30
517	t	\N	\N	\N	584	578	567	27	19	2016-12-27 15:57:02.243-04:30	2016-12-27 15:57:02.243-04:30
518	t	\N	\N	\N	587	584	570	27	18	2016-12-27 15:57:02.253-04:30	2016-12-27 15:57:02.253-04:30
519	t	\N	\N	\N	590	587	573	27	18	2016-12-27 15:57:02.259-04:30	2016-12-27 15:57:02.259-04:30
520	t	\N	\N	\N	610	607	600	27	18	2016-12-27 15:58:26.078-04:30	2016-12-27 15:58:26.078-04:30
521	t	\N	\N	\N	611	609	610	27	18	2016-12-27 15:58:26.083-04:30	2016-12-27 15:58:26.083-04:30
522	t	\N	\N	\N	615	612	601	27	18	2016-12-27 15:58:26.091-04:30	2016-12-27 15:58:26.091-04:30
523	t	\N	\N	\N	617	614	611	27	17	2016-12-27 15:58:26.099-04:30	2016-12-27 15:58:26.099-04:30
524	t	\N	\N	\N	620	617	602	27	17	2016-12-27 15:58:26.106-04:30	2016-12-27 15:58:26.106-04:30
525	t	\N	\N	\N	624	621	617	27	16	2016-12-27 15:58:26.119-04:30	2016-12-27 15:58:26.119-04:30
526	t	\N	\N	\N	628	625	598	27	18	2016-12-27 15:58:26.125-04:30	2016-12-27 15:58:26.125-04:30
527	t	\N	\N	\N	567	566	590	23	17	2016-12-27 15:55:37.938-04:30	2016-12-27 17:41:30.581-04:30
528	f	\N	\N	\N	534	531	525	23	19	2016-12-27 15:55:17.816-04:30	2016-12-28 10:26:57.79-04:30
529	f	\N	\N	\N	539	536	530	23	18	2016-12-27 15:55:17.828-04:30	2016-12-28 10:26:57.885-04:30
530	f	\N	\N	\N	549	546	539	23	16	2016-12-27 15:55:17.853-04:30	2016-12-28 10:26:58.058-04:30
531	f	\N	\N	\N	547	544	538	23	17	2016-12-27 15:55:17.848-04:30	2016-12-28 10:26:58.14-04:30
532	f	\N	\N	\N	552	549	542	23	19	2016-12-27 15:55:17.859-04:30	2016-12-28 10:26:58.261-04:30
533	f	\N	\N	\N	577	576	560	23	19	2016-12-27 15:55:37.981-04:30	2016-12-28 10:26:58.314-04:30
534	f	\N	\N	\N	545	540	536	23	17	2016-12-27 15:55:17.841-04:30	2016-12-28 10:26:58.453-04:30
535	f	\N	\N	\N	557	554	546	23	19	2016-12-27 15:55:37.893-04:30	2016-12-28 10:27:04.134-04:30
536	f	\N	\N	\N	572	571	556	23	17	2016-12-27 15:55:37.958-04:30	2016-12-28 10:27:06.881-04:30
537	t	\N	\N	\N	580	577	563	27	19	2016-12-27 15:57:02.238-04:30	2016-12-27 15:57:02.238-04:30
538	t	\N	\N	\N	583	579	566	27	19	2016-12-27 15:57:02.243-04:30	2016-12-27 15:57:02.243-04:30
539	t	\N	\N	\N	588	585	571	27	18	2016-12-27 15:57:02.254-04:30	2016-12-27 15:57:02.254-04:30
540	t	\N	\N	\N	593	590	576	27	17	2016-12-27 15:57:02.268-04:30	2016-12-27 15:57:02.268-04:30
541	t	\N	\N	\N	594	591	577	27	17	2016-12-27 15:57:02.272-04:30	2016-12-27 15:57:02.272-04:30
542	t	\N	\N	\N	598	595	581	27	16	2016-12-27 15:57:02.277-04:30	2016-12-27 15:57:02.277-04:30
543	t	\N	\N	\N	600	597	583	27	18	2016-12-27 15:57:02.282-04:30	2016-12-27 15:57:02.282-04:30
544	t	\N	\N	\N	603	600	586	27	18	2016-12-27 15:57:02.287-04:30	2016-12-27 15:57:02.287-04:30
545	t	\N	\N	\N	605	602	599	27	19	2016-12-27 15:58:26.064-04:30	2016-12-27 15:58:26.064-04:30
546	t	\N	\N	\N	608	603	609	27	19	2016-12-27 15:58:26.07-04:30	2016-12-27 15:58:26.07-04:30
547	t	\N	\N	\N	613	608	605	27	18	2016-12-27 15:58:26.082-04:30	2016-12-27 15:58:26.082-04:30
548	t	\N	\N	\N	616	613	606	27	18	2016-12-27 15:58:26.095-04:30	2016-12-27 15:58:26.095-04:30
549	t	\N	\N	\N	618	615	596	27	17	2016-12-27 15:58:26.099-04:30	2016-12-27 15:58:26.099-04:30
550	t	\N	\N	\N	623	620	597	27	16	2016-12-27 15:58:26.115-04:30	2016-12-27 15:58:26.115-04:30
551	t	\N	\N	\N	626	622	608	27	17	2016-12-27 15:58:26.119-04:30	2016-12-27 15:58:26.119-04:30
552	f	\N	\N	\N	561	559	549	23	18	2016-12-27 15:55:37.915-04:30	2016-12-28 10:27:14.787-04:30
553	f	\N	\N	\N	565	562	552	23	18	2016-12-27 15:55:37.925-04:30	2016-12-28 10:27:17.088-04:30
554	f	\N	\N	\N	568	563	553	23	17	2016-12-27 15:55:37.936-04:30	2016-12-28 10:27:20.084-04:30
555	f	\N	\N	\N	574	569	558	23	16	2016-12-27 15:55:37.957-04:30	2016-12-28 10:27:25.512-04:30
556	f	\N	\N	\N	535	532	526	23	18	2016-12-27 15:55:17.82-04:30	2016-12-28 10:27:28.715-04:30
557	f	\N	\N	\N	537	534	528	23	18	2016-12-27 15:55:17.825-04:30	2016-12-28 10:27:32.662-04:30
558	f	\N	\N	\N	543	541	534	23	17	2016-12-27 15:55:17.841-04:30	2016-12-28 10:27:35.209-04:30
559	f	\N	\N	\N	554	551	543	23	19	2016-12-27 15:55:17.863-04:30	2016-12-28 10:27:37.13-04:30
560	f	\N	\N	\N	579	574	562	23	19	2016-12-27 15:55:37.978-04:30	2016-12-28 10:27:40.748-04:30
561	f	\N	\N	\N	542	539	533	23	17	2016-12-27 15:55:17.837-04:30	2016-12-28 10:28:11.404-04:30
562	t	\N	\N	\N	585	582	568	27	18	2016-12-27 15:57:02.249-04:30	2016-12-27 15:57:02.249-04:30
563	t	\N	\N	\N	592	589	575	27	17	2016-12-27 15:57:02.263-04:30	2016-12-27 15:57:02.263-04:30
564	t	\N	\N	\N	596	594	579	27	17	2016-12-27 15:57:02.273-04:30	2016-12-27 15:57:02.273-04:30
565	t	\N	\N	\N	602	599	585	27	19	2016-12-27 15:57:02.285-04:30	2016-12-27 15:57:02.285-04:30
566	t	\N	\N	\N	609	606	614	27	19	2016-12-27 15:58:26.072-04:30	2016-12-27 15:58:26.072-04:30
567	t	\N	\N	\N	614	611	615	27	18	2016-12-27 15:58:26.088-04:30	2016-12-27 15:58:26.088-04:30
568	t	\N	\N	\N	619	616	616	27	17	2016-12-27 15:58:26.102-04:30	2016-12-27 15:58:26.102-04:30
569	t	\N	\N	\N	629	626	618	27	19	2016-12-27 15:58:26.127-04:30	2016-12-27 15:58:26.127-04:30
570	f	\N	\N	\N	536	533	527	23	18	2016-12-27 15:55:17.822-04:30	2016-12-28 10:27:43.32-04:30
571	f	\N	\N	\N	538	535	529	23	18	2016-12-27 15:55:17.828-04:30	2016-12-28 10:27:45.606-04:30
572	f	\N	\N	\N	541	538	532	23	18	2016-12-27 15:55:17.833-04:30	2016-12-28 10:27:48.36-04:30
573	f	\N	\N	\N	546	543	537	23	17	2016-12-27 15:55:17.844-04:30	2016-12-28 10:27:50.849-04:30
574	f	\N	\N	\N	551	548	541	23	17	2016-12-27 15:55:17.857-04:30	2016-12-28 10:27:53.228-04:30
575	f	\N	\N	\N	559	556	547	23	19	2016-12-27 15:55:37.894-04:30	2016-12-28 10:27:56.172-04:30
576	f	\N	\N	\N	563	561	550	23	18	2016-12-27 15:55:37.916-04:30	2016-12-28 10:27:58.499-04:30
577	t	\N	\N	\N	582	581	565	27	19	2016-12-27 15:57:02.244-04:30	2016-12-27 15:57:02.244-04:30
578	t	\N	\N	\N	589	586	572	27	18	2016-12-27 15:57:02.257-04:30	2016-12-27 15:57:02.257-04:30
579	t	\N	\N	\N	595	593	578	27	17	2016-12-27 15:57:02.273-04:30	2016-12-27 15:57:02.273-04:30
580	t	\N	\N	\N	599	596	582	27	16	2016-12-27 15:57:02.279-04:30	2016-12-27 15:57:02.279-04:30
581	t	\N	\N	\N	604	601	593	27	19	2016-12-27 15:57:02.289-04:30	2016-12-27 15:57:02.289-04:30
582	t	\N	\N	\N	606	605	604	27	19	2016-12-27 15:58:26.072-04:30	2016-12-27 15:58:26.072-04:30
583	t	\N	\N	\N	622	619	612	27	17	2016-12-27 15:58:26.111-04:30	2016-12-27 15:58:26.111-04:30
584	t	\N	\N	\N	627	624	613	27	19	2016-12-27 15:58:26.122-04:30	2016-12-27 15:58:26.122-04:30
585	t	\N	\N	\N	553	550	592	23	18	2016-12-27 15:55:17.861-04:30	2016-12-27 17:44:00.958-04:30
586	f	\N	\N	\N	540	537	531	23	18	2016-12-27 15:55:17.831-04:30	2016-12-28 10:28:01.478-04:30
587	f	\N	\N	\N	544	542	535	23	17	2016-12-27 15:55:17.841-04:30	2016-12-28 10:28:03.678-04:30
588	f	\N	\N	\N	550	547	540	23	18	2016-12-27 15:55:17.854-04:30	2016-12-28 10:28:06.094-04:30
589	f	\N	\N	\N	555	552	544	23	19	2016-12-27 15:55:37.883-04:30	2016-12-28 10:28:17.496-04:30
590	f	\N	\N	\N	556	553	545	23	19	2016-12-27 15:55:37.892-04:30	2016-12-28 10:28:20.829-04:30
591	f	\N	\N	\N	560	557	548	23	18	2016-12-27 15:55:37.905-04:30	2016-12-28 10:28:25.894-04:30
592	f	\N	\N	\N	564	558	551	23	18	2016-12-27 15:55:37.914-04:30	2016-12-28 10:28:29.345-04:30
593	f	\N	\N	\N	569	564	554	23	17	2016-12-27 15:55:37.936-04:30	2016-12-28 10:28:32.155-04:30
594	f	\N	\N	\N	570	567	555	23	17	2016-12-27 15:55:37.948-04:30	2016-12-28 10:28:34.791-04:30
595	f	\N	\N	\N	573	568	557	23	16	2016-12-27 15:55:37.957-04:30	2016-12-28 10:28:38.574-04:30
596	f	\N	\N	\N	575	572	559	23	18	2016-12-27 15:55:37.968-04:30	2016-12-28 10:28:44.272-04:30
597	f	\N	\N	\N	578	573	561	23	18	2016-12-27 15:55:37.978-04:30	2016-12-28 10:28:48.574-04:30
598	t	\N	\N	\N	581	580	564	27	19	2016-12-27 15:57:02.244-04:30	2016-12-27 15:57:02.244-04:30
599	t	\N	\N	\N	586	583	569	27	18	2016-12-27 15:57:02.251-04:30	2016-12-27 15:57:02.251-04:30
600	t	\N	\N	\N	591	588	574	27	18	2016-12-27 15:57:02.261-04:30	2016-12-27 15:57:02.261-04:30
601	t	\N	\N	\N	597	592	580	27	17	2016-12-27 15:57:02.273-04:30	2016-12-27 15:57:02.273-04:30
602	t	\N	\N	\N	601	598	584	27	17	2016-12-27 15:57:02.283-04:30	2016-12-27 15:57:02.283-04:30
603	t	\N	\N	\N	607	604	594	27	19	2016-12-27 15:58:26.07-04:30	2016-12-27 15:58:26.07-04:30
604	t	\N	\N	\N	612	610	595	27	18	2016-12-27 15:58:26.083-04:30	2016-12-27 15:58:26.083-04:30
605	t	\N	\N	\N	621	618	607	27	17	2016-12-27 15:58:26.108-04:30	2016-12-27 15:58:26.108-04:30
606	t	\N	\N	\N	625	623	603	27	18	2016-12-27 15:58:26.119-04:30	2016-12-27 15:58:26.119-04:30
607	t	\N	\N	\N	630	627	619	20	19	2016-12-27 15:59:35.683-04:30	2016-12-27 15:59:35.683-04:30
608	t	\N	\N	\N	632	628	621	20	19	2016-12-27 15:59:35.688-04:30	2016-12-27 15:59:35.688-04:30
609	t	\N	\N	\N	634	629	623	20	19	2016-12-27 15:59:35.688-04:30	2016-12-27 15:59:35.688-04:30
610	t	\N	\N	\N	633	630	622	20	19	2016-12-27 15:59:35.688-04:30	2016-12-27 15:59:35.688-04:30
611	t	\N	\N	\N	631	631	620	20	19	2016-12-27 15:59:35.689-04:30	2016-12-27 15:59:35.689-04:30
612	t	\N	\N	\N	635	632	624	20	18	2016-12-27 15:59:35.693-04:30	2016-12-27 15:59:35.693-04:30
613	t	\N	\N	\N	636	633	625	20	18	2016-12-27 15:59:35.695-04:30	2016-12-27 15:59:35.695-04:30
614	t	\N	\N	\N	637	634	626	20	18	2016-12-27 15:59:35.697-04:30	2016-12-27 15:59:35.697-04:30
615	t	\N	\N	\N	638	635	627	20	18	2016-12-27 15:59:35.7-04:30	2016-12-27 15:59:35.7-04:30
616	t	\N	\N	\N	639	636	628	20	18	2016-12-27 15:59:35.7-04:30	2016-12-27 15:59:35.7-04:30
617	t	\N	\N	\N	640	637	629	20	18	2016-12-27 15:59:35.703-04:30	2016-12-27 15:59:35.703-04:30
618	t	\N	\N	\N	641	638	630	20	18	2016-12-27 15:59:35.705-04:30	2016-12-27 15:59:35.705-04:30
619	t	\N	\N	\N	642	639	631	20	17	2016-12-27 15:59:35.707-04:30	2016-12-27 15:59:35.707-04:30
620	t	\N	\N	\N	643	640	632	20	17	2016-12-27 15:59:35.709-04:30	2016-12-27 15:59:35.709-04:30
621	t	\N	\N	\N	645	641	634	20	17	2016-12-27 15:59:35.712-04:30	2016-12-27 15:59:35.712-04:30
622	t	\N	\N	\N	644	642	633	20	17	2016-12-27 15:59:35.712-04:30	2016-12-27 15:59:35.712-04:30
623	t	\N	\N	\N	646	643	635	20	17	2016-12-27 15:59:35.717-04:30	2016-12-27 15:59:35.717-04:30
624	t	\N	\N	\N	647	644	636	20	17	2016-12-27 15:59:35.721-04:30	2016-12-27 15:59:35.721-04:30
625	t	\N	\N	\N	650	645	639	20	18	2016-12-27 15:59:35.722-04:30	2016-12-27 15:59:35.722-04:30
626	t	\N	\N	\N	649	646	638	20	16	2016-12-27 15:59:35.722-04:30	2016-12-27 15:59:35.722-04:30
627	t	\N	\N	\N	648	647	637	20	16	2016-12-27 15:59:35.722-04:30	2016-12-27 15:59:35.722-04:30
628	t	\N	\N	\N	651	648	640	20	17	2016-12-27 15:59:35.726-04:30	2016-12-27 15:59:35.726-04:30
629	t	\N	\N	\N	654	649	643	20	19	2016-12-27 15:59:35.73-04:30	2016-12-27 15:59:35.73-04:30
630	t	\N	\N	\N	652	650	641	20	19	2016-12-27 15:59:35.731-04:30	2016-12-27 15:59:35.731-04:30
631	t	\N	\N	\N	653	651	642	20	18	2016-12-27 15:59:35.731-04:30	2016-12-27 15:59:35.731-04:30
632	t	\N	\N	\N	655	652	644	20	19	2016-12-27 15:59:54.366-04:30	2016-12-27 15:59:54.366-04:30
633	t	\N	\N	\N	657	653	646	20	19	2016-12-27 15:59:54.371-04:30	2016-12-27 15:59:54.371-04:30
634	t	\N	\N	\N	656	654	645	20	19	2016-12-27 15:59:54.371-04:30	2016-12-27 15:59:54.371-04:30
635	t	\N	\N	\N	658	655	647	20	19	2016-12-27 15:59:54.371-04:30	2016-12-27 15:59:54.371-04:30
636	t	\N	\N	\N	659	656	648	20	19	2016-12-27 15:59:54.371-04:30	2016-12-27 15:59:54.371-04:30
637	t	\N	\N	\N	660	657	649	20	18	2016-12-27 15:59:54.376-04:30	2016-12-27 15:59:54.376-04:30
638	t	\N	\N	\N	661	658	650	20	18	2016-12-27 15:59:54.378-04:30	2016-12-27 15:59:54.378-04:30
639	t	\N	\N	\N	663	659	652	20	18	2016-12-27 15:59:54.381-04:30	2016-12-27 15:59:54.381-04:30
640	t	\N	\N	\N	662	660	651	20	18	2016-12-27 15:59:54.381-04:30	2016-12-27 15:59:54.381-04:30
641	t	\N	\N	\N	664	661	653	20	18	2016-12-27 15:59:54.384-04:30	2016-12-27 15:59:54.384-04:30
642	t	\N	\N	\N	665	662	654	20	18	2016-12-27 15:59:54.388-04:30	2016-12-27 15:59:54.388-04:30
643	t	\N	\N	\N	666	663	655	20	18	2016-12-27 15:59:54.39-04:30	2016-12-27 15:59:54.39-04:30
644	t	\N	\N	\N	667	664	656	20	17	2016-12-27 15:59:54.394-04:30	2016-12-27 15:59:54.394-04:30
645	t	\N	\N	\N	668	665	657	20	17	2016-12-27 15:59:54.394-04:30	2016-12-27 15:59:54.394-04:30
646	t	\N	\N	\N	669	666	658	20	17	2016-12-27 15:59:54.397-04:30	2016-12-27 15:59:54.397-04:30
647	t	\N	\N	\N	670	667	659	20	17	2016-12-27 15:59:54.399-04:30	2016-12-27 15:59:54.399-04:30
648	t	\N	\N	\N	671	668	660	20	17	2016-12-27 15:59:54.401-04:30	2016-12-27 15:59:54.401-04:30
649	t	\N	\N	\N	672	669	661	20	17	2016-12-27 15:59:54.403-04:30	2016-12-27 15:59:54.403-04:30
650	t	\N	\N	\N	674	670	663	20	16	2016-12-27 15:59:54.406-04:30	2016-12-27 15:59:54.406-04:30
651	t	\N	\N	\N	673	671	662	20	16	2016-12-27 15:59:54.406-04:30	2016-12-27 15:59:54.406-04:30
652	t	\N	\N	\N	675	672	664	20	18	2016-12-27 15:59:54.409-04:30	2016-12-27 15:59:54.409-04:30
653	t	\N	\N	\N	676	673	665	20	17	2016-12-27 15:59:54.411-04:30	2016-12-27 15:59:54.411-04:30
654	t	\N	\N	\N	677	674	666	20	19	2016-12-27 15:59:54.413-04:30	2016-12-27 15:59:54.413-04:30
655	t	\N	\N	\N	678	675	667	20	18	2016-12-27 15:59:54.416-04:30	2016-12-27 15:59:54.416-04:30
656	t	\N	\N	\N	679	676	668	20	19	2016-12-27 15:59:54.42-04:30	2016-12-27 15:59:54.42-04:30
657	t	\N	\N	\N	680	677	669	26	19	2016-12-27 16:01:13.942-04:30	2016-12-27 16:01:13.942-04:30
658	t	\N	\N	\N	681	678	670	26	19	2016-12-27 16:01:13.947-04:30	2016-12-27 16:01:13.947-04:30
659	t	\N	\N	\N	684	679	673	26	19	2016-12-27 16:01:13.948-04:30	2016-12-27 16:01:13.948-04:30
660	t	\N	\N	\N	682	680	671	26	19	2016-12-27 16:01:13.948-04:30	2016-12-27 16:01:13.948-04:30
661	t	\N	\N	\N	683	681	672	26	19	2016-12-27 16:01:13.948-04:30	2016-12-27 16:01:13.948-04:30
662	t	\N	\N	\N	685	682	674	26	18	2016-12-27 16:01:13.953-04:30	2016-12-27 16:01:13.953-04:30
663	t	\N	\N	\N	686	683	675	26	18	2016-12-27 16:01:13.96-04:30	2016-12-27 16:01:13.96-04:30
664	t	\N	\N	\N	690	684	679	26	18	2016-12-27 16:01:13.964-04:30	2016-12-27 16:01:13.964-04:30
665	t	\N	\N	\N	689	685	678	26	18	2016-12-27 16:01:13.965-04:30	2016-12-27 16:01:13.965-04:30
666	t	\N	\N	\N	687	686	676	26	18	2016-12-27 16:01:13.965-04:30	2016-12-27 16:01:13.965-04:30
667	t	\N	\N	\N	688	687	677	26	18	2016-12-27 16:01:13.965-04:30	2016-12-27 16:01:13.965-04:30
668	t	\N	\N	\N	691	688	680	26	18	2016-12-27 16:01:13.97-04:30	2016-12-27 16:01:13.97-04:30
669	t	\N	\N	\N	692	689	681	26	17	2016-12-27 16:01:13.972-04:30	2016-12-27 16:01:13.972-04:30
670	t	\N	\N	\N	693	690	682	26	17	2016-12-27 16:01:13.974-04:30	2016-12-27 16:01:13.974-04:30
671	t	\N	\N	\N	694	691	683	26	17	2016-12-27 16:01:13.975-04:30	2016-12-27 16:01:13.975-04:30
672	t	\N	\N	\N	695	692	684	26	17	2016-12-27 16:01:13.977-04:30	2016-12-27 16:01:13.977-04:30
673	t	\N	\N	\N	2	2	2	2	6	2016-11-24 00:44:31.015-04:30	2016-11-24 00:44:31.015-04:30
674	t	\N	\N	\N	3	3	3	2	7	2016-11-24 00:46:52.559-04:30	2016-11-24 00:47:33.421-04:30
675	t	\N	\N	\N	4	4	4	2	7	2016-11-24 00:48:58.135-04:30	2016-11-24 00:49:28.238-04:30
676	t	\N	\N	\N	5	5	5	2	7	2016-11-24 00:56:21.175-04:30	2016-11-24 00:57:05.749-04:30
677	t	\N	\N	\N	6	6	6	2	8	2016-11-24 00:58:39.602-04:30	2016-11-24 00:58:39.602-04:30
678	t	\N	\N	\N	7	7	7	2	8	2016-11-24 01:00:06.261-04:30	2016-11-24 01:00:06.261-04:30
679	t	\N	\N	\N	8	8	8	2	8	2016-11-24 01:00:56.282-04:30	2016-11-24 01:00:56.282-04:30
680	t	\N	\N	\N	696	693	685	26	17	2016-12-27 16:01:13.979-04:30	2016-12-27 16:01:13.979-04:30
681	t	\N	\N	\N	697	694	686	26	17	2016-12-27 16:01:13.981-04:30	2016-12-27 16:01:13.981-04:30
682	t	\N	\N	\N	698	695	687	26	16	2016-12-27 16:01:13.983-04:30	2016-12-27 16:01:13.983-04:30
683	t	\N	\N	\N	699	696	688	26	16	2016-12-27 16:01:13.985-04:30	2016-12-27 16:01:13.985-04:30
684	t	\N	\N	\N	700	697	689	26	18	2016-12-27 16:01:13.99-04:30	2016-12-27 16:01:13.99-04:30
685	t	\N	\N	\N	704	698	713	26	19	2016-12-27 16:01:13.994-04:30	2016-12-27 16:01:13.994-04:30
686	t	\N	\N	\N	703	699	702	26	18	2016-12-27 16:01:13.995-04:30	2016-12-27 16:01:13.995-04:30
687	t	\N	\N	\N	702	700	691	26	19	2016-12-27 16:01:13.995-04:30	2016-12-27 16:01:13.995-04:30
688	t	\N	\N	\N	701	701	690	26	17	2016-12-27 16:01:13.995-04:30	2016-12-27 16:01:13.995-04:30
689	t	\N	\N	\N	705	702	724	26	19	2016-12-27 16:01:47.96-04:30	2016-12-27 16:01:47.96-04:30
690	t	\N	\N	\N	709	703	692	26	19	2016-12-27 16:01:47.967-04:30	2016-12-27 16:01:47.967-04:30
691	t	\N	\N	\N	707	704	714	26	19	2016-12-27 16:01:47.967-04:30	2016-12-27 16:01:47.967-04:30
692	t	\N	\N	\N	706	705	734	26	19	2016-12-27 16:01:47.968-04:30	2016-12-27 16:01:47.968-04:30
693	t	\N	\N	\N	708	706	703	26	19	2016-12-27 16:01:47.969-04:30	2016-12-27 16:01:47.969-04:30
694	t	\N	\N	\N	710	707	725	26	18	2016-12-27 16:01:47.978-04:30	2016-12-27 16:01:47.978-04:30
695	t	\N	\N	\N	713	708	735	26	18	2016-12-27 16:01:47.994-04:30	2016-12-27 16:01:47.994-04:30
696	t	\N	\N	\N	714	709	704	26	18	2016-12-27 16:01:47.998-04:30	2016-12-27 16:01:47.998-04:30
697	t	\N	\N	\N	711	710	693	26	18	2016-12-27 16:01:48-04:30	2016-12-27 16:01:48-04:30
698	t	\N	\N	\N	712	711	715	26	18	2016-12-27 16:01:48.001-04:30	2016-12-27 16:01:48.001-04:30
699	t	\N	\N	\N	715	712	726	26	18	2016-12-27 16:01:48.03-04:30	2016-12-27 16:01:48.03-04:30
700	t	\N	\N	\N	716	713	736	26	18	2016-12-27 16:01:48.036-04:30	2016-12-27 16:01:48.036-04:30
701	t	\N	\N	\N	717	714	705	26	17	2016-12-27 16:01:48.038-04:30	2016-12-27 16:01:48.038-04:30
702	t	\N	\N	\N	719	715	716	26	17	2016-12-27 16:01:48.046-04:30	2016-12-27 16:01:48.046-04:30
703	t	\N	\N	\N	718	716	694	26	17	2016-12-27 16:01:48.047-04:30	2016-12-27 16:01:48.047-04:30
704	t	\N	\N	\N	722	717	706	26	17	2016-12-27 16:01:48.06-04:30	2016-12-27 16:01:48.06-04:30
705	t	\N	\N	\N	720	718	727	26	17	2016-12-27 16:01:48.061-04:30	2016-12-27 16:01:48.061-04:30
706	t	\N	\N	\N	562	560	587	23	18	2016-12-27 15:55:37.915-04:30	2016-12-27 17:40:53.208-04:30
707	t	\N	\N	\N	558	555	588	23	19	2016-12-27 15:55:37.893-04:30	2016-12-27 18:42:59.098-04:30
708	t	\N	\N	\N	571	570	589	23	17	2016-12-27 15:55:37.958-04:30	2016-12-27 17:41:05.365-04:30
709	t	\N	\N	\N	566	565	827	23	18	2016-12-27 15:55:37.937-04:30	2016-12-27 18:54:14.138-04:30
710	t	\N	\N	\N	576	575	824	23	17	2016-12-27 15:55:37.979-04:30	2016-12-27 18:39:37.344-04:30
711	t	\N	\N	\N	721	719	737	26	17	2016-12-27 16:01:48.062-04:30	2016-12-27 16:01:48.062-04:30
712	t	\N	\N	\N	731	728	739	22	19	2016-12-27 16:02:36.374-04:30	2016-12-27 16:02:36.374-04:30
713	t	\N	\N	\N	735	732	709	22	18	2016-12-27 16:02:36.379-04:30	2016-12-27 16:02:36.379-04:30
714	t	\N	\N	\N	740	737	710	22	18	2016-12-27 16:02:36.389-04:30	2016-12-27 16:02:36.389-04:30
715	t	\N	\N	\N	744	742	699	22	17	2016-12-27 16:02:36.398-04:30	2016-12-27 16:02:36.398-04:30
716	t	\N	\N	\N	724	720	695	26	16	2016-12-27 16:01:48.072-04:30	2016-12-27 16:01:48.072-04:30
717	t	\N	\N	\N	726	723	728	26	17	2016-12-27 16:01:48.083-04:30	2016-12-27 16:01:48.083-04:30
718	t	\N	\N	\N	733	729	729	22	19	2016-12-27 16:02:36.375-04:30	2016-12-27 16:02:36.375-04:30
719	t	\N	\N	\N	743	740	721	22	17	2016-12-27 16:02:36.395-04:30	2016-12-27 16:02:36.395-04:30
720	t	\N	\N	\N	748	745	722	22	16	2016-12-27 16:02:36.407-04:30	2016-12-27 16:02:36.407-04:30
721	t	\N	\N	\N	750	746	700	22	18	2016-12-27 16:02:36.412-04:30	2016-12-27 16:02:36.412-04:30
722	t	\N	\N	\N	753	750	723	22	18	2016-12-27 16:02:36.418-04:30	2016-12-27 16:02:36.418-04:30
723	t	\N	\N	\N	723	721	717	26	16	2016-12-27 16:01:48.073-04:30	2016-12-27 16:01:48.073-04:30
724	t	\N	\N	\N	728	725	696	26	18	2016-12-27 16:01:48.104-04:30	2016-12-27 16:01:48.104-04:30
725	t	\N	\N	\N	734	730	697	22	19	2016-12-27 16:02:36.375-04:30	2016-12-27 16:02:36.375-04:30
726	t	\N	\N	\N	736	733	740	22	18	2016-12-27 16:02:36.381-04:30	2016-12-27 16:02:36.381-04:30
727	t	\N	\N	\N	738	735	720	22	18	2016-12-27 16:02:36.386-04:30	2016-12-27 16:02:36.386-04:30
728	t	\N	\N	\N	741	738	741	22	18	2016-12-27 16:02:36.391-04:30	2016-12-27 16:02:36.391-04:30
729	t	\N	\N	\N	746	743	742	22	17	2016-12-27 16:02:36.4-04:30	2016-12-27 16:02:36.4-04:30
730	t	\N	\N	\N	749	747	712	22	16	2016-12-27 16:02:36.412-04:30	2016-12-27 16:02:36.412-04:30
731	t	\N	\N	\N	725	722	707	26	18	2016-12-27 16:01:48.082-04:30	2016-12-27 16:01:48.082-04:30
732	t	\N	\N	\N	730	727	708	22	19	2016-12-27 16:02:36.369-04:30	2016-12-27 16:02:36.369-04:30
733	t	\N	\N	\N	737	734	730	22	18	2016-12-27 16:02:36.383-04:30	2016-12-27 16:02:36.383-04:30
734	t	\N	\N	\N	742	739	731	22	17	2016-12-27 16:02:36.393-04:30	2016-12-27 16:02:36.393-04:30
735	t	\N	\N	\N	745	741	711	22	17	2016-12-27 16:02:36.398-04:30	2016-12-27 16:02:36.398-04:30
736	t	\N	\N	\N	747	744	732	22	17	2016-12-27 16:02:36.402-04:30	2016-12-27 16:02:36.402-04:30
737	t	\N	\N	\N	752	749	733	22	19	2016-12-27 16:02:36.413-04:30	2016-12-27 16:02:36.413-04:30
738	t	\N	\N	\N	727	724	738	26	19	2016-12-27 16:01:48.091-04:30	2016-12-27 16:01:48.091-04:30
739	t	\N	\N	\N	729	726	718	26	19	2016-12-27 16:01:48.105-04:30	2016-12-27 16:01:48.105-04:30
740	t	\N	\N	\N	732	731	719	22	19	2016-12-27 16:02:36.375-04:30	2016-12-27 16:02:36.375-04:30
741	t	\N	\N	\N	739	736	698	22	18	2016-12-27 16:02:36.386-04:30	2016-12-27 16:02:36.386-04:30
742	t	\N	\N	\N	751	748	743	22	17	2016-12-27 16:02:36.412-04:30	2016-12-27 16:02:36.412-04:30
743	t	\N	\N	\N	754	751	701	22	19	2016-12-27 16:02:36.421-04:30	2016-12-27 16:02:36.421-04:30
744	t	\N	\N	\N	755	752	744	22	19	2016-12-27 16:03:08.051-04:30	2016-12-27 16:03:08.051-04:30
745	t	\N	\N	\N	758	753	747	22	19	2016-12-27 16:03:08.056-04:30	2016-12-27 16:03:08.056-04:30
746	t	\N	\N	\N	756	754	745	22	19	2016-12-27 16:03:08.056-04:30	2016-12-27 16:03:08.056-04:30
747	t	\N	\N	\N	757	755	746	22	19	2016-12-27 16:03:08.056-04:30	2016-12-27 16:03:08.056-04:30
748	t	\N	\N	\N	759	756	748	22	19	2016-12-27 16:03:08.057-04:30	2016-12-27 16:03:08.057-04:30
749	t	\N	\N	\N	760	757	749	22	18	2016-12-27 16:03:08.061-04:30	2016-12-27 16:03:08.061-04:30
750	t	\N	\N	\N	761	758	750	22	18	2016-12-27 16:03:08.063-04:30	2016-12-27 16:03:08.063-04:30
751	t	\N	\N	\N	763	759	752	22	18	2016-12-27 16:03:08.066-04:30	2016-12-27 16:03:08.066-04:30
752	t	\N	\N	\N	762	760	751	22	18	2016-12-27 16:03:08.066-04:30	2016-12-27 16:03:08.066-04:30
753	t	\N	\N	\N	764	761	753	22	18	2016-12-27 16:03:08.069-04:30	2016-12-27 16:03:08.069-04:30
754	t	\N	\N	\N	765	762	754	22	18	2016-12-27 16:03:08.071-04:30	2016-12-27 16:03:08.071-04:30
755	t	\N	\N	\N	766	763	755	22	18	2016-12-27 16:03:08.077-04:30	2016-12-27 16:03:08.077-04:30
756	t	\N	\N	\N	769	764	758	22	17	2016-12-27 16:03:08.085-04:30	2016-12-27 16:03:08.085-04:30
757	t	\N	\N	\N	767	765	756	22	17	2016-12-27 16:03:08.085-04:30	2016-12-27 16:03:08.085-04:30
758	t	\N	\N	\N	768	766	757	22	17	2016-12-27 16:03:08.085-04:30	2016-12-27 16:03:08.085-04:30
759	t	\N	\N	\N	770	767	759	22	17	2016-12-27 16:03:08.085-04:30	2016-12-27 16:03:08.085-04:30
760	t	\N	\N	\N	771	768	760	22	17	2016-12-27 16:03:08.089-04:30	2016-12-27 16:03:08.089-04:30
761	t	\N	\N	\N	772	769	761	22	17	2016-12-27 16:03:08.092-04:30	2016-12-27 16:03:08.092-04:30
762	t	\N	\N	\N	773	770	762	22	16	2016-12-27 16:03:08.094-04:30	2016-12-27 16:03:08.094-04:30
763	t	\N	\N	\N	774	771	763	22	16	2016-12-27 16:03:08.097-04:30	2016-12-27 16:03:08.097-04:30
764	t	\N	\N	\N	775	772	764	22	18	2016-12-27 16:03:08.097-04:30	2016-12-27 16:03:08.097-04:30
765	t	\N	\N	\N	776	773	765	22	17	2016-12-27 16:03:08.1-04:30	2016-12-27 16:03:08.1-04:30
766	t	\N	\N	\N	777	774	766	22	19	2016-12-27 16:03:08.102-04:30	2016-12-27 16:03:08.102-04:30
767	t	\N	\N	\N	778	775	767	22	18	2016-12-27 16:03:08.104-04:30	2016-12-27 16:03:08.104-04:30
768	t	\N	\N	\N	779	776	768	22	19	2016-12-27 16:03:08.106-04:30	2016-12-27 16:03:08.106-04:30
769	t	\N	\N	\N	780	777	769	21	19	2016-12-27 16:04:14.524-04:30	2016-12-27 16:04:14.524-04:30
770	t	\N	\N	\N	783	778	772	21	19	2016-12-27 16:04:14.53-04:30	2016-12-27 16:04:14.53-04:30
771	t	\N	\N	\N	782	779	771	21	19	2016-12-27 16:04:14.53-04:30	2016-12-27 16:04:14.53-04:30
772	t	\N	\N	\N	781	780	770	21	19	2016-12-27 16:04:14.53-04:30	2016-12-27 16:04:14.53-04:30
773	t	\N	\N	\N	784	781	773	21	19	2016-12-27 16:04:14.531-04:30	2016-12-27 16:04:14.531-04:30
774	t	\N	\N	\N	785	782	774	21	18	2016-12-27 16:04:14.538-04:30	2016-12-27 16:04:14.538-04:30
775	t	\N	\N	\N	789	783	778	21	18	2016-12-27 16:04:14.544-04:30	2016-12-27 16:04:14.544-04:30
776	t	\N	\N	\N	786	784	775	21	18	2016-12-27 16:04:14.544-04:30	2016-12-27 16:04:14.544-04:30
777	t	\N	\N	\N	787	785	776	21	18	2016-12-27 16:04:14.545-04:30	2016-12-27 16:04:14.545-04:30
778	t	\N	\N	\N	788	786	777	21	18	2016-12-27 16:04:14.545-04:30	2016-12-27 16:04:14.545-04:30
779	t	\N	\N	\N	790	787	779	21	18	2016-12-27 16:04:14.55-04:30	2016-12-27 16:04:14.55-04:30
780	t	\N	\N	\N	791	788	780	21	18	2016-12-27 16:04:14.556-04:30	2016-12-27 16:04:14.556-04:30
781	t	\N	\N	\N	792	789	781	21	17	2016-12-27 16:04:14.557-04:30	2016-12-27 16:04:14.557-04:30
782	t	\N	\N	\N	793	790	782	21	17	2016-12-27 16:04:14.56-04:30	2016-12-27 16:04:14.56-04:30
783	t	\N	\N	\N	794	791	783	21	17	2016-12-27 16:04:14.563-04:30	2016-12-27 16:04:14.563-04:30
784	t	\N	\N	\N	795	792	784	21	17	2016-12-27 16:04:14.565-04:30	2016-12-27 16:04:14.565-04:30
785	t	\N	\N	\N	796	793	785	21	17	2016-12-27 16:04:14.569-04:30	2016-12-27 16:04:14.569-04:30
786	t	\N	\N	\N	797	794	786	21	17	2016-12-27 16:04:14.57-04:30	2016-12-27 16:04:14.57-04:30
787	t	\N	\N	\N	798	795	787	21	16	2016-12-27 16:04:14.573-04:30	2016-12-27 16:04:14.573-04:30
788	t	\N	\N	\N	799	796	788	21	16	2016-12-27 16:04:14.576-04:30	2016-12-27 16:04:14.576-04:30
789	t	\N	\N	\N	800	797	789	21	18	2016-12-27 16:04:14.578-04:30	2016-12-27 16:04:14.578-04:30
790	t	\N	\N	\N	801	798	790	21	17	2016-12-27 16:04:14.581-04:30	2016-12-27 16:04:14.581-04:30
791	t	\N	\N	\N	802	799	791	21	19	2016-12-27 16:04:14.582-04:30	2016-12-27 16:04:14.582-04:30
792	t	\N	\N	\N	803	800	792	21	18	2016-12-27 16:04:14.585-04:30	2016-12-27 16:04:14.585-04:30
793	t	\N	\N	\N	804	801	793	21	19	2016-12-27 16:04:14.587-04:30	2016-12-27 16:04:14.587-04:30
794	t	\N	\N	\N	805	802	794	21	19	2016-12-27 16:04:33.723-04:30	2016-12-27 16:04:33.723-04:30
795	t	\N	\N	\N	806	803	795	21	19	2016-12-27 16:04:33.729-04:30	2016-12-27 16:04:33.729-04:30
796	t	\N	\N	\N	809	804	798	21	19	2016-12-27 16:04:33.729-04:30	2016-12-27 16:04:33.729-04:30
797	t	\N	\N	\N	808	805	797	21	19	2016-12-27 16:04:33.729-04:30	2016-12-27 16:04:33.729-04:30
798	t	\N	\N	\N	807	806	796	21	19	2016-12-27 16:04:33.73-04:30	2016-12-27 16:04:33.73-04:30
799	t	\N	\N	\N	810	807	799	21	18	2016-12-27 16:04:33.735-04:30	2016-12-27 16:04:33.735-04:30
800	t	\N	\N	\N	811	808	800	21	18	2016-12-27 16:04:33.738-04:30	2016-12-27 16:04:33.738-04:30
801	t	\N	\N	\N	813	809	802	21	18	2016-12-27 16:04:33.741-04:30	2016-12-27 16:04:33.741-04:30
802	t	\N	\N	\N	812	810	801	21	18	2016-12-27 16:04:33.742-04:30	2016-12-27 16:04:33.742-04:30
803	t	\N	\N	\N	814	811	803	21	18	2016-12-27 16:04:33.745-04:30	2016-12-27 16:04:33.745-04:30
804	t	\N	\N	\N	815	812	804	21	18	2016-12-27 16:04:33.747-04:30	2016-12-27 16:04:33.747-04:30
805	t	\N	\N	\N	816	813	805	21	18	2016-12-27 16:04:33.75-04:30	2016-12-27 16:04:33.75-04:30
806	t	\N	\N	\N	817	814	806	21	17	2016-12-27 16:04:33.753-04:30	2016-12-27 16:04:33.753-04:30
807	t	\N	\N	\N	819	815	808	21	17	2016-12-27 16:04:33.757-04:30	2016-12-27 16:04:33.757-04:30
808	t	\N	\N	\N	818	816	807	21	17	2016-12-27 16:04:33.757-04:30	2016-12-27 16:04:33.757-04:30
809	t	\N	\N	\N	820	817	809	21	17	2016-12-27 16:04:33.76-04:30	2016-12-27 16:04:33.76-04:30
810	t	\N	\N	\N	821	818	810	21	17	2016-12-27 16:04:33.763-04:30	2016-12-27 16:04:33.763-04:30
811	t	\N	\N	\N	822	819	811	21	17	2016-12-27 16:04:33.766-04:30	2016-12-27 16:04:33.766-04:30
812	t	\N	\N	\N	823	820	812	21	16	2016-12-27 16:04:33.77-04:30	2016-12-27 16:04:33.77-04:30
813	t	\N	\N	\N	824	821	813	21	16	2016-12-27 16:04:33.771-04:30	2016-12-27 16:04:33.771-04:30
814	t	\N	\N	\N	825	822	814	21	18	2016-12-27 16:04:33.774-04:30	2016-12-27 16:04:33.774-04:30
815	t	\N	\N	\N	826	823	815	21	17	2016-12-27 16:04:33.776-04:30	2016-12-27 16:04:33.776-04:30
816	t	\N	\N	\N	827	824	816	21	19	2016-12-27 16:04:33.778-04:30	2016-12-27 16:04:33.778-04:30
817	t	\N	\N	\N	828	825	817	21	18	2016-12-27 16:04:33.785-04:30	2016-12-27 16:04:33.785-04:30
818	t	\N	\N	\N	829	826	818	21	19	2016-12-27 16:04:33.788-04:30	2016-12-27 16:04:33.788-04:30
819	t	\N	\N	\N	830	827	829	30	9	2016-12-28 13:51:27.479-04:30	2016-12-28 13:51:27.479-04:30
820	t	\N	\N	\N	548	545	819	23	18	2016-12-27 15:55:17.85-04:30	2016-12-27 17:40:24.792-04:30
821	t	\N	\N	\N	831	828	830	23	16	2016-12-28 15:52:36.856-04:30	2016-12-28 15:52:36.856-04:30
822	f	\N	\N	\N	832	829	832	9	6	2017-01-19 14:37:37.225-04:30	2017-01-23 14:02:16.439-04:30
823	t	\N	\N	\N	530	527	591	23	19	2016-12-27 15:55:17.809-04:30	2016-12-27 18:37:09.51-04:30
824	t	\N	\N	\N	83	80	143	23	19	2016-12-26 16:55:35.142-04:30	2016-12-27 18:40:26.848-04:30
825	t	\N	\N	\N	79	76	828	23	19	2016-12-26 16:55:35.13-04:30	2016-12-27 18:54:35.203-04:30
826	f	\N	\N	\N	99	96	82	23	18	2016-12-26 16:55:35.19-04:30	2016-12-28 10:25:17.837-04:30
827	f	\N	\N	\N	283	280	300	23	19	2016-12-27 14:08:40.441-04:30	2016-12-28 10:26:56.434-04:30
828	f	\N	\N	\N	287	285	319	23	18	2016-12-27 14:08:40.458-04:30	2016-12-28 10:26:56.626-04:30
829	t	\N	\N	\N	835	832	834	66	18	2017-03-22 16:49:48.594-04:30	2017-03-22 16:49:48.594-04:30
830	f	\N	\N	\N	834	831	833	66	18	2017-03-20 10:16:20.266-04:30	2017-03-22 17:19:29.358-04:30
831	t	\N	\N	\N	833	830	835	66	17	2017-03-20 10:15:22.84-04:30	2017-03-22 17:20:18.571-04:30
832	t	\N	\N	\N	836	833	836	80	18	2017-03-22 17:55:41.175-04:30	2017-03-22 17:56:22.504-04:30
833	f	\N	\N	\N	837	834	837	80	17	2017-03-22 17:57:35.701-04:30	2017-03-22 17:58:12.507-04:30
834	t	\N	\N	\N	838	835	838	75	18	2017-03-23 14:02:45.772-04:30	2017-03-23 14:02:45.772-04:30
835	t	\N	\N	\N	839	836	839	75	17	2017-03-23 14:10:06.62-04:30	2017-03-23 14:10:06.62-04:30
836	t	\N	\N	\N	840	837	840	75	19	2017-03-23 14:19:09.055-04:30	2017-03-23 14:19:09.055-04:30
837	f	\N	\N	\N	842	839	841	75	19	2017-03-23 15:16:59.615-04:30	2017-03-23 15:20:54.812-04:30
838	f	\N	\N	\N	845	842	844	75	17	2017-03-23 15:23:02.015-04:30	2017-03-23 15:27:40.158-04:30
839	t	\N	\N	\N	851	844	849	75	16	2017-03-24 14:26:04.656-04:30	2017-03-24 14:26:04.656-04:30
840	t	\N	\N	\N	847	845	850	75	18	2017-03-24 14:26:04.727-04:30	2017-03-24 14:26:04.727-04:30
841	t	\N	\N	\N	850	846	848	75	18	2017-03-24 14:26:04.733-04:30	2017-03-24 14:26:04.733-04:30
842	t	\N	\N	\N	848	848	851	75	19	2017-03-24 14:26:04.734-04:30	2017-03-24 14:26:04.734-04:30
843	t	\N	\N	\N	852	849	852	75	18	2017-03-24 14:26:04.761-04:30	2017-03-24 14:26:04.761-04:30
844	f	\N	\N	\N	844	841	843	75	17	2017-03-23 15:21:31.718-04:30	2017-03-24 14:28:02.153-04:30
845	f	\N	\N	\N	846	843	846	75	19	2017-03-24 11:33:59.591-04:30	2017-03-24 14:27:31.773-04:30
846	f	\N	\N	\N	843	840	842	75	19	2017-03-23 15:16:59.785-04:30	2017-03-24 14:28:10.188-04:30
847	f	\N	\N	\N	849	847	847	75	19	2017-03-24 14:26:04.734-04:30	2017-03-24 14:28:17.753-04:30
848	f	\N	\N	\N	841	838	845	75	17	2017-03-23 15:12:09.707-04:30	2017-03-24 14:28:22.858-04:30
\.


--
-- Name: tmp_players_teams_id_seq; Type: SEQUENCE SET; Schema: public; Owner: postgres
--

SELECT pg_catalog.setval('tmp_players_teams_id_seq', 848, true);


--
-- Data for Name: users; Type: TABLE DATA; Schema: public; Owner: postgres
--

COPY users (id, username, email, password, active, created_at, updated_at, lang) FROM stdin;
1	fran	franciscodlb@codefuel.me	043219f7b72865e3e59e282c39e1a937	t	2016-11-18 11:15:44.155211-04:30	2016-11-18 11:15:44.155211-04:30	\N
2	jorge	jorgevmendoza@gmail.com	e10adc3949ba59abbe56e057f20f883e	t	2016-11-18 11:15:44.156433-04:30	2016-11-18 11:15:44.156433-04:30	\N
3	demo	demo@somosport.com	e10adc3949ba59abbe56e057f20f883e	t	2016-11-18 11:15:44.161393-04:30	2016-11-18 11:15:44.161393-04:30	\N
4	alianza	jorgem@codefuel.me	84ae98f362d5c0954250727c4c878b3f	t	2016-11-18 11:22:12.742-04:30	2016-11-18 11:22:12.742-04:30	\N
5	test	test@gmail.com	098f6bcd4621d373cade4e832627b4f6	t	2016-11-18 17:24:48.63-04:30	2016-11-18 17:24:48.63-04:30	\N
8	irvingv9	irvingv9@gmail.com	082cda2d892abf6dd85bb44666f1942f	t	2016-11-18 18:17:06.863-04:30	2016-11-18 18:17:06.863-04:30	\N
9	irvingv_8	irvingv_8@gmail.com	082cda2d892abf6dd85bb44666f1942f	t	2016-11-18 18:18:10.82-04:30	2016-11-18 18:18:10.82-04:30	\N
11	jorgevmendoza	jorge.v.mendoza@gmail.com	e10adc3949ba59abbe56e057f20f883e	t	2016-11-18 18:43:58.564-04:30	2016-11-18 18:43:58.564-04:30	\N
14	jvms2016	jorgevmendoza+testtest@gmail.com	e10adc3949ba59abbe56e057f20f883e	t	2016-11-23 18:58:55.982-04:30	2016-11-23 18:58:55.982-04:30	\N
15	ramses	ramses.lopezs@gmail.com	0ecf1956c0f5d31068ff3bdec9b6ac3e	t	2016-11-23 21:44:31.38-04:30	2016-11-23 21:44:31.38-04:30	\N
16	ramses1	ramses.lopezs+test@gmail.com	0ecf1956c0f5d31068ff3bdec9b6ac3e	t	2016-11-23 22:25:06.158-04:30	2016-11-23 22:25:06.158-04:30	\N
17	ramses2	ramses.lopezs+2test@gmail.com	0ecf1956c0f5d31068ff3bdec9b6ac3e	t	2016-11-23 22:33:40.533-04:30	2016-11-23 22:33:40.533-04:30	\N
18	ramses3	ramses.lopezs+3test@gmail.com	0ecf1956c0f5d31068ff3bdec9b6ac3e	t	2016-11-23 22:42:22.548-04:30	2016-11-23 22:42:22.548-04:30	\N
19	alfoleon	aleon@somosport.com	be1c17898c7030ddec055a3a83dc08e9	t	2016-11-23 23:25:43.862-04:30	2016-11-23 23:25:43.862-04:30	\N
21	Roberto	Rlopez@brcgrp.com	e10adc3949ba59abbe56e057f20f883e	t	2016-11-24 01:55:18.59-04:30	2016-11-24 01:55:18.59-04:30	\N
7	irvingv8	irvingv8@gmail.com	e10adc3949ba59abbe56e057f20f883e	t	2016-11-18 18:15:22.444-04:30	2016-11-18 18:15:22.444-04:30	\N
24	Eduardo Ruiz	eruiz@brcgrp.com	46aa6c32e0a996582fe054fdc0e3bed8	t	2016-11-24 14:07:59.088-04:30	2016-11-24 14:07:59.088-04:30	\N
25	ramses15	ramses.lopezs+15@gmail.com	0ecf1956c0f5d31068ff3bdec9b6ac3e	t	2016-11-25 15:03:43.324-04:30	2016-11-25 15:03:43.324-04:30	\N
26	ramses16	ramses.lopezs+16@gmail.com	0ecf1956c0f5d31068ff3bdec9b6ac3e	t	2016-11-25 15:25:39.746-04:30	2016-11-25 15:25:39.746-04:30	\N
27	Archie	ART.OBRE777@GMAIL.COM	0a95ac188e052f72e406a848a395e2d0	t	2016-11-30 14:28:12.224-04:30	2016-11-30 14:28:12.224-04:30	\N
28	Ab0253905	alanbetancourt36@gmail.com	7bf275a5fceb1ea5ab60f31da7e3ff78	t	2016-12-01 20:42:17.455-04:30	2016-12-01 20:42:17.455-04:30	\N
29	disney	irvingv+disney@codefuel.me	a5c446966683b98f1c253b16d554940a	t	2016-12-25 19:55:24.993-04:30	2016-12-25 19:55:24.993-04:30	\N
12	fj	franciscoj.delablancam@gmail.com	202cb962ac59075b964b07152d234b70	t	2016-11-21 15:54:41.815-04:30	2016-11-21 15:54:41.815-04:30	\N
31	chnicoloso	chnicoloso@gmail.com	36b38e6c0a867d9e4f0a438cd015fd68	t	2016-12-27 08:33:54.97-04:30	2016-12-27 08:33:54.97-04:30	\N
38	Irving Ventura	irvingv8.test-test@gmail.com	082cda2d892abf6dd85bb44666f1942f	t	2017-02-04 17:51:43.309-04:30	2017-02-04 17:51:43.309-04:30	\N
40	franTest	contacto@kumosoluciones.com	202cb962ac59075b964b07152d234b70	t	2017-03-22 11:35:19.858-04:30	2017-03-22 11:35:19.858-04:30	EN
\.


--
-- Name: users_id_seq; Type: SEQUENCE SET; Schema: public; Owner: postgres
--

SELECT pg_catalog.setval('users_id_seq', 40, true);


--
-- Name: categories_groups_phases_teams_pkey; Type: CONSTRAINT; Schema: public; Owner: postgres
--

ALTER TABLE ONLY categories_groups_phases_teams
    ADD CONSTRAINT categories_groups_phases_teams_pkey PRIMARY KEY (id);


--
-- Name: categories_pkey; Type: CONSTRAINT; Schema: public; Owner: postgres
--

ALTER TABLE ONLY categories
    ADD CONSTRAINT categories_pkey PRIMARY KEY (id);


--
-- Name: categories_pre_registrations_pkey; Type: CONSTRAINT; Schema: public; Owner: postgres
--

ALTER TABLE ONLY categories_pre_registrations
    ADD CONSTRAINT categories_pre_registrations_pkey PRIMARY KEY (id);


--
-- Name: categories_teams_players_pkey; Type: CONSTRAINT; Schema: public; Owner: postgres
--

ALTER TABLE ONLY categories_teams_players_old
    ADD CONSTRAINT categories_teams_players_pkey PRIMARY KEY (id);


--
-- Name: categories_types_pkey; Type: CONSTRAINT; Schema: public; Owner: postgres
--

ALTER TABLE ONLY categories_types
    ADD CONSTRAINT categories_types_pkey PRIMARY KEY (id);


--
-- Name: classifications_types_pkey; Type: CONSTRAINT; Schema: public; Owner: postgres
--

ALTER TABLE ONLY classifications_types
    ADD CONSTRAINT classifications_types_pkey PRIMARY KEY (id);


--
-- Name: clubs_pkey; Type: CONSTRAINT; Schema: public; Owner: postgres
--

ALTER TABLE ONLY clubs
    ADD CONSTRAINT clubs_pkey PRIMARY KEY (id);


--
-- Name: comments_pkey; Type: CONSTRAINT; Schema: public; Owner: postgres
--

ALTER TABLE ONLY comments
    ADD CONSTRAINT comments_pkey PRIMARY KEY (id);


--
-- Name: competitions_pkey; Type: CONSTRAINT; Schema: public; Owner: postgres
--

ALTER TABLE ONLY competitions
    ADD CONSTRAINT competitions_pkey PRIMARY KEY (id);


--
-- Name: competitions_roles_organizations_pkey; Type: CONSTRAINT; Schema: public; Owner: postgres
--

ALTER TABLE ONLY competitions_roles_organizations
    ADD CONSTRAINT competitions_roles_organizations_pkey PRIMARY KEY (id);


--
-- Name: competitions_types_name_unique; Type: CONSTRAINT; Schema: public; Owner: postgres
--

ALTER TABLE ONLY competitions_types
    ADD CONSTRAINT competitions_types_name_unique UNIQUE (name);


--
-- Name: competitions_types_pkey; Type: CONSTRAINT; Schema: public; Owner: postgres
--

ALTER TABLE ONLY competitions_types
    ADD CONSTRAINT competitions_types_pkey PRIMARY KEY (id);


--
-- Name: competitions_users_pkey; Type: CONSTRAINT; Schema: public; Owner: postgres
--

ALTER TABLE ONLY competitions_users
    ADD CONSTRAINT competitions_users_pkey PRIMARY KEY (id);


--
-- Name: conctacts_types_pkey; Type: CONSTRAINT; Schema: public; Owner: postgres
--

ALTER TABLE ONLY conctacts_types
    ADD CONSTRAINT conctacts_types_pkey PRIMARY KEY (id);


--
-- Name: contacts_pkey; Type: CONSTRAINT; Schema: public; Owner: postgres
--

ALTER TABLE ONLY contacts
    ADD CONSTRAINT contacts_pkey PRIMARY KEY (id);


--
-- Name: contacts_types_pkey; Type: CONSTRAINT; Schema: public; Owner: postgres
--

ALTER TABLE ONLY contacts_types
    ADD CONSTRAINT contacts_types_pkey PRIMARY KEY (id);


--
-- Name: countries_pkey; Type: CONSTRAINT; Schema: public; Owner: postgres
--

ALTER TABLE ONLY countries
    ADD CONSTRAINT countries_pkey PRIMARY KEY (name);


--
-- Name: disciplines_pkey; Type: CONSTRAINT; Schema: public; Owner: postgres
--

ALTER TABLE ONLY disciplines
    ADD CONSTRAINT disciplines_pkey PRIMARY KEY (id);


--
-- Name: entities_pkey; Type: CONSTRAINT; Schema: public; Owner: postgres
--

ALTER TABLE ONLY entities
    ADD CONSTRAINT entities_pkey PRIMARY KEY (id);


--
-- Name: entities_relationships_pkey; Type: CONSTRAINT; Schema: public; Owner: postgres
--

ALTER TABLE ONLY entities_relationships
    ADD CONSTRAINT entities_relationships_pkey PRIMARY KEY (id);


--
-- Name: entities_requests_pkey; Type: CONSTRAINT; Schema: public; Owner: postgres
--

ALTER TABLE ONLY entities_requests
    ADD CONSTRAINT entities_requests_pkey PRIMARY KEY (id);


--
-- Name: entities_types_pkey; Type: CONSTRAINT; Schema: public; Owner: postgres
--

ALTER TABLE ONLY entities_types
    ADD CONSTRAINT entities_types_pkey PRIMARY KEY (id);


--
-- Name: events_calendars_comments_pkey; Type: CONSTRAINT; Schema: public; Owner: postgres
--

ALTER TABLE ONLY events_calendars_comments
    ADD CONSTRAINT events_calendars_comments_pkey PRIMARY KEY (id);


--
-- Name: events_calendars_pkey; Type: CONSTRAINT; Schema: public; Owner: postgres
--

ALTER TABLE ONLY events_calendars
    ADD CONSTRAINT events_calendars_pkey PRIMARY KEY (id);


--
-- Name: events_calendars_types_pkey; Type: CONSTRAINT; Schema: public; Owner: postgres
--

ALTER TABLE ONLY events_calendars_types
    ADD CONSTRAINT events_calendars_types_pkey PRIMARY KEY (id);


--
-- Name: events_matches_pkey; Type: CONSTRAINT; Schema: public; Owner: postgres
--

ALTER TABLE ONLY events_matches
    ADD CONSTRAINT events_matches_pkey PRIMARY KEY (id);


--
-- Name: events_matches_players_pkey; Type: CONSTRAINT; Schema: public; Owner: postgres
--

ALTER TABLE ONLY events_matches_players
    ADD CONSTRAINT events_matches_players_pkey PRIMARY KEY (id);


--
-- Name: events_pkey; Type: CONSTRAINT; Schema: public; Owner: postgres
--

ALTER TABLE ONLY events
    ADD CONSTRAINT events_pkey PRIMARY KEY (id);


--
-- Name: feed_items_pkey; Type: CONSTRAINT; Schema: public; Owner: postgres
--

ALTER TABLE ONLY feed_items
    ADD CONSTRAINT feed_items_pkey PRIMARY KEY (id);


--
-- Name: genders_pkey; Type: CONSTRAINT; Schema: public; Owner: postgres
--

ALTER TABLE ONLY genders
    ADD CONSTRAINT genders_pkey PRIMARY KEY (id);


--
-- Name: groups_pkey; Type: CONSTRAINT; Schema: public; Owner: postgres
--

ALTER TABLE ONLY groups
    ADD CONSTRAINT groups_pkey PRIMARY KEY (id);


--
-- Name: matches_number_round_id_unique; Type: CONSTRAINT; Schema: public; Owner: postgres
--

ALTER TABLE ONLY matches
    ADD CONSTRAINT matches_number_round_id_unique UNIQUE (number, round_id);


--
-- Name: matches_pkey; Type: CONSTRAINT; Schema: public; Owner: postgres
--

ALTER TABLE ONLY matches
    ADD CONSTRAINT matches_pkey PRIMARY KEY (id);


--
-- Name: matches_referees_pkey; Type: CONSTRAINT; Schema: public; Owner: postgres
--

ALTER TABLE ONLY matches_referees
    ADD CONSTRAINT matches_referees_pkey PRIMARY KEY (id);


--
-- Name: matches_teams_players_pkey; Type: CONSTRAINT; Schema: public; Owner: postgres
--

ALTER TABLE ONLY matches_teams_players
    ADD CONSTRAINT matches_teams_players_pkey PRIMARY KEY (id);


--
-- Name: organizations_name_unique; Type: CONSTRAINT; Schema: public; Owner: postgres
--

ALTER TABLE ONLY organizations
    ADD CONSTRAINT organizations_name_unique UNIQUE (name);


--
-- Name: organizations_pkey; Type: CONSTRAINT; Schema: public; Owner: postgres
--

ALTER TABLE ONLY organizations
    ADD CONSTRAINT organizations_pkey PRIMARY KEY (id);


--
-- Name: organizations_roles_users_pkey; Type: CONSTRAINT; Schema: public; Owner: postgres
--

ALTER TABLE ONLY organizations_roles_users
    ADD CONSTRAINT organizations_roles_users_pkey PRIMARY KEY (id);


--
-- Name: organizations_types_name_unique; Type: CONSTRAINT; Schema: public; Owner: postgres
--

ALTER TABLE ONLY organizations_types
    ADD CONSTRAINT organizations_types_name_unique UNIQUE (name);


--
-- Name: organizations_types_pkey; Type: CONSTRAINT; Schema: public; Owner: postgres
--

ALTER TABLE ONLY organizations_types
    ADD CONSTRAINT organizations_types_pkey PRIMARY KEY (id);


--
-- Name: phases_pkey; Type: CONSTRAINT; Schema: public; Owner: postgres
--

ALTER TABLE ONLY phases
    ADD CONSTRAINT phases_pkey PRIMARY KEY (id);


--
-- Name: players_pkey; Type: CONSTRAINT; Schema: public; Owner: postgres
--

ALTER TABLE ONLY players
    ADD CONSTRAINT players_pkey PRIMARY KEY (id);


--
-- Name: players_teams_pkey; Type: CONSTRAINT; Schema: public; Owner: postgres
--

ALTER TABLE ONLY players_teams
    ADD CONSTRAINT players_teams_pkey PRIMARY KEY (id);


--
-- Name: positions_pkey; Type: CONSTRAINT; Schema: public; Owner: postgres
--

ALTER TABLE ONLY positions
    ADD CONSTRAINT positions_pkey PRIMARY KEY (id);


--
-- Name: relationships_types_pkey; Type: CONSTRAINT; Schema: public; Owner: postgres
--

ALTER TABLE ONLY relationships_types
    ADD CONSTRAINT relationships_types_pkey PRIMARY KEY (id);


--
-- Name: roles_pkey; Type: CONSTRAINT; Schema: public; Owner: postgres
--

ALTER TABLE ONLY roles
    ADD CONSTRAINT roles_pkey PRIMARY KEY (id);


--
-- Name: rounds_pkey; Type: CONSTRAINT; Schema: public; Owner: postgres
--

ALTER TABLE ONLY rounds
    ADD CONSTRAINT rounds_pkey PRIMARY KEY (id);


--
-- Name: rules_pkey; Type: CONSTRAINT; Schema: public; Owner: postgres
--

ALTER TABLE ONLY rules
    ADD CONSTRAINT rules_pkey PRIMARY KEY (id);


--
-- Name: rules_rulesets_pkey; Type: CONSTRAINT; Schema: public; Owner: postgres
--

ALTER TABLE ONLY rules_rulesets
    ADD CONSTRAINT rules_rulesets_pkey PRIMARY KEY (id);


--
-- Name: rulesets_pkey; Type: CONSTRAINT; Schema: public; Owner: postgres
--

ALTER TABLE ONLY rulesets
    ADD CONSTRAINT rulesets_pkey PRIMARY KEY (id);


--
-- Name: schema_info_pkey; Type: CONSTRAINT; Schema: public; Owner: postgres
--

ALTER TABLE ONLY schema_info
    ADD CONSTRAINT schema_info_pkey PRIMARY KEY (id);


--
-- Name: seasons_pkey; Type: CONSTRAINT; Schema: public; Owner: postgres
--

ALTER TABLE ONLY seasons
    ADD CONSTRAINT seasons_pkey PRIMARY KEY (id);


--
-- Name: standing_tables_pkey; Type: CONSTRAINT; Schema: public; Owner: postgres
--

ALTER TABLE ONLY standing_tables
    ADD CONSTRAINT standing_tables_pkey PRIMARY KEY (id);


--
-- Name: status_types_pkey; Type: CONSTRAINT; Schema: public; Owner: postgres
--

ALTER TABLE ONLY status_types
    ADD CONSTRAINT status_types_pkey PRIMARY KEY (id);


--
-- Name: subdisciplines_pkey; Type: CONSTRAINT; Schema: public; Owner: postgres
--

ALTER TABLE ONLY subdisciplines
    ADD CONSTRAINT subdisciplines_pkey PRIMARY KEY (id);


--
-- Name: teams_pkey; Type: CONSTRAINT; Schema: public; Owner: postgres
--

ALTER TABLE ONLY teams
    ADD CONSTRAINT teams_pkey PRIMARY KEY (id);


--
-- Name: terms_conditions_pkey; Type: CONSTRAINT; Schema: public; Owner: postgres
--

ALTER TABLE ONLY terms_conditions
    ADD CONSTRAINT terms_conditions_pkey PRIMARY KEY (id);


--
-- Name: tmp_categories_players_pkey; Type: CONSTRAINT; Schema: public; Owner: postgres
--

ALTER TABLE ONLY tmp_categories_players
    ADD CONSTRAINT tmp_categories_players_pkey PRIMARY KEY (id);


--
-- Name: tmp_events_matches_players_pkey; Type: CONSTRAINT; Schema: public; Owner: postgres
--

ALTER TABLE ONLY tmp_events_matches_players
    ADD CONSTRAINT tmp_events_matches_players_pkey PRIMARY KEY (id);


--
-- Name: tmp_matches_players_pkey; Type: CONSTRAINT; Schema: public; Owner: postgres
--

ALTER TABLE ONLY tmp_matches_players
    ADD CONSTRAINT tmp_matches_players_pkey PRIMARY KEY (id);


--
-- Name: tmp_persons_pkey; Type: CONSTRAINT; Schema: public; Owner: postgres
--

ALTER TABLE ONLY tmp_persons
    ADD CONSTRAINT tmp_persons_pkey PRIMARY KEY (id);


--
-- Name: tmp_players_teams_pkey; Type: CONSTRAINT; Schema: public; Owner: postgres
--

ALTER TABLE ONLY tmp_players_teams
    ADD CONSTRAINT tmp_players_teams_pkey PRIMARY KEY (id);


--
-- Name: users_email_unique; Type: CONSTRAINT; Schema: public; Owner: postgres
--

ALTER TABLE ONLY users
    ADD CONSTRAINT users_email_unique UNIQUE (email);


--
-- Name: users_pkey; Type: CONSTRAINT; Schema: public; Owner: postgres
--

ALTER TABLE ONLY users
    ADD CONSTRAINT users_pkey PRIMARY KEY (id);


--
-- Name: users_username_unique; Type: CONSTRAINT; Schema: public; Owner: postgres
--

ALTER TABLE ONLY users
    ADD CONSTRAINT users_username_unique UNIQUE (username);


--
-- Name: categories_category_type_id_index; Type: INDEX; Schema: public; Owner: postgres
--

CREATE INDEX categories_category_type_id_index ON categories USING btree (category_type_id);


--
-- Name: categories_classification_type_id_index; Type: INDEX; Schema: public; Owner: postgres
--

CREATE INDEX categories_classification_type_id_index ON categories USING btree (classification_type_id);


--
-- Name: categories_gender_id_index; Type: INDEX; Schema: public; Owner: postgres
--

CREATE INDEX categories_gender_id_index ON categories USING btree (gender_id);


--
-- Name: categories_groups_phases_teams_category_id_index; Type: INDEX; Schema: public; Owner: postgres
--

CREATE INDEX categories_groups_phases_teams_category_id_index ON categories_groups_phases_teams USING btree (category_id);


--
-- Name: categories_groups_phases_teams_group_id_index; Type: INDEX; Schema: public; Owner: postgres
--

CREATE INDEX categories_groups_phases_teams_group_id_index ON categories_groups_phases_teams USING btree (group_id);


--
-- Name: categories_groups_phases_teams_phase_id_index; Type: INDEX; Schema: public; Owner: postgres
--

CREATE INDEX categories_groups_phases_teams_phase_id_index ON categories_groups_phases_teams USING btree (phase_id);


--
-- Name: categories_groups_phases_teams_status_id_index; Type: INDEX; Schema: public; Owner: postgres
--

CREATE INDEX categories_groups_phases_teams_status_id_index ON categories_groups_phases_teams USING btree (status_id);


--
-- Name: categories_groups_phases_teams_team_id_index; Type: INDEX; Schema: public; Owner: postgres
--

CREATE INDEX categories_groups_phases_teams_team_id_index ON categories_groups_phases_teams USING btree (team_id);


--
-- Name: categories_pre_registrations_category_id_index; Type: INDEX; Schema: public; Owner: postgres
--

CREATE INDEX categories_pre_registrations_category_id_index ON categories_pre_registrations USING btree (category_id);


--
-- Name: categories_pre_registrations_created_by_index; Type: INDEX; Schema: public; Owner: postgres
--

CREATE INDEX categories_pre_registrations_created_by_index ON categories_pre_registrations USING btree (created_by);


--
-- Name: categories_pre_registrations_status_id_index; Type: INDEX; Schema: public; Owner: postgres
--

CREATE INDEX categories_pre_registrations_status_id_index ON categories_pre_registrations USING btree (status_id);


--
-- Name: categories_pre_registrations_team_id_index; Type: INDEX; Schema: public; Owner: postgres
--

CREATE INDEX categories_pre_registrations_team_id_index ON categories_pre_registrations USING btree (team_id);


--
-- Name: categories_season_id_index; Type: INDEX; Schema: public; Owner: postgres
--

CREATE INDEX categories_season_id_index ON categories USING btree (season_id);


--
-- Name: categories_teams_players_category_id_index; Type: INDEX; Schema: public; Owner: postgres
--

CREATE INDEX categories_teams_players_category_id_index ON categories_teams_players_old USING btree (category_id);


--
-- Name: categories_teams_players_player_id_index; Type: INDEX; Schema: public; Owner: postgres
--

CREATE INDEX categories_teams_players_player_id_index ON categories_teams_players_old USING btree (player_id);


--
-- Name: categories_teams_players_team_id_index; Type: INDEX; Schema: public; Owner: postgres
--

CREATE INDEX categories_teams_players_team_id_index ON categories_teams_players_old USING btree (team_id);


--
-- Name: clubs_organization_id_index; Type: INDEX; Schema: public; Owner: postgres
--

CREATE INDEX clubs_organization_id_index ON clubs USING btree (organization_id);


--
-- Name: competitions_competition_type_id_index; Type: INDEX; Schema: public; Owner: postgres
--

CREATE INDEX competitions_competition_type_id_index ON competitions USING btree (competition_type_id);


--
-- Name: competitions_discipline_id_index; Type: INDEX; Schema: public; Owner: postgres
--

CREATE INDEX competitions_discipline_id_index ON competitions USING btree (discipline_id);


--
-- Name: competitions_roles_organizations_competition_id_index; Type: INDEX; Schema: public; Owner: postgres
--

CREATE INDEX competitions_roles_organizations_competition_id_index ON competitions_roles_organizations USING btree (competition_id);


--
-- Name: competitions_roles_organizations_organization_id_index; Type: INDEX; Schema: public; Owner: postgres
--

CREATE INDEX competitions_roles_organizations_organization_id_index ON competitions_roles_organizations USING btree (organization_id);


--
-- Name: competitions_roles_organizations_rol_id_index; Type: INDEX; Schema: public; Owner: postgres
--

CREATE INDEX competitions_roles_organizations_rol_id_index ON competitions_roles_organizations USING btree (rol_id);


--
-- Name: competitions_subdiscipline_id_index; Type: INDEX; Schema: public; Owner: postgres
--

CREATE INDEX competitions_subdiscipline_id_index ON competitions USING btree (subdiscipline_id);


--
-- Name: competitions_users_competition_id_index; Type: INDEX; Schema: public; Owner: postgres
--

CREATE INDEX competitions_users_competition_id_index ON competitions_users USING btree (competition_id);


--
-- Name: competitions_users_user_id_index; Type: INDEX; Schema: public; Owner: postgres
--

CREATE INDEX competitions_users_user_id_index ON competitions_users USING btree (user_id);


--
-- Name: contacts_organization_id_index; Type: INDEX; Schema: public; Owner: postgres
--

CREATE INDEX contacts_organization_id_index ON contacts USING btree (organization_id);


--
-- Name: entities_relationships_ent_ref_from_id_index; Type: INDEX; Schema: public; Owner: postgres
--

CREATE INDEX entities_relationships_ent_ref_from_id_index ON entities_relationships USING btree (ent_ref_from_id);


--
-- Name: entities_relationships_ent_ref_to_id_index; Type: INDEX; Schema: public; Owner: postgres
--

CREATE INDEX entities_relationships_ent_ref_to_id_index ON entities_relationships USING btree (ent_ref_to_id);


--
-- Name: entities_relationships_relationship_type_index; Type: INDEX; Schema: public; Owner: postgres
--

CREATE INDEX entities_relationships_relationship_type_index ON entities_relationships USING btree (relationship_type_id);


--
-- Name: entities_requests_created_by_index; Type: INDEX; Schema: public; Owner: postgres
--

CREATE INDEX entities_requests_created_by_index ON entities_requests USING btree (created_by);


--
-- Name: entities_requests_ent_ref_from_id_index; Type: INDEX; Schema: public; Owner: postgres
--

CREATE INDEX entities_requests_ent_ref_from_id_index ON entities_requests USING btree (ent_ref_from_id);


--
-- Name: entities_requests_ent_ref_to_id_index; Type: INDEX; Schema: public; Owner: postgres
--

CREATE INDEX entities_requests_ent_ref_to_id_index ON entities_requests USING btree (ent_ref_to_id);


--
-- Name: entities_requests_status_id_index; Type: INDEX; Schema: public; Owner: postgres
--

CREATE INDEX entities_requests_status_id_index ON entities_requests USING btree (status_id);


--
-- Name: events_calendars_events_calendars_types_id_index; Type: INDEX; Schema: public; Owner: postgres
--

CREATE INDEX events_calendars_events_calendars_types_id_index ON events_calendars USING btree (events_calendars_types_id);


--
-- Name: events_matches_players_event_id_index; Type: INDEX; Schema: public; Owner: postgres
--

CREATE INDEX events_matches_players_event_id_index ON events_matches_players USING btree (event_id);


--
-- Name: events_matches_players_match_id_index; Type: INDEX; Schema: public; Owner: postgres
--

CREATE INDEX events_matches_players_match_id_index ON events_matches_players USING btree (match_id);


--
-- Name: events_matches_players_player_in_index; Type: INDEX; Schema: public; Owner: postgres
--

CREATE INDEX events_matches_players_player_in_index ON events_matches_players USING btree (player_in);


--
-- Name: events_matches_players_player_out_index; Type: INDEX; Schema: public; Owner: postgres
--

CREATE INDEX events_matches_players_player_out_index ON events_matches_players USING btree (player_out);


--
-- Name: events_matches_players_team_id_index; Type: INDEX; Schema: public; Owner: postgres
--

CREATE INDEX events_matches_players_team_id_index ON events_matches_players USING btree (team_id);


--
-- Name: events_matches_subdiscipline_id_index; Type: INDEX; Schema: public; Owner: postgres
--

CREATE INDEX events_matches_subdiscipline_id_index ON events_matches USING btree (subdiscipline_id);


--
-- Name: events_subdiscipline_id_index; Type: INDEX; Schema: public; Owner: postgres
--

CREATE INDEX events_subdiscipline_id_index ON events USING btree (subdiscipline_id);


--
-- Name: groups_phase_id_index; Type: INDEX; Schema: public; Owner: postgres
--

CREATE INDEX groups_phase_id_index ON groups USING btree (phase_id);


--
-- Name: matches_club_id_index; Type: INDEX; Schema: public; Owner: postgres
--

CREATE INDEX matches_club_id_index ON matches USING btree (club_id);


--
-- Name: matches_home_team_id_index; Type: INDEX; Schema: public; Owner: postgres
--

CREATE INDEX matches_home_team_id_index ON matches USING btree (home_team_id);


--
-- Name: matches_referees_match_id_index; Type: INDEX; Schema: public; Owner: postgres
--

CREATE INDEX matches_referees_match_id_index ON matches_referees USING btree (match_id);


--
-- Name: matches_referees_referee_id_index; Type: INDEX; Schema: public; Owner: postgres
--

CREATE INDEX matches_referees_referee_id_index ON matches_referees USING btree (referee_id);


--
-- Name: matches_round_id_index; Type: INDEX; Schema: public; Owner: postgres
--

CREATE INDEX matches_round_id_index ON matches USING btree (round_id);


--
-- Name: matches_teams_players_match_id_index; Type: INDEX; Schema: public; Owner: postgres
--

CREATE INDEX matches_teams_players_match_id_index ON matches_teams_players USING btree (match_id);


--
-- Name: matches_teams_players_player_id_index; Type: INDEX; Schema: public; Owner: postgres
--

CREATE INDEX matches_teams_players_player_id_index ON matches_teams_players USING btree (player_id);


--
-- Name: matches_teams_players_team_id_index; Type: INDEX; Schema: public; Owner: postgres
--

CREATE INDEX matches_teams_players_team_id_index ON matches_teams_players USING btree (team_id);


--
-- Name: matches_visitor_team_id_index; Type: INDEX; Schema: public; Owner: postgres
--

CREATE INDEX matches_visitor_team_id_index ON matches USING btree (visitor_team_id);


--
-- Name: organizations_organization_type_id_index; Type: INDEX; Schema: public; Owner: postgres
--

CREATE INDEX organizations_organization_type_id_index ON organizations USING btree (organization_type_id);


--
-- Name: organizations_roles_users_organization_id_index; Type: INDEX; Schema: public; Owner: postgres
--

CREATE INDEX organizations_roles_users_organization_id_index ON organizations_roles_users USING btree (organization_id);


--
-- Name: organizations_roles_users_rol_id_index; Type: INDEX; Schema: public; Owner: postgres
--

CREATE INDEX organizations_roles_users_rol_id_index ON organizations_roles_users USING btree (rol_id);


--
-- Name: organizations_roles_users_user_id_index; Type: INDEX; Schema: public; Owner: postgres
--

CREATE INDEX organizations_roles_users_user_id_index ON organizations_roles_users USING btree (user_id);


--
-- Name: phases_category_id_index; Type: INDEX; Schema: public; Owner: postgres
--

CREATE INDEX phases_category_id_index ON phases USING btree (category_id);


--
-- Name: players_gender_id_index; Type: INDEX; Schema: public; Owner: postgres
--

CREATE INDEX players_gender_id_index ON players USING btree (gender_id);


--
-- Name: players_teams_player_id_index; Type: INDEX; Schema: public; Owner: postgres
--

CREATE INDEX players_teams_player_id_index ON players_teams USING btree (player_id);


--
-- Name: players_teams_position_id_index; Type: INDEX; Schema: public; Owner: postgres
--

CREATE INDEX players_teams_position_id_index ON players_teams USING btree (position_id);


--
-- Name: players_teams_team_id_index; Type: INDEX; Schema: public; Owner: postgres
--

CREATE INDEX players_teams_team_id_index ON players_teams USING btree (team_id);


--
-- Name: positions_subdiscipline_id_index; Type: INDEX; Schema: public; Owner: postgres
--

CREATE INDEX positions_subdiscipline_id_index ON positions USING btree (subdiscipline_id);


--
-- Name: roles_users_rol_id_index; Type: INDEX; Schema: public; Owner: postgres
--

CREATE INDEX roles_users_rol_id_index ON roles_users USING btree (rol_id);


--
-- Name: roles_users_users_id_index; Type: INDEX; Schema: public; Owner: postgres
--

CREATE INDEX roles_users_users_id_index ON roles_users USING btree (users_id);


--
-- Name: rounds_group_id_index; Type: INDEX; Schema: public; Owner: postgres
--

CREATE INDEX rounds_group_id_index ON rounds USING btree (group_id);


--
-- Name: rules_rulesets_rule_id_index; Type: INDEX; Schema: public; Owner: postgres
--

CREATE INDEX rules_rulesets_rule_id_index ON rules_rulesets USING btree (rule_id);


--
-- Name: rules_rulesets_ruleset_id_index; Type: INDEX; Schema: public; Owner: postgres
--

CREATE INDEX rules_rulesets_ruleset_id_index ON rules_rulesets USING btree (ruleset_id);


--
-- Name: seasons_competition_id_index; Type: INDEX; Schema: public; Owner: postgres
--

CREATE INDEX seasons_competition_id_index ON seasons USING btree (competition_id);


--
-- Name: subdisciplines_discipline_id_index; Type: INDEX; Schema: public; Owner: postgres
--

CREATE INDEX subdisciplines_discipline_id_index ON subdisciplines USING btree (discipline_id);


--
-- Name: teams_category_type_id_index; Type: INDEX; Schema: public; Owner: postgres
--

CREATE INDEX teams_category_type_id_index ON teams USING btree (category_type_id);


--
-- Name: teams_club_id_index; Type: INDEX; Schema: public; Owner: postgres
--

CREATE INDEX teams_club_id_index ON teams USING btree (club_id);


--
-- Name: teams_gender_id_index; Type: INDEX; Schema: public; Owner: postgres
--

CREATE INDEX teams_gender_id_index ON teams USING btree (gender_id);


--
-- Name: teams_organization_id_index; Type: INDEX; Schema: public; Owner: postgres
--

CREATE INDEX teams_organization_id_index ON teams USING btree (organization_id);


--
-- Name: teams_subdiscipline_id_index; Type: INDEX; Schema: public; Owner: postgres
--

CREATE INDEX teams_subdiscipline_id_index ON teams USING btree (subdiscipline_id);


--
-- Name: terms_conditions_user_id_index; Type: INDEX; Schema: public; Owner: postgres
--

CREATE INDEX terms_conditions_user_id_index ON terms_conditions USING btree (user_id);


--
-- Name: tmp_categories_players_category_id_index; Type: INDEX; Schema: public; Owner: postgres
--

CREATE INDEX tmp_categories_players_category_id_index ON tmp_categories_players USING btree (category_id);


--
-- Name: tmp_categories_players_team_id_index; Type: INDEX; Schema: public; Owner: postgres
--

CREATE INDEX tmp_categories_players_team_id_index ON tmp_categories_players USING btree (team_id);


--
-- Name: tmp_events_matches_players_event_id_index; Type: INDEX; Schema: public; Owner: postgres
--

CREATE INDEX tmp_events_matches_players_event_id_index ON tmp_events_matches_players USING btree (event_id);


--
-- Name: tmp_events_matches_players_match_id_index; Type: INDEX; Schema: public; Owner: postgres
--

CREATE INDEX tmp_events_matches_players_match_id_index ON tmp_events_matches_players USING btree (match_id);


--
-- Name: tmp_events_matches_players_team_id_index; Type: INDEX; Schema: public; Owner: postgres
--

CREATE INDEX tmp_events_matches_players_team_id_index ON tmp_events_matches_players USING btree (team_id);


--
-- Name: tmp_matches_players_match_id_index; Type: INDEX; Schema: public; Owner: postgres
--

CREATE INDEX tmp_matches_players_match_id_index ON tmp_matches_players USING btree (match_id);


--
-- Name: tmp_matches_players_position_id_index; Type: INDEX; Schema: public; Owner: postgres
--

CREATE INDEX tmp_matches_players_position_id_index ON tmp_matches_players USING btree (position_id);


--
-- Name: tmp_matches_players_team_id_index; Type: INDEX; Schema: public; Owner: postgres
--

CREATE INDEX tmp_matches_players_team_id_index ON tmp_matches_players USING btree (team_id);


--
-- Name: tmp_persons_gender_id_index; Type: INDEX; Schema: public; Owner: postgres
--

CREATE INDEX tmp_persons_gender_id_index ON tmp_persons USING btree (gender_id);


--
-- Name: tmp_persons_status_type_id_index; Type: INDEX; Schema: public; Owner: postgres
--

CREATE INDEX tmp_persons_status_type_id_index ON tmp_persons USING btree (status_type_id);


--
-- Name: tmp_players_teams_position_id_index; Type: INDEX; Schema: public; Owner: postgres
--

CREATE INDEX tmp_players_teams_position_id_index ON tmp_players_teams USING btree (position_id);


--
-- Name: tmp_players_teams_team_id_index; Type: INDEX; Schema: public; Owner: postgres
--

CREATE INDEX tmp_players_teams_team_id_index ON tmp_players_teams USING btree (team_id);


--
-- Name: categories_category_type_id_foreign; Type: FK CONSTRAINT; Schema: public; Owner: postgres
--

ALTER TABLE ONLY categories
    ADD CONSTRAINT categories_category_type_id_foreign FOREIGN KEY (category_type_id) REFERENCES categories_types(id);


--
-- Name: categories_classification_type_id_foreign; Type: FK CONSTRAINT; Schema: public; Owner: postgres
--

ALTER TABLE ONLY categories
    ADD CONSTRAINT categories_classification_type_id_foreign FOREIGN KEY (classification_type_id) REFERENCES classifications_types(id);


--
-- Name: categories_gender_id_foreign; Type: FK CONSTRAINT; Schema: public; Owner: postgres
--

ALTER TABLE ONLY categories
    ADD CONSTRAINT categories_gender_id_foreign FOREIGN KEY (gender_id) REFERENCES genders(id);


--
-- Name: categories_groups_phases_teams_category_id_foreign; Type: FK CONSTRAINT; Schema: public; Owner: postgres
--

ALTER TABLE ONLY categories_groups_phases_teams
    ADD CONSTRAINT categories_groups_phases_teams_category_id_foreign FOREIGN KEY (category_id) REFERENCES categories(id);


--
-- Name: categories_groups_phases_teams_group_id_foreign; Type: FK CONSTRAINT; Schema: public; Owner: postgres
--

ALTER TABLE ONLY categories_groups_phases_teams
    ADD CONSTRAINT categories_groups_phases_teams_group_id_foreign FOREIGN KEY (group_id) REFERENCES groups(id);


--
-- Name: categories_groups_phases_teams_phase_id_foreign; Type: FK CONSTRAINT; Schema: public; Owner: postgres
--

ALTER TABLE ONLY categories_groups_phases_teams
    ADD CONSTRAINT categories_groups_phases_teams_phase_id_foreign FOREIGN KEY (phase_id) REFERENCES phases(id);


--
-- Name: categories_groups_phases_teams_status_id_foreign; Type: FK CONSTRAINT; Schema: public; Owner: postgres
--

ALTER TABLE ONLY categories_groups_phases_teams
    ADD CONSTRAINT categories_groups_phases_teams_status_id_foreign FOREIGN KEY (status_id) REFERENCES status_types(id);


--
-- Name: categories_groups_phases_teams_team_id_foreign; Type: FK CONSTRAINT; Schema: public; Owner: postgres
--

ALTER TABLE ONLY categories_groups_phases_teams
    ADD CONSTRAINT categories_groups_phases_teams_team_id_foreign FOREIGN KEY (team_id) REFERENCES teams(id);


--
-- Name: categories_pre_registrations_category_id_foreign; Type: FK CONSTRAINT; Schema: public; Owner: postgres
--

ALTER TABLE ONLY categories_pre_registrations
    ADD CONSTRAINT categories_pre_registrations_category_id_foreign FOREIGN KEY (category_id) REFERENCES categories(id);


--
-- Name: categories_pre_registrations_created_by_foreign; Type: FK CONSTRAINT; Schema: public; Owner: postgres
--

ALTER TABLE ONLY categories_pre_registrations
    ADD CONSTRAINT categories_pre_registrations_created_by_foreign FOREIGN KEY (created_by) REFERENCES users(id);


--
-- Name: categories_pre_registrations_status_id_foreign; Type: FK CONSTRAINT; Schema: public; Owner: postgres
--

ALTER TABLE ONLY categories_pre_registrations
    ADD CONSTRAINT categories_pre_registrations_status_id_foreign FOREIGN KEY (status_id) REFERENCES status_types(id);


--
-- Name: categories_pre_registrations_team_id_foreign; Type: FK CONSTRAINT; Schema: public; Owner: postgres
--

ALTER TABLE ONLY categories_pre_registrations
    ADD CONSTRAINT categories_pre_registrations_team_id_foreign FOREIGN KEY (team_id) REFERENCES teams(id);


--
-- Name: categories_season_id_foreign; Type: FK CONSTRAINT; Schema: public; Owner: postgres
--

ALTER TABLE ONLY categories
    ADD CONSTRAINT categories_season_id_foreign FOREIGN KEY (season_id) REFERENCES seasons(id);


--
-- Name: categories_teams_players_category_id_foreign; Type: FK CONSTRAINT; Schema: public; Owner: postgres
--

ALTER TABLE ONLY categories_teams_players_old
    ADD CONSTRAINT categories_teams_players_category_id_foreign FOREIGN KEY (category_id) REFERENCES categories(id);


--
-- Name: categories_teams_players_player_id_foreign; Type: FK CONSTRAINT; Schema: public; Owner: postgres
--

ALTER TABLE ONLY categories_teams_players_old
    ADD CONSTRAINT categories_teams_players_player_id_foreign FOREIGN KEY (player_id) REFERENCES players(id);


--
-- Name: categories_teams_players_team_id_foreign; Type: FK CONSTRAINT; Schema: public; Owner: postgres
--

ALTER TABLE ONLY categories_teams_players_old
    ADD CONSTRAINT categories_teams_players_team_id_foreign FOREIGN KEY (team_id) REFERENCES teams(id);


--
-- Name: clubs_organization_id_foreign; Type: FK CONSTRAINT; Schema: public; Owner: postgres
--

ALTER TABLE ONLY clubs
    ADD CONSTRAINT clubs_organization_id_foreign FOREIGN KEY (organization_id) REFERENCES organizations(id);


--
-- Name: competitions_competition_type_id_foreign; Type: FK CONSTRAINT; Schema: public; Owner: postgres
--

ALTER TABLE ONLY competitions
    ADD CONSTRAINT competitions_competition_type_id_foreign FOREIGN KEY (competition_type_id) REFERENCES competitions_types(id);


--
-- Name: competitions_created_by_id_foreign; Type: FK CONSTRAINT; Schema: public; Owner: postgres
--

ALTER TABLE ONLY competitions
    ADD CONSTRAINT competitions_created_by_id_foreign FOREIGN KEY (created_by_id) REFERENCES users(id);


--
-- Name: competitions_discipline_id_foreign; Type: FK CONSTRAINT; Schema: public; Owner: postgres
--

ALTER TABLE ONLY competitions
    ADD CONSTRAINT competitions_discipline_id_foreign FOREIGN KEY (discipline_id) REFERENCES disciplines(id);


--
-- Name: competitions_roles_organizations_competition_id_foreign; Type: FK CONSTRAINT; Schema: public; Owner: postgres
--

ALTER TABLE ONLY competitions_roles_organizations
    ADD CONSTRAINT competitions_roles_organizations_competition_id_foreign FOREIGN KEY (competition_id) REFERENCES competitions(id);


--
-- Name: competitions_roles_organizations_organization_id_foreign; Type: FK CONSTRAINT; Schema: public; Owner: postgres
--

ALTER TABLE ONLY competitions_roles_organizations
    ADD CONSTRAINT competitions_roles_organizations_organization_id_foreign FOREIGN KEY (organization_id) REFERENCES organizations(id);


--
-- Name: competitions_roles_organizations_rol_id_foreign; Type: FK CONSTRAINT; Schema: public; Owner: postgres
--

ALTER TABLE ONLY competitions_roles_organizations
    ADD CONSTRAINT competitions_roles_organizations_rol_id_foreign FOREIGN KEY (rol_id) REFERENCES roles(id);


--
-- Name: competitions_subdiscipline_id_foreign; Type: FK CONSTRAINT; Schema: public; Owner: postgres
--

ALTER TABLE ONLY competitions
    ADD CONSTRAINT competitions_subdiscipline_id_foreign FOREIGN KEY (subdiscipline_id) REFERENCES subdisciplines(id);


--
-- Name: competitions_users_competition_id_foreign; Type: FK CONSTRAINT; Schema: public; Owner: postgres
--

ALTER TABLE ONLY competitions_users
    ADD CONSTRAINT competitions_users_competition_id_foreign FOREIGN KEY (competition_id) REFERENCES competitions(id);


--
-- Name: competitions_users_user_id_foreign; Type: FK CONSTRAINT; Schema: public; Owner: postgres
--

ALTER TABLE ONLY competitions_users
    ADD CONSTRAINT competitions_users_user_id_foreign FOREIGN KEY (user_id) REFERENCES users(id);


--
-- Name: contacts_organization_id_foreign; Type: FK CONSTRAINT; Schema: public; Owner: postgres
--

ALTER TABLE ONLY contacts
    ADD CONSTRAINT contacts_organization_id_foreign FOREIGN KEY (organization_id) REFERENCES organizations(id);


--
-- Name: entities_relationships_ent_ref_from_id_foreign; Type: FK CONSTRAINT; Schema: public; Owner: postgres
--

ALTER TABLE ONLY entities_relationships
    ADD CONSTRAINT entities_relationships_ent_ref_from_id_foreign FOREIGN KEY (ent_ref_from_id) REFERENCES entities(id);


--
-- Name: entities_relationships_ent_ref_to_id_foreign; Type: FK CONSTRAINT; Schema: public; Owner: postgres
--

ALTER TABLE ONLY entities_relationships
    ADD CONSTRAINT entities_relationships_ent_ref_to_id_foreign FOREIGN KEY (ent_ref_to_id) REFERENCES entities(id);


--
-- Name: entities_relationships_relationship_type_foreign; Type: FK CONSTRAINT; Schema: public; Owner: postgres
--

ALTER TABLE ONLY entities_relationships
    ADD CONSTRAINT entities_relationships_relationship_type_foreign FOREIGN KEY (relationship_type_id) REFERENCES relationships_types(id);


--
-- Name: entities_requests_created_by_foreign; Type: FK CONSTRAINT; Schema: public; Owner: postgres
--

ALTER TABLE ONLY entities_requests
    ADD CONSTRAINT entities_requests_created_by_foreign FOREIGN KEY (created_by) REFERENCES users(id);


--
-- Name: entities_requests_ent_ref_from_id_foreign; Type: FK CONSTRAINT; Schema: public; Owner: postgres
--

ALTER TABLE ONLY entities_requests
    ADD CONSTRAINT entities_requests_ent_ref_from_id_foreign FOREIGN KEY (ent_ref_from_id) REFERENCES entities(id);


--
-- Name: entities_requests_ent_ref_to_id_foreign; Type: FK CONSTRAINT; Schema: public; Owner: postgres
--

ALTER TABLE ONLY entities_requests
    ADD CONSTRAINT entities_requests_ent_ref_to_id_foreign FOREIGN KEY (ent_ref_to_id) REFERENCES entities(id);


--
-- Name: entities_requests_status_id_foreign; Type: FK CONSTRAINT; Schema: public; Owner: postgres
--

ALTER TABLE ONLY entities_requests
    ADD CONSTRAINT entities_requests_status_id_foreign FOREIGN KEY (status_id) REFERENCES status_types(id);


--
-- Name: events_calendars_comments_event_id_foreign; Type: FK CONSTRAINT; Schema: public; Owner: postgres
--

ALTER TABLE ONLY events_calendars_comments
    ADD CONSTRAINT events_calendars_comments_event_id_foreign FOREIGN KEY (event_id) REFERENCES events_calendars(id);


--
-- Name: events_calendars_comments_user_id_foreign; Type: FK CONSTRAINT; Schema: public; Owner: postgres
--

ALTER TABLE ONLY events_calendars_comments
    ADD CONSTRAINT events_calendars_comments_user_id_foreign FOREIGN KEY (user_id) REFERENCES users(id);


--
-- Name: events_calendars_events_calendars_types_id_foreign; Type: FK CONSTRAINT; Schema: public; Owner: postgres
--

ALTER TABLE ONLY events_calendars
    ADD CONSTRAINT events_calendars_events_calendars_types_id_foreign FOREIGN KEY (events_calendars_types_id) REFERENCES events_calendars_types(id);


--
-- Name: events_matches_players_event_id_foreign; Type: FK CONSTRAINT; Schema: public; Owner: postgres
--

ALTER TABLE ONLY events_matches_players
    ADD CONSTRAINT events_matches_players_event_id_foreign FOREIGN KEY (event_id) REFERENCES events(id);


--
-- Name: events_matches_players_match_id_foreign; Type: FK CONSTRAINT; Schema: public; Owner: postgres
--

ALTER TABLE ONLY events_matches_players
    ADD CONSTRAINT events_matches_players_match_id_foreign FOREIGN KEY (match_id) REFERENCES matches(id);


--
-- Name: events_matches_players_player_in_foreign; Type: FK CONSTRAINT; Schema: public; Owner: postgres
--

ALTER TABLE ONLY events_matches_players
    ADD CONSTRAINT events_matches_players_player_in_foreign FOREIGN KEY (player_in) REFERENCES players(id);


--
-- Name: events_matches_players_player_out_foreign; Type: FK CONSTRAINT; Schema: public; Owner: postgres
--

ALTER TABLE ONLY events_matches_players
    ADD CONSTRAINT events_matches_players_player_out_foreign FOREIGN KEY (player_out) REFERENCES players(id);


--
-- Name: events_matches_players_team_id_foreign; Type: FK CONSTRAINT; Schema: public; Owner: postgres
--

ALTER TABLE ONLY events_matches_players
    ADD CONSTRAINT events_matches_players_team_id_foreign FOREIGN KEY (team_id) REFERENCES teams(id);


--
-- Name: events_matches_subdiscipline_id_foreign; Type: FK CONSTRAINT; Schema: public; Owner: postgres
--

ALTER TABLE ONLY events_matches
    ADD CONSTRAINT events_matches_subdiscipline_id_foreign FOREIGN KEY (subdiscipline_id) REFERENCES subdisciplines(id);


--
-- Name: events_subdiscipline_id_foreign; Type: FK CONSTRAINT; Schema: public; Owner: postgres
--

ALTER TABLE ONLY events
    ADD CONSTRAINT events_subdiscipline_id_foreign FOREIGN KEY (subdiscipline_id) REFERENCES subdisciplines(id);


--
-- Name: groups_phase_id_foreign; Type: FK CONSTRAINT; Schema: public; Owner: postgres
--

ALTER TABLE ONLY groups
    ADD CONSTRAINT groups_phase_id_foreign FOREIGN KEY (phase_id) REFERENCES phases(id);


--
-- Name: matches_club_id_foreign; Type: FK CONSTRAINT; Schema: public; Owner: postgres
--

ALTER TABLE ONLY matches
    ADD CONSTRAINT matches_club_id_foreign FOREIGN KEY (club_id) REFERENCES clubs(id);


--
-- Name: matches_home_team_id_foreign; Type: FK CONSTRAINT; Schema: public; Owner: postgres
--

ALTER TABLE ONLY matches
    ADD CONSTRAINT matches_home_team_id_foreign FOREIGN KEY (home_team_id) REFERENCES teams(id);


--
-- Name: matches_referees_match_id_foreign; Type: FK CONSTRAINT; Schema: public; Owner: postgres
--

ALTER TABLE ONLY matches_referees
    ADD CONSTRAINT matches_referees_match_id_foreign FOREIGN KEY (match_id) REFERENCES matches(id);


--
-- Name: matches_referees_referee_id_foreign; Type: FK CONSTRAINT; Schema: public; Owner: postgres
--

ALTER TABLE ONLY matches_referees
    ADD CONSTRAINT matches_referees_referee_id_foreign FOREIGN KEY (referee_id) REFERENCES users(id);


--
-- Name: matches_round_id_foreign; Type: FK CONSTRAINT; Schema: public; Owner: postgres
--

ALTER TABLE ONLY matches
    ADD CONSTRAINT matches_round_id_foreign FOREIGN KEY (round_id) REFERENCES rounds(id);


--
-- Name: matches_teams_players_match_id_foreign; Type: FK CONSTRAINT; Schema: public; Owner: postgres
--

ALTER TABLE ONLY matches_teams_players
    ADD CONSTRAINT matches_teams_players_match_id_foreign FOREIGN KEY (match_id) REFERENCES matches(id);


--
-- Name: matches_teams_players_player_id_foreign; Type: FK CONSTRAINT; Schema: public; Owner: postgres
--

ALTER TABLE ONLY matches_teams_players
    ADD CONSTRAINT matches_teams_players_player_id_foreign FOREIGN KEY (player_id) REFERENCES players(id);


--
-- Name: matches_teams_players_team_id_foreign; Type: FK CONSTRAINT; Schema: public; Owner: postgres
--

ALTER TABLE ONLY matches_teams_players
    ADD CONSTRAINT matches_teams_players_team_id_foreign FOREIGN KEY (team_id) REFERENCES teams(id);


--
-- Name: matches_visitor_team_id_foreign; Type: FK CONSTRAINT; Schema: public; Owner: postgres
--

ALTER TABLE ONLY matches
    ADD CONSTRAINT matches_visitor_team_id_foreign FOREIGN KEY (visitor_team_id) REFERENCES teams(id);


--
-- Name: organizations_organization_type_id_foreign; Type: FK CONSTRAINT; Schema: public; Owner: postgres
--

ALTER TABLE ONLY organizations
    ADD CONSTRAINT organizations_organization_type_id_foreign FOREIGN KEY (organization_type_id) REFERENCES organizations_types(id);


--
-- Name: organizations_roles_users_organization_id_foreign; Type: FK CONSTRAINT; Schema: public; Owner: postgres
--

ALTER TABLE ONLY organizations_roles_users
    ADD CONSTRAINT organizations_roles_users_organization_id_foreign FOREIGN KEY (organization_id) REFERENCES organizations(id);


--
-- Name: organizations_roles_users_rol_id_foreign; Type: FK CONSTRAINT; Schema: public; Owner: postgres
--

ALTER TABLE ONLY organizations_roles_users
    ADD CONSTRAINT organizations_roles_users_rol_id_foreign FOREIGN KEY (rol_id) REFERENCES roles(id);


--
-- Name: organizations_roles_users_user_id_foreign; Type: FK CONSTRAINT; Schema: public; Owner: postgres
--

ALTER TABLE ONLY organizations_roles_users
    ADD CONSTRAINT organizations_roles_users_user_id_foreign FOREIGN KEY (user_id) REFERENCES users(id);


--
-- Name: phases_category_id_foreign; Type: FK CONSTRAINT; Schema: public; Owner: postgres
--

ALTER TABLE ONLY phases
    ADD CONSTRAINT phases_category_id_foreign FOREIGN KEY (category_id) REFERENCES categories(id);


--
-- Name: players_gender_id_foreign; Type: FK CONSTRAINT; Schema: public; Owner: postgres
--

ALTER TABLE ONLY players
    ADD CONSTRAINT players_gender_id_foreign FOREIGN KEY (gender_id) REFERENCES genders(id);


--
-- Name: players_teams_player_id_foreign; Type: FK CONSTRAINT; Schema: public; Owner: postgres
--

ALTER TABLE ONLY players_teams
    ADD CONSTRAINT players_teams_player_id_foreign FOREIGN KEY (player_id) REFERENCES players(id);


--
-- Name: players_teams_position_id_foreign; Type: FK CONSTRAINT; Schema: public; Owner: postgres
--

ALTER TABLE ONLY players_teams
    ADD CONSTRAINT players_teams_position_id_foreign FOREIGN KEY (position_id) REFERENCES positions(id);


--
-- Name: players_teams_team_id_foreign; Type: FK CONSTRAINT; Schema: public; Owner: postgres
--

ALTER TABLE ONLY players_teams
    ADD CONSTRAINT players_teams_team_id_foreign FOREIGN KEY (team_id) REFERENCES teams(id);


--
-- Name: positions_subdiscipline_id_foreign; Type: FK CONSTRAINT; Schema: public; Owner: postgres
--

ALTER TABLE ONLY positions
    ADD CONSTRAINT positions_subdiscipline_id_foreign FOREIGN KEY (subdiscipline_id) REFERENCES subdisciplines(id);


--
-- Name: roles_users_rol_id_foreign; Type: FK CONSTRAINT; Schema: public; Owner: postgres
--

ALTER TABLE ONLY roles_users
    ADD CONSTRAINT roles_users_rol_id_foreign FOREIGN KEY (rol_id) REFERENCES roles(id);


--
-- Name: roles_users_users_id_foreign; Type: FK CONSTRAINT; Schema: public; Owner: postgres
--

ALTER TABLE ONLY roles_users
    ADD CONSTRAINT roles_users_users_id_foreign FOREIGN KEY (users_id) REFERENCES users(id);


--
-- Name: rounds_group_id_foreign; Type: FK CONSTRAINT; Schema: public; Owner: postgres
--

ALTER TABLE ONLY rounds
    ADD CONSTRAINT rounds_group_id_foreign FOREIGN KEY (group_id) REFERENCES groups(id);


--
-- Name: rules_rulesets_rule_id_foreign; Type: FK CONSTRAINT; Schema: public; Owner: postgres
--

ALTER TABLE ONLY rules_rulesets
    ADD CONSTRAINT rules_rulesets_rule_id_foreign FOREIGN KEY (rule_id) REFERENCES rules(id);


--
-- Name: rules_rulesets_ruleset_id_foreign; Type: FK CONSTRAINT; Schema: public; Owner: postgres
--

ALTER TABLE ONLY rules_rulesets
    ADD CONSTRAINT rules_rulesets_ruleset_id_foreign FOREIGN KEY (ruleset_id) REFERENCES rulesets(id);


--
-- Name: seasons_competition_id_foreign; Type: FK CONSTRAINT; Schema: public; Owner: postgres
--

ALTER TABLE ONLY seasons
    ADD CONSTRAINT seasons_competition_id_foreign FOREIGN KEY (competition_id) REFERENCES competitions(id);


--
-- Name: subdisciplines_discipline_id_foreign; Type: FK CONSTRAINT; Schema: public; Owner: postgres
--

ALTER TABLE ONLY subdisciplines
    ADD CONSTRAINT subdisciplines_discipline_id_foreign FOREIGN KEY (discipline_id) REFERENCES disciplines(id);


--
-- Name: teams_category_type_id_foreign; Type: FK CONSTRAINT; Schema: public; Owner: postgres
--

ALTER TABLE ONLY teams
    ADD CONSTRAINT teams_category_type_id_foreign FOREIGN KEY (category_type_id) REFERENCES categories_types(id);


--
-- Name: teams_club_id_foreign; Type: FK CONSTRAINT; Schema: public; Owner: postgres
--

ALTER TABLE ONLY teams
    ADD CONSTRAINT teams_club_id_foreign FOREIGN KEY (club_id) REFERENCES clubs(id);


--
-- Name: teams_gender_id_foreign; Type: FK CONSTRAINT; Schema: public; Owner: postgres
--

ALTER TABLE ONLY teams
    ADD CONSTRAINT teams_gender_id_foreign FOREIGN KEY (gender_id) REFERENCES genders(id);


--
-- Name: teams_subdiscipline_id_foreign; Type: FK CONSTRAINT; Schema: public; Owner: postgres
--

ALTER TABLE ONLY teams
    ADD CONSTRAINT teams_subdiscipline_id_foreign FOREIGN KEY (subdiscipline_id) REFERENCES subdisciplines(id);


--
-- Name: terms_conditions_user_id_foreign; Type: FK CONSTRAINT; Schema: public; Owner: postgres
--

ALTER TABLE ONLY terms_conditions
    ADD CONSTRAINT terms_conditions_user_id_foreign FOREIGN KEY (user_id) REFERENCES users(id);


--
-- Name: tmp_categories_players_category_id_foreign; Type: FK CONSTRAINT; Schema: public; Owner: postgres
--

ALTER TABLE ONLY tmp_categories_players
    ADD CONSTRAINT tmp_categories_players_category_id_foreign FOREIGN KEY (category_id) REFERENCES categories(id);


--
-- Name: tmp_categories_players_team_id_foreign; Type: FK CONSTRAINT; Schema: public; Owner: postgres
--

ALTER TABLE ONLY tmp_categories_players
    ADD CONSTRAINT tmp_categories_players_team_id_foreign FOREIGN KEY (team_id) REFERENCES teams(id);


--
-- Name: tmp_events_matches_players_event_id_foreign; Type: FK CONSTRAINT; Schema: public; Owner: postgres
--

ALTER TABLE ONLY tmp_events_matches_players
    ADD CONSTRAINT tmp_events_matches_players_event_id_foreign FOREIGN KEY (event_id) REFERENCES events(id);


--
-- Name: tmp_events_matches_players_match_id_foreign; Type: FK CONSTRAINT; Schema: public; Owner: postgres
--

ALTER TABLE ONLY tmp_events_matches_players
    ADD CONSTRAINT tmp_events_matches_players_match_id_foreign FOREIGN KEY (match_id) REFERENCES matches(id);


--
-- Name: tmp_events_matches_players_team_id_foreign; Type: FK CONSTRAINT; Schema: public; Owner: postgres
--

ALTER TABLE ONLY tmp_events_matches_players
    ADD CONSTRAINT tmp_events_matches_players_team_id_foreign FOREIGN KEY (team_id) REFERENCES teams(id);


--
-- Name: tmp_matches_players_match_id_foreign; Type: FK CONSTRAINT; Schema: public; Owner: postgres
--

ALTER TABLE ONLY tmp_matches_players
    ADD CONSTRAINT tmp_matches_players_match_id_foreign FOREIGN KEY (match_id) REFERENCES matches(id);


--
-- Name: tmp_matches_players_position_id_foreign; Type: FK CONSTRAINT; Schema: public; Owner: postgres
--

ALTER TABLE ONLY tmp_matches_players
    ADD CONSTRAINT tmp_matches_players_position_id_foreign FOREIGN KEY (position_id) REFERENCES positions(id);


--
-- Name: tmp_matches_players_team_id_foreign; Type: FK CONSTRAINT; Schema: public; Owner: postgres
--

ALTER TABLE ONLY tmp_matches_players
    ADD CONSTRAINT tmp_matches_players_team_id_foreign FOREIGN KEY (team_id) REFERENCES teams(id);


--
-- Name: tmp_persons_gender_id_foreign; Type: FK CONSTRAINT; Schema: public; Owner: postgres
--

ALTER TABLE ONLY tmp_persons
    ADD CONSTRAINT tmp_persons_gender_id_foreign FOREIGN KEY (gender_id) REFERENCES genders(id);


--
-- Name: tmp_persons_status_type_id_foreign; Type: FK CONSTRAINT; Schema: public; Owner: postgres
--

ALTER TABLE ONLY tmp_persons
    ADD CONSTRAINT tmp_persons_status_type_id_foreign FOREIGN KEY (status_type_id) REFERENCES status_types(id);


--
-- Name: tmp_players_teams_position_id_foreign; Type: FK CONSTRAINT; Schema: public; Owner: postgres
--

ALTER TABLE ONLY tmp_players_teams
    ADD CONSTRAINT tmp_players_teams_position_id_foreign FOREIGN KEY (position_id) REFERENCES positions(id);


--
-- Name: tmp_players_teams_team_id_foreign; Type: FK CONSTRAINT; Schema: public; Owner: postgres
--

ALTER TABLE ONLY tmp_players_teams
    ADD CONSTRAINT tmp_players_teams_team_id_foreign FOREIGN KEY (team_id) REFERENCES teams(id);


--
-- Name: public; Type: ACL; Schema: -; Owner: postgres
--

REVOKE ALL ON SCHEMA public FROM PUBLIC;
REVOKE ALL ON SCHEMA public FROM postgres;
GRANT ALL ON SCHEMA public TO postgres;
GRANT ALL ON SCHEMA public TO PUBLIC;


--
-- PostgreSQL database dump complete
--

